{"loss": [0.739030659198761, 0.6310197710990906, 0.582919716835022, 0.5294580459594727, 0.4719269871711731, 0.4173756539821625, 0.3701109290122986, 0.3313378691673279, 0.3000197112560272, 0.2748010456562042], "accuracy": [0.5308661460876465, 0.5308661460876465, 0.6881102323532104, 0.8612598776817322, 0.9082677364349365, 0.9276378154754639, 0.9376378059387207, 0.9431496262550354, 0.9460629820823669, 0.9470078945159912], "val_loss": [0.6642152667045593, 0.6070349216461182, 0.5562315583229065, 0.49800369143486023, 0.4396551847457886, 0.3870023488998413, 0.34200718998908997, 0.30589160323143005, 0.2765669524669647, 0.25303512811660767], "val_accuracy": [0.5237656235694885, 0.5237656235694885, 0.8195662498474121, 0.8952469229698181, 0.915551483631134, 0.9312413930892944, 0.9460083246231079, 0.9469313025474548, 0.946469783782959, 0.9487771391868591]}