{"loss": [0.5995122790336609, 0.37220898270606995, 0.2964065968990326, 0.2405325025320053, 0.19739599525928497, 0.16474376618862152, 0.14288082718849182, 0.11920023709535599, 0.10757026076316833, 0.09528439491987228], "accuracy": [0.6622453927993774, 0.9755262732505798, 0.9835700988769531, 0.9849392175674438, 0.9859660863876343, 0.9875063896179199, 0.9836556315422058, 0.9859660863876343, 0.981601893901825, 0.9851959347724915], "val_loss": [0.4209478199481964, 0.3316801190376282, 0.2707321047782898, 0.22393789887428284, 0.18024830520153046, 0.18384242057800293, 0.13083073496818542, 0.1485310196876526, 0.10082252323627472, 0.08963091671466827], "val_accuracy": [0.9697917103767395, 0.9807292222976685, 0.9802083969116211, 0.9869792461395264, 0.9859375357627869, 0.9854167103767395, 0.9880208969116211, 0.9375000596046448, 0.9802083969116211, 0.9807292222976685]}