{"loss": [5.542245388031006, 0.8744209408760071, 0.515235185623169, 0.38497182726860046, 0.32444605231285095, 0.3145102262496948, 0.2931897044181824, 0.18867923319339752, 0.19194768369197845, 0.1784307360649109], "accuracy": [0.9309486150741577, 0.9822391867637634, 0.9885467886924744, 0.9915345907211304, 0.9922815561294556, 0.9925305247306824, 0.9921155571937561, 0.9939414262771606, 0.994024395942688, 0.9941903948783875], "val_loss": [0.9997429251670837, 0.731133759021759, 0.44139644503593445, 0.34800806641578674, 0.2994065582752228, 0.2719072997570038, 0.2521671950817108, 0.3422972857952118, 0.2839623689651489, 0.5430173873901367], "val_accuracy": [0.980691134929657, 0.985772430896759, 0.9893293380737305, 0.9908537268638611, 0.9913618564605713, 0.9928862452507019, 0.9913618564605713, 0.9908537268638611, 0.9928862452507019, 0.9888212084770203]}