{"loss": [0.6546308398246765, 0.5771105289459229, 0.4984291195869446, 0.4183483123779297, 0.347922682762146, 0.2907167375087738, 0.24604853987693787, 0.21161521971225739, 0.1852404773235321, 0.16496407985687256], "accuracy": [0.4945950210094452, 0.6763471961021423, 0.8896418213844299, 0.9415133595466614, 0.9619231820106506, 0.96748948097229, 0.9698289632797241, 0.9705550074577332, 0.9720070958137512, 0.9720877408981323], "val_loss": [0.6123379468917847, 0.5386725068092346, 0.4570094645023346, 0.3804270327091217, 0.31664207577705383, 0.2657889127731323, 0.22709739208221436, 0.19678941369056702, 0.1749834269285202, 0.15661457180976868], "val_accuracy": [0.4955839216709137, 0.8356231451034546, 0.9185475707054138, 0.9563297629356384, 0.9602551460266113, 0.964180588722229, 0.964180588722229, 0.9676153063774109, 0.9676153063774109, 0.9690873622894287]}