{"loss": [0.6831759214401245, 0.6676722168922424, 0.6416940093040466, 0.6011784076690674, 0.5463419556617737, 0.4843791127204895, 0.4226004183292389, 0.36527153849601746, 0.31478825211524963, 0.27156442403793335], "accuracy": [0.5651621222496033, 0.6692625284194946, 0.8382072448730469, 0.9270501732826233, 0.9637634754180908, 0.9696439504623413, 0.9713922142982483, 0.9739351272583008, 0.9756833910942078, 0.9769548177719116], "val_loss": [0.6761326789855957, 0.6551436185836792, 0.6210572719573975, 0.5712020397186279, 0.5096126198768616, 0.4449158012866974, 0.38430213928222656, 0.3305360674858093, 0.2836689054965973, 0.2439517378807068], "val_accuracy": [0.5781766772270203, 0.731223464012146, 0.9277279376983643, 0.9612659811973572, 0.9688238501548767, 0.9740198850631714, 0.9749646186828613, 0.9744922518730164, 0.9763817191123962, 0.9773264527320862]}