{"loss": [164.06472778320312, 53.023162841796875, 6.8513007164001465, 0.3233160972595215, 0.22742900252342224, 0.17687386274337769, 0.15780586004257202, 0.14995278418064117, 0.1427127718925476, 0.13840778172016144], "accuracy": [0.5510000586509705, 0.6040335297584534, 0.7690264582633972, 0.9690430760383606, 0.9707859754562378, 0.9707859754562378, 0.9691261053085327, 0.9689601063728333, 0.9687941074371338, 0.9693750739097595], "val_loss": [92.27498626708984, 23.23548126220703, 0.5021517872810364, 0.3402332067489624, 0.2366989701986313, 0.17435933649539948, 0.1591525673866272, 0.15078799426555634, 0.14555014669895172, 0.13993938267230988], "val_accuracy": [0.5782520771026611, 0.6163618564605713, 0.9674797654151917, 0.9715448021888733, 0.9715448021888733, 0.9715448021888733, 0.9695122838020325, 0.9695122838020325, 0.9695122838020325, 0.9684960246086121]}