{"loss": [0.7127977013587952, 0.6913415789604187, 0.6906351447105408, 0.6906183958053589, 0.6906307339668274, 0.6906121373176575, 0.690627932548523, 0.6906319856643677, 0.6906185746192932, 0.6906417608261108], "accuracy": [0.5301175713539124, 0.535759687423706, 0.535759687423706, 0.535759687423706, 0.535759687423706, 0.535759687423706, 0.535759687423706, 0.535759687423706, 0.535759687423706, 0.535759687423706], "val_loss": [0.6934748888015747, 0.6906105279922485, 0.6905422210693359, 0.6905401945114136, 0.690534234046936, 0.690534234046936, 0.6905335187911987, 0.6905357241630554, 0.6905376315116882, 0.6905341744422913], "val_accuracy": [0.5361360907554626, 0.5361360907554626, 0.5361360907554626, 0.5361360907554626, 0.5361360907554626, 0.5361360907554626, 0.5361360907554626, 0.5361360907554626, 0.5361360907554626, 0.5361360907554626]}