{"accuracy": [0.34, 0.6, 0.8, 0.87, 0.88], "val_accuracy": [0.488, 0.744, 0.934, 0.942, 0.938], "loss": [60.72229810819349, 39.16270952420664, 30.68132752508597, 27.440514454864235, 26.30612432470533], "val_loss": [208.2683605241176, 142.6545071867742, 112.36564893665194, 98.79833027728262, 90.71937059005467]}