{"loss": [0.4727064371109009, 0.24690262973308563, 0.15759724378585815, 0.12207642942667007, 0.10434959828853607, 0.09407282620668411, 0.08724299818277359, 0.08260488510131836, 0.07941365242004395, 0.07696468383073807], "accuracy": [0.8726315498352051, 0.949018657207489, 0.9717053771018982, 0.9785028696060181, 0.9814767837524414, 0.9830062389373779, 0.9834311008453369, 0.9830062389373779, 0.9836010336875916, 0.9836010336875916], "val_loss": [0.31459346413612366, 0.17122222483158112, 0.11952821165323257, 0.09815362095832825, 0.08556655049324036, 0.07770723849534988, 0.07397358864545822, 0.07025142014026642, 0.06730608642101288, 0.0653628408908844], "val_accuracy": [0.945652186870575, 0.9730849266052246, 0.97826087474823, 0.9818840622901917, 0.9824016690254211, 0.9824016690254211, 0.9829192757606506, 0.9829192757606506, 0.9839544892311096, 0.9839544892311096]}