{"loss": [0.4231954514980316, 0.3035227954387665, 0.2390594631433487, 0.19649581611156464, 0.1554563194513321, 0.13171589374542236, 0.10855960100889206, 0.09011378884315491, 0.0782139003276825, 0.06844890117645264], "accuracy": [0.9330216646194458, 0.9867403507232666, 0.99005526304245, 0.9860603213310242, 0.9929451942443848, 0.9899702668190002, 0.9937101602554321, 0.9945601224899292, 0.9945601224899292, 0.9943901300430298], "val_loss": [0.33823490142822266, 0.2768700420856476, 0.2085997462272644, 0.1707994043827057, 0.1359875500202179, 0.11547594517469406, 0.09263370931148529, 0.07713711261749268, 0.06607125699520111, 0.05743565037846565], "val_accuracy": [0.9892967343330383, 0.9806320667266846, 0.9954128861427307, 0.9949032068252563, 0.9964323043823242, 0.9969419836997986, 0.997451663017273, 0.9984710216522217, 0.9979613423347473, 0.9969419836997986]}