{"accuracy": [0.65, 0.66, 0.65, 0.71, 0.75, 0.76, 0.81, 0.82, 0.84, 0.89], "val_accuracy": [0.641, 0.64, 0.662, 0.678, 0.702, 0.799, 0.832, 0.861, 0.881, 0.89], "loss": [95.82400000000007, 79.32799999999999, 76.04400000000001, 74.70799999999998, 71.104, 62.79599999999997, 55.576000000000015, 53.55600000000002, 49.38000000000002, 47.19200000000001], "val_loss": [811.244, 802.715999999999, 790.9679999999994, 736.5720000000002, 694.6160000000001, 614.752000000001, 561.8839999999992, 508.1840000000004, 469.55200000000013, 440.44800000000055]}