{"loss": [0.6888777017593384, 0.6806926727294922, 0.6698586344718933, 0.6544003486633301, 0.6342769265174866, 0.6104464530944824, 0.5836911201477051, 0.55540531873703, 0.5278593301773071, 0.502506673336029], "accuracy": [0.5116841793060303, 0.5116841793060303, 0.5181939601898193, 0.588716447353363, 0.7324320077896118, 0.766900360584259, 0.8151394128799438, 0.8257386088371277, 0.8327491283416748, 0.8376731872558594], "val_loss": [0.684845507144928, 0.6760084629058838, 0.6628355979919434, 0.6449341177940369, 0.6236218810081482, 0.5980573296546936, 0.5713339447975159, 0.5431821346282959, 0.5160939693450928, 0.4939335584640503], "val_accuracy": [0.5090725421905518, 0.5090725421905518, 0.5131047964096069, 0.6285281777381897, 0.6633064150810242, 0.7510080337524414, 0.7792338728904724, 0.8019152879714966, 0.8230846524238586, 0.8251007795333862]}