{"loss": [2.128934621810913, 0.8889399766921997, 0.7233717441558838, 0.6816793084144592, 0.6651636362075806, 0.6541755795478821, 0.6422008872032166, 0.6336994171142578, 0.6306880116462708, 0.6282859444618225], "accuracy": [0.49462273716926575, 0.5467207431793213, 0.5384344458580017, 0.5796897411346436, 0.5927362442016602, 0.5930007100105286, 0.598025381565094, 0.6035789847373962, 0.6055183410644531, 0.6049013137817383], "val_loss": [1.164825439453125, 0.7618467807769775, 0.6870142221450806, 0.6670332551002502, 0.6509816646575928, 0.6393918991088867, 0.6338707804679871, 0.6201037168502808, 0.6166244149208069, 0.6168967485427856], "val_accuracy": [0.5235043168067932, 0.5512821078300476, 0.5454059839248657, 0.5902777910232544, 0.5993589758872986, 0.6009615659713745, 0.5950855016708374, 0.6041666865348816, 0.6030983328819275, 0.6009615659713745]}