{"loss": [0.7879627346992493, 0.5291413068771362, 0.39879733324050903, 0.3251611292362213, 0.2785398066043854, 0.24654094874858856, 0.2233738750219345, 0.2058732509613037, 0.19230447709560394, 0.18147139251232147], "accuracy": [0.5198171734809875, 0.8543849587440491, 0.9694271087646484, 0.9582380652427673, 0.9563469886779785, 0.9604443907737732, 0.9606807827949524, 0.9636750221252441, 0.9661964774131775, 0.9681664109230042], "val_loss": [0.6279797554016113, 0.44801065325737, 0.3500368595123291, 0.28942176699638367, 0.2483195662498474, 0.2187371551990509, 0.19614486396312714, 0.17830075323581696, 0.16428795456886292, 0.15269799530506134], "val_accuracy": [0.5564365386962891, 0.9878731369972229, 0.9640858173370361, 0.9631529450416565, 0.9664179086685181, 0.9636193513870239, 0.9673507213592529, 0.9710820913314819, 0.9710820913314819, 0.9724813103675842]}