{"accuracy": [0.44, 0.75, 0.93, 0.94, 0.93], "val_accuracy": [0.596, 0.886, 0.936, 0.936, 0.942], "loss": [52.48007477071271, 28.062958220776725, 21.627792136625143, 17.84810015919629, 16.30052135387031], "val_loss": [190.07808684478758, 123.53570251106743, 96.5856031345041, 81.52693725748715, 75.71637359659834]}