{"loss": [0.7041483521461487, 0.6747850775718689, 0.6345779895782471, 0.5810495615005493, 0.528900682926178, 0.48657292127609253, 0.4548413157463074, 0.4320290684700012, 0.4159879982471466, 0.4049566090106964], "accuracy": [0.5073443651199341, 0.7668169140815735, 0.8332498669624329, 0.8315806984901428, 0.8292438983917236, 0.8284093141555786, 0.8304957747459412, 0.8324152827262878, 0.8350859880447388, 0.8362544178962708], "val_loss": [0.6873792409896851, 0.6558015942573547, 0.603468656539917, 0.5451208353042603, 0.4947882294654846, 0.45696765184402466, 0.4287906289100647, 0.40907832980155945, 0.3956829011440277, 0.38603317737579346], "val_accuracy": [0.742943525314331, 0.836693525314331, 0.8432459235191345, 0.8361895084381104, 0.8346773982048035, 0.8371975421905518, 0.836693525314331, 0.8371975421905518, 0.8392136693000793, 0.8397177457809448]}