{"loss": [0.7146462798118591, 0.6768876314163208, 0.6465337872505188, 0.6113447546958923, 0.5712123513221741, 0.5280560851097107, 0.48374098539352417, 0.4400162398815155, 0.39842188358306885, 0.36010023951530457], "accuracy": [0.5033973455429077, 0.6633260250091553, 0.8204519152641296, 0.8796501159667969, 0.9027518630027771, 0.9148972630500793, 0.924749493598938, 0.9280619025230408, 0.934092104434967, 0.9375743865966797], "val_loss": [0.6916634440422058, 0.6633130311965942, 0.6319397687911987, 0.5951657891273499, 0.5542545318603516, 0.5111741423606873, 0.46757838129997253, 0.4251350462436676, 0.38495421409606934, 0.3481660485267639], "val_accuracy": [0.5076765418052673, 0.7625383734703064, 0.836233377456665, 0.8792220950126648, 0.8981575965881348, 0.9155578017234802, 0.9247696995735168, 0.9329580068588257, 0.9360286593437195, 0.9411463737487793]}