{"loss": [0.5286146402359009, 0.4138927161693573, 0.36441361904144287, 0.3227944076061249, 0.2830170691013336, 0.2502683699131012, 0.22138284146785736, 0.19614258408546448, 0.1727956086397171, 0.1567336916923523], "accuracy": [0.8676891326904297, 0.9936426877975464, 0.993722140789032, 0.9918149709701538, 0.9936426877975464, 0.993722140789032, 0.9934042692184448, 0.993722140789032, 0.994914174079895, 0.993165910243988], "val_loss": [0.44365569949150085, 0.3847944736480713, 0.33833953738212585, 0.29807406663894653, 0.26031339168548584, 0.2282775193452835, 0.20874953269958496, 0.18436121940612793, 0.15727941691875458, 0.14160868525505066], "val_accuracy": [0.9914974570274353, 0.9976382255554199, 0.9976382255554199, 0.997165858745575, 0.9981105923652649, 0.9985829591751099, 0.9938592910766602, 0.9938592910766602, 0.9981105923652649, 0.99669349193573]}