{"loss": [0.7066225409507751, 0.6915339231491089, 0.6790380477905273, 0.6650155186653137, 0.6480392813682556, 0.6272808313369751, 0.6028033494949341, 0.5750361680984497, 0.545033872127533, 0.5140674710273743], "accuracy": [0.5232189893722534, 0.5635004639625549, 0.6029903292655945, 0.6897977590560913, 0.7766051292419434, 0.8238346576690674, 0.8580474853515625, 0.8775725960731506, 0.886367678642273, 0.8897097706794739], "val_loss": [0.6972317099571228, 0.684745728969574, 0.6713184714317322, 0.655615508556366, 0.6359120607376099, 0.6125247478485107, 0.5850341320037842, 0.554560661315918, 0.5223830342292786, 0.49043071269989014], "val_accuracy": [0.5307732820510864, 0.5618095993995667, 0.6086270213127136, 0.7711730599403381, 0.8069437146186829, 0.882693350315094, 0.892162024974823, 0.8963703513145447, 0.8958442807197571, 0.9216201901435852]}