{"loss": [0.6972444653511047, 0.687870979309082, 0.6618637442588806, 0.6003862619400024, 0.5297537446022034, 0.4647660553455353, 0.40964481234550476, 0.3647523522377014, 0.32894182205200195, 0.3003848195075989], "accuracy": [0.5002111792564392, 0.6499451398849487, 0.7852377891540527, 0.906595766544342, 0.9356473684310913, 0.937505304813385, 0.9383498430252075, 0.9394477605819702, 0.9400389194488525, 0.9404611587524414], "val_loss": [0.6918816566467285, 0.6806259155273438, 0.6378746032714844, 0.5692689418792725, 0.5027415752410889, 0.4433216452598572, 0.393854022026062, 0.353352814912796, 0.32109305262565613, 0.2957732677459717], "val_accuracy": [0.5056759715080261, 0.6537668108940125, 0.7977296710014343, 0.9220846891403198, 0.9339525699615479, 0.9385965466499329, 0.9375645518302917, 0.9355005621910095, 0.9385965466499329, 0.9391125440597534]}