{"loss": [0.6920496821403503, 0.6873081922531128, 0.6727392673492432, 0.6432347297668457, 0.6000386476516724, 0.5489208698272705, 0.4963362514972687, 0.4465670585632324, 0.40196624398231506, 0.3632853627204895], "accuracy": [0.5754237174987793, 0.7005932331085205, 0.824745774269104, 0.886864423751831, 0.9066949486732483, 0.9188135862350464, 0.9247457385063171, 0.9271186590194702, 0.9288983345031738, 0.9310169816017151], "val_loss": [0.6906017065048218, 0.6814915537834167, 0.6581332683563232, 0.6182695031166077, 0.5664043426513672, 0.5108181834220886, 0.4566124975681305, 0.4079796373844147, 0.3654327392578125, 0.33004531264305115], "val_accuracy": [0.7085224390029907, 0.7710539698600769, 0.8749369382858276, 0.8925870060920715, 0.9238527417182922, 0.925869882106781, 0.935451328754425, 0.9339385032653809, 0.935451328754425, 0.9334341883659363]}