{"loss": [0.6951637864112854, 0.6393322944641113, 0.5652574896812439, 0.48309576511383057, 0.40500733256340027, 0.33898428082466125, 0.2874840497970581, 0.24865271151065826, 0.2196684181690216, 0.19799484312534332], "accuracy": [0.518336296081543, 0.534020185470581, 0.8187898993492126, 0.9441070556640625, 0.9600215554237366, 0.9657108187675476, 0.9680941700935364, 0.9698624014854431, 0.9704774618148804, 0.9710156321525574], "val_loss": [0.6680845022201538, 0.6029640436172485, 0.522138774394989, 0.44025731086730957, 0.36753877997398376, 0.30917584896087646, 0.26499342918395996, 0.2318056970834732, 0.2071218639612198, 0.18851688504219055], "val_accuracy": [0.5247341990470886, 0.6389274597167969, 0.9297272562980652, 0.9551548957824707, 0.9634766578674316, 0.964863657951355, 0.9685621857643127, 0.9690245389938354, 0.9690245389938354, 0.9699491858482361]}