{"loss": [0.685271680355072, 0.628233015537262, 0.5621679425239563, 0.48479464650154114, 0.4082287847995758, 0.34233441948890686, 0.2898196280002594, 0.24878241121768951, 0.216935932636261, 0.1921532303094864], "accuracy": [0.4915381073951721, 0.678778886795044, 0.8845196962356567, 0.9227643013000488, 0.9420939683914185, 0.9526298642158508, 0.9585200548171997, 0.9623361825942993, 0.9635806083679199, 0.9649079442024231], "val_loss": [0.6550492644309998, 0.5967978239059448, 0.5221177339553833, 0.44153231382369995, 0.36757007241249084, 0.30668166279792786, 0.2585621774196625, 0.22065576910972595, 0.19077199697494507, 0.16727910935878754], "val_accuracy": [0.4974874258041382, 0.8562813997268677, 0.9190954566001892, 0.9396984577178955, 0.9638190865516663, 0.9698492288589478, 0.9743718504905701, 0.9768844246864319, 0.9773869514465332, 0.9763818979263306]}