{"loss": [0.3047337234020233, 0.20915533602237701, 0.1691259890794754, 0.13510148227214813, 0.11880098283290863, 0.1090308427810669, 0.0921386331319809, 0.09388990700244904, 0.08507135510444641, 0.07558160275220871], "accuracy": [0.920634925365448, 0.9642227292060852, 0.9777441620826721, 0.9804316759109497, 0.9811035394668579, 0.9785000085830688, 0.9813554883003235, 0.9689258337020874, 0.9764844179153442, 0.9811035394668579], "val_loss": [0.225437730550766, 0.17614467442035675, 0.14544335007667542, 0.12438026070594788, 0.11929686367511749, 0.09853100031614304, 0.0993480384349823, 0.09217648953199387, 0.10801506042480469, 0.07469384372234344], "val_accuracy": [0.9691328406333923, 0.9779520630836487, 0.9853013753890991, 0.9843214750289917, 0.969622790813446, 0.983831524848938, 0.9622734785079956, 0.9853013753890991, 0.9529643058776855, 0.9862813353538513]}