{"loss": [0.7023718953132629, 0.6659950017929077, 0.645788848400116, 0.6142374277114868, 0.5673931837081909, 0.5086191296577454, 0.4451698958873749, 0.38409799337387085, 0.32914814352989197, 0.2817942500114441], "accuracy": [0.5140302181243896, 0.5962422490119934, 0.8130128383636475, 0.8995733857154846, 0.9472432136535645, 0.9616836309432983, 0.9713652729988098, 0.9748933911323547, 0.9772727489471436, 0.9798982739448547], "val_loss": [0.6752383708953857, 0.6563141345977783, 0.6303572058677673, 0.5896579027175903, 0.5337513089179993, 0.46934962272644043, 0.4047394096851349, 0.3457069993019104, 0.2941896915435791, 0.2508435845375061], "val_accuracy": [0.5119522213935852, 0.7201195359230042, 0.8491036295890808, 0.9153386950492859, 0.9526892900466919, 0.9696215391159058, 0.9731075763702393, 0.9726095795631409, 0.9765936732292175, 0.9770916700363159]}