{"loss": [0.6824380159378052, 0.5686638951301575, 0.5111203193664551, 0.47837725281715393, 0.4582754969596863, 0.4449799656867981, 0.43591389060020447, 0.42943260073661804, 0.424613356590271, 0.42100998759269714], "accuracy": [0.5757825970649719, 0.7855786085128784, 0.8182869553565979, 0.8339803218841553, 0.8409184813499451, 0.8475262522697449, 0.8491781949996948, 0.852069079875946, 0.8581812381744385, 0.8591724038124084], "val_loss": [0.6074424982070923, 0.5284119844436646, 0.4834233820438385, 0.4559059739112854, 0.43752622604370117, 0.42451053857803345, 0.4153177738189697, 0.4081912636756897, 0.4027727544307709, 0.39857035875320435], "val_accuracy": [0.7437811493873596, 0.8149254322052002, 0.8497512936592102, 0.851243793964386, 0.8601990342140198, 0.8592039942741394, 0.8626866340637207, 0.865671694278717, 0.8626866340637207, 0.8631840944290161]}