{"loss": [0.6092524528503418, 0.4072687029838562, 0.3081955015659332, 0.24903306365013123, 0.20965895056724548, 0.1815112829208374, 0.16044698655605316, 0.14418397843837738, 0.13126830756664276, 0.12081242352724075], "accuracy": [0.6356282234191895, 0.9766579866409302, 0.9867700338363647, 0.987191379070282, 0.987359881401062, 0.9874441623687744, 0.9876970052719116, 0.9876127243041992, 0.9876127243041992, 0.9877812266349792], "val_loss": [0.47352975606918335, 0.3384254276752472, 0.2636973559856415, 0.2181587964296341, 0.18675696849822998, 0.16362518072128296, 0.14698906242847443, 0.13360296189785004, 0.12358836829662323, 0.11482351273298264], "val_accuracy": [0.8906965851783752, 0.9842400550842285, 0.9852567911148071, 0.9852567911148071, 0.9852567911148071, 0.9857652187347412, 0.9857652187347412, 0.9852567911148071, 0.9857652187347412, 0.9852567911148071]}