{"loss": [0.6923225522041321, 0.6435742974281311, 0.5806516408920288, 0.5043233036994934, 0.4270136058330536, 0.3582009971141815, 0.3017384111881256, 0.25692227482795715, 0.2216944694519043, 0.19391943514347076], "accuracy": [0.5112460255622864, 0.8773624897003174, 0.9744291305541992, 0.9774223566055298, 0.9787051677703857, 0.9788762331008911, 0.9793038368225098, 0.9793038368225098, 0.9796459078788757, 0.979560375213623], "val_loss": [0.6685654520988464, 0.6115712523460388, 0.5364109873771667, 0.45426642894744873, 0.37762391567230225, 0.3131953179836273, 0.2623496353626251, 0.22266025841236115, 0.19153861701488495, 0.16719011962413788], "val_accuracy": [0.8317995667457581, 0.977505087852478, 0.9836400747299194, 0.9836400747299194, 0.9836400747299194, 0.984151303768158, 0.984151303768158, 0.984151303768158, 0.9836400747299194, 0.9836400747299194]}