{"loss": [0.46857884526252747, 0.3222419023513794, 0.2592296600341797, 0.2136634886264801, 0.1776006668806076, 0.1415354311466217, 0.1269320547580719, 0.10846132785081863, 0.09544862806797028, 0.08125835657119751], "accuracy": [0.907681941986084, 0.9867755770683289, 0.9882075190544128, 0.9856805801391602, 0.9893025159835815, 0.9922506809234619, 0.9864386320114136, 0.9872809648513794, 0.9913241267204285, 0.9933456778526306], "val_loss": [0.3573748767375946, 0.2859037220478058, 0.2318800836801529, 0.202584907412529, 0.17622067034244537, 0.1339145004749298, 0.12506529688835144, 0.11874807626008987, 0.08735410124063492, 0.0826646238565445], "val_accuracy": [0.9874309301376343, 0.9914530515670776, 0.9899447560310364, 0.9778783917427063, 0.9773756265640259, 0.9914530515670776, 0.9844143390655518, 0.9753645658493042, 0.9924585819244385, 0.9909502863883972]}