{"loss": [0.6740706562995911, 0.6152036190032959, 0.5318587422370911, 0.4429600238800049, 0.36329221725463867, 0.29812073707580566, 0.24675290286540985, 0.20682168006896973, 0.17578452825546265, 0.15150079131126404], "accuracy": [0.5035274028778076, 0.6510837078094482, 0.8476837873458862, 0.9324266910552979, 0.9546961188316345, 0.9650658965110779, 0.9716957211494446, 0.9751806259155273, 0.9782405495643616, 0.9813854694366455], "val_loss": [0.6495327949523926, 0.5756125450134277, 0.48449668288230896, 0.3960514962673187, 0.32114675641059875, 0.26140058040618896, 0.21508127450942993, 0.17922502756118774, 0.15136495232582092, 0.12948404252529144], "val_accuracy": [0.5397554039955139, 0.8037717342376709, 0.9276249408721924, 0.9597350358963013, 0.9699287414550781, 0.9791030287742615, 0.9831805229187012, 0.9867482781410217, 0.9898064136505127, 0.9898064136505127]}