{"loss": [0.6308841109275818, 0.4314017593860626, 0.3024829030036926, 0.23028336465358734, 0.1851365864276886, 0.1547578126192093, 0.13318468630313873, 0.11744507402181625, 0.10568340867757797, 0.09666682034730911], "accuracy": [0.5360775589942932, 0.9527177214622498, 0.98982834815979, 0.9892720580101013, 0.9890336394309998, 0.9887158274650574, 0.9881595373153687, 0.9887158274650574, 0.9891131520271301, 0.9890336394309998], "val_loss": [0.5261576771736145, 0.3524845540523529, 0.2565975487232208, 0.19870735704898834, 0.16060246527194977, 0.13377726078033447, 0.11435437947511673, 0.10025236010551453, 0.0890420600771904, 0.0802338719367981], "val_accuracy": [0.8252243995666504, 0.9886632561683655, 0.9938592910766602, 0.9929145574569702, 0.9929145574569702, 0.9933869242668152, 0.9933869242668152, 0.9929145574569702, 0.9933869242668152, 0.9933869242668152]}