{"loss": [0.694146454334259, 0.6889260411262512, 0.676461935043335, 0.6529340147972107, 0.6215927004814148, 0.5860599875450134, 0.5500578284263611, 0.5166700482368469, 0.4878644049167633, 0.46358755230903625], "accuracy": [0.5103488564491272, 0.6483892798423767, 0.7397763729095459, 0.7567183971405029, 0.7734935879707336, 0.8052078485488892, 0.8208980560302734, 0.8273243308067322, 0.8324987888336182, 0.8350859880447388], "val_loss": [0.6917845606803894, 0.6843710541725159, 0.6649450063705444, 0.6354033350944519, 0.600191593170166, 0.5625588893890381, 0.5245442390441895, 0.49171799421310425, 0.4642217457294464, 0.4406719207763672], "val_accuracy": [0.5614919066429138, 0.7459677457809448, 0.7590725421905518, 0.7893145084381104, 0.8341733813285828, 0.8417338728904724, 0.8422378897666931, 0.8417338728904724, 0.846774160861969, 0.8457661271095276]}