{"loss": [0.5869844555854797, 0.5147398710250854, 0.4447793960571289, 0.37891095876693726, 0.32344144582748413, 0.28007373213768005, 0.24734169244766235, 0.22302891314029694, 0.20517002046108246, 0.19206638634204865], "accuracy": [0.8494401574134827, 0.8862860798835754, 0.917335033416748, 0.9350432753562927, 0.9408401846885681, 0.941554844379425, 0.9430636167526245, 0.9430636167526245, 0.9433018565177917, 0.9437783360481262], "val_loss": [0.5448454022407532, 0.472310334444046, 0.4015912115573883, 0.33839893341064453, 0.2871526777744293, 0.24760785698890686, 0.2177206575870514, 0.19454318284988403, 0.17750823497772217, 0.16510431468486786], "val_accuracy": [0.8776671886444092, 0.9099099636077881, 0.9359886646270752, 0.9445235133171082, 0.9435752034187317, 0.948316752910614, 0.9497392177581787, 0.9506875872612, 0.9516358971595764, 0.9516358971595764]}