{"accuracy": [0.55, 0.68, 0.7, 0.7, 0.72, 0.74, 0.79, 0.8, 0.82, 0.82], "val_accuracy": [0.658, 0.687, 0.703, 0.719, 0.73, 0.767, 0.779, 0.784, 0.798, 0.818], "loss": [105.248, 78.80000000000003, 75.108, 74.26799999999994, 65.992, 57.392, 53.21200000000001, 50.484, 48.516, 45.89599999999997], "val_loss": [795.299999999999, 712.204, 714.8600000000004, 684.7480000000006, 622.7479999999994, 593.0320000000007, 569.8639999999999, 559.6320000000004, 527.6160000000004, 502.9040000000009]}