{"accuracy": [0.82, 0.9, 0.9, 0.9, 0.9, 0.91, 0.93, 0.93, 0.94, 0.96], "val_accuracy": [0.856701030927835, 0.8546391752577319, 0.8541237113402061, 0.8474226804123711, 0.8536082474226804, 0.8628865979381444, 0.872680412371134, 0.877319587628866, 0.8902061855670103, 0.8912371134020619], "loss": [57.82400000000003, 39.932, 37.672000000000004, 37.20399999999999, 37.303999999999995, 35.684, 33.12800000000001, 31.116000000000007, 29.744, 29.327999999999996], "val_loss": [877.8639999999988, 837.5959999999984, 816.4439999999992, 850.6519999999992, 842.9759999999987, 810.7240000000004, 827.0159999999987, 829.9679999999995, 763.1839999999999, 769.8599999999998]}