{"loss": [0.6202119588851929, 0.5449956059455872, 0.463437020778656, 0.38598403334617615, 0.3200152814388275, 0.26749926805496216, 0.2273588925600052, 0.1970873773097992, 0.1743852198123932, 0.15733249485492706], "accuracy": [0.8333333730697632, 0.9446657299995422, 0.962751030921936, 0.9687241315841675, 0.971461832523346, 0.9733698964118958, 0.974531352519989, 0.9744483828544617, 0.974531352519989, 0.9743654131889343], "val_loss": [0.5808602571487427, 0.4972233474254608, 0.41265812516212463, 0.3376387357711792, 0.2762126922607422, 0.22900152206420898, 0.19284674525260925, 0.16570724546909332, 0.1450788974761963, 0.12970209121704102], "val_accuracy": [0.9281406998634338, 0.9572864174842834, 0.9698492288589478, 0.9768844246864319, 0.9798994660377502, 0.9809045195579529, 0.9809045195579529, 0.9809045195579529, 0.9809045195579529, 0.9804019927978516]}