{"loss": [0.5173479318618774, 0.3562595844268799, 0.27986595034599304, 0.23435482382774353, 0.19782361388206482, 0.16331814229488373, 0.14382129907608032, 0.12597300112247467, 0.1169498935341835, 0.11272499710321426], "accuracy": [0.8452045321464539, 0.9561001658439636, 0.9693230390548706, 0.9655324816703796, 0.9720557332038879, 0.977697491645813, 0.9777856469154358, 0.9747003316879272, 0.9745240211486816, 0.9749647974967957], "val_loss": [0.4029005467891693, 0.3094480037689209, 0.24250878393650055, 0.208944633603096, 0.18090921640396118, 0.16214624047279358, 0.13932284712791443, 0.10425255447626114, 0.09258557856082916, 0.09520336240530014], "val_accuracy": [0.949786365032196, 0.9706196784973145, 0.9775641560554504, 0.9802350997924805, 0.9700855016708374, 0.9780983328819275, 0.9802350997924805, 0.9845085740089417, 0.9855769872665405, 0.9887821078300476]}