{"loss": [1.0567630529403687, 0.2749493420124054, 0.21526731550693512, 0.15744826197624207, 0.12740367650985718, 0.09831321239471436, 0.11381163448095322, 0.09373465180397034, 0.10067550092935562, 0.09071513265371323], "accuracy": [0.9721968770027161, 0.9914515614509583, 0.9928624629974365, 0.9947713613510132, 0.9947713613510132, 0.9960992932319641, 0.9959332942962646, 0.9965142607688904, 0.9966802597045898, 0.9964312314987183], "val_loss": [0.28490349650382996, 0.20369569957256317, 0.24195361137390137, 0.20613808929920197, 0.25382712483406067, 0.7322298884391785, 0.20676550269126892, 0.14930859208106995, 0.35260656476020813, 0.1850440502166748], "val_accuracy": [0.9918699860572815, 0.9939025044441223, 0.9918699860572815, 0.9939025044441223, 0.9918699860572815, 0.9791667461395264, 0.9933943748474121, 0.9944106340408325, 0.9939025044441223, 0.9954268932342529]}