{"loss": [0.8461204171180725, 0.6639496088027954, 0.5717816352844238, 0.5257372260093689, 0.5009583234786987, 0.4863346517086029, 0.4772496223449707, 0.4712941348552704, 0.46718281507492065, 0.46426278352737427], "accuracy": [0.425869345664978, 0.5706616044044495, 0.7579912543296814, 0.806145191192627, 0.8196911215782166, 0.826794445514679, 0.8299331068992615, 0.8316676616668701, 0.8354671001434326, 0.8362930417060852], "val_loss": [0.7333489060401917, 0.6040242314338684, 0.5386269688606262, 0.5033493041992188, 0.48243486881256104, 0.46907222270965576, 0.4601207375526428, 0.45371413230895996, 0.4490695893764496, 0.4456171691417694], "val_accuracy": [0.48855724930763245, 0.7333333492279053, 0.8089552521705627, 0.8303483128547668, 0.8358209133148193, 0.8363184332847595, 0.8383085131645203, 0.842288613319397, 0.8393034934997559, 0.8402985334396362]}