{"loss": [0.7011009454727173, 0.6535961627960205, 0.5967147946357727, 0.52305006980896, 0.44418999552726746, 0.37239372730255127, 0.3126523792743683, 0.26511746644973755, 0.22772331535816193, 0.1983117312192917], "accuracy": [0.5000424981117249, 0.9330444931983948, 0.9743394255638123, 0.9725550413131714, 0.9772283434867859, 0.9772283434867859, 0.9772283434867859, 0.9769734144210815, 0.9772283434867859, 0.9778231382369995], "val_loss": [0.6739901304244995, 0.6233481168746948, 0.5526910424232483, 0.46971291303634644, 0.38991981744766235, 0.32217878103256226, 0.2679617404937744, 0.22568532824516296, 0.19287896156311035, 0.16677498817443848], "val_accuracy": [0.6376811861991882, 0.9839544892311096, 0.9715321063995361, 0.9798136949539185, 0.979296088218689, 0.9787784814834595, 0.9777432680130005, 0.9787784814834595, 0.9787784814834595, 0.97826087474823]}