{"accuracy": [0.64, 0.78, 0.85, 0.9, 0.89, 0.89, 0.89, 0.89, 0.9, 0.91], "val_accuracy": [0.795, 0.84, 0.875, 0.893, 0.888, 0.889, 0.883, 0.891, 0.889, 0.893], "loss": [89.09200000000003, 54.780000000000015, 47.61199999999997, 40.744, 39.644000000000005, 39.024, 37.23599999999999, 37.736, 37.45199999999999, 36.23999999999999], "val_loss": [564.6440000000001, 456.62000000000035, 390.9200000000008, 359.55200000000065, 357.10800000000125, 367.2680000000016, 369.7080000000006, 365.6120000000008, 376.2120000000006, 364.4120000000009]}