{"loss": [0.6961442232131958, 0.6697599291801453, 0.6478966474533081, 0.6192511320114136, 0.5847834944725037, 0.5461162328720093, 0.5051412582397461, 0.46349483728408813, 0.42274123430252075, 0.38405802845954895], "accuracy": [0.5325434803962708, 0.5325434803962708, 0.5360979437828064, 0.6279621124267578, 0.7717220187187195, 0.8298578858375549, 0.8672196269035339, 0.8905213475227356, 0.904186487197876, 0.9161927700042725], "val_loss": [0.6748842597007751, 0.6537717580795288, 0.62486732006073, 0.5891328454017639, 0.5475651025772095, 0.5038018822669983, 0.45898765325546265, 0.4147724509239197, 0.3728336691856384, 0.3347998857498169], "val_accuracy": [0.542283833026886, 0.542283833026886, 0.5895843505859375, 0.7926421761512756, 0.8461538553237915, 0.8910654783248901, 0.9178212881088257, 0.9302436709403992, 0.9374104142189026, 0.9431438446044922]}