{"loss": [0.564613938331604, 0.47047993540763855, 0.41628146171569824, 0.35681113600730896, 0.3165464401245117, 0.27755844593048096, 0.2534005343914032, 0.2228192836046219, 0.2004682868719101, 0.17763546109199524], "accuracy": [0.9166104793548584, 0.9853436350822449, 0.9797000885009766, 0.9919979572296143, 0.9893025159835815, 0.9920821785926819, 0.9866913557052612, 0.9900606274604797, 0.9897236824035645, 0.9917452335357666], "val_loss": [0.5064095854759216, 0.4411153197288513, 0.3835928738117218, 0.3348495662212372, 0.2958070933818817, 0.2645379602909088, 0.24424313008785248, 0.21354317665100098, 0.19477906823158264, 0.17439387738704681], "val_accuracy": [0.9849171042442322, 0.9844143390655518, 0.9899447560310364, 0.9919558167457581, 0.9919558167457581, 0.9889392256736755, 0.9849171042442322, 0.9889392256736755, 0.9879336953163147, 0.9889392256736755]}