{"loss": [0.7023208737373352, 0.6794299483299255, 0.6300175786018372, 0.5632625818252563, 0.4935709536075592, 0.4280773103237152, 0.37166547775268555, 0.3259587287902832, 0.2900964319705963, 0.26227712631225586], "accuracy": [0.5075331330299377, 0.5075331330299377, 0.6067880988121033, 0.8134933710098267, 0.9112582802772522, 0.9427980184555054, 0.9495860934257507, 0.9513245224952698, 0.9507450461387634, 0.9509934186935425], "val_loss": [0.692104160785675, 0.6591987609863281, 0.5964905619621277, 0.5253784656524658, 0.45466291904449463, 0.3907889723777771, 0.3369656503200531, 0.2938615381717682, 0.26033899188041687, 0.23441199958324432], "val_accuracy": [0.5002476572990417, 0.5002476572990417, 0.7315502762794495, 0.8979692459106445, 0.9420505166053772, 0.957404613494873, 0.9628528952598572, 0.9628528952598572, 0.9638434648513794, 0.9638434648513794]}