{"loss": [47.86520004272461, 2.2672603130340576, 0.3124971091747284, 0.18934622406959534, 0.1538253128528595, 0.13215935230255127, 0.11428079009056091, 0.10234081000089645, 0.0903947576880455, 0.08538473397493362], "accuracy": [0.6363023519515991, 0.9396646022796631, 0.9828094840049744, 0.9886239171028137, 0.9897193908691406, 0.9904778003692627, 0.9912362098693848, 0.9905620813369751, 0.9911519289016724, 0.9911519289016724], "val_loss": [8.533000946044922, 0.6169108152389526, 0.29680952429771423, 0.22482752799987793, 0.18720263242721558, 0.16646119952201843, 0.14581136405467987, 0.12978599965572357, 0.1383638083934784, 0.11935082823038101], "val_accuracy": [0.8647687435150146, 0.974072277545929, 0.9811897277832031, 0.9837316274642944, 0.9847484230995178, 0.9852567911148071, 0.9867819547653198, 0.9862735867500305, 0.9842400550842285, 0.9852567911148071]}