{"loss": [0.7435979843139648, 0.12887926399707794, 0.0802735760807991, 0.06546463817358017, 0.039400819689035416, 0.014835134148597717, 0.04093651846051216, 0.015711253508925438, 0.015580810606479645, 0.004792714957147837], "accuracy": [0.9817535877227783, 0.9951817393302917, 0.9971564412117004, 0.9976303577423096, 0.9973934292793274, 0.9989731907844543, 0.9973934292793274, 0.9990521669387817, 0.9992101788520813, 0.9997630715370178], "val_loss": [0.37834763526916504, 0.2361525148153305, 0.25644493103027344, 0.1970950812101364, 0.18303610384464264, 0.21020956337451935, 0.23408366739749908, 0.19827353954315186, 0.16513308882713318, 0.15656277537345886], "val_accuracy": [0.9933110475540161, 0.995699942111969, 0.995699942111969, 0.9947444200515747, 0.9961777329444885, 0.9961777329444885, 0.9966555237770081, 0.9966555237770081, 0.9976111054420471, 0.9976111054420471]}