{"loss": [0.5184748768806458, 0.2662433981895447, 0.1624034196138382, 0.12473738938570023, 0.10719156265258789, 0.09789738059043884, 0.09220138192176819, 0.08868804574012756, 0.08648306131362915, 0.0848662331700325], "accuracy": [0.916839599609375, 0.9530251622200012, 0.9610756039619446, 0.9694580435752869, 0.9759316444396973, 0.9782554507255554, 0.9805793166160583, 0.9815752506256104, 0.9826541543006897, 0.9829031825065613], "val_loss": [0.34547480940818787, 0.1685124933719635, 0.11247075349092484, 0.0893540158867836, 0.07640253007411957, 0.06917603313922882, 0.06387985497713089, 0.060791462659835815, 0.05811126157641411, 0.056560665369033813], "val_accuracy": [0.9654472470283508, 0.9639228582382202, 0.9679878950119019, 0.9766260981559753, 0.9776423573493958, 0.9852643013000488, 0.9852643013000488, 0.9862805604934692, 0.985772430896759, 0.9872968196868896]}