{"loss": [0.7964312434196472, 0.6955786943435669, 0.6609989404678345, 0.6271335482597351, 0.5862210392951965, 0.5407330989837646, 0.495191365480423, 0.45217984914779663, 0.41312339901924133, 0.3788485527038574], "accuracy": [0.5045304298400879, 0.5121517181396484, 0.6691506505012512, 0.7606909871101379, 0.8032009601593018, 0.8322466015815735, 0.8551105260848999, 0.8689135313034058, 0.8783131241798401, 0.887204647064209], "val_loss": [0.7190274000167847, 0.6744522452354431, 0.6439068913459778, 0.6051062941551208, 0.560149610042572, 0.5133261680603027, 0.469138503074646, 0.4285714328289032, 0.39238935708999634, 0.36181873083114624], "val_accuracy": [0.5144566297531128, 0.5782651901245117, 0.7647058963775635, 0.80408775806427, 0.8369890451431274, 0.8539382219314575, 0.8708873391151428, 0.8808574676513672, 0.8863409757614136, 0.8863409757614136]}