{"loss": [0.3025560677051544, 0.20540109276771545, 0.15470945835113525, 0.11936032027006149, 0.0963565930724144, 0.0798800140619278, 0.06438188254833221, 0.05183740332722664, 0.044512148946523666, 0.03713991492986679], "accuracy": [0.9767864346504211, 0.994709849357605, 0.9960521459579468, 0.9973154664039612, 0.9961311221122742, 0.994394063949585, 0.9951835870742798, 0.9980260729789734, 0.9977102875709534, 0.9978681802749634], "val_loss": [0.2374957650899887, 0.17357832193374634, 0.13523541390895844, 0.10322241485118866, 0.08227618038654327, 0.09555430710315704, 0.05430230125784874, 0.0446477085351944, 0.0366656556725502, 0.03228996694087982], "val_accuracy": [0.9957446455955505, 0.9981087446212769, 0.9952718615531921, 0.9990543723106384, 0.9990543723106384, 0.9621749520301819, 0.9990543723106384, 0.9995271563529968, 0.9995271563529968, 0.9990543723106384]}