{"loss": [0.5071873664855957, 0.3581438660621643, 0.2849394679069519, 0.24323906004428864, 0.21665094792842865, 0.19850055873394012, 0.1854776293039322, 0.1757550686597824, 0.16835908591747284, 0.16252011060714722], "accuracy": [0.8918130397796631, 0.950279712677002, 0.9516192078590393, 0.9519343972206116, 0.9540619254112244, 0.9580804705619812, 0.9584744572639465, 0.9598928093910217, 0.9633598327636719, 0.9638326168060303], "val_loss": [0.41178014874458313, 0.30992642045021057, 0.2541540861129761, 0.21892507374286652, 0.19513902068138123, 0.17812678217887878, 0.16534042358398438, 0.15534916520118713, 0.1477159857749939, 0.14147073030471802], "val_accuracy": [0.9528917670249939, 0.9528917670249939, 0.9510260820388794, 0.9566231369972229, 0.9617537260055542, 0.9589552283287048, 0.9622201323509216, 0.9654850363731384, 0.965018630027771, 0.9664179086685181]}