{"loss": [1.959447979927063, 0.8868535757064819, 0.6547847390174866, 0.6304897665977478, 0.573273777961731, 0.4747227132320404, 0.5549285411834717, 0.4481251537799835, 0.41525712609291077, 0.3868864178657532], "accuracy": [0.951604425907135, 0.9762870669364929, 0.9816643595695496, 0.9806064963340759, 0.9813117384910583, 0.9836037158966064, 0.9815762042999268, 0.9847496747970581, 0.9851022958755493, 0.9853667616844177], "val_loss": [0.6442856788635254, 0.5892301201820374, 0.3766171932220459, 0.37597909569740295, 0.39355725049972534, 0.41846537590026855, 0.43255898356437683, 0.427240788936615, 0.44382527470588684, 0.5628151893615723], "val_accuracy": [0.9786325097084045, 0.9802350997924805, 0.9866453409194946, 0.9855769872665405, 0.9850428104400635, 0.9818376302719116, 0.9855769872665405, 0.9866453409194946, 0.9807692766189575, 0.9791666865348816]}