{"loss": [102.71756744384766, 9.793218612670898, 2.084418773651123, 1.2974621057510376, 1.043416142463684, 0.8993201851844788, 0.7790413498878479, 0.6642690300941467, 0.5614117383956909, 0.4614516794681549], "accuracy": [0.5857768058776855, 0.8622284531593323, 0.9306186437606812, 0.935574471950531, 0.9335921406745911, 0.9298753142356873, 0.9255802631378174, 0.9216156005859375, 0.9177335500717163, 0.9156686067581177], "val_loss": [21.668060302734375, 2.1190125942230225, 1.2603920698165894, 1.0370413064956665, 0.9526681303977966, 0.8740465641021729, 0.763096034526825, 0.6414568424224854, 0.546310544013977, 0.41069307923316956], "val_accuracy": [0.7661691904067993, 0.93034827709198, 0.946766197681427, 0.9462686777114868, 0.9432836174964905, 0.9393035173416138, 0.9343283772468567, 0.9298508167266846, 0.9253731966018677, 0.921393096446991]}