{"loss": [0.7164355516433716, 0.6216756701469421, 0.5472465753555298, 0.48905321955680847, 0.4432680606842041, 0.4065106511116028, 0.37625783681869507, 0.35094332695007324, 0.3294657766819, 0.31099358201026917], "accuracy": [0.49715355038642883, 0.5292718410491943, 0.7265698313713074, 0.8386439085006714, 0.8781545162200928, 0.8971025943756104, 0.9128218293190002, 0.9226782321929932, 0.9294757843017578, 0.9354236125946045], "val_loss": [0.6628560423851013, 0.5728901624679565, 0.5029193162918091, 0.4486894905567169, 0.40595322847366333, 0.371969997882843, 0.34373533725738525, 0.32042092084884644, 0.3001708388328552, 0.2830944061279297], "val_accuracy": [0.5041407942771912, 0.6573498845100403, 0.8659420609474182, 0.8964803218841553, 0.9145963191986084, 0.9311594367027283, 0.9363354444503784, 0.9399586319923401, 0.9404761791229248, 0.9420289993286133]}