{"loss": [0.6875174641609192, 0.6626543402671814, 0.6219735145568848, 0.558601975440979, 0.4825059473514557, 0.41057780385017395, 0.35155346989631653, 0.30556413531303406, 0.2700968086719513, 0.24297784268856049], "accuracy": [0.6111531257629395, 0.845469057559967, 0.9071134328842163, 0.9275216460227966, 0.9360880255699158, 0.9400352835655212, 0.9412110447883606, 0.9428067207336426, 0.9438145756721497, 0.944990336894989], "val_loss": [0.6758979558944702, 0.6443401575088501, 0.5901439785957336, 0.5153699517250061, 0.4367741644382477, 0.3697942793369293, 0.31652745604515076, 0.27580490708351135, 0.2442963421344757, 0.22054187953472137], "val_accuracy": [0.7672709822654724, 0.8966193795204163, 0.9314062595367432, 0.933366060256958, 0.9412053823471069, 0.9412053823471069, 0.9431651830673218, 0.9441450834274292, 0.9461049437522888, 0.9470848441123962]}