{"loss": [0.6446612477302551, 0.4873631000518799, 0.39194029569625854, 0.3295349180698395, 0.2856388986110687, 0.25285372138023376, 0.2273428738117218, 0.20696932077407837, 0.19027429819107056, 0.17641398310661316], "accuracy": [0.6219802498817444, 0.8895422220230103, 0.9160044193267822, 0.9297520518302917, 0.9370629191398621, 0.9441353678703308, 0.9516846537590027, 0.9564526081085205, 0.9609821438789368, 0.9625715017318726], "val_loss": [0.5531430244445801, 0.4342602491378784, 0.3585950434207916, 0.3070712685585022, 0.2691056728363037, 0.2399354875087738, 0.21685819327831268, 0.1981261670589447, 0.18269890546798706, 0.16955111920833588], "val_accuracy": [0.8545111417770386, 0.9050543904304504, 0.9215871691703796, 0.931506872177124, 0.9442607760429382, 0.9518186450004578, 0.9551252126693726, 0.9598488807678223, 0.9612659811973572, 0.9631554484367371]}