{"loss": [0.7176463603973389, 0.6649667024612427, 0.6432314515113831, 0.6144143342971802, 0.5752794742584229, 0.5269401669502258, 0.47372952103614807, 0.42034292221069336, 0.370100200176239, 0.32435956597328186], "accuracy": [0.4986938536167145, 0.4990309178829193, 0.5933260321617126, 0.7659897208213806, 0.8988792300224304, 0.9358726143836975, 0.9567708969116211, 0.9673042893409729, 0.9748041033744812, 0.9774163961410522], "val_loss": [0.6814183592796326, 0.6552157998085022, 0.6306005120277405, 0.5961419343948364, 0.5512145757675171, 0.4992161989212036, 0.4450238347053528, 0.39343589544296265, 0.3454952836036682, 0.30350860953330994], "val_accuracy": [0.4870361387729645, 0.513472318649292, 0.7707169055938721, 0.9267921447753906, 0.943060576915741, 0.960854172706604, 0.9700051546096802, 0.9735638499259949, 0.9755974411964417, 0.978647768497467]}