{"loss": [0.6115109324455261, 0.5145936012268066, 0.44269925355911255, 0.3862503468990326, 0.34124651551246643, 0.3047308921813965, 0.2746489346027374, 0.24942797422409058, 0.2280382364988327, 0.20977053046226501], "accuracy": [0.758530855178833, 0.9883886575698853, 0.9881517291069031, 0.9879937171936035, 0.9881517291069031, 0.9884676337242126, 0.9883886575698853, 0.9885466694831848, 0.9884676337242126, 0.9886256456375122], "val_loss": [0.550623893737793, 0.4669986069202423, 0.402010440826416, 0.35077226161956787, 0.3094906210899353, 0.2758451998233795, 0.24703645706176758, 0.22341884672641754, 0.20282906293869019, 0.18558816611766815], "val_accuracy": [0.991399884223938, 0.9928332567214966, 0.992355465888977, 0.992355465888977, 0.992355465888977, 0.992355465888977, 0.9933110475540161, 0.9933110475540161, 0.9933110475540161, 0.9933110475540161]}