{"loss": [0.4757210910320282, 0.3665665090084076, 0.3026461601257324, 0.25574198365211487, 0.22922945022583008, 0.19564229249954224, 0.1759987771511078, 0.17370514571666718, 0.1696019023656845, 0.14726412296295166], "accuracy": [0.8931260108947754, 0.9399454593658447, 0.952767014503479, 0.9572339057922363, 0.9541732668876648, 0.9645132422447205, 0.968980073928833, 0.9524361491203308, 0.9574820399284363, 0.9588882923126221], "val_loss": [0.41529929637908936, 0.32220032811164856, 0.2723489999771118, 0.239307701587677, 0.2073877602815628, 0.17945852875709534, 0.18133391439914703, 0.15297476947307587, 0.14093992114067078, 0.13191309571266174], "val_accuracy": [0.9387854933738708, 0.9686581492424011, 0.9647404551506042, 0.9461312294006348, 0.962781548500061, 0.9691478610038757, 0.9657198786735535, 0.9647404551506042, 0.9720861911773682, 0.962781548500061]}