{"loss": [0.7427110075950623, 0.6908865571022034, 0.6780739426612854, 0.6673672199249268, 0.6569365859031677, 0.647139847278595, 0.6380451321601868, 0.6297237277030945, 0.6220300793647766, 0.6150779128074646, 0.6087719202041626, 0.6030707955360413, 0.5978853106498718, 0.5932809114456177, 0.5891199707984924], "accuracy": [0.5045374035835266, 0.5262488722801208, 0.5921465754508972, 0.6392163634300232, 0.6601645946502686, 0.6763633489608765, 0.6841659545898438, 0.6875583529472351, 0.6933254599571228, 0.695445716381073, 0.6975659728050232, 0.6980748176574707, 0.6988381147384644, 0.6999406814575195, 0.7005343437194824], "val_loss": [0.702605664730072, 0.6832921504974365, 0.6711970567703247, 0.6592168211936951, 0.6478134989738464, 0.637220561504364, 0.6276728510856628, 0.6187838912010193, 0.6106694340705872, 0.6037260293960571, 0.596962034702301, 0.5912395715713501, 0.586181104183197, 0.5813357830047607, 0.5772696733474731], "val_accuracy": [0.5072827935218811, 0.5459567904472351, 0.6212958097457886, 0.6594675779342651, 0.6865896582603455, 0.6936212778091431, 0.6986439228057861, 0.6991461515426636, 0.7001506686210632, 0.7036665081977844, 0.7026619911193848, 0.7026619911193848, 0.7046710252761841, 0.7071822881698608, 0.7051732540130615]}