{"loss": [0.663802981376648, 0.6384516358375549, 0.6052815318107605, 0.5637947916984558, 0.5164294242858887, 0.4663914144039154, 0.4171813130378723, 0.3715956211090088, 0.33081701397895813, 0.29547804594039917], "accuracy": [0.7589789628982544, 0.9311134815216064, 0.9412583112716675, 0.9436308741569519, 0.9446126222610474, 0.9467397928237915, 0.9469851851463318, 0.9476397037506104, 0.9488669037818909, 0.949357807636261], "val_loss": [0.6527352929115295, 0.6239758133888245, 0.5863537192344666, 0.5421867966651917, 0.4944056272506714, 0.4436407685279846, 0.3968490958213806, 0.35552123188972473, 0.3179744780063629, 0.28567734360694885], "val_accuracy": [0.9145631194114685, 0.9266990423202515, 0.9364078044891357, 0.9402912855148315, 0.9364078044891357, 0.9398058652877808, 0.9412621855735779, 0.9451456665992737, 0.9451456665992737, 0.9446601867675781]}