{"loss": [28.1362247467041, 2.166675090789795, 0.7515174150466919, 0.43905115127563477, 0.3059917092323303, 0.22906388342380524, 0.1863187998533249, 0.1498459130525589, 0.12565240263938904, 0.10552002489566803], "accuracy": [0.7046725749969482, 0.9100937247276306, 0.9586320519447327, 0.975494384765625, 0.9821133017539978, 0.9850287437438965, 0.9881805777549744, 0.988968551158905, 0.9905444383621216, 0.991096019744873], "val_loss": [5.464322090148926, 1.2606210708618164, 0.6210008263587952, 0.41696178913116455, 0.33363327383995056, 0.2557012438774109, 0.20767948031425476, 0.17842501401901245, 0.15177607536315918, 0.1335361748933792], "val_accuracy": [0.8386194109916687, 0.9281716346740723, 0.9640858173370361, 0.9734141826629639, 0.9748134016990662, 0.9869402647018433, 0.9902052283287048, 0.9902052283287048, 0.9892723560333252, 0.9906716346740723]}