{"accuracy": [0.84, 0.89, 0.9, 0.9, 0.91], "val_accuracy": [0.91, 0.918, 0.922, 0.926, 0.926], "loss": [16.88271927016768, 8.035379870400737, 7.4645686758685645, 7.211493580853035, 6.982824587580145], "val_loss": [29.137401382982375, 28.278828132586515, 29.544408684576727, 29.42351112225817, 29.979889860276238]}