{"loss": [0.6828898787498474, 0.6703311800956726, 0.6505727171897888, 0.619856595993042, 0.5787586569786072, 0.5307479500770569, 0.4802705943584442, 0.4306812286376953, 0.3846903443336487, 0.343445748090744], "accuracy": [0.7412711977958679, 0.8744915127754211, 0.9578813314437866, 0.9600847363471985, 0.9611017107963562, 0.959915280342102, 0.9594915509223938, 0.959915280342102, 0.959237277507782, 0.9596610069274902], "val_loss": [0.6761048436164856, 0.6599730849266052, 0.6332802772521973, 0.5945858359336853, 0.5463194251060486, 0.49388980865478516, 0.4409913420677185, 0.39138147234916687, 0.34617042541503906, 0.30687934160232544], "val_accuracy": [0.8967229127883911, 0.9642502665519714, 0.9642502665519714, 0.9662363529205322, 0.9652432799339294, 0.9657398462295532, 0.9637537002563477, 0.9582919478416443, 0.9637537002563477, 0.9642502665519714]}