{"loss": [10.129631042480469, 1.1317980289459229, 0.7319252490997314, 0.5783547759056091, 0.5006508827209473, 0.45052435994148254, 0.40465986728668213, 0.37537679076194763, 0.34337118268013, 0.31780511140823364], "accuracy": [0.8286003470420837, 0.9651976227760315, 0.9760680794715881, 0.980702817440033, 0.9833150506019592, 0.9848318696022034, 0.9854217767715454, 0.9855060577392578, 0.9864329695701599, 0.9872756600379944], "val_loss": [1.309832215309143, 0.7998321056365967, 0.6613422632217407, 0.5791407823562622, 0.5578488111495972, 0.5073814988136292, 0.49625128507614136, 0.48344722390174866, 0.6319488286972046, 0.46714311838150024], "val_accuracy": [0.9659380316734314, 0.978647768497467, 0.9801729321479797, 0.9827148914337158, 0.9837316274642944, 0.9832232594490051, 0.9822064638137817, 0.9816980957984924, 0.9816980957984924, 0.9847484230995178]}