{"loss": [0.6648955941200256, 0.6399468183517456, 0.6098543405532837, 0.5758178234100342, 0.5406565070152283, 0.507127046585083, 0.4772935211658478, 0.45199882984161377, 0.4311811029911041, 0.4146016240119934], "accuracy": [0.7474807500839233, 0.8341942429542542, 0.8406299948692322, 0.8401219248771667, 0.841561496257782, 0.8451181054115295, 0.8472351431846619, 0.8496909141540527, 0.8514692187309265, 0.8538402915000916], "val_loss": [0.6563428640365601, 0.6306079626083374, 0.6008617281913757, 0.5686302185058594, 0.5369299650192261, 0.50801020860672, 0.4832935333251953, 0.46285319328308105, 0.44675782322883606, 0.43479350209236145], "val_accuracy": [0.8210368752479553, 0.8075772523880005, 0.8215354084968567, 0.8270189762115479, 0.8305084705352783, 0.8349950313568115, 0.8339980244636536, 0.8384845852851868, 0.8384845852851868, 0.8454636335372925]}