{"loss": [0.7052494883537292, 0.5701435804367065, 0.49322307109832764, 0.43551531434059143, 0.38869696855545044, 0.34995630383491516, 0.31753888726234436, 0.29012471437454224, 0.2667463719844818, 0.24665026366710663], "accuracy": [0.5056021213531494, 0.9531911611557007, 0.9311146140098572, 0.9424848556518555, 0.9510332942008972, 0.9584197998046875, 0.9650593400001526, 0.9724458456039429, 0.9775915145874023, 0.9811602830886841], "val_loss": [0.616776168346405, 0.5164669752120972, 0.44830578565597534, 0.3943876326084137, 0.3507177531719208, 0.3147295415401459, 0.28471487760543823, 0.25926050543785095, 0.2376839518547058, 0.21930432319641113], "val_accuracy": [0.8460366725921631, 0.9502032995223999, 0.9491870403289795, 0.9517276883125305, 0.9593496918678284, 0.9669716358184814, 0.9740854501724243, 0.9756098389625549, 0.9786586165428162, 0.9817073941230774]}