{"loss": [25.502817153930664, 6.728740215301514, 2.047402858734131, 1.0150505304336548, 0.7284260988235474, 0.5158429741859436, 0.4789156913757324, 0.4769243896007538, 0.47432655096054077, 0.47734013199806213], "accuracy": [0.5706982016563416, 0.6654619574546814, 0.7727433443069458, 0.7741537690162659, 0.7730959057807922, 0.7665726542472839, 0.760313868522644, 0.7617242932319641, 0.763663649559021, 0.768864631652832], "val_loss": [13.459369659423828, 2.319448947906494, 0.9179389476776123, 0.6224974393844604, 0.4880503714084625, 0.4448815584182739, 0.44393640756607056, 0.4428437054157257, 0.44043445587158203, 0.44667500257492065], "val_accuracy": [0.6073718070983887, 0.7863247990608215, 0.7916666865348816, 0.7927350997924805, 0.7884615659713745, 0.7756410837173462, 0.7692307829856873, 0.7713675498962402, 0.7713675498962402, 0.7825855016708374]}