{"loss": [244.61300659179688, 110.92825317382812, 44.10551452636719, 14.7728271484375, 7.278934955596924, 5.118028163909912, 4.096035480499268, 3.4944186210632324, 3.0491487979888916, 2.6809895038604736], "accuracy": [0.5349460244178772, 0.7027027010917664, 0.8054526448249817, 0.8912615180015564, 0.9393270611763, 0.955716609954834, 0.963517427444458, 0.9670632481575012, 0.9695847034454346, 0.9706090688705444], "val_loss": [165.15191650390625, 72.47181701660156, 23.32050895690918, 8.44350528717041, 5.143460750579834, 3.7225146293640137, 2.933867931365967, 2.3914575576782227, 2.033339738845825, 1.7747668027877808], "val_accuracy": [0.6343283653259277, 0.7625932693481445, 0.8526118993759155, 0.9319029450416565, 0.9547574520111084, 0.9645522236824036, 0.9692164063453674, 0.9734141826629639, 0.9762126803398132, 0.978078305721283]}