{"loss": [0.5381749272346497, 0.401729941368103, 0.319784939289093, 0.26635506749153137, 0.22946476936340332, 0.20269207656383514, 0.18235880136489868, 0.1663731336593628, 0.1534314602613449, 0.14291708171367645], "accuracy": [0.8332543969154358, 0.9245656132698059, 0.9522907137870789, 0.961295485496521, 0.9681674838066101, 0.9716430306434631, 0.973459780216217, 0.975987434387207, 0.9767773151397705, 0.9784360527992249], "val_loss": [0.4519360661506653, 0.3453821539878845, 0.2790752053260803, 0.23418278992176056, 0.20239080488681793, 0.17908065021038055, 0.15919114649295807, 0.14470483362674713, 0.13177862763404846, 0.12187258899211884], "val_accuracy": [0.8939321637153625, 0.953177273273468, 0.9584328532218933, 0.9641662836074829, 0.9679885506629944, 0.9689441323280334, 0.9789775609970093, 0.9789775609970093, 0.9851887226104736, 0.9847109317779541]}