{"loss": [0.7845674753189087, 0.6960008144378662, 0.6859058737754822, 0.6831004023551941, 0.6803242564201355, 0.6772735714912415, 0.6741116642951965, 0.6708539128303528, 0.6674837470054626, 0.6640915274620056], "accuracy": [0.4986938536167145, 0.4986938536167145, 0.5033285617828369, 0.7621134519577026, 0.7943035364151001, 0.8104828596115112, 0.823460042476654, 0.8250610828399658, 0.820847749710083, 0.8159602284431458], "val_loss": [0.7181029915809631, 0.6887906789779663, 0.6840106248855591, 0.6811876893043518, 0.677757978439331, 0.6742062568664551, 0.6708968877792358, 0.6670780181884766, 0.6634408235549927, 0.6593063473701477], "val_accuracy": [0.4870361387729645, 0.4870361387729645, 0.6690391898155212, 0.6548042893409729, 0.7986782193183899, 0.8393493294715881, 0.799186646938324, 0.8256228566169739, 0.8210473656654358, 0.830198347568512]}