{"loss": [1.2001991271972656, 0.14958183467388153, 0.07192131876945496, 0.035649318248033524, 0.031487345695495605, 0.015171174891293049, 0.03691711276769638, 0.021397169679403305, 0.02881556563079357, 0.02777417004108429], "accuracy": [0.9697473049163818, 0.9943918585777283, 0.9964455366134644, 0.9977883696556091, 0.9982622861862183, 0.998894214630127, 0.9981833100318909, 0.9983412623405457, 0.9983412623405457, 0.9984202980995178], "val_loss": [0.3121272027492523, 0.16541248559951782, 0.21208101511001587, 0.20533902943134308, 0.17979374527931213, 0.20693086087703705, 0.1470821648836136, 0.186395063996315, 0.19532915949821472, 0.21262358129024506], "val_accuracy": [0.9933110475540161, 0.9971333146095276, 0.995699942111969, 0.9966555237770081, 0.995699942111969, 0.9966555237770081, 0.9971333146095276, 0.9966555237770081, 0.9961777329444885, 0.9966555237770081]}