{"accuracy": [0.73, 0.95, 0.99, 0.98, 0.99, 0.99, 1.0, 1.0, 1.0, 1.0], "val_accuracy": [0.904, 0.973, 0.984, 0.982, 0.982, 0.987, 0.984, 0.983, 0.981, 0.986], "loss": [78.992, 28.880000000000003, 25.944000000000006, 25.25200000000001, 22.464000000000006, 22.507999999999992, 19.932000000000002, 19.916000000000004, 20.5, 20.948000000000004], "val_loss": [348.08000000000084, 279.2480000000002, 270.716, 259.3360000000007, 252.27200000000008, 246.65600000000006, 248.37200000000047, 253.18000000000063, 256.3560000000002, 244.14800000000022]}