{"loss": [0.5924995541572571, 0.3166985809803009, 0.24791014194488525, 0.20644813776016235, 0.1794704645872116, 0.15351463854312897, 0.12735597789287567, 0.11314155906438828, 0.09886105358600616, 0.08455777168273926], "accuracy": [0.5585188269615173, 0.9552404284477234, 0.9744352698326111, 0.9785969853401184, 0.9705283641815186, 0.9740105867385864, 0.9817394614219666, 0.9844573140144348, 0.985476553440094, 0.9862409234046936], "val_loss": [0.38390839099884033, 0.26848116517066956, 0.2152443528175354, 0.1831212192773819, 0.17671887576580048, 0.13501308858394623, 0.12230882793664932, 0.09615709632635117, 0.08318061381578445, 0.07169819623231888], "val_accuracy": [0.9626407027244568, 0.9754350185394287, 0.9856703877449036, 0.9800409078598022, 0.9636642336845398, 0.9866939187049866, 0.9815762639045715, 0.9882292747497559, 0.9902763366699219, 0.9902763366699219]}