{"loss": [0.7102457284927368, 0.6319317817687988, 0.5349143147468567, 0.4166894853115082, 0.3238862156867981, 0.2596695125102997, 0.21562550961971283, 0.18484531342983246, 0.1628696769475937, 0.14693446457386017], "accuracy": [0.5170848965644836, 0.6668868064880371, 0.9473423957824707, 0.966490626335144, 0.9695444703102112, 0.9697920680046082, 0.9697095155715942, 0.9697920680046082, 0.9697920680046082, 0.9697920680046082], "val_loss": [0.6679482460021973, 0.5938832759857178, 0.47592493891716003, 0.36840981245040894, 0.29278403520584106, 0.24133232235908508, 0.20603080093860626, 0.18139775097370148, 0.16395880281925201, 0.151320219039917], "val_accuracy": [0.5134865045547485, 0.9095903635025024, 0.957042932510376, 0.9595404267311096, 0.9600399136543274, 0.9600399136543274, 0.9595404267311096, 0.9600399136543274, 0.9610389471054077, 0.9610389471054077]}