{"loss": [0.7464408278465271, 0.6986098885536194, 0.6886138916015625, 0.6790671348571777, 0.6646594405174255, 0.643980085849762, 0.6171562075614929, 0.5860447287559509, 0.552330732345581, 0.5179394483566284], "accuracy": [0.487064003944397, 0.487064003944397, 0.6208449006080627, 0.7615031599998474, 0.802276074886322, 0.8292942643165588, 0.8373996615409851, 0.8699033856391907, 0.877190113067627, 0.8863598704338074], "val_loss": [0.7072811722755432, 0.6925489902496338, 0.683711588382721, 0.6707512736320496, 0.6510062217712402, 0.6242281198501587, 0.5925772190093994, 0.5566734075546265, 0.5201975703239441, 0.48342570662498474], "val_accuracy": [0.4953363239765167, 0.4953363239765167, 0.7609229683876038, 0.8468336462974548, 0.8433972001075745, 0.855670154094696, 0.8890526294708252, 0.8890526294708252, 0.8983800411224365, 0.9003437161445618]}