{"loss": [0.7029911875724792, 0.6732382774353027, 0.6423503756523132, 0.5992385745048523, 0.5472939014434814, 0.49059149622917175, 0.4328683912754059, 0.3770071566104889, 0.32601699233055115, 0.28117766976356506], "accuracy": [0.5034424066543579, 0.5034424066543579, 0.5737356543540955, 0.8541436195373535, 0.9486612677574158, 0.9756056070327759, 0.9805355072021484, 0.9846153855323792, 0.9868253469467163, 0.9868253469467163], "val_loss": [0.6856580376625061, 0.6590434312820435, 0.6207466125488281, 0.5712296962738037, 0.5155606269836426, 0.4562150835990906, 0.39863473176956177, 0.3447290062904358, 0.29653623700141907, 0.2541996240615845], "val_accuracy": [0.499490350484848, 0.499490350484848, 0.7838940620422363, 0.9622834324836731, 0.9852192401885986, 0.9867482781410217, 0.9872579574584961, 0.9867482781410217, 0.9867482781410217, 0.9877676367759705]}