{"(0, 1)": 0.8708271253455283, "(0, 2)": 0.9314250069024538, "(0, 3)": 0.9235605372843196, "(0, 4)": 0.9024042742142254, "(0, 5)": 0.942400950741247, "(0, 6)": 0.9367323164132523, "(0, 7)": 0.9112469870495244, "(0, 8)": 0.9130799095545051, "(0, 9)": 0.9147701711296261, "(1, 2)": 0.9083707374861443, "(1, 3)": 0.8969685937862817, "(1, 4)": 0.9167299184034096, "(1, 5)": 0.9075561612408357, "(1, 6)": 0.8983185175226049, "(1, 7)": 0.9246157422405321, "(1, 8)": 0.9135393237638012, "(1, 9)": 0.9164422699606409, "(2, 3)": 0.9500188241939234, "(2, 4)": 0.9200539977710769, "(2, 5)": 0.9417384461605738, "(2, 6)": 0.9337484408139786, "(2, 7)": 0.9373935040106656, "(2, 8)": 0.929008092100733, "(2, 9)": 0.9244339902361961, "(3, 4)": 0.930568609975383, "(3, 5)": 0.9638402191901956, "(3, 6)": 0.9362489692173298, "(3, 7)": 0.9297885939428618, "(3, 8)": 0.9593623537986532, "(3, 9)": 0.9318905711023908, "(4, 5)": 0.9326297033645427, "(4, 6)": 0.9365933256744099, "(4, 7)": 0.9527316988409308, "(4, 8)": 0.9401748534213488, "(4, 9)": 0.9752184418112475, "(5, 6)": 0.937903520968252, "(5, 7)": 0.9287427487474593, "(5, 8)": 0.9721332195074501, "(5, 9)": 0.9568884994652178, "(6, 7)": 0.9291903183154924, "(6, 8)": 0.9365413156890284, "(6, 9)": 0.9267435484326301, "(7, 8)": 0.9422821524727785, "(7, 9)": 0.9773079375621474, "(8, 9)": 0.9578676895263026}