{"(0, 1)": 0.05698335012801018, "(0, 2)": 0.14363136625529674, "(0, 3)": 0.14182644492469457, "(0, 4)": 0.10720210845758209, "(0, 5)": 0.3340713354299141, "(0, 6)": 0.19395428291060732, "(0, 7)": 0.09911219497767794, "(0, 8)": 0.13329740884210248, "(0, 9)": 0.11903147075160293, "(1, 2)": 0.1659362344410611, "(1, 3)": 0.10801713491263522, "(1, 4)": 0.09363424248643007, "(1, 5)": 0.17619719111519852, "(1, 6)": 0.11056808738434497, "(1, 7)": 0.1300713708754764, "(1, 8)": 0.16107779700440236, "(1, 9)": 0.10398270350312017, "(2, 3)": 0.25828682895821004, "(2, 4)": 0.12727015196615038, "(2, 5)": 0.17309908556949785, "(2, 6)": 0.17816034396555283, "(2, 7)": 0.12503725017083733, "(2, 8)": 0.22901864809189718, "(2, 9)": 0.12729922768048293, "(3, 4)": 0.10868835747502743, "(3, 5)": 0.5315163023231725, "(3, 6)": 0.1067134128856742, "(3, 7)": 0.11753492952590361, "(3, 8)": 0.4164205684152227, "(3, 9)": 0.14786691862962303, "(4, 5)": 0.18822964529734584, "(4, 6)": 0.21327174391060774, "(4, 7)": 0.2776516066869042, "(4, 8)": 0.19792410407084696, "(4, 9)": 0.8162832174623917, "(5, 6)": 0.24920437708084164, "(5, 7)": 0.20424746939118757, "(5, 8)": 0.4869748881998386, "(5, 9)": 0.28687184388362413, "(6, 7)": 0.0808759147391898, "(6, 8)": 0.16148485463287793, "(6, 9)": 0.10470500954921047, "(7, 8)": 0.1270771629781666, "(7, 9)": 0.5664613624511166, "(8, 9)": 0.4151126275782265}