{"(0, 1)": 0.0968209128323632, "(0, 2)": 0.17378904964071024, "(0, 3)": 0.28649642055940827, "(0, 4)": 0.1513408642975502, "(0, 5)": 0.3966725448373824, "(0, 6)": 0.31883841376706457, "(0, 7)": 0.14707214694665086, "(0, 8)": 0.19786253600918, "(0, 9)": 0.14503540806971219, "(1, 2)": 0.2034415380066923, "(1, 3)": 0.18286124077831217, "(1, 4)": 0.39215875523789423, "(1, 5)": 0.30456152705800316, "(1, 6)": 0.28837011502796633, "(1, 7)": 0.32503759012221706, "(1, 8)": 0.25262429499801675, "(1, 9)": 0.30057045374465735, "(2, 3)": 0.3918243473674722, "(2, 4)": 0.22821593246098976, "(2, 5)": 0.3346892824918019, "(2, 6)": 0.33663718114615443, "(2, 7)": 0.22055288260309955, "(2, 8)": 0.3111168530614047, "(2, 9)": 0.21158786879820804, "(3, 4)": 0.167936737482282, "(3, 5)": 0.5789688454767994, "(3, 6)": 0.3740707745582473, "(3, 7)": 0.1957039944471973, "(3, 8)": 0.4012156344120582, "(3, 9)": 0.22694832572903878, "(4, 5)": 0.40889862226349416, "(4, 6)": 0.29440341672255577, "(4, 7)": 0.35674316398992534, "(4, 8)": 0.43667097523594983, "(4, 9)": 0.7623364275851472, "(5, 6)": 0.4032262393772172, "(5, 7)": 0.191013544471695, "(5, 8)": 0.43910144034689386, "(5, 9)": 0.4034856874762027, "(6, 7)": 0.3829117021693607, "(6, 8)": 0.267995955884151, "(6, 9)": 0.22690035663238056, "(7, 8)": 0.29798481139291483, "(7, 9)": 0.8037457470506438, "(8, 9)": 0.3248037265752891}