{"loss": [0.8091545104980469, 0.6866587400436401, 0.6212682723999023, 0.569250226020813, 0.5245295763015747, 0.4859676957130432, 0.452594131231308, 0.4234413206577301, 0.3977593779563904, 0.37507790327072144], "accuracy": [0.5013061165809631, 0.5172326564788818, 0.635375440120697, 0.7981798052787781, 0.9076430201530457, 0.9404230117797852, 0.9527260661125183, 0.9613212943077087, 0.9632594585418701, 0.9651133418083191], "val_loss": [0.7157668471336365, 0.6389743089675903, 0.5823870301246643, 0.5335657000541687, 0.49123528599739075, 0.45469334721565247, 0.4232916533946991, 0.3956068754196167, 0.3714744448661804, 0.3497595489025116], "val_accuracy": [0.5129639506340027, 0.5937976837158203, 0.7630910873413086, 0.9059482216835022, 0.9339095950126648, 0.943060576915741, 0.9517031908035278, 0.9572954177856445, 0.9639045000076294, 0.9639045000076294]}