{"loss": [0.7350640296936035, 0.679373562335968, 0.6655790209770203, 0.6489507555961609, 0.624389111995697, 0.5907467007637024, 0.5491011738777161, 0.5022364258766174, 0.453915536403656, 0.40727266669273376], "accuracy": [0.5174692273139954, 0.5174692273139954, 0.520194947719574, 0.566862165927887, 0.6390517950057983, 0.7790534496307373, 0.8689188361167908, 0.9320228099822998, 0.9574626088142395, 0.9672090411186218], "val_loss": [0.6919684410095215, 0.672317624092102, 0.6583333611488342, 0.6382145881652832, 0.608904242515564, 0.5708791017532349, 0.5258133411407471, 0.4776022434234619, 0.4296417832374573, 0.3843387961387634], "val_accuracy": [0.5114427804946899, 0.5114427804946899, 0.5288557410240173, 0.570149302482605, 0.7343283891677856, 0.8407960534095764, 0.911940336227417, 0.9422885775566101, 0.9606965780258179, 0.9676617383956909]}