{"loss": [0.4849678874015808, 0.21480581164360046, 0.12507735192775726, 0.09090888500213623, 0.07465026527643204, 0.06546569615602493, 0.05967346578836441, 0.055841684341430664, 0.0530272014439106, 0.05099732428789139], "accuracy": [0.8196122050285339, 0.9606643319129944, 0.9799745678901672, 0.9857755899429321, 0.9880006313323975, 0.9883979558944702, 0.9887158274650574, 0.9888747334480286, 0.9892720580101013, 0.9892720580101013], "val_loss": [0.30441609025001526, 0.15158675611019135, 0.09845330566167831, 0.07535190880298615, 0.0633053258061409, 0.056566301733255386, 0.05236762389540672, 0.04996534436941147, 0.04845786467194557, 0.04530494287610054], "val_accuracy": [0.9381200075149536, 0.9735475182533264, 0.9863014221191406, 0.9910250902175903, 0.9919698238372803, 0.9919698238372803, 0.9919698238372803, 0.9924421906471252, 0.9924421906471252, 0.9924421906471252]}