{"loss": [0.7272675037384033, 0.6899339556694031, 0.6796759963035583, 0.6682100296020508, 0.6510284543037415, 0.6278132796287537, 0.5997580885887146, 0.5686855912208557, 0.5357393026351929, 0.5022683143615723], "accuracy": [0.5186895132064819, 0.5186895132064819, 0.5186895132064819, 0.5275681614875793, 0.5900737047195435, 0.6732664704322815, 0.757968544960022, 0.8112403750419617, 0.8485305905342102, 0.8707271814346313], "val_loss": [0.6964595317840576, 0.6819466352462769, 0.6714102029800415, 0.6554379463195801, 0.6321142315864563, 0.6030858755111694, 0.5704338550567627, 0.5354219675064087, 0.49984079599380493, 0.46477818489074707], "val_accuracy": [0.5240128040313721, 0.5240128040313721, 0.5250800251960754, 0.6040554642677307, 0.6840981841087341, 0.7940234541893005, 0.846851646900177, 0.8772678375244141, 0.9028815031051636, 0.9119530320167542]}