{"loss": [0.6893423795700073, 0.6702009439468384, 0.6483016610145569, 0.6138664484024048, 0.5652624368667603, 0.5074460506439209, 0.44680142402648926, 0.3890492618083954, 0.3370587229728699, 0.2918905019760132], "accuracy": [0.5673311352729797, 0.7699156403541565, 0.8395712971687317, 0.9260105490684509, 0.9450003504753113, 0.955716609954834, 0.9609171748161316, 0.9639902114868164, 0.9664328694343567, 0.9687967300415039], "val_loss": [0.6749275326728821, 0.6550493836402893, 0.6237905025482178, 0.5764273405075073, 0.5168284773826599, 0.45202288031578064, 0.38910380005836487, 0.33327165246009827, 0.2852983772754669, 0.24487924575805664], "val_accuracy": [0.7639925479888916, 0.8432835340499878, 0.9263059496879578, 0.9500932693481445, 0.9608208537101746, 0.9664179086685181, 0.96875, 0.96875, 0.9701492190361023, 0.9710820913314819]}