{"loss": [0.5839105844497681, 0.33209747076034546, 0.21661962568759918, 0.1784891039133072, 0.1515735238790512, 0.13350874185562134, 0.1205354779958725, 0.10303233563899994, 0.1041044145822525, 0.09838864207267761], "accuracy": [0.7654934525489807, 0.9591613411903381, 0.9601717591285706, 0.9663186073303223, 0.9649713635444641, 0.965560793876648, 0.9720444679260254, 0.9781913161277771, 0.9788649082183838, 0.9692657589912415], "val_loss": [0.46105507016181946, 0.24119701981544495, 0.18399465084075928, 0.1502101868391037, 0.13148804008960724, 0.10905919224023819, 0.10367472469806671, 0.09864791482686996, 0.09131179004907608, 0.08103878796100616], "val_accuracy": [0.9663316607475281, 0.9572864174842834, 0.9738693237304688, 0.9718592762947083, 0.9723618030548096, 0.9788944721221924, 0.9829145669937134, 0.9793969988822937, 0.9733667969703674, 0.9773869514465332]}