{"loss": [0.6762661933898926, 0.6550077199935913, 0.6213645935058594, 0.5747014880180359, 0.5202741622924805, 0.46451884508132935, 0.4117143452167511, 0.36456891894340515, 0.32377275824546814, 0.28896886110305786], "accuracy": [0.5354562401771545, 0.6023187637329102, 0.7644723653793335, 0.8587310910224915, 0.9016120433807373, 0.9232113361358643, 0.9339315891265869, 0.9417930841445923, 0.9447312355041504, 0.9471135139465332], "val_loss": [0.6653591990470886, 0.6362364888191223, 0.5924243330955505, 0.53703373670578, 0.4778040945529938, 0.420320600271225, 0.36798593401908875, 0.3229008615016937, 0.28389495611190796, 0.2530291676521301], "val_accuracy": [0.5391181111335754, 0.6922712326049805, 0.8440019488334656, 0.9094358086585999, 0.9407302141189575, 0.9525842070579529, 0.9554291367530823, 0.9573257565498352, 0.9577999114990234, 0.9587482810020447]}