{"loss": [0.8103727698326111, 0.19041326642036438, 0.10313992947340012, 0.048310086131095886, 0.07307595014572144, 0.03408681973814964, 0.04331456869840622, 0.009430458769202232, 0.021021727472543716, 0.004401819780468941], "accuracy": [0.9801129102706909, 0.99553382396698, 0.9969663619995117, 0.9978933334350586, 0.9972192049026489, 0.9983146786689758, 0.9983989000320435, 0.9992415904998779, 0.9982303977012634, 0.9994101524353027], "val_loss": [0.22696742415428162, 0.17282359302043915, 0.16777601838111877, 0.18222752213478088, 0.17925859987735748, 0.10746057331562042, 0.24101285636425018, 0.262948602437973, 0.16830402612686157, 0.1677519530057907], "val_accuracy": [0.9923742413520813, 0.9949162006378174, 0.9944077730178833, 0.9954245686531067, 0.995932936668396, 0.995932936668396, 0.9949162006378174, 0.9944077730178833, 0.9944077730178833, 0.9964413642883301]}