{"loss": [0.6985517144203186, 0.676274299621582, 0.6521533727645874, 0.621086835861206, 0.5825232267379761, 0.5374854803085327, 0.48903197050094604, 0.44102245569229126, 0.3964627981185913, 0.35630524158477783], "accuracy": [0.4762534201145172, 0.6652349829673767, 0.8168001770973206, 0.878747820854187, 0.9160816073417664, 0.9265714287757874, 0.9368134140968323, 0.9422647953033447, 0.945155680179596, 0.9485421776771545], "val_loss": [0.6857879757881165, 0.6633636951446533, 0.6349772810935974, 0.5985432267189026, 0.5547516345977783, 0.5059157013893127, 0.4560750424861908, 0.4083830416202545, 0.36526715755462646, 0.327490895986557], "val_accuracy": [0.6149253845214844, 0.7990050315856934, 0.8696517944335938, 0.9203980565071106, 0.9328358769416809, 0.9452736973762512, 0.9507462978363037, 0.9527363777160645, 0.9572139978408813, 0.9577114582061768]}