{"loss": [0.7254773378372192, 0.6896069049835205, 0.6633755564689636, 0.6292486786842346, 0.5813342332839966, 0.5241516828536987, 0.46706852316856384, 0.41539421677589417, 0.3712470829486847, 0.33512648940086365], "accuracy": [0.43830758333206177, 0.48028039932250977, 0.7773836851119995, 0.9067646861076355, 0.9334515929222107, 0.9417279362678528, 0.9473018050193787, 0.9472173452377319, 0.9466261863708496, 0.9456127285957336], "val_loss": [0.7003822326660156, 0.6750070452690125, 0.6480752229690552, 0.608985424041748, 0.5565294623374939, 0.49969035387039185, 0.44597887992858887, 0.39859089255332947, 0.3585066497325897, 0.3260832726955414], "val_accuracy": [0.4406605064868927, 0.6646026968955994, 0.8751290440559387, 0.9282765984535217, 0.9437565207481384, 0.9447885155677795, 0.944272518157959, 0.9432405233383179, 0.9437565207481384, 0.944272518157959]}