{"loss": [0.5644911527633667, 0.42398273944854736, 0.34616389870643616, 0.29433634877204895, 0.2571382224559784, 0.22907789051532745, 0.20708146691322327, 0.18942990899085999, 0.1749122142791748, 0.16277295351028442], "accuracy": [0.6637895107269287, 0.9799983501434326, 0.9732757806777954, 0.9714499115943909, 0.9714499115943909, 0.9713669419288635, 0.9729438424110413, 0.9736907482147217, 0.9744377136230469, 0.9748526811599731], "val_loss": [0.4648583233356476, 0.36099177598953247, 0.2964898347854614, 0.25161588191986084, 0.21909989416599274, 0.19440604746341705, 0.17495548725128174, 0.15885528922080994, 0.14582711458206177, 0.1348586529493332], "val_accuracy": [0.9811992645263672, 0.980691134929657, 0.9786586165428162, 0.9756098389625549, 0.9756098389625549, 0.9766260981559753, 0.9786586165428162, 0.9786586165428162, 0.9791667461395264, 0.9796748757362366]}