{"accuracy": [0.51, 0.57, 0.57, 0.57, 0.54], "val_accuracy": [0.538, 0.519, 0.51, 0.511, 0.514], "loss": [110.10399999999998, 96.08000000000001, 95.552, 93.81200000000004, 93.65200000000002], "val_loss": [1003.0119999999994, 1006.8079999999987, 1006.7600000000024, 994.016, 990.2240000000003]}