{"loss": [0.6636914014816284, 0.5438830852508545, 0.423386812210083, 0.3342134356498718, 0.2705014646053314, 0.22389958798885345, 0.18913812935352325, 0.1629330962896347, 0.14290446043014526, 0.12732838094234467], "accuracy": [0.5836998820304871, 0.8069549202919006, 0.8811519742012024, 0.919827401638031, 0.9402440190315247, 0.9511992931365967, 0.961573600769043, 0.9668852090835571, 0.9700390100479126, 0.9729438424110413], "val_loss": [0.6026895046234131, 0.46427592635154724, 0.357069730758667, 0.282547265291214, 0.22875045239925385, 0.19071562588214874, 0.16091609001159668, 0.1384844034910202, 0.12114173173904419, 0.10744201391935349], "val_accuracy": [0.7682927250862122, 0.8902439475059509, 0.9293699860572815, 0.9446138739585876, 0.9557927846908569, 0.9664635062217712, 0.9684960246086121, 0.9720529317855835, 0.9771342277526855, 0.9801830053329468]}