{"loss": [22.493228912353516, 3.1598386764526367, 0.8335949182510376, 0.34060823917388916, 0.2359810322523117, 0.1957566738128662, 0.1732112616300583, 0.1566598266363144, 0.14746172726154327, 0.13602623343467712], "accuracy": [0.7611864805221558, 0.9291312098503113, 0.9630066752433777, 0.974551260471344, 0.9769107699394226, 0.976995050907135, 0.9780905246734619, 0.9784275889396667, 0.9784275889396667, 0.981461226940155], "val_loss": [6.697264194488525, 1.7950646877288818, 0.5473337173461914, 0.3384287655353546, 0.26023149490356445, 0.22892621159553528, 0.19954431056976318, 0.17792215943336487, 0.17320828139781952, 0.1601552516222], "val_accuracy": [0.90086430311203, 0.945602536201477, 0.9644128680229187, 0.9700051546096802, 0.9674631953239441, 0.9700051546096802, 0.9710219502449036, 0.9725471138954163, 0.9725471138954163, 0.976105809211731]}