{"loss": [60.843040466308594, 9.24003791809082, 4.240947723388672, 2.7087223529815674, 1.87053382396698, 1.3272886276245117, 0.9585751891136169, 0.6944178938865662, 0.525532603263855, 0.38744473457336426], "accuracy": [0.6889402866363525, 0.880399763584137, 0.9335095286369324, 0.9478814005851746, 0.9559758901596069, 0.9626662135124207, 0.9645659327507019, 0.9666308760643005, 0.9648963212966919, 0.9650615453720093], "val_loss": [16.981975555419922, 5.902572154998779, 3.502192258834839, 2.372633695602417, 1.702979326248169, 1.3157174587249756, 0.7315643429756165, 0.5353476405143738, 0.41426903009414673, 0.3370751738548279], "val_accuracy": [0.8318408131599426, 0.9114428162574768, 0.939801037311554, 0.9497513175010681, 0.9582089781761169, 0.9636816382408142, 0.9651741981506348, 0.9651741981506348, 0.9641791582107544, 0.9661691784858704]}