{"loss": [0.69105464220047, 0.6831851601600647, 0.6775306463241577, 0.669513463973999, 0.6594073176383972, 0.6478709578514099, 0.6357277035713196, 0.6239628791809082, 0.613077700138092, 0.6032736897468567], "accuracy": [0.530730664730072, 0.5310769081115723, 0.5581717491149902, 0.6166898012161255, 0.6617901921272278, 0.6765928268432617, 0.6959834098815918, 0.7014369964599609, 0.7028220891952515, 0.7050727605819702], "val_loss": [0.6857381463050842, 0.6808056831359863, 0.6739044785499573, 0.6647131443023682, 0.6540584564208984, 0.6417047381401062, 0.6297003626823425, 0.6184698939323425, 0.6084252595901489, 0.5989413857460022], "val_accuracy": [0.5310199856758118, 0.5394322276115417, 0.5899053812026978, 0.6409043669700623, 0.6561514735221863, 0.6829653382301331, 0.687171459197998, 0.6845425963401794, 0.6882229447364807, 0.6924290657043457]}