{"loss": [0.6946213841438293, 0.6902459263801575, 0.6833765506744385, 0.6685904860496521, 0.641328752040863, 0.6006912589073181, 0.5505081415176392, 0.49672290682792664, 0.44367343187332153, 0.39444655179977417], "accuracy": [0.4702047109603882, 0.5180752873420715, 0.5831958055496216, 0.7346484661102295, 0.838890790939331, 0.9125124216079712, 0.9332288503646851, 0.9478375911712646, 0.9547706246376038, 0.9560086131095886], "val_loss": [0.6921935677528381, 0.687228262424469, 0.6768479943275452, 0.6555622816085815, 0.6199072003364563, 0.5722601413726807, 0.5183606743812561, 0.46371933817863464, 0.41229048371315, 0.36636391282081604], "val_accuracy": [0.5134865045547485, 0.5194805264472961, 0.624375581741333, 0.7702297568321228, 0.8951048851013184, 0.9295703768730164, 0.9400599002838135, 0.9455544352531433, 0.948051929473877, 0.9500499367713928]}