{"loss": [0.7767614722251892, 0.6667429208755493, 0.5934877395629883, 0.5388268232345581, 0.4963344931602478, 0.46208256483078003, 0.43406200408935547, 0.41081634163856506, 0.39130595326423645, 0.3748462498188019], "accuracy": [0.48253077268600464, 0.5605847835540771, 0.7443627715110779, 0.834393322467804, 0.861650288105011, 0.888576865196228, 0.9013793468475342, 0.9095564484596252, 0.9149252772331238, 0.9152556657791138], "val_loss": [0.7091582417488098, 0.6238914728164673, 0.5612550973892212, 0.5128904581069946, 0.47412678599357605, 0.44241783022880554, 0.4160480797290802, 0.39379215240478516, 0.37488070130348206, 0.35873034596443176], "val_accuracy": [0.48855724930763245, 0.6552239060401917, 0.81442791223526, 0.8537313938140869, 0.8800995349884033, 0.8975124955177307, 0.9109452962875366, 0.9233831167221069, 0.9268656969070435, 0.9278607368469238]}