{"loss": [0.7884927988052368, 0.670071005821228, 0.6223855018615723, 0.5723005533218384, 0.5139760375022888, 0.4552294909954071, 0.40338337421417236, 0.36160919070243835, 0.3295949101448059, 0.3057904541492462], "accuracy": [0.4691338539123535, 0.5317323207855225, 0.8026771545410156, 0.846929132938385, 0.8661417365074158, 0.8830708861351013, 0.9010236263275146, 0.9094488620758057, 0.9140945076942444, 0.916771650314331], "val_loss": [0.7014173865318298, 0.6427597999572754, 0.595452070236206, 0.5385668873786926, 0.4768615961074829, 0.4196286201477051, 0.3714107573032379, 0.33343884348869324, 0.30426025390625, 0.2823914587497711], "val_accuracy": [0.47623443603515625, 0.7452700138092041, 0.8578680753707886, 0.8694047331809998, 0.8892478346824646, 0.9081680178642273, 0.9183202981948853, 0.9224734902381897, 0.9247808456420898, 0.9275496602058411]}