{"loss": [0.7114278078079224, 0.5996798276901245, 0.5126000046730042, 0.44393718242645264, 0.3893948793411255, 0.3454976975917816, 0.30964067578315735, 0.27981802821159363, 0.2547532320022583, 0.23347176611423492], "accuracy": [0.3618483543395996, 0.8831753730773926, 0.9414692521095276, 0.9747235774993896, 0.9860979914665222, 0.9892575740814209, 0.991311252117157, 0.991311252117157, 0.9912322759628296, 0.9913902282714844], "val_loss": [0.6445396542549133, 0.5424173474311829, 0.46281567215919495, 0.40036341547966003, 0.35060620307922363, 0.3105624318122864, 0.27681899070739746, 0.2494286745786667, 0.2260279506444931, 0.20656657218933105], "val_accuracy": [0.8901098966598511, 0.9354993104934692, 0.9799331426620483, 0.9918776750564575, 0.9928332567214966, 0.991399884223938, 0.9928332567214966, 0.991399884223938, 0.9918776750564575, 0.9909221529960632]}