{"loss": [0.6779290437698364, 0.5830916166305542, 0.5081254839897156, 0.4484700560569763, 0.4007711410522461, 0.36204794049263, 0.3299795687198639, 0.30305272340774536, 0.2802092730998993, 0.260613352060318], "accuracy": [0.49715355038642883, 0.6636927723884583, 0.8680431842803955, 0.9160506725311279, 0.9366981387138367, 0.9456198811531067, 0.9591299295425415, 0.9643130898475647, 0.9706857204437256, 0.9745093584060669], "val_loss": [0.626106858253479, 0.5357928276062012, 0.464278906583786, 0.4075143337249756, 0.3619919419288635, 0.32540884613990784, 0.2946516275405884, 0.2692264914512634, 0.2472328543663025, 0.22868113219738007], "val_accuracy": [0.5041407942771912, 0.8804348111152649, 0.9389234185218811, 0.9472050070762634, 0.955486536026001, 0.967391312122345, 0.9710144996643066, 0.977225661277771, 0.977225661277771, 0.97826087474823]}