{"loss": [0.6988114714622498, 0.6897197365760803, 0.6871820688247681, 0.6848032474517822, 0.6824299097061157, 0.6800711750984192, 0.6777052879333496, 0.6753712296485901, 0.6728708744049072, 0.6704126000404358], "accuracy": [0.5222675800323486, 0.5648509860038757, 0.5796664357185364, 0.5848119258880615, 0.5951029062271118, 0.603087306022644, 0.6099184155464172, 0.6156848669052124, 0.6161284446716309, 0.6196770668029785], "val_loss": [0.691758930683136, 0.6896615028381348, 0.6876863241195679, 0.6857877969741821, 0.683946967124939, 0.6820582151412964, 0.6801540851593018, 0.6782269477844238, 0.6762344241142273, 0.6743188500404358], "val_accuracy": [0.5396570563316345, 0.5809217691421509, 0.5782422423362732, 0.5836012959480286, 0.5921757817268372, 0.5959271788597107, 0.6007503271102905, 0.6087889075279236, 0.6098607182502747, 0.6093248128890991]}