{"accuracy": [0.78, 0.95, 0.94, 0.95, 0.93, 0.96, 0.96, 0.96, 0.96, 0.97], "val_accuracy": [0.841, 0.86, 0.892, 0.902, 0.908, 0.904, 0.917, 0.892, 0.905, 0.912], "loss": [60.19600000000001, 32.22399999999999, 30.364000000000008, 29.195999999999987, 26.727999999999994, 26.156000000000002, 25.284000000000006, 25.01600000000001, 24.91200000000001, 25.647999999999982], "val_loss": [497.6280000000001, 459.8560000000008, 395.36800000000045, 385.5280000000002, 353.5520000000005, 364.25600000000054, 338.4640000000007, 385.8520000000003, 367.2120000000003, 351.692000000001]}