{"loss": [0.6428491473197937, 0.6176242828369141, 0.5954598188400269, 0.5753830075263977, 0.5569614768028259, 0.5400075912475586, 0.524360179901123, 0.5098534822463989, 0.4964148998260498, 0.48407837748527527, 0.4725987911224365, 0.4618666470050812, 0.4518607556819916, 0.44242116808891296, 0.43358516693115234], "accuracy": [0.5651418566703796, 0.7590371966362, 0.8324923515319824, 0.863429605960846, 0.8711225390434265, 0.8746795058250427, 0.8751758337020874, 0.8766647577285767, 0.8769129514694214, 0.8770783543586731, 0.8780710101127625, 0.8768302202224731, 0.8773265480995178, 0.877657413482666, 0.877657413482666], "val_loss": [0.6189699172973633, 0.5943760275840759, 0.5723842978477478, 0.5519983768463135, 0.5330450534820557, 0.5158179998397827, 0.49990174174308777, 0.48552167415618896, 0.47193387150764465, 0.46002623438835144, 0.4486069679260254, 0.43767356872558594, 0.4280683398246765, 0.41914108395576477, 0.41078871488571167], "val_accuracy": [0.7810969352722168, 0.8736532330513, 0.8790401220321655, 0.8780606985092163, 0.8726738095283508, 0.8726738095283508, 0.8726738095283508, 0.8716943860054016, 0.8721840977668762, 0.871204674243927, 0.8697355389595032, 0.8707149624824524, 0.8707149624824524, 0.8697355389595032, 0.8697355389595032]}