{"loss": [0.4406105875968933, 0.3355390429496765, 0.2679744064807892, 0.22046373784542084, 0.18138302862644196, 0.1637093424797058, 0.14034503698349, 0.12514728307724, 0.1117822453379631, 0.10048389434814453], "accuracy": [0.947721540927887, 0.9739835262298584, 0.9756197333335876, 0.9777469038963318, 0.9808557629585266, 0.9768469333648682, 0.9820011854171753, 0.9748834371566772, 0.9823284149169922, 0.9778286814689636], "val_loss": [0.3869476020336151, 0.30521807074546814, 0.2524545192718506, 0.20788441598415375, 0.18067513406276703, 0.16205653548240662, 0.1500161737203598, 0.1308913677930832, 0.12390456348657608, 0.10793478041887283], "val_accuracy": [0.9684466123580933, 0.9708738327026367, 0.9757281541824341, 0.9771844744682312, 0.9747573137283325, 0.9747573137283325, 0.9752427339553833, 0.9752427339553833, 0.9766990542411804, 0.977669894695282]}