{"loss": [0.7981272339820862, 0.7092259526252747, 0.6784924268722534, 0.6455300450325012, 0.5948891639709473, 0.5305115580558777, 0.465099573135376, 0.40750205516815186, 0.3600716292858124, 0.32236945629119873], "accuracy": [0.49978888034820557, 0.48957017064094543, 0.629423201084137, 0.7555950284004211, 0.7897982001304626, 0.8388649821281433, 0.8723925948143005, 0.8951102495193481, 0.9114095568656921, 0.9198547601699829], "val_loss": [0.7367450594902039, 0.6934025883674622, 0.6658226251602173, 0.6251495480537415, 0.5669932961463928, 0.5021311044692993, 0.44155576825141907, 0.3901772201061249, 0.3484871983528137, 0.3155512809753418], "val_accuracy": [0.49432405829429626, 0.5051599740982056, 0.7022703886032104, 0.7497420310974121, 0.8013416528701782, 0.8281733989715576, 0.8668730854988098, 0.8916409015655518, 0.9045407772064209, 0.9122807383537292]}