{"loss": [5.728320598602295, 1.0212161540985107, 0.673034131526947, 0.5284960865974426, 0.4534595012664795, 0.4080430269241333, 0.37515518069267273, 0.35408008098602295, 0.34115245938301086, 0.33308306336402893], "accuracy": [0.6928772926330566, 0.7606664299964905, 0.7959274053573608, 0.8494358658790588, 0.8733251094818115, 0.8826692700386047, 0.8872532248497009, 0.8872532248497009, 0.889104425907135, 0.889104425907135], "val_loss": [1.397890567779541, 0.7044033408164978, 0.5390445590019226, 0.4231277108192444, 0.3653129041194916, 0.32946285605430603, 0.31040868163108826, 0.2956863045692444, 0.29113712906837463, 0.29195988178253174], "val_accuracy": [0.7008547186851501, 0.7654914855957031, 0.8322650194168091, 0.879273533821106, 0.8985043168067932, 0.9065171480178833, 0.9086539149284363, 0.9081196784973145, 0.9054487347602844, 0.9017094373703003]}