{"loss": [67.53065490722656, 6.018253803253174, 2.220060110092163, 1.52045738697052, 1.2081092596054077, 1.019956111907959, 0.8871490955352783, 0.7922158241271973, 0.704884946346283, 0.6348265409469604], "accuracy": [0.7294977307319641, 0.9402415752410889, 0.9762396216392517, 0.9840273261070251, 0.9862523674964905, 0.9882389903068542, 0.9893515110015869, 0.9900667071342468, 0.9906229972839355, 0.9915765523910522], "val_loss": [13.57259750366211, 1.9758175611495972, 1.02490234375, 0.7382336854934692, 0.5923560261726379, 0.49119833111763, 0.44285109639167786, 0.358474463224411, 0.28041285276412964, 0.24628998339176178], "val_accuracy": [0.879546582698822, 0.9735475182533264, 0.9858290553092957, 0.9900803565979004, 0.9905527234077454, 0.9905527234077454, 0.9905527234077454, 0.9914974570274353, 0.9929145574569702, 0.9938592910766602]}