{"loss": [0.6897997856140137, 0.6671172976493835, 0.604835033416748, 0.5174427032470703, 0.4312431216239929, 0.35804298520088196, 0.29996639490127563, 0.25473257899284363, 0.21959316730499268, 0.1922089010477066], "accuracy": [0.5786018967628479, 0.8960453271865845, 0.9305874705314636, 0.9528224468231201, 0.9608631730079651, 0.9620938897132874, 0.9648014903068542, 0.9658681154251099, 0.9672629237174988, 0.9682474732398987], "val_loss": [0.6835154294967651, 0.6404033303260803, 0.5566120743751526, 0.46282467246055603, 0.37938734889030457, 0.31229472160339355, 0.2597102224826813, 0.21900705993175507, 0.18745052814483643, 0.16270609200000763], "val_accuracy": [0.8232071995735168, 0.9198207259178162, 0.9606574177742004, 0.967131495475769, 0.968625545501709, 0.9696215391159058, 0.9701195359230042, 0.9706175327301025, 0.9711155891418457, 0.9711155891418457]}