{"loss": [0.43648019433021545, 0.2967158257961273, 0.2298930436372757, 0.1807251274585724, 0.1532198041677475, 0.12643103301525116, 0.11198966950178146, 0.08889766037464142, 0.07939933985471725, 0.06714615225791931], "accuracy": [0.9171715378761292, 0.986056923866272, 0.9891277551651001, 0.9924474954605103, 0.9896256923675537, 0.9909536242485046, 0.9842310547828674, 0.9919495582580566, 0.9902896881103516, 0.9925305247306824], "val_loss": [0.3444186747074127, 0.25812873244285583, 0.21118402481079102, 0.16530892252922058, 0.1337745636701584, 0.1144767478108406, 0.09730729460716248, 0.08270413428544998, 0.07257184386253357, 0.06328810751438141], "val_accuracy": [0.9730691909790039, 0.9913618564605713, 0.9862805604934692, 0.9903455972671509, 0.9923781156539917, 0.9923781156539917, 0.9913618564605713, 0.9923781156539917, 0.9918699860572815, 0.9939025044441223]}