{"loss": [797.2474365234375, 511.8990173339844, 226.3214111328125, 12.236333847045898, 0.05743507295846939, 0.057312581688165665, 0.05723081901669502, 0.05717269703745842, 0.05707278847694397, 0.0570719875395298], "accuracy": [0.10791481286287308, 0.11133185029029846, 0.11252383887767792, 0.7253655195236206, 0.9781468510627747, 0.9787030816078186, 0.9779878854751587, 0.978623628616333, 0.9788620471954346, 0.9783057570457458], "val_loss": [643.351806640625, 362.52471923828125, 81.30160522460938, 0.04877307638525963, 0.04849464073777199, 0.04752863943576813, 0.04786810651421547, 0.04853967949748039, 0.048408228904008865, 0.04628041014075279], "val_accuracy": [0.10911668092012405, 0.110061414539814, 0.10769958049058914, 0.981105387210846, 0.981105387210846, 0.9825224876403809, 0.980633020401001, 0.9787435531616211, 0.9782711863517761, 0.9829948544502258]}