{"accuracy": [0.42, 0.69, 0.79, 0.79, 0.82, 0.85, 0.85, 0.88, 0.9, 0.9], "val_accuracy": [0.731, 0.84, 0.865, 0.87, 0.881, 0.894, 0.902, 0.901, 0.913, 0.92], "loss": [132.888, 69.28400000000005, 49.559999999999974, 44.69200000000002, 43.90799999999999, 44.40800000000001, 40.89200000000002, 40.172, 39.29600000000001, 38.236], "val_loss": [685.6319999999993, 417.6479999999999, 381.31600000000105, 391.7359999999999, 366.7680000000005, 358.9400000000004, 350.5080000000003, 348.1920000000003, 331.4040000000002, 313.41600000000074]}