{"loss": [0.6837776303291321, 0.6506608128547668, 0.5941112637519836, 0.5165972113609314, 0.4373672604560852, 0.3692890703678131, 0.3157813251018524, 0.2750050723552704, 0.2442198246717453, 0.22085769474506378], "accuracy": [0.5744480490684509, 0.7762279510498047, 0.8906383514404297, 0.937018632888794, 0.9488276243209839, 0.9516515135765076, 0.9556734561920166, 0.9573848843574524, 0.9588396549224854, 0.9596098065376282], "val_loss": [0.6694809794425964, 0.6247226595878601, 0.5520111918449402, 0.46667128801345825, 0.38811931014060974, 0.323649525642395, 0.273822158575058, 0.23534046113491058, 0.20591267943382263, 0.18332603573799133], "val_accuracy": [0.6723958849906921, 0.8140625357627869, 0.9406250715255737, 0.9604167342185974, 0.9619792103767395, 0.9645833969116211, 0.9661458730697632, 0.9692708849906921, 0.9687500596046448, 0.9697917103767395]}