{"loss": [0.5131961703300476, 0.4487011432647705, 0.398458868265152, 0.35841837525367737, 0.3259772062301636, 0.29916414618492126, 0.2765671908855438, 0.25729402899742126, 0.24073676764965057, 0.2263839989900589], "accuracy": [0.7290339469909668, 0.8377942442893982, 0.8838474154472351, 0.9069589972496033, 0.92182856798172, 0.9299855828285217, 0.9404367804527283, 0.9465545415878296, 0.9539468288421631, 0.9593848586082458], "val_loss": [0.45778289437294006, 0.39987674355506897, 0.3540739119052887, 0.3172721862792969, 0.2873523235321045, 0.26302585005760193, 0.24209566414356232, 0.22467051446437836, 0.20933060348033905, 0.19627799093723297], "val_accuracy": [0.8530020713806152, 0.9083850979804993, 0.9321946501731873, 0.9394410252571106, 0.9415113925933838, 0.9482401609420776, 0.9523809552192688, 0.9580745697021484, 0.9622153639793396, 0.9653209447860718]}