{"loss": [0.5380420088768005, 0.4146067500114441, 0.33387529850006104, 0.2775944471359253, 0.24636374413967133, 0.20811231434345245, 0.1760561466217041, 0.15706470608711243, 0.14176684617996216, 0.12694604694843292], "accuracy": [0.9253888726234436, 0.9622110724449158, 0.9655506014823914, 0.9631778001785278, 0.9466561079025269, 0.968450665473938, 0.9700325131416321, 0.9644960165023804, 0.968450665473938, 0.9714385867118835], "val_loss": [0.45953187346458435, 0.3675946593284607, 0.3006104528903961, 0.2589516043663025, 0.21950805187225342, 0.1789534091949463, 0.1619587540626526, 0.14482703804969788, 0.12956389784812927, 0.11883635073900223], "val_accuracy": [0.9703742265701294, 0.9682952165603638, 0.9693347215652466, 0.967255711555481, 0.952182948589325, 0.9760915040969849, 0.9755717515945435, 0.9703742265701294, 0.975051999092102, 0.9776507616043091]}