{"loss": [344.1573486328125, 161.71832275390625, 61.52444076538086, 10.185747146606445, 0.576866626739502, 0.4831744134426117, 0.42346280813217163, 0.3824636936187744, 0.3524734675884247, 0.32856476306915283], "accuracy": [0.10780977457761765, 0.10897170007228851, 0.10722881555557251, 0.23761308193206787, 0.4911611080169678, 0.57108473777771, 0.8924391865730286, 0.8918582797050476, 0.8915262818336487, 0.8940991163253784], "val_loss": [275.72540283203125, 117.70046997070312, 34.832523345947266, 0.6281387805938721, 0.5008814930915833, 0.42149409651756287, 0.3678146004676819, 0.32929715514183044, 0.3004089593887329, 0.2770345211029053], "val_accuracy": [0.083841472864151, 0.0843496024608612, 0.08536586165428162, 0.48678866028785706, 0.48678866028785706, 0.9166667461395264, 0.9166667461395264, 0.9186992645263672, 0.9212399125099182, 0.9222561717033386]}