{"loss": [0.6781253218650818, 0.6591619253158569, 0.6338324546813965, 0.5965586304664612, 0.5493744015693665, 0.49686187505722046, 0.4439714848995209, 0.3939208686351776, 0.34868136048316956, 0.3089202642440796], "accuracy": [0.5014729499816895, 0.5363184809684753, 0.6765424013137817, 0.8123053908348083, 0.885952353477478, 0.9232388138771057, 0.9477316737174988, 0.9584210515022278, 0.9612827301025391, 0.965238630771637], "val_loss": [0.6656006574630737, 0.6451418995857239, 0.6127115488052368, 0.5681076049804688, 0.5160050988197327, 0.4614895284175873, 0.4087150990962982, 0.36085519194602966, 0.3175256550312042, 0.2810167670249939], "val_accuracy": [0.5129225254058838, 0.5805169343948364, 0.7360835671424866, 0.8250497579574585, 0.899105429649353, 0.943340003490448, 0.956262469291687, 0.9612326622009277, 0.969681978225708, 0.97017902135849]}