{"loss": [94.4432601928711, 51.98692321777344, 21.33082389831543, 4.984913349151611, 0.6382662057876587, 0.6401643753051758, 0.6381502747535706, 0.6394921541213989, 0.6396665573120117, 0.6400553584098816], "accuracy": [0.5314964056015015, 0.5491741895675659, 0.5797991752624512, 0.5698398351669312, 0.6388912200927734, 0.6362353563308716, 0.6402190923690796, 0.6379782557487488, 0.6361523866653442, 0.6346584558486938], "val_loss": [80.7615737915039, 39.060211181640625, 12.110979080200195, 0.653947114944458, 0.6558707356452942, 0.6501035690307617, 0.6530663371086121, 0.6526459455490112, 0.6604173183441162, 0.6500043272972107], "val_accuracy": [0.5116870403289795, 0.5518293380737305, 0.5182927250862122, 0.6239838004112244, 0.5965447425842285, 0.6397358179092407, 0.6422764658927917, 0.6519309282302856, 0.5884146690368652, 0.645325243473053]}