{"loss": [0.7097765207290649, 0.6818313598632812, 0.6684738397598267, 0.6458913087844849, 0.6107915043830872, 0.5665466785430908, 0.5185624957084656, 0.471329927444458, 0.42736485600471497, 0.3880011737346649], "accuracy": [0.4780844748020172, 0.7074698209762573, 0.8001587390899658, 0.8397566080093384, 0.8699179887771606, 0.9142781496047974, 0.9210688471794128, 0.9298880100250244, 0.9295352101325989, 0.9309462904930115], "val_loss": [0.6875490546226501, 0.6740776300430298, 0.6545230150222778, 0.6207494139671326, 0.5749577879905701, 0.5223168730735779, 0.47099727392196655, 0.42101022601127625, 0.38128042221069336, 0.3451090455055237], "val_accuracy": [0.4821621775627136, 0.8291891813278198, 0.8567568063735962, 0.8951351642608643, 0.9237837791442871, 0.9264864921569824, 0.9254054427146912, 0.9270270466804504, 0.9243243336677551, 0.9254054427146912]}