{"loss": [0.7814168334007263, 0.6612830758094788, 0.5974257588386536, 0.514693558216095, 0.4261886477470398, 0.350831001996994, 0.29240840673446655, 0.2486344575881958, 0.21598994731903076, 0.1914813071489334], "accuracy": [0.4816637337207794, 0.570077657699585, 0.8844468593597412, 0.9236565232276917, 0.9476436376571655, 0.9644038081169128, 0.9707850217819214, 0.9714000821113586, 0.9712463021278381, 0.9707081317901611], "val_loss": [0.6992475986480713, 0.6294658780097961, 0.5575545430183411, 0.4674597382545471, 0.38390597701072693, 0.3175276517868042, 0.2671207785606384, 0.22953256964683533, 0.20160527527332306, 0.1805507242679596], "val_accuracy": [0.47526586055755615, 0.8331022262573242, 0.914008378982544, 0.9375867247581482, 0.9556172490119934, 0.9676375985145569, 0.9694868326187134, 0.9699491858482361, 0.9708738327026367, 0.9685621857643127]}