{"loss": [0.715499758720398, 0.6445867419242859, 0.5604156255722046, 0.47347360849380493, 0.3878646194934845, 0.305849552154541, 0.24126015603542328, 0.19528712332248688, 0.1627858281135559, 0.139339879155159], "accuracy": [0.2366969734430313, 0.8309640884399414, 0.9659753441810608, 0.9780937433242798, 0.9808126091957092, 0.9810456037521362, 0.9810456037521362, 0.9812009930610657, 0.9811233282089233, 0.981278657913208], "val_loss": [0.6812524199485779, 0.6023315787315369, 0.512771487236023, 0.42582443356513977, 0.33823153376579285, 0.26209720969200134, 0.2064807265996933, 0.16712716221809387, 0.1389973759651184, 0.1182805746793747], "val_accuracy": [0.5631701350212097, 0.9636363387107849, 0.9818181991577148, 0.9869464039802551, 0.9869464039802551, 0.9878787994384766, 0.9874125719070435, 0.9869464039802551, 0.9869464039802551, 0.9878787994384766]}