{"loss": [0.49020901322364807, 0.35374367237091064, 0.2794070839881897, 0.22756902873516083, 0.19356666505336761, 0.16710706055164337, 0.13744212687015533, 0.12267257273197174, 0.11137472093105316, 0.09338518977165222], "accuracy": [0.9163265228271484, 0.9773809909820557, 0.980272114276886, 0.985714316368103, 0.9829081892967224, 0.9800170063972473, 0.9853741526603699, 0.9823979735374451, 0.9779762029647827, 0.9846938848495483], "val_loss": [0.39446306228637695, 0.3064505159854889, 0.2499188929796219, 0.20054329931735992, 0.1721450686454773, 0.14488531649112701, 0.12199322134256363, 0.11368412524461746, 0.10068318992853165, 0.09306953847408295], "val_accuracy": [0.9778350591659546, 0.9835051894187927, 0.9845361113548279, 0.9891753196716309, 0.98195880651474, 0.985567033290863, 0.9881443381309509, 0.9809278845787048, 0.9778350591659546, 0.9835051894187927]}