{"loss": [0.688788890838623, 0.5180452466011047, 0.41547226905822754, 0.3482961058616638, 0.301425963640213, 0.26694902777671814, 0.24047447741031647, 0.21949683129787445, 0.20266294479370117, 0.1888299286365509], "accuracy": [0.5746452808380127, 0.8739910125732422, 0.9153709411621094, 0.9278613924980164, 0.9372929334640503, 0.9412864446640015, 0.9487637281417847, 0.952587366104126, 0.9572606086730957, 0.9588750600814819], "val_loss": [0.5757372975349426, 0.44193848967552185, 0.35756102204322815, 0.3003283143043518, 0.25931107997894287, 0.2299882024526596, 0.20617370307445526, 0.18843448162078857, 0.17245061695575714, 0.16072015464305878], "val_accuracy": [0.861801266670227, 0.9347826242446899, 0.9451345801353455, 0.9472050070762634, 0.9487577676773071, 0.955486536026001, 0.9560041427612305, 0.9632505178451538, 0.9622153639793396, 0.9658385515213013]}