{"loss": [18.43794822692871, 6.28005313873291, 3.341081142425537, 2.2771518230438232, 1.5199681520462036, 0.8942831754684448, 0.4692905843257904, 0.28199589252471924, 0.25295162200927734, 0.2491304725408554], "accuracy": [0.7317525148391724, 0.843265175819397, 0.9073519110679626, 0.9184591174125671, 0.9197813868522644, 0.9202221632003784, 0.9200458526611328, 0.9282440543174744, 0.9297426342964172, 0.9297426342964172], "val_loss": [7.842064380645752, 2.8794620037078857, 1.749097228050232, 1.2421776056289673, 0.9432321190834045, 0.4530128836631775, 0.2948780059814453, 0.18628768622875214, 0.2315315306186676, 0.2853051722049713], "val_accuracy": [0.819978654384613, 0.8979701399803162, 0.9252136945724487, 0.9316239953041077, 0.9300214052200317, 0.9326923489570618, 0.9300214052200317, 0.9487180113792419, 0.9284188747406006, 0.9054487347602844]}