{"loss": [48.44076919555664, 3.893054246902466, 1.1649008989334106, 0.7512903213500977, 0.5960870981216431, 0.5058033466339111, 0.4387897551059723, 0.38869044184684753, 0.34922483563423157, 0.3195324242115021], "accuracy": [0.7339681386947632, 0.9420241117477417, 0.9792702198028564, 0.9868543148040771, 0.9899721741676331, 0.9913204908370972, 0.9915732741355896, 0.9920789003372192, 0.9926687479019165, 0.9929215312004089], "val_loss": [10.44863224029541, 1.8470598459243774, 1.051383376121521, 0.7967953085899353, 0.6802177429199219, 0.612524151802063, 0.5700726509094238, 0.5609319806098938, 0.5529479384422302, 0.5029187798500061], "val_accuracy": [0.8805288076400757, 0.9684799909591675, 0.980681300163269, 0.9847484230995178, 0.9857652187347412, 0.9872903823852539, 0.9888155460357666, 0.9883071184158325, 0.9888155460357666, 0.9888155460357666]}