{"loss": [0.6659834384918213, 0.6466186046600342, 0.6234031915664673, 0.5965750813484192, 0.5680840015411377, 0.5399396419525146, 0.5138528347015381, 0.4910498857498169, 0.47164031863212585, 0.4554590880870819], "accuracy": [0.7354364991188049, 0.7693206667900085, 0.7970288991928101, 0.8062093257904053, 0.8092138171195984, 0.8118845224380493, 0.8127191066741943, 0.8139709830284119, 0.8159739971160889, 0.8170589208602905], "val_loss": [0.6553897261619568, 0.6333237290382385, 0.6075848937034607, 0.5790073275566101, 0.5505590438842773, 0.52403324842453, 0.5030801296234131, 0.4794335961341858, 0.4622238278388977, 0.44704729318618774], "val_accuracy": [0.6875, 0.7525201439857483, 0.7767136693000793, 0.7862902879714966, 0.7878023982048035, 0.7908266186714172, 0.7847781777381897, 0.7983870506286621, 0.8014112710952759, 0.8059475421905518]}