{"accuracy": [0.55, 0.68, 0.7, 0.78, 0.8, 0.78, 0.8, 0.78, 0.79, 0.79], "val_accuracy": [0.722, 0.733, 0.743, 0.8, 0.834, 0.82, 0.815, 0.833, 0.813, 0.816], "loss": [115.544, 78.676, 72.99200000000002, 65.91600000000001, 57.37599999999999, 54.308, 53.37999999999999, 53.32799999999999, 53.0, 53.639999999999986], "val_loss": [743.8959999999995, 700.7879999999999, 672.7800000000003, 566.3519999999991, 474.11599999999993, 474.04800000000074, 477.5800000000005, 463.81600000000066, 504.39600000000064, 477.11200000000144]}