{"loss": [0.5836495161056519, 0.5336834788322449, 0.498457133769989, 0.471824586391449, 0.45119088888168335, 0.4345914423465729, 0.42112040519714355, 0.40999069809913635, 0.40071505308151245, 0.3929601013660431], "accuracy": [0.7187577486038208, 0.8248946666717529, 0.8502519130706787, 0.8676798343658447, 0.8754439353942871, 0.8819690942764282, 0.8850252032279968, 0.8887420296669006, 0.8950194120407104, 0.8947716355323792], "val_loss": [0.5508605241775513, 0.508963942527771, 0.4773717224597931, 0.45272397994995117, 0.4329988360404968, 0.41678738594055176, 0.4034273028373718, 0.3921310305595398, 0.3825468420982361, 0.3744298219680786], "val_accuracy": [0.8014925718307495, 0.8527363538742065, 0.8761194348335266, 0.8796020150184631, 0.8900498151779175, 0.8930348753929138, 0.8985074758529663, 0.9019901156425476, 0.9019901156425476, 0.9034826159477234]}