{"loss": [262.0509338378906, 57.1275520324707, 0.39614951610565186, 0.19761255383491516, 0.17508473992347717, 0.14859361946582794, 0.123033307492733, 0.09716642647981644, 0.08886787295341492, 0.08530976623296738], "accuracy": [0.24283473193645477, 0.490955650806427, 0.9562236666679382, 0.970760703086853, 0.9691087603569031, 0.9699347615242004, 0.9695217609405518, 0.9696043729782104, 0.9695217609405518, 0.9691087603569031], "val_loss": [142.9676055908203, 1.8351417779922485, 0.23770754039287567, 0.2138153612613678, 0.18128103017807007, 0.16053667664527893, 0.12376058101654053, 0.08902768045663834, 0.0808609277009964, 0.0830240473151207], "val_accuracy": [0.3064676821231842, 0.8731343746185303, 0.9666666984558105, 0.9676617383956909, 0.9721393585205078, 0.9716418385505676, 0.9651741981506348, 0.9696517586708069, 0.9721393585205078, 0.9721393585205078]}