{"loss": [0.68381267786026, 0.6658874750137329, 0.6441288590431213, 0.6173571348190308, 0.5863991379737854, 0.5530591607093811, 0.5195154547691345, 0.48755037784576416, 0.45897358655929565, 0.4341146945953369], "accuracy": [0.5558337569236755, 0.7268402576446533, 0.8212318420410156, 0.8430145382881165, 0.8554498553276062, 0.8592889308929443, 0.8613753914833069, 0.8627107739448547, 0.8627942204475403, 0.8623769283294678], "val_loss": [0.6713904142379761, 0.6496013402938843, 0.6223803758621216, 0.5902352929115295, 0.5546748042106628, 0.5180810689926147, 0.482797235250473, 0.45053616166114807, 0.4238904118537903, 0.39894169569015503], "val_accuracy": [0.6910281777381897, 0.8296370506286621, 0.8583669066429138, 0.8719757795333862, 0.8790322542190552, 0.8760080337524414, 0.875, 0.875, 0.8719757795333862, 0.8709677457809448]}