{"loss": [0.7191542983055115, 0.6780367493629456, 0.6323500275611877, 0.56151282787323, 0.4795202612876892, 0.4046822190284729, 0.3446386158466339, 0.2989335358142853, 0.2644589841365814, 0.2382524162530899], "accuracy": [0.5075331330299377, 0.5410596132278442, 0.7244205474853516, 0.8201987147331238, 0.9115066528320312, 0.9362583160400391, 0.942301332950592, 0.9448675513267517, 0.9475993514060974, 0.9480132460594177], "val_loss": [0.6930715441703796, 0.6562114357948303, 0.5931469798088074, 0.509679913520813, 0.42631995677948, 0.3565792441368103, 0.3028237223625183, 0.2620435655117035, 0.23108044266700745, 0.20725607872009277], "val_accuracy": [0.5002476572990417, 0.6255571842193604, 0.780584454536438, 0.8964833617210388, 0.9370975494384766, 0.9529469609260559, 0.9569093585014343, 0.9588904976844788, 0.9613670110702515, 0.9603763818740845]}