{"loss": [0.6043217182159424, 0.5024941563606262, 0.44285866618156433, 0.3995113968849182, 0.36469823122024536, 0.335588276386261, 0.31074050068855286, 0.28925687074661255, 0.2704601287841797, 0.25390127301216125], "accuracy": [0.5759814381599426, 0.9541870951652527, 0.9442277550697327, 0.9314466118812561, 0.9304506778717041, 0.9318615794181824, 0.9359282851219177, 0.9422358870506287, 0.9450576901435852, 0.9487924575805664], "val_loss": [0.5346505045890808, 0.4546538293361664, 0.4011267423629761, 0.3597530424594879, 0.3264254927635193, 0.2985168397426605, 0.27492034435272217, 0.25424978137016296, 0.23633313179016113, 0.22067125141620636], "val_accuracy": [0.8094512820243835, 0.9674797654151917, 0.9471545219421387, 0.9410569667816162, 0.943089485168457, 0.9466463923454285, 0.9517276883125305, 0.9532520771026611, 0.9557927846908569, 0.9588415622711182]}