{"loss": [12.949869155883789, 4.082703113555908, 2.9436793327331543, 2.303180456161499, 1.8483903408050537, 1.5053704977035522, 1.2340072393417358, 1.0627381801605225, 0.9397289156913757, 0.7550787925720215], "accuracy": [0.8183180689811707, 0.9180183410644531, 0.9323871731758118, 0.9367066621780396, 0.9414668679237366, 0.9443759322166443, 0.946491539478302, 0.9430536031723022, 0.9481664896011353, 0.9474612474441528], "val_loss": [3.5728683471679688, 2.0643248558044434, 1.6202353239059448, 1.259689450263977, 1.1543958187103271, 0.7598405480384827, 1.058516025543213, 0.580998957157135, 0.7366600632667542, 0.48964375257492065], "val_accuracy": [0.9273504614830017, 0.946581244468689, 0.9551282525062561, 0.9583333730697632, 0.9583333730697632, 0.9674145579338074, 0.944444477558136, 0.9663462042808533, 0.9535256624221802, 0.9599359631538391]}