{"loss": [0.5781562328338623, 0.4457298815250397, 0.38112375140190125, 0.33628779649734497, 0.3009915351867676, 0.2718970775604248, 0.24738934636116028, 0.22643408179283142, 0.20828238129615784, 0.1924227476119995], "accuracy": [0.5897965431213379, 0.9535918235778809, 0.9918944239616394, 0.9907024502754211, 0.9893515110015869, 0.9893515110015869, 0.9891131520271301, 0.9893515110015869, 0.9896693825721741, 0.9897488355636597], "val_loss": [0.49117186665534973, 0.4080139994621277, 0.35650119185447693, 0.31721046566963196, 0.2851223945617676, 0.2582080066204071, 0.23531091213226318, 0.2154984325170517, 0.19823844730854034, 0.1829458773136139], "val_accuracy": [0.799716591835022, 0.9952763915061951, 0.99574875831604, 0.9943316578865051, 0.9938592910766602, 0.9938592910766602, 0.9938592910766602, 0.9943316578865051, 0.9943316578865051, 0.9948040246963501]}