{"loss": [0.6904143691062927, 0.6491658687591553, 0.614097535610199, 0.5693109631538391, 0.5190154910087585, 0.4693438410758972, 0.42390134930610657, 0.38482317328453064, 0.3523826003074646, 0.3259979486465454], "accuracy": [0.5057159662246704, 0.6795664429664612, 0.763908863067627, 0.8024387955665588, 0.8344482779502869, 0.8592599034309387, 0.8729782104492188, 0.8839020729064941, 0.8896604180335999, 0.8954187631607056], "val_loss": [0.660857617855072, 0.6303730010986328, 0.5886796116828918, 0.5391552448272705, 0.4891475737094879, 0.44088780879974365, 0.4005144238471985, 0.3651025593280792, 0.337910532951355, 0.3155701160430908], "val_accuracy": [0.5643070936203003, 0.7612163424491882, 0.8120638132095337, 0.8349950313568115, 0.8589232563972473, 0.8738783597946167, 0.8823529481887817, 0.884845495223999, 0.8883349895477295, 0.8878365159034729]}