{"loss": [0.7312524318695068, 0.6322516202926636, 0.5738619565963745, 0.5306380391120911, 0.4945739805698395, 0.4629729092121124, 0.4346582889556885, 0.4089461863040924, 0.3854895234107971, 0.36390137672424316], "accuracy": [0.4986938536167145, 0.5849835872650146, 0.89028400182724, 0.9646077156066895, 0.9780905246734619, 0.9848318696022034, 0.9866015315055847, 0.9887081980705261, 0.989045262336731, 0.9901407361030579], "val_loss": [0.6672440767288208, 0.5866318345069885, 0.534500777721405, 0.49421226978302, 0.46003127098083496, 0.43000930547714233, 0.4031502604484558, 0.37880370020866394, 0.35683199763298035, 0.3363909423351288], "val_accuracy": [0.4870361387729645, 0.8159634470939636, 0.947636067867279, 0.9705135226249695, 0.980681300163269, 0.9832232594490051, 0.9857652187347412, 0.9877987504005432, 0.9888155460357666, 0.9903407096862793]}