{"loss": [0.677988588809967, 0.6352078318595886, 0.5777181386947632, 0.49102044105529785, 0.4045022428035736, 0.33467230200767517, 0.28156840801239014, 0.2417929619550705, 0.211684450507164, 0.18873591721057892], "accuracy": [0.5095762610435486, 0.6866949200630188, 0.8711016774177551, 0.9405084848403931, 0.9556779861450195, 0.959915280342102, 0.9621186256408691, 0.9622881412506104, 0.9633051156997681, 0.9638983011245728], "val_loss": [0.6530851721763611, 0.6094791889190674, 0.5326476097106934, 0.4383696913719177, 0.35694420337677, 0.29408302903175354, 0.24701818823814392, 0.21150562167167664, 0.1846328228712082, 0.16376766562461853], "val_accuracy": [0.5580933690071106, 0.817279040813446, 0.9319761395454407, 0.9558093547821045, 0.9592850208282471, 0.9627606868743896, 0.9647467732429504, 0.9667328596115112, 0.9672293663024902, 0.967725932598114]}