{"loss": [0.7064477801322937, 0.6334208250045776, 0.5530676245689392, 0.4669526517391205, 0.38896191120147705, 0.3249395787715912, 0.27436214685440063, 0.23501145839691162, 0.20434674620628357, 0.18043185770511627], "accuracy": [0.4572940170764923, 0.7671957612037659, 0.8720080852508545, 0.912404477596283, 0.935164213180542, 0.9460821151733398, 0.9554044008255005, 0.9614512324333191, 0.9643906950950623, 0.9653984904289246], "val_loss": [0.6657519936561584, 0.5870792269706726, 0.4967496991157532, 0.40938499569892883, 0.33555731177330017, 0.27744174003601074, 0.2321239709854126, 0.19708432257175446, 0.16986852884292603, 0.14848355948925018], "val_accuracy": [0.6687898635864258, 0.8642823100090027, 0.9181774258613586, 0.9421852827072144, 0.9485546946525574, 0.960313618183136, 0.9671730399131775, 0.9730525016784668, 0.9735424518585205, 0.9755022525787354]}