{"loss": [0.46460527181625366, 0.3377528786659241, 0.2709340751171112, 0.21564798057079315, 0.18574801087379456, 0.15610341727733612, 0.1380808800458908, 0.12140047550201416, 0.106784887611866, 0.1005459800362587], "accuracy": [0.9213678240776062, 0.9725778698921204, 0.9795159697532654, 0.9819939136505127, 0.980589747428894, 0.9807549715042114, 0.9813331365585327, 0.9795159697532654, 0.9833154678344727, 0.9791030287742615], "val_loss": [0.3763922154903412, 0.3042091727256775, 0.23982009291648865, 0.20484605431556702, 0.17519518733024597, 0.15750689804553986, 0.1416313797235489, 0.1086178570985794, 0.12788937985897064, 0.11215329170227051], "val_accuracy": [0.9671642184257507, 0.9771144986152649, 0.9805970788002014, 0.979602038860321, 0.981592059135437, 0.972636878490448, 0.9810945987701416, 0.9830846190452576, 0.979602038860321, 0.9845771789550781]}