{"accuracy": [0.58, 0.8, 0.85, 0.86, 0.86, 0.86, 0.87, 0.87, 0.86, 0.86], "val_accuracy": [0.802, 0.833, 0.866, 0.872, 0.892, 0.899, 0.89, 0.901, 0.909, 0.891], "loss": [109.00399999999998, 57.03599999999999, 48.99999999999999, 41.664, 38.62, 39.09199999999998, 38.876000000000005, 38.76800000000003, 37.15200000000001, 37.492000000000004], "val_loss": [627.6279999999996, 548.9159999999996, 434.4440000000006, 400.2400000000006, 380.55200000000076, 385.94400000000047, 386.3680000000009, 373.77200000000073, 371.76800000000065, 381.0760000000003]}