{"loss": [0.7193763256072998, 0.6787787079811096, 0.6686393618583679, 0.6590051651000977, 0.647619903087616, 0.633916974067688, 0.6176552772521973, 0.5990327000617981, 0.5782562494277954, 0.5556521415710449], "accuracy": [0.5174692273139954, 0.5174692273139954, 0.5193689465522766, 0.5660361647605896, 0.6291401982307434, 0.6883621215820312, 0.7265218496322632, 0.7620384693145752, 0.7921037673950195, 0.8191955089569092], "val_loss": [0.6885831356048584, 0.672817587852478, 0.6628099083900452, 0.6517372727394104, 0.638704776763916, 0.6235557198524475, 0.6054179072380066, 0.5856501460075378, 0.5640490055084229, 0.5416420102119446], "val_accuracy": [0.5114427804946899, 0.5114427804946899, 0.514427900314331, 0.5910447835922241, 0.6452736854553223, 0.6751244068145752, 0.7179104685783386, 0.7363184690475464, 0.7572139501571655, 0.770149290561676]}