{"loss": [0.6515903472900391, 0.5845968723297119, 0.5063332915306091, 0.4294194281101227, 0.363927960395813, 0.3113730549812317, 0.27032479643821716, 0.23859910666942596, 0.21422423422336578, 0.19545893371105194], "accuracy": [0.5118256211280823, 0.7554919719696045, 0.8842689990997314, 0.9276155233383179, 0.9425132870674133, 0.9481525421142578, 0.9509300589561462, 0.9518558979034424, 0.95252925157547, 0.95252925157547], "val_loss": [0.6186585426330566, 0.5473483800888062, 0.46741020679473877, 0.3956020772457123, 0.33602315187454224, 0.2887362837791443, 0.2516813278198242, 0.22287818789482117, 0.20082500576972961, 0.18389347195625305], "val_accuracy": [0.622763454914093, 0.8414513468742371, 0.9204772114753723, 0.9468191266059875, 0.9527833461761475, 0.9532803893089294, 0.9532803893089294, 0.9547714591026306, 0.9552684426307678, 0.956262469291687]}