{"loss": [0.7135278582572937, 0.6933301687240601, 0.6874866485595703, 0.6791557669639587, 0.6641136407852173, 0.6361284852027893, 0.5913395881652832, 0.5344345569610596, 0.4754890501499176, 0.4212004840373993], "accuracy": [0.5028464794158936, 0.5048007965087891, 0.6636078357696533, 0.7285240888595581, 0.8626051545143127, 0.9170703291893005, 0.9286260604858398, 0.9305803775787354, 0.9325346350669861, 0.9360184073448181], "val_loss": [0.6982011198997498, 0.6899158954620361, 0.6829837560653687, 0.6710495352745056, 0.6489312648773193, 0.6088936924934387, 0.5523896217346191, 0.4887302815914154, 0.42857441306114197, 0.3749381899833679], "val_accuracy": [0.4958592355251312, 0.579192578792572, 0.705486536026001, 0.8638716340065002, 0.8959627747535706, 0.9368529915809631, 0.9440994262695312, 0.9451345801353455, 0.9472050070762634, 0.945652186870575]}