{"loss": [0.688822865486145, 0.6676941514015198, 0.6558231115341187, 0.6423232555389404, 0.6277908086776733, 0.6137012243270874, 0.6014872789382935, 0.5917358994483948, 0.5844451189041138, 0.5791701674461365], "accuracy": [0.5066576600074768, 0.5776439905166626, 0.6381986737251282, 0.6733102202415466, 0.6932406425476074, 0.706895112991333, 0.7124926447868347, 0.7205496430397034, 0.7211433053016663, 0.7225002646446228], "val_loss": [0.6714121699333191, 0.659683108329773, 0.6465983390808105, 0.6320278644561768, 0.6170260906219482, 0.6035646796226501, 0.5922990441322327, 0.5838973522186279, 0.5772874355316162, 0.5729506611824036], "val_accuracy": [0.5384228825569153, 0.6197890639305115, 0.6534404754638672, 0.6830738186836243, 0.7086890935897827, 0.710698127746582, 0.7197388410568237, 0.7227523922920227, 0.7212455868721008, 0.721747875213623]}