{"loss": [0.5170395970344543, 0.4604800343513489, 0.416443407535553, 0.38071462512016296, 0.35105282068252563, 0.3259415626525879, 0.3044160008430481, 0.2856934070587158, 0.2692814767360687, 0.2546980082988739], "accuracy": [0.9765975475311279, 0.957844078540802, 0.953667938709259, 0.953589141368866, 0.9547710418701172, 0.9587896466255188, 0.9585532546043396, 0.9606019854545593, 0.9645417928695679, 0.9660388827323914], "val_loss": [0.48625147342681885, 0.4370119571685791, 0.39725151658058167, 0.3644004762172699, 0.3367065191268921, 0.31307917833328247, 0.2924274802207947, 0.2743130624294281, 0.258343368768692, 0.244008868932724], "val_accuracy": [0.9701492190361023, 0.9584887623786926, 0.9575559496879578, 0.9594216346740723, 0.9631529450416565, 0.9608208537101746, 0.9664179086685181, 0.9678171277046204, 0.9692164063453674, 0.9701492190361023]}