{"accuracy": [0.41, 0.51, 0.73, 0.89, 0.95], "val_accuracy": [0.448, 0.634, 0.834, 0.926, 0.934], "loss": [50.60744856676005, 31.10699409438331, 21.828139592065426, 16.59253845877729, 13.376445000315918], "val_loss": [250.61948398612572, 173.07760953670203, 123.91946482948443, 92.47984546555897, 74.2563508355309]}