{"loss": [0.6951691508293152, 0.6831352710723877, 0.6588039398193359, 0.6144580841064453, 0.5519962906837463, 0.4806922376155853, 0.4132429361343384, 0.3551321029663086, 0.30747389793395996, 0.26898837089538574], "accuracy": [0.5199929475784302, 0.5235961079597473, 0.5235961079597473, 0.5995254516601562, 0.7965550422668457, 0.8800421953201294, 0.922488808631897, 0.9460409283638, 0.9602776765823364, 0.9643202424049377], "val_loss": [0.6880842447280884, 0.6717811226844788, 0.6363885998725891, 0.5816885828971863, 0.5118224024772644, 0.44101494550704956, 0.37788277864456177, 0.3256562650203705, 0.2829355299472809, 0.2487347424030304], "val_accuracy": [0.5363825559616089, 0.5363825559616089, 0.5363825559616089, 0.7520790100097656, 0.8674636483192444, 0.9158003926277161, 0.9402287006378174, 0.9604989886283875, 0.9651767015457153, 0.9688149690628052]}