{"loss": [0.4856894612312317, 0.40946343541145325, 0.3566504120826721, 0.317351758480072, 0.2872188091278076, 0.26345890760421753, 0.24425692856311798, 0.22846078872680664, 0.21537882089614868, 0.2043657898902893], "accuracy": [0.876285195350647, 0.936103343963623, 0.9469794034957886, 0.951312780380249, 0.9542866945266724, 0.954796552658081, 0.958025336265564, 0.9585351943969727, 0.9604045152664185, 0.9609992504119873], "val_loss": [0.4271133840084076, 0.36459460854530334, 0.3187630772590637, 0.2840370833873749, 0.2570821940898895, 0.23654766380786896, 0.21942944824695587, 0.20601433515548706, 0.19409620761871338, 0.18468905985355377], "val_accuracy": [0.9394410252571106, 0.9487577676773071, 0.9534161686897278, 0.9544513821601868, 0.9560041427612305, 0.9580745697021484, 0.9591097235679626, 0.9606625437736511, 0.9606625437736511, 0.9622153639793396]}