{"loss": [0.7752061486244202, 0.6929371356964111, 0.6771075129508972, 0.6663215756416321, 0.6514826416969299, 0.6300613880157471, 0.6009136438369751, 0.5642260909080505, 0.5228646993637085, 0.48008114099502563], "accuracy": [0.4954695403575897, 0.5032601952552795, 0.6706749200820923, 0.7600135207176208, 0.7963417768478394, 0.8094673752784729, 0.8359725475311279, 0.8585824370384216, 0.8704378008842468, 0.8857650756835938], "val_loss": [0.7124099135398865, 0.6810019016265869, 0.6696838736534119, 0.6569965481758118, 0.6390127539634705, 0.6135222315788269, 0.5802261233329773, 0.5408535003662109, 0.4985981583595276, 0.45680564641952515], "val_accuracy": [0.4855433702468872, 0.5663011074066162, 0.743270218372345, 0.795613169670105, 0.814556360244751, 0.8389830589294434, 0.8579262495040894, 0.865902304649353, 0.8868395090103149, 0.8903290033340454]}