{"loss": [0.655663013458252, 0.43323901295661926, 0.32679009437561035, 0.2550886273384094, 0.2048066258430481, 0.1685364991426468, 0.1415189653635025, 0.12105844914913177, 0.10530071705579758, 0.09297267347574234], "accuracy": [0.5872536301612854, 0.9849808812141418, 0.9899872541427612, 0.9904640316963196, 0.9902256727218628, 0.98982834815979, 0.9903051257133484, 0.9901461601257324, 0.9903051257133484, 0.990384578704834], "val_loss": [0.513915479183197, 0.3726855218410492, 0.28521594405174255, 0.22407738864421844, 0.18050749599933624, 0.1476331204175949, 0.12298434227705002, 0.10420578718185425, 0.08906827867031097, 0.07712706923484802], "val_accuracy": [0.9423713088035583, 0.9919698238372803, 0.9938592910766602, 0.9952763915061951, 0.9948040246963501, 0.9952763915061951, 0.9952763915061951, 0.9948040246963501, 0.9952763915061951, 0.9952763915061951]}