{"accuracy": [0.59, 0.77, 0.79, 0.81, 0.81, 0.83, 0.87, 0.92, 0.93, 0.93], "val_accuracy": [0.7639175257731958, 0.8025773195876289, 0.8087628865979382, 0.8242268041237113, 0.8371134020618557, 0.8469072164948453, 0.8804123711340206, 0.8989690721649485, 0.9128865979381443, 0.9134020618556701], "loss": [93.09999999999998, 59.944, 55.640000000000015, 52.46000000000001, 47.99199999999998, 44.976000000000006, 42.428000000000004, 39.02400000000001, 36.480000000000004, 34.864000000000004], "val_loss": [1265.3839999999989, 1070.9320000000002, 1027.9600000000005, 968.7319999999995, 983.0119999999978, 900.7119999999983, 909.0519999999992, 867.2719999999996, 816.4559999999989, 796.5479999999999]}