{"loss": [2.7751288414001465, 0.20997731387615204, 0.12534476816654205, 0.08999206870794296, 0.0660562515258789, 0.05315367504954338, 0.03351149335503578, 0.0434691347181797, 0.032035067677497864, 0.017712796106934547], "accuracy": [0.9600316286087036, 0.9939178824424744, 0.9957346320152283, 0.9966035485267639, 0.9972354173660278, 0.9977883696556091, 0.9981833100318909, 0.9980252981185913, 0.9984202980995178, 0.998894214630127], "val_loss": [0.23567995429039001, 0.21817398071289062, 0.1323653757572174, 0.1699775606393814, 0.15339729189872742, 0.1557007133960724, 0.19311289489269257, 0.17229820787906647, 0.19603027403354645, 0.170711949467659], "val_accuracy": [0.9937888383865356, 0.9942666292190552, 0.9971333146095276, 0.995699942111969, 0.9966555237770081, 0.9971333146095276, 0.9971333146095276, 0.9971333146095276, 0.9966555237770081, 0.9985666871070862]}