{"loss": [0.6721370816230774, 0.5802364945411682, 0.4628768861293793, 0.3662142753601074, 0.29511329531669617, 0.2433471530675888, 0.2051520049571991, 0.1765347272157669, 0.1545783132314682, 0.13749030232429504], "accuracy": [0.7280272245407104, 0.9397460222244263, 0.9718648791313171, 0.9805793166160583, 0.9832351207733154, 0.9847290515899658, 0.9849780201911926, 0.9855589866638184, 0.9853100180625916, 0.9853929877281189], "val_loss": [0.6315546035766602, 0.5064492225646973, 0.39095377922058105, 0.3061589002609253, 0.24524512887001038, 0.2015792578458786, 0.16883274912834167, 0.14412835240364075, 0.12489902228116989, 0.10997353494167328], "val_accuracy": [0.9192073941230774, 0.9684960246086121, 0.9852643013000488, 0.9883130788803101, 0.9883130788803101, 0.9883130788803101, 0.9883130788803101, 0.9878049492835999, 0.9878049492835999, 0.9883130788803101]}