{"loss": [0.40101686120033264, 0.26097553968429565, 0.1990021914243698, 0.16658750176429749, 0.13627810776233673, 0.1116366982460022, 0.10484778136014938, 0.08865920454263687, 0.08095761388540268, 0.07419037073850632], "accuracy": [0.8905580043792725, 0.9657478332519531, 0.9804391264915466, 0.97854083776474, 0.9784582853317261, 0.9810994267463684, 0.9780455827713013, 0.9825025200843811, 0.982832670211792, 0.9825025200843811], "val_loss": [0.3109482228755951, 0.23712483048439026, 0.188659206032753, 0.14888305962085724, 0.12703722715377808, 0.11511732637882233, 0.10635626316070557, 0.0940079540014267, 0.10325456410646439, 0.09117291867733002], "val_accuracy": [0.9470528960227966, 0.9630369544029236, 0.9685314297676086, 0.9760239720344543, 0.9780219793319702, 0.9775224328041077, 0.962537407875061, 0.9805194735527039, 0.978521466255188, 0.9720279574394226]}