{"loss": [0.5584321022033691, 0.4334145188331604, 0.37780556082725525, 0.3439750075340271, 0.3249666690826416, 0.3143259584903717, 0.3079714775085449, 0.3042389452457428, 0.301916241645813, 0.3003675937652588], "accuracy": [0.8098620772361755, 0.8539687991142273, 0.8838688135147095, 0.8904765844345093, 0.8908069729804993, 0.889898419380188, 0.890228807926178, 0.8900635838508606, 0.890228807926178, 0.8908069729804993], "val_loss": [0.47253888845443726, 0.39541056752204895, 0.3486112654209137, 0.3214075267314911, 0.3042195737361908, 0.2936895191669464, 0.28799155354499817, 0.2832624018192291, 0.2805458605289459, 0.2797422707080841], "val_accuracy": [0.8278607130050659, 0.8850746750831604, 0.9029850959777832, 0.9034826159477234, 0.9019901156425476, 0.902487576007843, 0.9009950757026672, 0.9019901156425476, 0.9019901156425476, 0.9044776558876038]}