{"loss": [0.7513554692268372, 0.6803388595581055, 0.658828616142273, 0.6348874568939209, 0.5969513058662415, 0.5464887619018555, 0.48947200179100037, 0.43178626894950867, 0.37734219431877136, 0.3281920850276947], "accuracy": [0.48596981167793274, 0.48596981167793274, 0.7966852784156799, 0.8939120769500732, 0.936248779296875, 0.9521660804748535, 0.9707909822463989, 0.9777650237083435, 0.980636715888977, 0.9814571738243103], "val_loss": [0.6965134739875793, 0.66592937707901, 0.645896315574646, 0.614437997341156, 0.5676543116569519, 0.5112906694412231, 0.45203980803489685, 0.3947272300720215, 0.3425227403640747, 0.2966596782207489], "val_accuracy": [0.48804783821105957, 0.48904383182525635, 0.868027925491333, 0.9432271122932434, 0.9372510313987732, 0.9546812772750854, 0.9681274890899658, 0.9716135859489441, 0.9780876636505127, 0.9790837168693542]}