{"loss": [0.7110446691513062, 0.692087709903717, 0.687762975692749, 0.6816895008087158, 0.6718230843544006, 0.6569855213165283, 0.6375686526298523, 0.6146163940429688, 0.5897576808929443, 0.5653452277183533], "accuracy": [0.481281042098999, 0.5133073329925537, 0.5204932689666748, 0.5493257641792297, 0.5850780606269836, 0.7103441953659058, 0.7484918236732483, 0.7832682728767395, 0.7916075587272644, 0.7962207198143005], "val_loss": [0.696956217288971, 0.6912513375282288, 0.6867154240608215, 0.6793124675750732, 0.6675243973731995, 0.6507605314254761, 0.6303963661193848, 0.6063566207885742, 0.5821521282196045, 0.5584397315979004], "val_accuracy": [0.46034300327301025, 0.5300107598304749, 0.5278671383857727, 0.5476956367492676, 0.665058970451355, 0.7347267270088196, 0.7861737012863159, 0.7936763763427734, 0.7984995245933533, 0.8006431460380554]}