{"loss": [0.7127441167831421, 0.6926266551017761, 0.6854000091552734, 0.6766340136528015, 0.6639856696128845, 0.6461777091026306, 0.6219990849494934, 0.5913857817649841, 0.554820716381073, 0.5125826001167297], "accuracy": [0.53611159324646, 0.53611159324646, 0.53611159324646, 0.53611159324646, 0.53611159324646, 0.5365394353866577, 0.5687146782875061, 0.676108181476593, 0.8101146817207336, 0.8974841833114624], "val_loss": [0.6978451013565063, 0.6890829801559448, 0.6810610890388489, 0.6700023412704468, 0.6540018320083618, 0.6319395303726196, 0.6028661131858826, 0.5677449107170105, 0.5265157222747803, 0.4799562990665436], "val_accuracy": [0.5354167222976685, 0.5354167222976685, 0.5354167222976685, 0.5354167222976685, 0.5354167222976685, 0.5541666746139526, 0.6604167222976685, 0.8437500596046448, 0.9156250357627869, 0.9447917342185974]}