{"loss": [0.5660327672958374, 0.4755012094974518, 0.40806829929351807, 0.3559302091598511, 0.31471675634384155, 0.28151166439056396, 0.2543548345565796, 0.231746643781662, 0.21275480091571808, 0.19652722775936127], "accuracy": [0.812465488910675, 0.9892836809158325, 0.9907020330429077, 0.9906232357025146, 0.9903080463409424, 0.9907808303833008, 0.9906232357025146, 0.9905444383621216, 0.9903868436813354, 0.9903868436813354], "val_loss": [0.5118870139122009, 0.4340498447418213, 0.37408772110939026, 0.32698366045951843, 0.28928130865097046, 0.25871041417121887, 0.2332419902086258, 0.2118762880563736, 0.19389775395393372, 0.1784021109342575], "val_accuracy": [0.9869402647018433, 0.9934701323509216, 0.9934701323509216, 0.9930037260055542, 0.9934701323509216, 0.9934701323509216, 0.9934701323509216, 0.9930037260055542, 0.9934701323509216, 0.9934701323509216]}