{"loss": [0.7179794311523438, 0.6553794145584106, 0.5983906984329224, 0.5221123099327087, 0.4393143057823181, 0.3628612160682678, 0.29822927713394165, 0.24628104269504547, 0.20553842186927795, 0.17394906282424927], "accuracy": [0.535759687423706, 0.5419580340385437, 0.7139224410057068, 0.8502066135406494, 0.9164811968803406, 0.9501748085021973, 0.9645581245422363, 0.9734583497047424, 0.9774316549301147, 0.9797361493110657], "val_loss": [0.6767736673355103, 0.6271336674690247, 0.5570927262306213, 0.47322210669517517, 0.390839159488678, 0.3192596733570099, 0.2604261338710785, 0.21378536522388458, 0.17737816274166107, 0.14898186922073364], "val_accuracy": [0.5361360907554626, 0.5914029479026794, 0.8034955263137817, 0.9045820236206055, 0.9499291777610779, 0.9683514833450317, 0.9773264527320862, 0.9820501208305359, 0.9844119548797607, 0.9858290553092957]}