{"loss": [0.6895840764045715, 0.6790465116500854, 0.6610928773880005, 0.6320528984069824, 0.5922919511795044, 0.5457408428192139, 0.49824661016464233, 0.4540628492832184, 0.4153396785259247, 0.382612943649292], "accuracy": [0.5612540245056152, 0.7377781867980957, 0.8026305437088013, 0.8630987405776978, 0.8693026900291443, 0.8749276399612427, 0.8792290687561035, 0.881131649017334, 0.884026825428009, 0.8866738677024841], "val_loss": [0.684657096862793, 0.6708195209503174, 0.6457824110984802, 0.6095874905586243, 0.5635271072387695, 0.5145331025123596, 0.46758586168289185, 0.4260299801826477, 0.39097264409065247, 0.3622853755950928], "val_accuracy": [0.5499510169029236, 0.7218413352966309, 0.8560234904289246, 0.8609206676483154, 0.8761018514633179, 0.8795298337936401, 0.8854064345359802, 0.8888344764709473, 0.8898138999938965, 0.8883447647094727]}