{"loss": [0.8441575765609741, 0.6890018582344055, 0.5997583270072937, 0.5326324105262756, 0.47800397872924805, 0.4326673746109009, 0.3945523798465729, 0.3621276915073395, 0.33419153094291687, 0.30990836024284363], "accuracy": [0.4768030643463135, 0.4645198881626129, 0.6963233351707458, 0.7985724806785583, 0.8623952269554138, 0.8990787863731384, 0.9203253388404846, 0.9366752505302429, 0.9463856220245361, 0.9528591632843018], "val_loss": [0.7503200769424438, 0.6316921710968018, 0.5501915216445923, 0.48546379804611206, 0.433106392621994, 0.38987967371940613, 0.35383909940719604, 0.32288751006126404, 0.29642754793167114, 0.27360010147094727], "val_accuracy": [0.3785569369792938, 0.6742886900901794, 0.8211382627487183, 0.8785569667816162, 0.9131098389625549, 0.9324187636375427, 0.943089485168457, 0.9527439475059509, 0.9613822102546692, 0.9654472470283508]}