{"loss": [0.7107362747192383, 0.6867959499359131, 0.6772437691688538, 0.6614317297935486, 0.6328140497207642, 0.5891465544700623, 0.5347219705581665, 0.4767895042896271, 0.42133456468582153, 0.37144577503204346], "accuracy": [0.5086278915405273, 0.5438858866691589, 0.7183507680892944, 0.9102373123168945, 0.9377800226211548, 0.9488967061042786, 0.9539572596549988, 0.9542890787124634, 0.9559482932090759, 0.9573585987091064], "val_loss": [0.6904675960540771, 0.6811437010765076, 0.6691095232963562, 0.6468971371650696, 0.6091324687004089, 0.5571005344390869, 0.49790430068969727, 0.4388234317302704, 0.3847848176956177, 0.3368026614189148], "val_accuracy": [0.5075376629829407, 0.594472348690033, 0.8834170699119568, 0.9487437009811401, 0.9663316607475281, 0.9693467020988464, 0.9693467020988464, 0.9683417081832886, 0.9688442349433899, 0.9693467020988464]}