{"loss": [400.1339416503906, 167.54566955566406, 6.6253886222839355, 0.02431260608136654, 0.02444356493651867, 0.024334406480193138, 0.02400803193449974, 0.024874918162822723, 0.024182258173823357, 0.025099480524659157], "accuracy": [0.2119322568178177, 0.26839134097099304, 0.8350046277046204, 0.9928373098373413, 0.9927530288696289, 0.9922474026679993, 0.9927530288696289, 0.9921631217002869, 0.9917418360710144, 0.9927530288696289], "val_loss": [277.60382080078125, 52.42714309692383, 0.03911440819501877, 0.03527747467160225, 0.03604507818818092, 0.03842877596616745, 0.038211122155189514, 0.039435625076293945, 0.034013744443655014, 0.04505879059433937], "val_accuracy": [0.24097612500190735, 0.3345195949077606, 0.9862735867500305, 0.9877987504005432, 0.9872903823852539, 0.9872903823852539, 0.9862735867500305, 0.9867819547653198, 0.9888155460357666, 0.9862735867500305]}