{"loss": [35.41167449951172, 8.35308837890625, 3.9066758155822754, 2.4563894271850586, 1.8533220291137695, 1.5333075523376465, 1.2608391046524048, 0.9498829245567322, 0.622769296169281, 0.2718675136566162], "accuracy": [0.7733542919158936, 0.9148426651954651, 0.9498637318611145, 0.9609317183494568, 0.9656397104263306, 0.9661353230476379, 0.964813768863678, 0.965474545955658, 0.9653093218803406, 0.9658874869346619], "val_loss": [15.371827125549316, 6.422185897827148, 3.3789761066436768, 2.275599241256714, 1.8226509094238281, 1.5331484079360962, 1.1944098472595215, 0.7768449187278748, 0.4508722424507141, 0.14073742926120758], "val_accuracy": [0.8786070346832275, 0.9328358769416809, 0.9557214379310608, 0.9666666984558105, 0.9676617383956909, 0.9676617383956909, 0.9681592583656311, 0.9701492786407471, 0.9706467986106873, 0.9711443185806274]}