{"accuracy": [0.57, 0.95, 0.97, 0.97, 0.97, 0.97, 0.97, 0.97, 0.97, 0.97], "val_accuracy": [0.867, 0.93, 0.935, 0.938, 0.939, 0.936, 0.94, 0.937, 0.936, 0.936], "loss": [96.58800000000002, 36.647999999999996, 23.432000000000002, 22.936000000000007, 22.532, 22.42000000000001, 22.143999999999988, 21.460000000000008, 21.464000000000006, 21.292], "val_loss": [509.6600000000007, 308.6560000000005, 287.5120000000003, 280.7000000000002, 274.49600000000044, 280.2600000000007, 277.48000000000053, 282.3600000000004, 283.71600000000046, 283.536]}