{"loss": [0.7491207718849182, 0.6975299715995789, 0.6819912195205688, 0.667754054069519, 0.6488357782363892, 0.6243494153022766, 0.5951906442642212, 0.5626428127288818, 0.5280535221099854, 0.49272632598876953], "accuracy": [0.49978888034820557, 0.49978888034820557, 0.5357655882835388, 0.6956338286399841, 0.7692762613296509, 0.7822819352149963, 0.8213833570480347, 0.8459590077400208, 0.863947331905365, 0.8825268745422363], "val_loss": [0.7122382521629333, 0.6904586553573608, 0.6775630712509155, 0.6621613502502441, 0.6416799426078796, 0.616055428981781, 0.5864549875259399, 0.5541679859161377, 0.5204048752784729, 0.48637449741363525], "val_accuracy": [0.49432405829429626, 0.49432405829429626, 0.6965944766998291, 0.7492260336875916, 0.7456140518188477, 0.7755418419837952, 0.8194015026092529, 0.8343653678894043, 0.8668730854988098, 0.8808050155639648]}