{"loss": [0.4424194395542145, 0.3226114511489868, 0.24905499815940857, 0.19853375852108002, 0.16500064730644226, 0.13063763082027435, 0.1080353632569313, 0.0897870659828186, 0.07598721235990524, 0.06583584100008011], "accuracy": [0.9570088982582092, 0.9919739365577698, 0.9934837818145752, 0.9928480386734009, 0.9929274916648865, 0.9941989779472351, 0.9939605593681335, 0.9955498576164246, 0.9955498576164246, 0.9953114986419678], "val_loss": [0.3637918531894684, 0.27774298191070557, 0.21879397332668304, 0.17298190295696259, 0.14563781023025513, 0.11532532423734665, 0.09128491580486298, 0.07824467122554779, 0.06396429985761642, 0.05367537587881088], "val_accuracy": [0.9948040246963501, 0.996221125125885, 0.9952763915061951, 0.99574875831604, 0.9933869242668152, 0.99574875831604, 0.9981105923652649, 0.99574875831604, 0.9981105923652649, 0.9976382255554199]}