{"loss": [137.33140563964844, 33.606075286865234, 8.987481117248535, 3.915250062942505, 2.494868278503418, 1.9282159805297852, 1.7028167247772217, 1.566710352897644, 1.4507155418395996, 1.326853632926941], "accuracy": [0.6603037714958191, 0.8575815558433533, 0.9387500882148743, 0.9651423692703247, 0.971532940864563, 0.9760146141052246, 0.9768445491790771, 0.9769275784492493, 0.9776744842529297, 0.977093517780304], "val_loss": [55.50252914428711, 11.09613037109375, 3.681074857711792, 2.178867816925049, 1.6582691669464111, 1.4525604248046875, 1.3834359645843506, 1.307416319847107, 1.2014687061309814, 1.0775423049926758], "val_accuracy": [0.7850610613822937, 0.9192073941230774, 0.9629065990447998, 0.9740854501724243, 0.978150486946106, 0.978150486946106, 0.9801830053329468, 0.9791667461395264, 0.9786586165428162, 0.9796748757362366]}