{"loss": [0.661889910697937, 0.5741993188858032, 0.47060906887054443, 0.3734344244003296, 0.2961047291755676, 0.23789089918136597, 0.19473497569561005, 0.1625795066356659, 0.13846193253993988, 0.12016637623310089], "accuracy": [0.651303231716156, 0.8644310235977173, 0.9440559148788452, 0.9681341052055359, 0.9744119048118591, 0.9777494668960571, 0.9797361493110657, 0.9810870885848999, 0.9820406436920166, 0.9828352928161621], "val_loss": [0.6192425489425659, 0.519382119178772, 0.4122280180454254, 0.32285770773887634, 0.25459399819374084, 0.20387402176856995, 0.16615696251392365, 0.13765327632427216, 0.11611401289701462, 0.09965973347425461], "val_accuracy": [0.8233349323272705, 0.9286726713180542, 0.9707133173942566, 0.9777988195419312, 0.981105387210846, 0.9848843216896057, 0.9858290553092957, 0.9867737889289856, 0.9872461557388306, 0.9881908893585205]}