{"loss": [0.6768157482147217, 0.6366158723831177, 0.589040994644165, 0.5315273404121399, 0.46925076842308044, 0.4083109200000763, 0.3537757396697998, 0.30700695514678955, 0.2681308388710022, 0.23624677956104279], "accuracy": [0.6591497659683228, 0.7941200733184814, 0.9219911694526672, 0.9532281160354614, 0.963167130947113, 0.9657562971115112, 0.9655892252922058, 0.9662573933601379, 0.9661738872528076, 0.9667585492134094], "val_loss": [0.6523653268814087, 0.6077625155448914, 0.5516441464424133, 0.4875088334083557, 0.42272642254829407, 0.36283740401268005, 0.31125208735466003, 0.26819613575935364, 0.23337744176387787, 0.20487567782402039], "val_accuracy": [0.7434739470481873, 0.8845382332801819, 0.9492972493171692, 0.9703816175460815, 0.9713855981826782, 0.9708836078643799, 0.9713855981826782, 0.9723896384239197, 0.9733936786651611, 0.9723896384239197]}