{"loss": [0.7556585073471069, 0.7023404240608215, 0.6759636998176575, 0.6357572674751282, 0.5745227336883545, 0.4973614513874054, 0.4130283296108246, 0.3336518108844757, 0.2672795355319977, 0.21481992304325104], "accuracy": [0.5142411589622498, 0.5142411589622498, 0.5318066477775574, 0.7260116934776306, 0.8650578856468201, 0.9247311949729919, 0.9619141817092896, 0.9793975353240967, 0.9879340529441833, 0.9915456175804138], "val_loss": [0.7147071361541748, 0.68775874376297, 0.6555300951004028, 0.6017188429832458, 0.5281661748886108, 0.4432699680328369, 0.3579320013523102, 0.28413695096969604, 0.2255811244249344, 0.1806728094816208], "val_accuracy": [0.5176233649253845, 0.5176233649253845, 0.6852970719337463, 0.8600201606750488, 0.9410876035690308, 0.9662638306617737, 0.9778448939323425, 0.9869083762168884, 0.9894259572029114, 0.9924471378326416]}