{"accuracy": [0.63, 0.91, 0.91, 0.92, 0.91, 0.93, 0.91, 0.92, 0.91, 0.95], "val_accuracy": [0.855, 0.849, 0.851, 0.857, 0.864, 0.891, 0.876, 0.901, 0.909, 0.892], "loss": [97.52400000000003, 39.95599999999999, 39.644, 38.444, 38.696000000000005, 38.876, 37.13600000000001, 37.331999999999994, 37.60400000000001, 34.592000000000006], "val_loss": [488.61600000000055, 491.360000000001, 490.3640000000005, 459.5160000000005, 453.2440000000003, 437.55600000000044, 424.82800000000077, 417.27600000000047, 413.57600000000065, 436.69999999999993]}