{"loss": [35.045066833496094, 7.341156482696533, 3.9869751930236816, 2.8977346420288086, 2.3212788105010986, 1.943124771118164, 1.691643476486206, 1.5245507955551147, 1.3831002712249756, 1.2611188888549805], "accuracy": [0.855212926864624, 0.9551016688346863, 0.975286066532135, 0.9822790622711182, 0.9857755899429321, 0.9868881106376648, 0.9878416657447815, 0.9887158274650574, 0.988636314868927, 0.9887158274650574], "val_loss": [10.951940536499023, 4.516628742218018, 2.7196826934814453, 1.9385697841644287, 1.5324208736419678, 1.2694300413131714, 1.1139181852340698, 0.98573899269104, 0.8857960104942322, 0.7881094217300415], "val_accuracy": [0.932451605796814, 0.9683514833450317, 0.9768540859222412, 0.9825224876403809, 0.9858290553092957, 0.9881908893585205, 0.9896079897880554, 0.9900803565979004, 0.9910250902175903, 0.9905527234077454]}