{"loss": [41.986000061035156, 5.1976094245910645, 2.587268829345703, 1.772878646850586, 1.3623579740524292, 1.141724705696106, 0.9841522574424744, 0.8711345791816711, 0.7799709439277649, 0.7080993056297302], "accuracy": [0.602290689945221, 0.8849921226501465, 0.9359400272369385, 0.9545813798904419, 0.9624803066253662, 0.967456579208374, 0.9705371856689453, 0.9714060425758362, 0.9733017683029175, 0.9744076132774353], "val_loss": [6.9884467124938965, 2.4939017295837402, 1.5274993181228638, 1.1388335227966309, 0.9439942240715027, 0.8355319499969482, 0.7353309988975525, 0.6612023711204529, 0.60886549949646, 0.5990285277366638], "val_accuracy": [0.8375537395477295, 0.9311992526054382, 0.952221691608429, 0.9655996561050415, 0.9675107598304749, 0.9718108177185059, 0.9775441884994507, 0.9789775609970093, 0.9804108738899231, 0.9799331426620483]}