{"loss": [25.003870010375977, 3.051279067993164, 1.8185439109802246, 1.334969401359558, 1.0698565244674683, 0.9086795449256897, 0.7933794260025024, 0.7224870324134827, 0.6375665068626404, 0.5929729342460632], "accuracy": [0.693879246711731, 0.9125369191169739, 0.942074179649353, 0.9537249803543091, 0.9601247310638428, 0.9655398726463318, 0.9679192900657654, 0.9700525403022766, 0.9716114401817322, 0.9725139737129211], "val_loss": [3.781721591949463, 1.5451996326446533, 0.9876975417137146, 0.7036181092262268, 0.5927932858467102, 0.5174355506896973, 0.5068715810775757, 0.4204123616218567, 0.37909701466560364, 0.3377462923526764], "val_accuracy": [0.8914343118667603, 0.9482071995735168, 0.9631474614143372, 0.9691235423088074, 0.9760956764221191, 0.9785856604576111, 0.975597620010376, 0.9795817136764526, 0.9820717573165894, 0.9825697541236877]}