{"loss": [7.145259857177734, 1.7743273973464966, 1.054735779762268, 0.6793019771575928, 0.4520149827003479, 0.33611249923706055, 0.2511904537677765, 0.201339989900589, 0.16974389553070068, 0.14404626190662384], "accuracy": [0.7846294641494751, 0.9051373600959778, 0.9249730110168457, 0.9311976432800293, 0.9427338242530823, 0.947298526763916, 0.9482114911079407, 0.9509503245353699, 0.9513652920722961, 0.9543530941009521], "val_loss": [1.8745362758636475, 1.0901389122009277, 0.6986626982688904, 0.4898664355278015, 0.37106853723526, 0.3184250593185425, 0.2360389679670334, 0.20594735443592072, 0.17345581948757172, 0.16134753823280334], "val_accuracy": [0.9019309878349304, 0.9237805604934692, 0.9369919300079346, 0.9420732259750366, 0.9471545219421387, 0.9446138739585876, 0.9552846550941467, 0.9532520771026611, 0.9573171734809875, 0.9547765254974365]}