{"loss": [0.5111241340637207, 0.4408065676689148, 0.3863988220691681, 0.3437104821205139, 0.30965760350227356, 0.2818751037120819, 0.25880059599876404, 0.23940518498420715, 0.2228451371192932, 0.20850741863250732], "accuracy": [0.7362436652183533, 0.8657150268554688, 0.9263009428977966, 0.9535230994224548, 0.9629845023155212, 0.9702050089836121, 0.9759316444396973, 0.9815752506256104, 0.9838991165161133, 0.9852269887924194], "val_loss": [0.4577738344669342, 0.3947239816188812, 0.34572839736938477, 0.3071005642414093, 0.2763005495071411, 0.2511212229728699, 0.23025573790073395, 0.21249502897262573, 0.19742374122142792, 0.18447986245155334], "val_accuracy": [0.858231782913208, 0.9273374676704407, 0.9517276883125305, 0.9593496918678284, 0.9700204133987427, 0.9756098389625549, 0.9791667461395264, 0.9817073941230774, 0.983231782913208, 0.9842480421066284]}