{"loss": [0.7426663637161255, 0.4534367322921753, 0.3220006823539734, 0.24899053573608398, 0.2027452439069748, 0.17089180648326874, 0.1477050930261612, 0.13014709949493408, 0.11639519035816193, 0.10539677739143372], "accuracy": [0.5307996869087219, 0.9001432657241821, 0.9887081980705261, 0.9922474026679993, 0.9928373098373413, 0.9930058121681213, 0.9932585954666138, 0.9932585954666138, 0.9933428764343262, 0.9932585954666138], "val_loss": [0.5579019784927368, 0.36851730942726135, 0.2720491886138916, 0.21612386405467987, 0.17917834222316742, 0.15302829444408417, 0.1347033530473709, 0.12004106491804123, 0.10954774171113968, 0.10017155110836029], "val_accuracy": [0.6461617350578308, 0.9776309728622437, 0.9903407096862793, 0.9908490777015686, 0.9903407096862793, 0.9913574457168579, 0.9913574457168579, 0.9913574457168579, 0.9913574457168579, 0.9913574457168579]}