{"loss": [0.7016106247901917, 0.6863512992858887, 0.67331862449646, 0.6461847424507141, 0.6030091643333435, 0.5465835332870483, 0.482180655002594, 0.41617628931999207, 0.35415199398994446, 0.29898232221603394], "accuracy": [0.4949862062931061, 0.5332807302474976, 0.840031623840332, 0.9648638367652893, 0.9870509505271912, 0.98941969871521, 0.9928148984909058, 0.9934465289115906, 0.9941571354866028, 0.9939992427825928], "val_loss": [0.689492404460907, 0.6809289455413818, 0.661205530166626, 0.6251498460769653, 0.5739500522613525, 0.5118675231933594, 0.4449445903301239, 0.3796437978744507, 0.32044199109077454, 0.26903843879699707], "val_accuracy": [0.5366430282592773, 0.5730496644973755, 0.8704491853713989, 0.9848699569702148, 0.9919621348381042, 0.9943262338638306, 0.9957446455955505, 0.9957446455955505, 0.9952718615531921, 0.994799017906189]}