{"loss": [42.18105697631836, 8.522205352783203, 3.5702483654022217, 2.492689371109009, 2.128300905227661, 1.9196479320526123, 1.73457670211792, 1.53537917137146, 1.3236784934997559, 1.0999420881271362], "accuracy": [0.7953250408172607, 0.9217808246612549, 0.9579582214355469, 0.9675394296646118, 0.9694391489028931, 0.9698521494865417, 0.9705129265785217, 0.9703477621078491, 0.9700173735618591, 0.9698521494865417], "val_loss": [14.252840995788574, 5.0709075927734375, 3.325286388397217, 2.6660120487213135, 2.3585259914398193, 2.179441452026367, 1.917382836341858, 1.603926420211792, 1.429322600364685, 1.1186976432800293], "val_accuracy": [0.893532395362854, 0.9502487778663635, 0.9606965780258179, 0.9651741981506348, 0.9681592583656311, 0.9691542983055115, 0.9681592583656311, 0.9691542983055115, 0.9686567783355713, 0.9686567783355713]}