{"loss": [0.6653676629066467, 0.6070051789283752, 0.5163174271583557, 0.41685521602630615, 0.32886558771133423, 0.25876203179359436, 0.20498764514923096, 0.16412049531936646, 0.13306322693824768, 0.10922820121049881], "accuracy": [0.5323331952095032, 0.5323331952095032, 0.7939992547035217, 0.9712594151496887, 0.9924200773239136, 0.995578408241272, 0.9962890148162842, 0.996762752532959, 0.9968417286872864, 0.996762752532959], "val_loss": [0.6425042152404785, 0.5654487609863281, 0.4660547077655792, 0.37001165747642517, 0.2903369963169098, 0.22816945612430573, 0.1808287501335144, 0.14493753015995026, 0.11744589358568192, 0.09615234285593033], "val_accuracy": [0.5366430282592773, 0.5366430282592773, 0.9356973767280579, 0.9929077625274658, 0.9957446455955505, 0.9962174892425537, 0.9966902732849121, 0.9971631169319153, 0.9976359009742737, 0.9976359009742737]}