{"loss": [0.6778753399848938, 0.6424877047538757, 0.5926494598388672, 0.5254706144332886, 0.45004600286483765, 0.3770550489425659, 0.31281086802482605, 0.25895482301712036, 0.21474957466125488, 0.17872098088264465], "accuracy": [0.5323331952095032, 0.6562969088554382, 0.8620608448982239, 0.9657323956489563, 0.9846822619438171, 0.9902092814445496, 0.9915515780448914, 0.992656946182251, 0.9934465289115906, 0.9939202666282654], "val_loss": [0.6572460532188416, 0.614143431186676, 0.5499511361122131, 0.47150203585624695, 0.3918344974517822, 0.3201662302017212, 0.2601918578147888, 0.21171385049819946, 0.17285050451755524, 0.14188335835933685], "val_accuracy": [0.5366430282592773, 0.8255318999290466, 0.9739952683448792, 0.9943262338638306, 0.9938533902168274, 0.994799017906189, 0.9957446455955505, 0.9952718615531921, 0.9962174892425537, 0.9962174892425537]}