{"loss": [0.6991007924079895, 0.6940093636512756, 0.6918929219245911, 0.6899213790893555, 0.6877690553665161, 0.6846311688423157, 0.6795722842216492, 0.6725038886070251, 0.6637444496154785, 0.6542608737945557], "accuracy": [0.530730664730072, 0.530730664730072, 0.530730664730072, 0.530730664730072, 0.530730664730072, 0.530730664730072, 0.530730664730072, 0.5393871665000916, 0.5929709672927856, 0.6739093065261841], "val_loss": [0.6955721378326416, 0.6930860280990601, 0.6910359859466553, 0.6888868808746338, 0.6861976385116577, 0.6818326115608215, 0.6752204298973083, 0.6666814088821411, 0.6571950912475586, 0.6467782258987427], "val_accuracy": [0.5310199856758118, 0.5310199856758118, 0.5310199856758118, 0.5310199856758118, 0.5310199856758118, 0.5310199856758118, 0.5320715308189392, 0.58254474401474, 0.6750789284706116, 0.6824395656585693]}