{"loss": [0.7002782821655273, 0.6836039423942566, 0.6656462550163269, 0.6365073323249817, 0.592056155204773, 0.5350511074066162, 0.4734615981578827, 0.4144550859928131, 0.36095133423805237, 0.31433776021003723], "accuracy": [0.5140302181243896, 0.5140302181243896, 0.6882179379463196, 0.8696258664131165, 0.9211519956588745, 0.9377256631851196, 0.9469970464706421, 0.954627513885498, 0.9591401815414429, 0.9633246064186096], "val_loss": [0.6906335949897766, 0.6751553416252136, 0.6514317393302917, 0.6132887005805969, 0.5593641400337219, 0.4965013861656189, 0.4336303472518921, 0.3759618103504181, 0.32449665665626526, 0.2806960642337799], "val_accuracy": [0.5119522213935852, 0.5119522213935852, 0.8222112059593201, 0.9108566045761108, 0.9387450218200684, 0.9526892900466919, 0.9576693773269653, 0.9636454582214355, 0.9676294922828674, 0.9726095795631409]}