{"loss": [0.6487200856208801, 0.5116084814071655, 0.4298281669616699, 0.3693395256996155, 0.3213626444339752, 0.2823134660720825, 0.25004956126213074, 0.22305351495742798, 0.20017018914222717, 0.18062616884708405], "accuracy": [0.5512766242027283, 0.9684840440750122, 0.9966292977333069, 0.9962079524993896, 0.9952810406684875, 0.9946911931037903, 0.9953653216362, 0.9946069121360779, 0.9950282573699951, 0.9946069121360779], "val_loss": [0.5593317747116089, 0.46080318093299866, 0.39175304770469666, 0.33812159299850464, 0.294647753238678, 0.25891515612602234, 0.22953075170516968, 0.2045440375804901, 0.18354980647563934, 0.1652558594942093], "val_accuracy": [0.8840875029563904, 0.9949162006378174, 0.9949162006378174, 0.9954245686531067, 0.9954245686531067, 0.9954245686531067, 0.9954245686531067, 0.9954245686531067, 0.9954245686531067, 0.9954245686531067]}