{"loss": [0.7747823596000671, 0.6343361735343933, 0.5362714529037476, 0.46134474873542786, 0.40298715233802795, 0.3565733730792999, 0.3189707398414612, 0.2880658805370331, 0.2621859610080719, 0.24025943875312805], "accuracy": [0.46424028277397156, 0.5744596123695374, 0.8846948146820068, 0.9436585903167725, 0.9610616564750671, 0.9687698483467102, 0.974094033241272, 0.9753655195236206, 0.978623628616333, 0.9783852100372314], "val_loss": [0.6934844851493835, 0.5802509784698486, 0.4951564073562622, 0.42953482270240784, 0.3776665925979614, 0.3358455002307892, 0.30168354511260986, 0.2732124328613281, 0.24917830526828766, 0.22845891118049622], "val_accuracy": [0.46386396884918213, 0.8290033340454102, 0.9244213700294495, 0.9560699462890625, 0.9697685837745667, 0.9763817191123962, 0.9777988195419312, 0.981105387210846, 0.9820501208305359, 0.9829948544502258]}