{"loss": [0.6618889570236206, 0.6295698285102844, 0.5892432332038879, 0.5373424291610718, 0.478406697511673, 0.41860198974609375, 0.36279991269111633, 0.31337472796440125, 0.27101457118988037, 0.2357996106147766], "accuracy": [0.6596192717552185, 0.8782007694244385, 0.9289083480834961, 0.945501983165741, 0.9529144167900085, 0.9606637358665466, 0.9646226167678833, 0.9674865007400513, 0.9702661633491516, 0.9715296030044556], "val_loss": [0.6464606523513794, 0.6117485165596008, 0.563211977481842, 0.5048261284828186, 0.4428040087223053, 0.3828616142272949, 0.32934704422950745, 0.2823621332645416, 0.243987575173378, 0.21128486096858978], "val_accuracy": [0.8260433077812195, 0.9230769872665405, 0.9467069506645203, 0.954751193523407, 0.964303731918335, 0.9653092622756958, 0.9663147926330566, 0.9703369140625, 0.9718452095985413, 0.9733535051345825]}