{"accuracy": [0.73, 0.87, 0.92, 0.95, 0.96, 0.95, 0.96, 0.96, 0.96, 0.94], "val_accuracy": [0.883, 0.938, 0.949, 0.947, 0.948, 0.951, 0.949, 0.941, 0.932, 0.941], "loss": [81.99999999999996, 34.328, 28.692000000000007, 28.08000000000001, 26.520000000000007, 28.280000000000005, 25.840000000000007, 26.619999999999997, 26.852, 26.404], "val_loss": [429.1640000000004, 278.9000000000005, 251.79600000000048, 250.4800000000003, 265.06000000000046, 247.63200000000023, 257.7440000000002, 280.2080000000008, 290.98400000000055, 296.75600000000014]}