{"accuracy": [0.7, 0.88, 0.92, 0.92, 0.93, 0.91, 0.91, 0.91, 0.91, 0.91], "val_accuracy": [0.822, 0.86, 0.881, 0.896, 0.9, 0.898, 0.898, 0.9, 0.895, 0.9], "loss": [86.78800000000004, 41.39200000000001, 36.132, 34.48800000000001, 33.04399999999998, 32.156000000000006, 33.31199999999999, 32.64000000000001, 33.608000000000004, 32.132], "val_loss": [502.18000000000035, 418.43200000000047, 366.81200000000075, 349.4520000000011, 351.26400000000046, 355.31600000000014, 352.940000000001, 344.01600000000036, 352.8360000000009, 346.79200000000054]}