{"loss": [0.49241894483566284, 0.43314844369888306, 0.3870631754398346, 0.3502039611339569, 0.32011300325393677, 0.2950400114059448, 0.2737770974636078, 0.25557032227516174, 0.23970091342926025, 0.22571803629398346], "accuracy": [0.7411403656005859, 0.8118516206741333, 0.8594903945922852, 0.8893684148788452, 0.9083741307258606, 0.9219022393226624, 0.9341024160385132, 0.9433978199958801, 0.9507012963294983, 0.956261932849884], "val_loss": [0.4343603849411011, 0.38179850578308105, 0.3400542736053467, 0.3061702251434326, 0.27870601415634155, 0.2558805048465729, 0.23670180141925812, 0.21971651911735535, 0.20514114201068878, 0.1923546940088272], "val_accuracy": [0.8414635062217712, 0.8856707811355591, 0.9110773205757141, 0.9237805604934692, 0.9293699860572815, 0.9425813555717468, 0.9537602066993713, 0.9563009142875671, 0.9618903398513794, 0.9674797654151917]}