{"loss": [0.6579447984695435, 0.6162055730819702, 0.5737389922142029, 0.5267027020454407, 0.48194029927253723, 0.4441540539264679, 0.41466107964515686, 0.39221084117889404, 0.37560659646987915, 0.36348068714141846], "accuracy": [0.5437015891075134, 0.6908891797065735, 0.7591781616210938, 0.8115527033805847, 0.843718409538269, 0.8625800013542175, 0.8678848147392273, 0.870158314704895, 0.8715897798538208, 0.8710845112800598], "val_loss": [0.6382641792297363, 0.5996110439300537, 0.5553340315818787, 0.5104533433914185, 0.4703074097633362, 0.4380823075771332, 0.41307297348976135, 0.39421722292900085, 0.38042572140693665, 0.3704690635204315], "val_accuracy": [0.6291457414627075, 0.7231155633926392, 0.7804020047187805, 0.8185929656028748, 0.8467336297035217, 0.8557788729667664, 0.8603014945983887, 0.8623115420341492, 0.8618090152740479, 0.8633165955543518]}