{"loss": [0.45679932832717896, 0.3338681161403656, 0.2684462368488312, 0.22783833742141724, 0.20021362602710724, 0.1802360564470291, 0.16504400968551636, 0.15317825973033905, 0.14361169934272766, 0.13575340807437897], "accuracy": [0.9017345905303955, 0.9371732473373413, 0.9453896880149841, 0.951614260673523, 0.9561789631843567, 0.9590007662773132, 0.9619055390357971, 0.9649763703346252, 0.9663872718811035, 0.9677981734275818], "val_loss": [0.3614616394042969, 0.2729124128818512, 0.22159208357334137, 0.1879916489124298, 0.16477558016777039, 0.14789192378520966, 0.1347971260547638, 0.12418831884860992, 0.11579632014036179, 0.10865989327430725], "val_accuracy": [0.9456301331520081, 0.9542683959007263, 0.9613822102546692, 0.9623984694480896, 0.9649391174316406, 0.9669716358184814, 0.9679878950119019, 0.9690041542053223, 0.9710366725921631, 0.9725610613822937]}