{"loss": [0.6188386082649231, 0.463515967130661, 0.3701089024543762, 0.30914822220802307, 0.2668604254722595, 0.2359059453010559, 0.21215173602104187, 0.19328801333904266, 0.17787599563598633, 0.16518177092075348], "accuracy": [0.6382306814193726, 0.8920221328735352, 0.9338862895965576, 0.9485782384872437, 0.9570300579071045, 0.9634281396865845, 0.9652448892593384, 0.9697473049163818, 0.9714850187301636, 0.9739336967468262], "val_loss": [0.5256078243255615, 0.404546320438385, 0.3289366364479065, 0.27785930037498474, 0.24134822189807892, 0.2142048180103302, 0.1913754791021347, 0.17418234050273895, 0.159184992313385, 0.14733311533927917], "val_accuracy": [0.8394649028778076, 0.9283325672149658, 0.9469661116600037, 0.9555661678314209, 0.9593884348869324, 0.960821807384491, 0.9698996543884277, 0.9703774452209473, 0.9775441884994507, 0.9775441884994507]}