{"loss": [0.3737465739250183, 0.228437140583992, 0.1691635400056839, 0.1325828731060028, 0.10568170994520187, 0.08495478332042694, 0.07045985013246536, 0.061805885285139084, 0.058671578764915466, 0.04527689889073372], "accuracy": [0.966040313243866, 0.9877812266349792, 0.9932585954666138, 0.9949439764022827, 0.9956181049346924, 0.9967135787010193, 0.9963765144348145, 0.9954495429992676, 0.9930058121681213, 0.9947754144668579], "val_loss": [0.26690471172332764, 0.19905854761600494, 0.1518470197916031, 0.12519627809524536, 0.09593374282121658, 0.08187802881002426, 0.06861356645822525, 0.07630099356174469, 0.05249585211277008, 0.04856477677822113], "val_accuracy": [0.9857652187347412, 0.9867819547653198, 0.9908490777015686, 0.9867819547653198, 0.9949162006378174, 0.9949162006378174, 0.9944077730178833, 0.995932936668396, 0.991865873336792, 0.9913574457168579]}