{"loss": [0.4035875201225281, 0.27935174107551575, 0.21158674359321594, 0.1676538586616516, 0.1329226940870285, 0.10682975500822067, 0.08888161182403564, 0.07639987766742706, 0.06524497270584106, 0.05242088809609413], "accuracy": [0.9514898061752319, 0.9898219108581543, 0.9939259886741638, 0.9920381307601929, 0.9949930310249329, 0.9967988729476929, 0.9958959221839905, 0.9963884353637695, 0.9948288798332214, 0.9973734021186829], "val_loss": [0.3262699842453003, 0.240992933511734, 0.1863154172897339, 0.15474486351013184, 0.12379816919565201, 0.09789859503507614, 0.08703050017356873, 0.0754552036523819, 0.06624163687229156, 0.04965892434120178], "val_accuracy": [0.982880175113678, 0.9924471378326416, 0.995468258857727, 0.995468258857727, 0.9919435977935791, 0.995468258857727, 0.9934541583061218, 0.9934541583061218, 0.9889224767684937, 0.9959717988967896]}