{"accuracy": [0.65, 0.81, 0.83, 0.83, 0.84, 0.85, 0.88, 0.88, 0.91, 0.92], "val_accuracy": [0.747, 0.765, 0.758, 0.78, 0.791, 0.825, 0.859, 0.917, 0.931, 0.933], "loss": [99.14399999999998, 50.928000000000004, 48.788000000000025, 47.78799999999998, 46.984, 42.72, 38.22000000000001, 35.076, 33.51999999999999, 31.176000000000002], "val_loss": [621.5520000000002, 565.1320000000006, 554.4920000000006, 544.8519999999999, 503.42000000000087, 466.3960000000004, 419.3840000000003, 342.3240000000006, 328.7520000000004, 318.120000000001]}