{"loss": [0.6858506202697754, 0.6592848300933838, 0.607580304145813, 0.5218151807785034, 0.42793604731559753, 0.34763121604919434, 0.2843671143054962, 0.2353033721446991, 0.19725975394248962, 0.16751083731651306], "accuracy": [0.5140302181243896, 0.514358401298523, 0.7027404308319092, 0.9021989107131958, 0.9745651483535767, 0.9889235496520996, 0.9898260831832886, 0.9890056252479553, 0.9890876412391663, 0.9890876412391663], "val_loss": [0.6749040484428406, 0.6383624076843262, 0.5674408674240112, 0.4706003665924072, 0.3813939690589905, 0.30971330404281616, 0.25386571884155273, 0.21065980195999146, 0.1771269291639328, 0.1508517861366272], "val_accuracy": [0.5119522213935852, 0.525896430015564, 0.8371514081954956, 0.9462151527404785, 0.9895418882369995, 0.9915338754653931, 0.9900398850440979, 0.9900398850440979, 0.9895418882369995, 0.9895418882369995]}