{"loss": [0.871467649936676, 0.7241868376731873, 0.6124838590621948, 0.5244510173797607, 0.45470407605171204, 0.3988722562789917, 0.35358425974845886, 0.31623393297195435, 0.2850719690322876, 0.2588096559047699], "accuracy": [0.261137455701828, 0.43751975893974304, 0.9121643304824829, 0.9935229420661926, 0.9946287870407104, 0.9944708347320557, 0.9941548705101013, 0.9944708347320557, 0.9944708347320557, 0.9942338466644287], "val_loss": [0.7951737642288208, 0.6624465584754944, 0.5592588186264038, 0.4782923460006714, 0.414057195186615, 0.3626137375831604, 0.31995251774787903, 0.2853223979473114, 0.25599002838134766, 0.23166431486606598], "val_accuracy": [0.20210224390029907, 0.6550406217575073, 0.9933110475540161, 0.9952221512794495, 0.9952221512794495, 0.9952221512794495, 0.9947444200515747, 0.9947444200515747, 0.9952221512794495, 0.9947444200515747]}