{"loss": [0.6728055477142334, 0.643281877040863, 0.6008436679840088, 0.5458662509918213, 0.48558351397514343, 0.42724665999412537, 0.3744255006313324, 0.3284384608268738, 0.28931179642677307, 0.25623613595962524], "accuracy": [0.5498420596122742, 0.7647709846496582, 0.8805687427520752, 0.9067140817642212, 0.9169826507568359, 0.9238547086715698, 0.9301738142967224, 0.9357820153236389, 0.9407583475112915, 0.9447078108787537], "val_loss": [0.6543363928794861, 0.616429328918457, 0.562124490737915, 0.4990169107913971, 0.43596065044403076, 0.37832629680633545, 0.3287815749645233, 0.2867957353591919, 0.25181999802589417, 0.22246824204921722], "val_accuracy": [0.6292403340339661, 0.8843765258789062, 0.9077878594398499, 0.9187768697738647, 0.9235547184944153, 0.9283325672149658, 0.9311992526054382, 0.9374104142189026, 0.9417104721069336, 0.944577157497406]}