{"loss": [0.4789748787879944, 0.31756964325904846, 0.2234090119600296, 0.1691063940525055, 0.13495273888111115, 0.11221271753311157, 0.09635698795318604, 0.08496275544166565, 0.07682490348815918, 0.07070360332727432], "accuracy": [0.892837405204773, 0.9327870011329651, 0.9620990753173828, 0.9762823581695557, 0.9814041256904602, 0.9850287437438965, 0.98652583360672, 0.9869198203086853, 0.9876289963722229, 0.9882593750953674], "val_loss": [0.3868553042411804, 0.2601380944252014, 0.18825538456439972, 0.1438620537519455, 0.11496815085411072, 0.09541904926300049, 0.08129661530256271, 0.0713467076420784, 0.06407468765974045, 0.05881332978606224], "val_accuracy": [0.9081156253814697, 0.9594216346740723, 0.9692164063453674, 0.9808768630027771, 0.9902052283287048, 0.9874066710472107, 0.9906716346740723, 0.9906716346740723, 0.9911380410194397, 0.9906716346740723]}