{"loss": [0.6986731290817261, 0.573539137840271, 0.3935571312904358, 0.3312833607196808, 0.27968570590019226, 0.2474571168422699, 0.22070366144180298, 0.19884911179542542, 0.18977220356464386, 0.17730501294136047], "accuracy": [0.5214599967002869, 0.7010554075241089, 0.9612137675285339, 0.9674582481384277, 0.9764292240142822, 0.9778364300727844, 0.9785400629043579, 0.980211079120636, 0.9757255911827087, 0.9761653542518616], "val_loss": [0.6908887028694153, 0.4621533453464508, 0.3652873635292053, 0.30798208713531494, 0.2559847831726074, 0.24526678025722504, 0.20410211384296417, 0.1865859031677246, 0.17136602103710175, 0.21753324568271637], "val_accuracy": [0.5307732820510864, 0.9326670169830322, 0.9489742517471313, 0.968437671661377, 0.9805365800857544, 0.968437671661377, 0.9815886616706848, 0.9810625910758972, 0.9821146726608276, 0.9547606706619263]}