{"loss": [5.178091526031494, 0.5698264837265015, 0.3638986051082611, 0.273043692111969, 0.21243791282176971, 0.1812555342912674, 0.17911170423030853, 0.15325507521629333, 0.13852576911449432, 0.11586695909500122], "accuracy": [0.9349323511123657, 0.9863059520721436, 0.9905386567115784, 0.9921155571937561, 0.9941903948783875, 0.9946883916854858, 0.9946883916854858, 0.9949373602867126, 0.9955183267593384, 0.996016263961792], "val_loss": [0.5923454761505127, 0.42442193627357483, 0.5712319016456604, 0.5089876651763916, 0.2619905173778534, 0.244867205619812, 0.20956037938594818, 0.17984168231487274, 0.14580248296260834, 0.34373238682746887], "val_accuracy": [0.9842480421066284, 0.9878049492835999, 0.9827236533164978, 0.9847561717033386, 0.9903455972671509, 0.9908537268638611, 0.9928862452507019, 0.9928862452507019, 0.9939025044441223, 0.9928862452507019]}