{"loss": [7.687786102294922, 1.6853077411651611, 1.07028329372406, 0.7768803834915161, 0.5575265288352966, 0.4389270544052124, 0.3726758062839508, 0.3099530339241028, 0.2625182569026947, 0.22274735569953918], "accuracy": [0.8608956336975098, 0.9390867948532104, 0.9506347179412842, 0.9568935632705688, 0.9620945453643799, 0.9645627737045288, 0.9675599932670593, 0.9710860848426819, 0.9722320437431335, 0.9737306237220764], "val_loss": [1.9427765607833862, 1.1187206506729126, 0.8450002670288086, 0.658527135848999, 0.6011406183242798, 0.5064888000488281, 0.49747174978256226, 0.410155326128006, 0.41057246923446655, 0.43086719512939453], "val_accuracy": [0.9353632926940918, 0.949252188205719, 0.9535256624221802, 0.9631410837173462, 0.9615384936332703, 0.9610043168067932, 0.9620726704597473, 0.9652778506278992, 0.9663462042808533, 0.9615384936332703]}