{"loss": [37.0198860168457, 6.453849792480469, 4.180649757385254, 3.252297878265381, 2.6010520458221436, 2.094144344329834, 1.6365293264389038, 1.225367784500122, 0.8919544816017151, 0.6004746556282043], "accuracy": [0.5908810496330261, 0.8556309938430786, 0.8831466436386108, 0.8914366364479065, 0.896639883518219, 0.8961989283561707, 0.8971690535545349, 0.8963753581047058, 0.8917012214660645, 0.8932004570960999], "val_loss": [8.061017036437988, 4.261501789093018, 3.084825038909912, 2.385796546936035, 1.8584176301956177, 1.4849604368209839, 1.1437259912490845, 0.8252102732658386, 0.5644481182098389, 0.39264366030693054], "val_accuracy": [0.8259459733963013, 0.8837838172912598, 0.9021621942520142, 0.9037837982177734, 0.9118919372558594, 0.9135135412216187, 0.9135135412216187, 0.916216254234314, 0.9097297787666321, 0.90756756067276]}