{"loss": [6.019512176513672, 0.5783805847167969, 0.5689650177955627, 0.567874550819397, 0.5667307376861572, 0.5652113556861877, 0.5654193162918091, 0.5642610788345337, 0.5632705092430115, 0.5636094808578491], "accuracy": [0.5639973878860474, 0.6822284460067749, 0.6775516867637634, 0.6780440211296082, 0.7047916054725647, 0.7188218235969543, 0.7162783145904541, 0.7137348651885986, 0.7138989567756653, 0.7121759057044983], "val_loss": [0.5515686869621277, 0.5387876629829407, 0.5403572916984558, 0.5421152710914612, 0.535147488117218, 0.5340759754180908, 0.5437653660774231, 0.5344492197036743, 0.5304269194602966, 0.534574031829834], "val_accuracy": [0.712649405002594, 0.6972111463546753, 0.6922311186790466, 0.6897410750389099, 0.7330677509307861, 0.7305777072906494, 0.717131495475769, 0.7236055731773376, 0.7270916700363159, 0.7241036295890808]}