{"loss": [0.6294914484024048, 0.5294535756111145, 0.4229755699634552, 0.33271145820617676, 0.26506009697914124, 0.21561601758003235, 0.17916704714298248, 0.15181519091129303, 0.1310623437166214, 0.11496210098266602], "accuracy": [0.5400484204292297, 0.8459032773971558, 0.9539797902107239, 0.9710181355476379, 0.9757788181304932, 0.9781174063682556, 0.9792032241821289, 0.979871392250061, 0.9808736443519592, 0.981124222278595], "val_loss": [0.5786918997764587, 0.46765732765197754, 0.36407271027565, 0.28453895449638367, 0.22693884372711182, 0.18514074385166168, 0.15414994955062866, 0.1306622326374054, 0.11309978365898132, 0.09922006726264954], "val_accuracy": [0.6822289824485779, 0.9292169213294983, 0.9683735966682434, 0.9779117107391357, 0.9819278120994568, 0.9854418635368347, 0.9864458441734314, 0.9854418635368347, 0.9859438538551331, 0.9864458441734314]}