{"loss": [231.19322204589844, 56.02025604248047, 0.3211672306060791, 0.3199044167995453, 0.31960880756378174, 0.31944897770881653, 0.31984975934028625, 0.3196885883808136, 0.320250540971756, 0.31979262828826904], "accuracy": [0.14049723744392395, 0.2912364900112152, 0.860328733921051, 0.8601635694503784, 0.8595027923583984, 0.8590071797370911, 0.8586767911911011, 0.8590071797370911, 0.8575204610824585, 0.8580160140991211], "val_loss": [142.62936401367188, 0.2855616509914398, 0.28381773829460144, 0.2852475643157959, 0.28286856412887573, 0.28313687443733215, 0.2837637662887573, 0.2821318507194519, 0.28693658113479614, 0.28291916847229004], "val_accuracy": [0.1228855773806572, 0.8761194348335266, 0.8776119947433472, 0.8766169548034668, 0.8786070346832275, 0.8786070346832275, 0.8781095147132874, 0.8781095147132874, 0.8761194348335266, 0.877114474773407]}