{"loss": [0.6957239508628845, 0.49615558981895447, 0.38370639085769653, 0.31372925639152527, 0.26634618639945984, 0.2320375144481659, 0.2059754878282547, 0.18552766740322113, 0.16906169056892395, 0.1555827260017395], "accuracy": [0.5113636255264282, 0.8743642568588257, 0.9148918986320496, 0.9284805655479431, 0.937778115272522, 0.9475524425506592, 0.955657958984375, 0.9609821438789368, 0.9663063883781433, 0.968451976776123], "val_loss": [0.5783306360244751, 0.4322231411933899, 0.3440396189689636, 0.2862713932991028, 0.2449173927307129, 0.21393179893493652, 0.1897747665643692, 0.17048275470733643, 0.1547108143568039, 0.14152732491493225], "val_accuracy": [0.8110533952713013, 0.9026925563812256, 0.9253661036491394, 0.9343410730361938, 0.9466226100921631, 0.9555975794792175, 0.9617383480072021, 0.9659896492958069, 0.9674067497253418, 0.9735475182533264]}