{"accuracy": [0.49, 0.66, 0.71, 0.77, 0.81, 0.78, 0.81, 0.83, 0.82, 0.82], "val_accuracy": [0.65, 0.717, 0.791, 0.853, 0.871, 0.858, 0.817, 0.809, 0.822, 0.833], "loss": [124.08800000000004, 79.77600000000002, 71.29599999999998, 66.53600000000003, 60.27199999999999, 54.80399999999999, 50.76, 48.75599999999999, 47.772, 47.89199999999999], "val_loss": [810.9920000000012, 652.2520000000004, 605.4880000000003, 547.6080000000005, 510.46800000000064, 475.05600000000044, 504.51600000000064, 501.4840000000003, 483.4760000000003, 511.2760000000001]}