{"loss": [0.44322142004966736, 0.3165975511074066, 0.24949759244918823, 0.204558327794075, 0.17800907790660858, 0.1538226306438446, 0.12919647991657257, 0.11567966639995575, 0.11424825340509415, 0.10942484438419342], "accuracy": [0.9312711954116821, 0.9710169434547424, 0.9754237532615662, 0.9757627248764038, 0.9683898091316223, 0.9721186757087708, 0.9790678024291992, 0.9809322357177734, 0.9697457551956177, 0.9706779718399048], "val_loss": [0.35928139090538025, 0.292587548494339, 0.2237474024295807, 0.1911308467388153, 0.15798304975032806, 0.14126363396644592, 0.1232539638876915, 0.10930583626031876, 0.11323333531618118, 0.09450637549161911], "val_accuracy": [0.9702085256576538, 0.9553127884864807, 0.9751737713813782, 0.9716981053352356, 0.9776564240455627, 0.9721946120262146, 0.9796425104141235, 0.9806355237960815, 0.967725932598114, 0.9806355237960815]}