{"loss": [2.1866350173950195, 0.37441137433052063, 0.2175801396369934, 0.15821130573749542, 0.11809251457452774, 0.09086614847183228, 0.0722498744726181, 0.06787292659282684, 0.0689506083726883, 0.07893402129411697], "accuracy": [0.9591627717018127, 0.9906793832778931, 0.9947077631950378, 0.9955766797065735, 0.9964455366134644, 0.9966035485267639, 0.9976303577423096, 0.9977093935012817, 0.9977883696556091, 0.9969194531440735], "val_loss": [0.38458994030952454, 0.24297191202640533, 0.2439735382795334, 0.13882996141910553, 0.19486261904239655, 0.10898885875940323, 0.11943940073251724, 0.1107909232378006, 0.10637050122022629, 0.10392878204584122], "val_accuracy": [0.991399884223938, 0.9952221512794495, 0.9947444200515747, 0.9952221512794495, 0.995699942111969, 0.9971333146095276, 0.9961777329444885, 0.9976111054420471, 0.9976111054420471, 0.9976111054420471]}