{"loss": [0.5493879318237305, 0.3606327474117279, 0.2759358286857605, 0.22158657014369965, 0.1900680661201477, 0.15592190623283386, 0.13244342803955078, 0.11615582555532455, 0.09991808235645294, 0.09052518010139465], "accuracy": [0.8161203265190125, 0.9706981778144836, 0.9728215336799622, 0.9783421754837036, 0.9707831144332886, 0.9810600280761719, 0.9853066802024841, 0.9830983877182007, 0.9822490811347961, 0.9850518703460693], "val_loss": [0.4100956916809082, 0.31952619552612305, 0.23186156153678894, 0.19200973212718964, 0.1562293916940689, 0.14532054960727692, 0.11228521168231964, 0.11029190570116043, 0.09184855222702026, 0.07794038206338882], "val_accuracy": [0.9713408350944519, 0.9590583443641663, 0.9928352236747742, 0.9918116331100464, 0.9902763366699219, 0.982088029384613, 0.9887410402297974, 0.9912998676300049, 0.9759467840194702, 0.9872057437896729]}