{"loss": [0.8313007354736328, 0.6993479132652283, 0.6106282472610474, 0.545114278793335, 0.4947134554386139, 0.4546099603176117, 0.4223027229309082, 0.3960096836090088, 0.37437230348587036, 0.3564864993095398], "accuracy": [0.48253077268600464, 0.490129679441452, 0.6656479835510254, 0.8653671741485596, 0.9104650020599365, 0.92640620470047, 0.9316098093986511, 0.9348310828208923, 0.9380523562431335, 0.9383001923561096], "val_loss": [0.7499088644981384, 0.647357702255249, 0.5726664066314697, 0.5158344507217407, 0.4709460437297821, 0.43482714891433716, 0.40550294518470764, 0.3813459575176239, 0.36130252480506897, 0.3446044623851776], "val_accuracy": [0.48855724930763245, 0.5318408012390137, 0.8432835936546326, 0.8985074758529663, 0.9263681769371033, 0.9333333969116211, 0.9348258972167969, 0.9373134970664978, 0.9373134970664978, 0.9383084774017334]}