{"loss": [0.8668611645698547, 0.7339960932731628, 0.6364798545837402, 0.5559175610542297, 0.48974403738975525, 0.4352588355541229, 0.39013034105300903, 0.3525771498680115, 0.32091236114501953, 0.29400473833084106], "accuracy": [0.4493006765842438, 0.4737762212753296, 0.7017641067504883, 0.9098855257034302, 0.9483470916748047, 0.9620947241783142, 0.9713127613067627, 0.9747297763824463, 0.9773521423339844, 0.9777494668960571], "val_loss": [0.7908408045768738, 0.6831375360488892, 0.5947601795196533, 0.5221680402755737, 0.46232855319976807, 0.4128015339374542, 0.371743381023407, 0.33725687861442566, 0.30811807513237, 0.283035546541214], "val_accuracy": [0.44591405987739563, 0.5323571562767029, 0.8370335698127747, 0.9352858066558838, 0.9541804790496826, 0.9678791165351868, 0.9716580510139465, 0.9754369854927063, 0.9777988195419312, 0.981105387210846]}