{"loss": [0.8129206299781799, 0.7682313919067383, 0.748008668422699, 0.732344925403595, 0.7173864841461182, 0.702629029750824, 0.6883032321929932, 0.6745679378509521, 0.6615451574325562, 0.649387776851654], "accuracy": [0.44618815183639526, 0.32997438311576843, 0.24704717099666595, 0.25398528575897217, 0.2907409071922302, 0.4021640419960022, 0.5472040772438049, 0.7046337127685547, 0.7494837641716003, 0.7523746490478516], "val_loss": [0.7886532545089722, 0.7592132091522217, 0.7415811419487, 0.7256327271461487, 0.7102234959602356, 0.6950902938842773, 0.6804955005645752, 0.6665878891944885, 0.6534500122070312, 0.6412429213523865], "val_accuracy": [0.3845771253108978, 0.2671642005443573, 0.23034827411174774, 0.24328359961509705, 0.31890547275543213, 0.48855724930763245, 0.6472637057304382, 0.7308458089828491, 0.7547264099121094, 0.7656716704368591]}