{"loss": [0.7607248425483704, 0.6257933974266052, 0.5304518342018127, 0.4554545283317566, 0.3953283429145813, 0.3465697169303894, 0.3066001832485199, 0.2734241485595703, 0.24547138810157776, 0.22169838845729828], "accuracy": [0.4398752748966217, 0.9586247801780701, 0.9707592725753784, 0.9858431220054626, 0.989213764667511, 0.9912362098693848, 0.9947754144668579, 0.9951967597007751, 0.996123731136322, 0.9957023859024048], "val_loss": [0.6808748245239258, 0.5719721913337708, 0.4871777892112732, 0.41986438632011414, 0.36516904830932617, 0.3204638957977295, 0.28399983048439026, 0.25309279561042786, 0.22722193598747253, 0.2047184407711029], "val_accuracy": [0.7432639002799988, 0.9750890135765076, 0.9867819547653198, 0.9877987504005432, 0.9903407096862793, 0.9928826093673706, 0.9928826093673706, 0.993899405002594, 0.993899405002594, 0.993899405002594]}