{"loss": [0.5935710668563843, 0.5573555827140808, 0.5268396735191345, 0.5001518726348877, 0.4764411747455597, 0.45500558614730835, 0.4354386031627655, 0.4174731373786926, 0.4008270800113678, 0.3853521943092346], "accuracy": [0.5691758990287781, 0.6830442547798157, 0.798489511013031, 0.8833928108215332, 0.9163416028022766, 0.9348493814468384, 0.9455556273460388, 0.9576728343963623, 0.9618225693702698, 0.9644783735275269], "val_loss": [0.5632482171058655, 0.529845118522644, 0.5005298256874084, 0.47459593415260315, 0.4513888657093048, 0.4303095042705536, 0.41111838817596436, 0.3932299315929413, 0.3766832947731018, 0.36140039563179016], "val_accuracy": [0.6554878354072571, 0.795731782913208, 0.8851626515388489, 0.9202236533164978, 0.9415650963783264, 0.9552846550941467, 0.9639228582382202, 0.9679878950119019, 0.9684960246086121, 0.9715448021888733]}