{"accuracy": [0.81, 0.88, 0.87, 0.87, 0.87, 0.87, 0.87, 0.88, 0.88, 0.89], "val_accuracy": [0.872, 0.889, 0.871, 0.883, 0.881, 0.885, 0.887, 0.89, 0.893, 0.898], "loss": [67.96799999999996, 43.79199999999999, 40.49199999999999, 38.303999999999995, 35.88, 34.732, 35.12800000000001, 34.300000000000004, 32.66400000000001, 33.080000000000005], "val_loss": [424.1200000000002, 402.77600000000075, 435.02400000000097, 387.24000000000103, 393.10000000000116, 384.50400000000093, 365.64000000000107, 382.79200000000105, 348.33600000000075, 353.62000000000086]}