{"loss": [0.8530712723731995, 0.7188764214515686, 0.6853208541870117, 0.667052149772644, 0.6475055813789368, 0.6221317648887634, 0.5890458822250366, 0.5482547879219055, 0.501984179019928, 0.45363298058509827], "accuracy": [0.4874417185783386, 0.4874417185783386, 0.5540375113487244, 0.7160272002220154, 0.8016853928565979, 0.840219259262085, 0.8727808594703674, 0.9010063409805298, 0.9144236445426941, 0.9266138076782227], "val_loss": [0.7460287809371948, 0.6938565969467163, 0.6749886870384216, 0.657538652420044, 0.6353968381881714, 0.6061224937438965, 0.56884765625, 0.5248692631721497, 0.47739097476005554, 0.43032869696617126], "val_accuracy": [0.5009709000587463, 0.5009709000587463, 0.6475728154182434, 0.7694174647331238, 0.8349514603614807, 0.8689320683479309, 0.8917475938796997, 0.9072815775871277, 0.9257282018661499, 0.9388349652290344]}