{"loss": [176.79483032226562, 28.56829071044922, 1.1666500568389893, 0.3306218385696411, 0.197590172290802, 0.1574753075838089, 0.13912340998649597, 0.12775078415870667, 0.12067245692014694, 0.11867203563451767], "accuracy": [0.436588853597641, 0.7355692386627197, 0.9600573182106018, 0.9855060577392578, 0.9912362098693848, 0.9933428764343262, 0.9941855669021606, 0.9949439764022827, 0.9948596954345703, 0.9947754144668579], "val_loss": [91.77928161621094, 2.884424924850464, 0.5405169129371643, 0.32346493005752563, 0.2605156898498535, 0.23282769322395325, 0.20776358246803284, 0.19835636019706726, 0.19324463605880737, 0.18130750954151154], "val_accuracy": [0.4834774136543274, 0.9176411628723145, 0.9811897277832031, 0.9883071184158325, 0.9913574457168579, 0.9928826093673706, 0.9928826093673706, 0.9933910369873047, 0.9928826093673706, 0.9933910369873047]}