{"loss": [0.46049654483795166, 0.34116899967193604, 0.2635119557380676, 0.20892897248268127, 0.1732727587223053, 0.13856865465641022, 0.12102816998958588, 0.09770326316356659, 0.08455515652894974, 0.07395589351654053], "accuracy": [0.9695602655410767, 0.9890876412391663, 0.9936003088951111, 0.9927797913551331, 0.9919593334197998, 0.9946669340133667, 0.9901542663574219, 0.9932721257209778, 0.9915490746498108, 0.994092583656311], "val_loss": [0.37862929701805115, 0.29138174653053284, 0.23226524889469147, 0.18899397552013397, 0.14696893095970154, 0.12646456062793732, 0.10754478722810745, 0.09284202754497528, 0.07375617325305939, 0.06882916390895844], "val_accuracy": [0.9925299286842346, 0.9945219159126282, 0.9945219159126282, 0.9925299286842346, 0.9970119595527649, 0.9910358786582947, 0.9920319318771362, 0.9835657477378845, 0.9965139627456665, 0.9890438318252563]}