{"loss": [0.6475727558135986, 0.6026116609573364, 0.5401192903518677, 0.468814492225647, 0.4002133905887604, 0.340641051530838, 0.2914767861366272, 0.2517223358154297, 0.2197529673576355, 0.19406791031360626], "accuracy": [0.6755224466323853, 0.8458012938499451, 0.9014216065406799, 0.9298532009124756, 0.9429037570953369, 0.9496620893478394, 0.9548668265342712, 0.9586732387542725, 0.9610036611557007, 0.9633341431617737], "val_loss": [0.6263679265975952, 0.5709277391433716, 0.5011042356491089, 0.4289338290691376, 0.36394307017326355, 0.30943045020103455, 0.2645576298236847, 0.2285313457250595, 0.1994272619485855, 0.17603851854801178], "val_accuracy": [0.800000011920929, 0.8769230842590332, 0.9188811182975769, 0.9342657327651978, 0.9468531608581543, 0.9487179517745972, 0.9575757384300232, 0.9599067568778992, 0.964102566242218, 0.9668997526168823]}