{"loss": [0.6980300545692444, 0.6887686252593994, 0.678755521774292, 0.6660766005516052, 0.6496321558952332, 0.628909170627594, 0.6036315560340881, 0.5747812390327454, 0.5437402129173279, 0.5123106241226196], "accuracy": [0.45101696252822876, 0.5447457432746887, 0.636864423751831, 0.7300000190734863, 0.78059321641922, 0.8167796730995178, 0.8364406824111938, 0.8462712168693542, 0.8538135886192322, 0.8583050966262817], "val_loss": [0.6933062672615051, 0.6832569241523743, 0.6709460020065308, 0.6543262600898743, 0.6334570050239563, 0.6078067421913147, 0.5777457356452942, 0.544901967048645, 0.510556161403656, 0.4771934747695923], "val_accuracy": [0.4985104203224182, 0.6449850797653198, 0.7507447600364685, 0.7949354648590088, 0.8222442865371704, 0.8376365303993225, 0.8470705151557922, 0.8589870929718018, 0.85749751329422, 0.8619662523269653]}