{"loss": [0.7009136080741882, 0.6820464134216309, 0.6529380679130554, 0.599525511264801, 0.5224955081939697, 0.43021833896636963, 0.34593087434768677, 0.2808760702610016, 0.23279297351837158, 0.1972205638885498], "accuracy": [0.4132320284843445, 0.6616007089614868, 0.8436442017555237, 0.9297100901603699, 0.9558932781219482, 0.9629140496253967, 0.9653919339179993, 0.9669612646102905, 0.9681176543235779, 0.9692739844322205], "val_loss": [0.6907062530517578, 0.6705434322357178, 0.6284774541854858, 0.5616669654846191, 0.47192853689193726, 0.3782089352607727, 0.30218055844306946, 0.24588541686534882, 0.20452001690864563, 0.17404912412166595], "val_accuracy": [0.5467662215232849, 0.7781094908714294, 0.9034826159477234, 0.9557214379310608, 0.9686567783355713, 0.9756219387054443, 0.9761194586753845, 0.974626898765564, 0.9771144986152649, 0.9771144986152649]}