{"loss": [0.6965866088867188, 0.6855637431144714, 0.6666630506515503, 0.6327723264694214, 0.5807082056999207, 0.5132282376289368, 0.4437118470668793, 0.38188302516937256, 0.3304993808269501, 0.2889728248119354], "accuracy": [0.4950847625732422, 0.5887288451194763, 0.7387288212776184, 0.8552542328834534, 0.9290677905082703, 0.9459322094917297, 0.9529660940170288, 0.955847442150116, 0.9567796587944031, 0.9569491744041443], "val_loss": [0.6909812688827515, 0.678430438041687, 0.6521885991096497, 0.608668863773346, 0.5456382036209106, 0.4729231595993042, 0.40522101521492004, 0.3476867973804474, 0.300825834274292, 0.26346704363822937], "val_accuracy": [0.4875868856906891, 0.6564051508903503, 0.8133068680763245, 0.9111221432685852, 0.9404170513153076, 0.9528301954269409, 0.9563058614730835, 0.9548162817955017, 0.9558093547821045, 0.9558093547821045]}