{"accuracy": [0.89, 0.87, 0.86, 0.87, 0.87], "val_accuracy": [0.898, 0.884, 0.886, 0.886, 0.884], "loss": [9.100816990293307, 5.909698958270367, 6.046926400341033, 6.0694949753827885, 5.971169424745521], "val_loss": [20.114024933477246, 20.11405466492029, 20.44545124148839, 20.465997494685816, 20.52540046494421]}