{"loss": [0.6521394848823547, 0.6178420186042786, 0.5873746275901794, 0.5599541068077087, 0.5351051688194275, 0.5124479532241821, 0.49183323979377747, 0.4730089604854584, 0.4557857811450958, 0.4399240016937256], "accuracy": [0.6662989258766174, 0.7792924046516418, 0.8150657415390015, 0.8367346525192261, 0.8517059087753296, 0.8729020357131958, 0.8751083016395569, 0.8829091191291809, 0.8911827206611633, 0.8975651860237122], "val_loss": [0.6338542103767395, 0.6016623377799988, 0.5726361870765686, 0.5464397072792053, 0.5226064920425415, 0.5008156299591064, 0.48097679018974304, 0.4627571105957031, 0.44607987999916077, 0.4306104779243469], "val_accuracy": [0.7308768630027771, 0.7863805890083313, 0.8148320913314819, 0.8423507213592529, 0.8591417670249939, 0.8614738583564758, 0.8791977167129517, 0.8889924883842468, 0.8969216346740723, 0.9015858173370361]}