{"loss": [0.6997113823890686, 0.687807023525238, 0.6775019764900208, 0.663861095905304, 0.6447449922561646, 0.6181678175926208, 0.5838479399681091, 0.5437462329864502, 0.5012000203132629, 0.4591819643974304], "accuracy": [0.46744000911712646, 0.5235961079597473, 0.5234203338623047, 0.5296599268913269, 0.6549784541130066, 0.7962035536766052, 0.8778451681137085, 0.9055277109146118, 0.9145795106887817, 0.9187098741531372], "val_loss": [0.691101610660553, 0.679828405380249, 0.6671667098999023, 0.6492848992347717, 0.6244979500770569, 0.5909409523010254, 0.5500196814537048, 0.504999577999115, 0.4599211513996124, 0.41663432121276855], "val_accuracy": [0.5363825559616089, 0.5363825559616089, 0.5358628034591675, 0.5847193598747253, 0.7817047834396362, 0.8596673607826233, 0.8976091742515564, 0.912162184715271, 0.9168398976325989, 0.9282744526863098]}