{"loss": [0.6965570449829102, 0.6923573613166809, 0.6901044249534607, 0.6868492364883423, 0.6820934414863586, 0.6753906011581421, 0.6669815182685852, 0.6572431921958923, 0.6467675566673279, 0.6360849738121033], "accuracy": [0.5036892890930176, 0.5175133943557739, 0.5237045288085938, 0.5561021566390991, 0.5685693025588989, 0.5899415016174316, 0.6161479353904724, 0.652531623840332, 0.6674582958221436, 0.6845051646232605], "val_loss": [0.6936353445053101, 0.6914372444152832, 0.6885698437690735, 0.6841652989387512, 0.6777547597885132, 0.6694187521934509, 0.6590724587440491, 0.6477245688438416, 0.6358994841575623, 0.6242012977600098], "val_accuracy": [0.5128076076507568, 0.5323957800865173, 0.5605223774909973, 0.5670517086982727, 0.5846308469772339, 0.6443998217582703, 0.6680060029029846, 0.6820693016052246, 0.6941235661506653, 0.7041687369346619]}