{"loss": [0.5344487428665161, 0.36308175325393677, 0.2706477642059326, 0.21031884849071503, 0.16939032077789307, 0.14056383073329926, 0.11954628676176071, 0.10411151498556137, 0.0925067663192749, 0.08359421044588089], "accuracy": [0.756003201007843, 0.9293049573898315, 0.9631912112236023, 0.9755134582519531, 0.9810426831245422, 0.9834913611412048, 0.9844392538070679, 0.9856240749359131, 0.9860190153121948, 0.9868088960647583], "val_loss": [0.41918379068374634, 0.30080458521842957, 0.22678415477275848, 0.17659175395965576, 0.14201943576335907, 0.11735127866268158, 0.09868680685758591, 0.08484770357608795, 0.0743110403418541, 0.06611493974924088], "val_accuracy": [0.9039655923843384, 0.957477331161499, 0.9713330268859863, 0.9837554097175598, 0.9875776767730713, 0.9875776767730713, 0.9899665713310242, 0.9909221529960632, 0.991399884223938, 0.991399884223938]}