{"loss": [0.7104465365409851, 0.6579402685165405, 0.6078664660453796, 0.5428165793418884, 0.47148066759109497, 0.40231096744537354, 0.34193333983421326, 0.2924969792366028, 0.253240704536438, 0.22224938869476318], "accuracy": [0.476491779088974, 0.6683363914489746, 0.9096581339836121, 0.950874388217926, 0.9598382711410522, 0.963617205619812, 0.9639686942100525, 0.9648475050926208, 0.9655506014823914, 0.9668688178062439], "val_loss": [0.677768886089325, 0.6349267959594727, 0.5754652619361877, 0.5051378011703491, 0.43263569474220276, 0.3663453161716461, 0.3105039596557617, 0.2657167911529541, 0.23022106289863586, 0.20222173631191254], "val_accuracy": [0.4714137315750122, 0.8700623512268066, 0.94490647315979, 0.9641371965408325, 0.9693347215652466, 0.9682952165603638, 0.9703742265701294, 0.9693347215652466, 0.9703742265701294, 0.9708939790725708]}