{"loss": [0.7258298993110657, 0.683826208114624, 0.6672008037567139, 0.6448522806167603, 0.6118634939193726, 0.5683517456054688, 0.5175906419754028, 0.46579796075820923, 0.41750282049179077, 0.37476322054862976], "accuracy": [0.5075331330299377, 0.5075331330299377, 0.5091059803962708, 0.617135763168335, 0.7913079857826233, 0.8677980303764343, 0.9086920619010925, 0.9273179173469543, 0.9347681999206543, 0.936092734336853], "val_loss": [0.6960150599479675, 0.6749319434165955, 0.655346691608429, 0.6254443526268005, 0.5836361050605774, 0.5321073532104492, 0.4768775999546051, 0.42389845848083496, 0.37700513005256653, 0.33692044019699097], "val_accuracy": [0.5002476572990417, 0.5002476572990417, 0.5760277509689331, 0.7964338660240173, 0.8727092742919922, 0.9281822443008423, 0.9385834336280823, 0.9440316557884216, 0.9479940533638, 0.9460128545761108]}