{"loss": [0.7409536838531494, 0.6947236061096191, 0.6912760734558105, 0.6906353831291199, 0.6906311511993408, 0.690612256526947, 0.6906278133392334, 0.6906322240829468, 0.6906183958053589, 0.6906417012214661], "accuracy": [0.3957405984401703, 0.535759687423706, 0.535759687423706, 0.535759687423706, 0.535759687423706, 0.535759687423706, 0.535759687423706, 0.535759687423706, 0.535759687423706, 0.535759687423706], "val_loss": [0.6997426152229309, 0.6922354698181152, 0.690645694732666, 0.690544068813324, 0.6905345916748047, 0.6905340552330017, 0.6905336976051331, 0.690535843372345, 0.6905374526977539, 0.6905339956283569], "val_accuracy": [0.5361360907554626, 0.5361360907554626, 0.5361360907554626, 0.5361360907554626, 0.5361360907554626, 0.5361360907554626, 0.5361360907554626, 0.5361360907554626, 0.5361360907554626, 0.5361360907554626]}