{"loss": [0.7499626278877258, 0.6638092994689941, 0.6310102343559265, 0.591441810131073, 0.5358440279960632, 0.46907609701156616, 0.4028451144695282, 0.34473758935928345, 0.296915203332901, 0.2582619786262512], "accuracy": [0.48131048679351807, 0.5539376735687256, 0.9374944567680359, 0.9539198875427246, 0.9412235021591187, 0.9387374520301819, 0.9422001242637634, 0.9492142200469971, 0.9548965692520142, 0.9611116051673889], "val_loss": [0.6876776814460754, 0.6453031301498413, 0.6111368536949158, 0.5623750686645508, 0.4977026879787445, 0.4277413785457611, 0.3635214865207672, 0.30973100662231445, 0.26613643765449524, 0.23094166815280914], "val_accuracy": [0.47598719596862793, 0.7918890118598938, 0.9669156670570374, 0.9541088342666626, 0.945037305355072, 0.9434365034103394, 0.9530416131019592, 0.9605122208595276, 0.9653148055076599, 0.9674493074417114]}