{"loss": [43.28621292114258, 2.0820610523223877, 0.9708966612815857, 0.708681046962738, 0.5755487680435181, 0.47969311475753784, 0.4133920669555664, 0.3649236857891083, 0.3272862136363983, 0.28900665044784546], "accuracy": [0.7691153883934021, 0.9560822248458862, 0.982622504234314, 0.98720383644104, 0.9894155263900757, 0.9907583594322205, 0.99225914478302, 0.9924960732460022, 0.9928910732269287, 0.9931280016899109], "val_loss": [3.70912504196167, 0.7457544207572937, 0.45243149995803833, 0.3599187433719635, 0.31120535731315613, 0.28397244215011597, 0.2729246914386749, 0.24735446274280548, 0.23486696183681488, 0.20995651185512543], "val_accuracy": [0.9197324514389038, 0.9780219793319702, 0.9870998859405518, 0.9899665713310242, 0.991399884223938, 0.9928332567214966, 0.992355465888977, 0.992355465888977, 0.992355465888977, 0.9933110475540161]}