{"loss": [0.6998684406280518, 0.687012791633606, 0.6743797063827515, 0.6495348811149597, 0.6104679703712463, 0.560874879360199, 0.5072442293167114, 0.45448434352874756, 0.4058566093444824, 0.36292076110839844], "accuracy": [0.5086278915405273, 0.5952381491661072, 0.72307950258255, 0.8306786417961121, 0.88568115234375, 0.9166252613067627, 0.9294840097427368, 0.9399369955062866, 0.9470715522766113, 0.9504729509353638], "val_loss": [0.6920487284660339, 0.6828916072845459, 0.6646724343299866, 0.6313496232032776, 0.5847532153129578, 0.5304288268089294, 0.47583937644958496, 0.4239841401576996, 0.3778052031993866, 0.33793404698371887], "val_accuracy": [0.5105527639389038, 0.6452261209487915, 0.7698492407798767, 0.8572863936424255, 0.9060301184654236, 0.9266331791877747, 0.933668315410614, 0.9412060379981995, 0.9467336535453796, 0.9507537484169006]}