{"loss": [14.406036376953125, 5.917387962341309, 3.995201349258423, 3.1084494590759277, 2.5913398265838623, 2.204348564147949, 1.9062896966934204, 1.6835273504257202, 1.4943304061889648, 1.3376532793045044], "accuracy": [0.9277251362800598, 0.9678515195846558, 0.9761453866958618, 0.9812006950378418, 0.9837283492088318, 0.9845972061157227, 0.9858610033988953, 0.9868088960647583, 0.987440824508667, 0.9879147410392761], "val_loss": [6.161010265350342, 3.797982931137085, 2.87764048576355, 2.3347344398498535, 1.9633991718292236, 1.6897872686386108, 1.481833815574646, 1.299193024635315, 1.1259578466415405, 0.9819600582122803], "val_accuracy": [0.9675107598304749, 0.9794553518295288, 0.9827998280525208, 0.9866220951080322, 0.988055408000946, 0.9899665713310242, 0.9899665713310242, 0.9899665713310242, 0.9899665713310242, 0.9904443621635437]}