{"loss": [0.7235985994338989, 0.6802344918251038, 0.6566774845123291, 0.6238960027694702, 0.5799013376235962, 0.5284709930419922, 0.47409042716026306, 0.42007914185523987, 0.36868974566459656, 0.32188206911087036], "accuracy": [0.4965575933456421, 0.4980025589466095, 0.6534636616706848, 0.8123247027397156, 0.8668933510780334, 0.9117721915245056, 0.9368465542793274, 0.9490012526512146, 0.9586060643196106, 0.9654058814048767], "val_loss": [0.6917327642440796, 0.6678080558776855, 0.6394482254981995, 0.5983523726463318, 0.5473902821540833, 0.4914366602897644, 0.4348236918449402, 0.3802401125431061, 0.32979872822761536, 0.2855816185474396], "val_accuracy": [0.5005097389221191, 0.5290520191192627, 0.7512742877006531, 0.8445464372634888, 0.8944954872131348, 0.927115261554718, 0.9439347982406616, 0.9592253565788269, 0.9704384207725525, 0.9755352139472961]}