{"loss": [0.6160776019096375, 0.5207107663154602, 0.46107786893844604, 0.4184070825576782, 0.38713783025741577, 0.3636373281478882, 0.3455972671508789, 0.3314041495323181, 0.32024896144866943, 0.31124430894851685], "accuracy": [0.6369275450706482, 0.8986320495605469, 0.915965735912323, 0.9181749224662781, 0.9184297919273376, 0.9168154001235962, 0.9183448553085327, 0.9176650643348694, 0.9187696576118469, 0.9183448553085327], "val_loss": [0.5540344715118408, 0.4818679094314575, 0.4306773841381073, 0.3934057056903839, 0.365777850151062, 0.3461272418498993, 0.33052313327789307, 0.31880801916122437, 0.30857858061790466, 0.3014290928840637], "val_accuracy": [0.8897515535354614, 0.9130434989929199, 0.9156314730644226, 0.9125258922576904, 0.9104555249214172, 0.9145963191986084, 0.9145963191986084, 0.9161490797996521, 0.9135611057281494, 0.9156314730644226]}