{"loss": [0.7092776298522949, 0.676189661026001, 0.6280244588851929, 0.5500304698944092, 0.4587309956550598, 0.37628066539764404, 0.31012672185897827, 0.25931859016418457, 0.22085723280906677, 0.19173741340637207], "accuracy": [0.30892857909202576, 0.6727041006088257, 0.8922619223594666, 0.9465986490249634, 0.9612244963645935, 0.9660714268684387, 0.9669218063354492, 0.968367338180542, 0.9693027138710022, 0.9694728255271912], "val_loss": [0.6941933631896973, 0.6589384078979492, 0.5963524580001831, 0.5076271891593933, 0.4176780879497528, 0.3417251408100128, 0.2823396623134613, 0.23711949586868286, 0.20308543741703033, 0.17707498371601105], "val_accuracy": [0.48762887716293335, 0.8432989716529846, 0.928350567817688, 0.9520618915557861, 0.9618557095527649, 0.9644330143928528, 0.9680413007736206, 0.9695876836776733, 0.9695876836776733, 0.9690722227096558]}