{"loss": [0.7331216335296631, 0.6999791264533997, 0.6921682953834534, 0.6836123466491699, 0.6664345264434814, 0.6349802017211914, 0.591062068939209, 0.5396100282669067, 0.4848945438861847, 0.43042993545532227], "accuracy": [0.4969424307346344, 0.4969424307346344, 0.5819602608680725, 0.7282147407531738, 0.7045184969902039, 0.7995584011077881, 0.8750637769699097, 0.9462375044822693, 0.9614405035972595, 0.9674707651138306], "val_loss": [0.7065420746803284, 0.6950922012329102, 0.6881932020187378, 0.6763423681259155, 0.6516202092170715, 0.6118572950363159, 0.5626620054244995, 0.5077427625656128, 0.451808363199234, 0.39898625016212463], "val_accuracy": [0.4984646737575531, 0.4984646737575531, 0.837256908416748, 0.8219037652015686, 0.8050153255462646, 0.8295803070068359, 0.9518935084342957, 0.9677584171295166, 0.9769703149795532, 0.983111560344696]}