{"loss": [0.6109421253204346, 0.578960120677948, 0.5531458854675293, 0.5305398106575012, 0.5104460120201111, 0.4924919307231903, 0.4760400056838989, 0.4608667194843292, 0.4467693865299225, 0.4337092936038971, 0.42158111929893494, 0.4102523624897003, 0.3996959328651428, 0.38981592655181885, 0.38052934408187866], "accuracy": [0.5452834963798523, 0.6922945380210876, 0.7940648198127747, 0.8440092206001282, 0.876849353313446, 0.891045868396759, 0.896690309047699, 0.9013939499855042, 0.9036175012588501, 0.9056700468063354, 0.9081501364707947, 0.9088343381881714, 0.9088343381881714, 0.9087488055229187, 0.9096895456314087], "val_loss": [0.5927430987358093, 0.5638019442558289, 0.538962185382843, 0.5169482231140137, 0.49755215644836426, 0.48004716634750366, 0.46392402052879333, 0.44901537895202637, 0.43519294261932373, 0.42234498262405396, 0.41050559282302856, 0.3995894491672516, 0.38927263021469116, 0.37973278760910034, 0.3707382082939148], "val_accuracy": [0.6145194172859192, 0.7372187972068787, 0.8001022338867188, 0.8456032276153564, 0.8675869107246399, 0.8803680539131165, 0.8875255584716797, 0.8926380276679993, 0.8972392678260803, 0.9003067016601562, 0.9018404483795166, 0.9028629660606384, 0.903374195098877, 0.9049079418182373, 0.9054192304611206]}