{"loss": [187.92015075683594, 37.04167175292969, 1.5852020978927612, 0.5702841877937317, 0.40790513157844543, 0.34043148159980774, 0.30089759826660156, 0.2695075571537018, 0.24244509637355804, 0.2220245599746704], "accuracy": [0.5052667260169983, 0.7613550424575806, 0.9613212943077087, 0.9852532148361206, 0.9888767004013062, 0.9914889931678772, 0.9919946193695068, 0.9928373098373413, 0.9930900931358337, 0.9930058121681213], "val_loss": [101.6377182006836, 3.9427871704101562, 0.7341329455375671, 0.527633786201477, 0.44628530740737915, 0.416277676820755, 0.3786519765853882, 0.36993351578712463, 0.36672696471214294, 0.32986709475517273], "val_accuracy": [0.5795628428459167, 0.9196746945381165, 0.9827148914337158, 0.9872903823852539, 0.9898322820663452, 0.9908490777015686, 0.9908490777015686, 0.9913574457168579, 0.9903407096862793, 0.9908490777015686]}