{"loss": [16.06564712524414, 2.28728985786438, 1.3969438076019287, 1.0527448654174805, 0.8636274933815002, 0.7481048107147217, 0.6585333943367004, 0.5914357900619507, 0.5151548981666565, 0.4702114462852478], "accuracy": [0.8059567213058472, 0.9489662051200867, 0.9655398726463318, 0.9724318981170654, 0.976616382598877, 0.9788316488265991, 0.9795700907707214, 0.9800623655319214, 0.981949508190155, 0.9822776913642883], "val_loss": [2.247714042663574, 0.9268848299980164, 0.6148651838302612, 0.4676741659641266, 0.3899403512477875, 0.3964865207672119, 0.3250635862350464, 0.2430378943681717, 0.216807559132576, 0.23768292367458344], "val_accuracy": [0.9457171559333801, 0.9750996232032776, 0.9825697541236877, 0.9860557913780212, 0.9870518445968628, 0.9820717573165894, 0.9860557913780212, 0.988545835018158, 0.9905378818511963, 0.9875498414039612]}