{"loss": [0.6961891055107117, 0.6635664701461792, 0.6413759589195251, 0.6070429682731628, 0.5619276762008667, 0.5103211998939514, 0.45593684911727905, 0.40225809812545776, 0.3518228232860565, 0.30646470189094543], "accuracy": [0.5013061165809631, 0.5288615226745605, 0.6432122588157654, 0.766074001789093, 0.866689145565033, 0.9435409307479858, 0.9720232486724854, 0.9860959053039551, 0.9894666075706482, 0.9913204908370972], "val_loss": [0.6683921813964844, 0.6500284075737, 0.6204797029495239, 0.5778384804725647, 0.5266692042350769, 0.4717741012573242, 0.41622790694236755, 0.3636300563812256, 0.315604567527771, 0.27402448654174805], "val_accuracy": [0.5129639506340027, 0.6232842206954956, 0.7366548776626587, 0.8042705059051514, 0.8962888121604919, 0.9410269856452942, 0.9644128680229187, 0.978139340877533, 0.9847484230995178, 0.9852567911148071]}