{"accuracy": [0.65, 0.77, 0.83, 0.83, 0.85, 0.85, 0.86, 0.84, 0.85, 0.85], "val_accuracy": [0.743, 0.756, 0.769, 0.775, 0.78, 0.783, 0.783, 0.783, 0.79, 0.795], "loss": [93.28399999999999, 57.59199999999999, 51.53199999999999, 50.48, 47.760000000000005, 48.42399999999999, 47.16400000000002, 48.30800000000001, 47.76800000000001, 48.65600000000002], "val_loss": [647.02, 614.4480000000002, 591.2759999999993, 577.9360000000005, 578.1480000000014, 573.764, 562.8800000000005, 563.9160000000002, 553.3640000000005, 554.1760000000006]}