{"loss": [236.5177459716797, 84.83683776855469, 22.593143463134766, 0.5158181190490723, 0.1729402393102646, 0.14948633313179016, 0.13148130476474762, 0.11656176298856735, 0.10362599790096283, 0.09272371232509613], "accuracy": [0.12075503915548325, 0.45858263969421387, 0.5224572420120239, 0.9079801440238953, 0.9764894247055054, 0.9822195768356323, 0.9845790863037109, 0.9860116243362427, 0.9858431220054626, 0.9871070981025696], "val_loss": [137.86485290527344, 50.636226654052734, 4.596678256988525, 0.1892586648464203, 0.16186511516571045, 0.1437801867723465, 0.12794992327690125, 0.11547374725341797, 0.10431249439716339, 0.09464748948812485], "val_accuracy": [0.47330963611602783, 0.5073716640472412, 0.5648195743560791, 0.9679716229438782, 0.9750890135765076, 0.9791561365127563, 0.9811897277832031, 0.9811897277832031, 0.9827148914337158, 0.9837316274642944]}