{"accuracy": [0.68, 0.89, 0.9, 0.92, 0.92, 0.92, 0.9, 0.92, 0.91, 0.91], "val_accuracy": [0.823, 0.857, 0.877, 0.889, 0.886, 0.886, 0.895, 0.901, 0.89, 0.904], "loss": [88.05600000000005, 40.447999999999986, 36.008, 34.04000000000002, 33.184, 32.428000000000004, 33.46000000000003, 32.74400000000001, 32.116, 32.10800000000001], "val_loss": [492.0960000000014, 415.8240000000007, 373.82400000000075, 355.85600000000113, 357.68800000000044, 355.49200000000076, 355.84400000000136, 345.68800000000067, 358.648, 348.4200000000004]}