{"loss": [0.6955141425132751, 0.593902587890625, 0.5161550641059875, 0.4560736119747162, 0.408830851316452, 0.3706580400466919, 0.33917436003685, 0.31282946467399597, 0.29026463627815247, 0.27068859338760376], "accuracy": [0.4268912672996521, 0.8533057570457458, 0.9715511202812195, 0.9783057570457458, 0.9796566963195801, 0.9795772433280945, 0.9808486700057983, 0.9813254475593567, 0.981961190700531, 0.9817227721214294], "val_loss": [0.6389678120613098, 0.5500394701957703, 0.48139816522598267, 0.4282485246658325, 0.3858284652233124, 0.3510703444480896, 0.3222680985927582, 0.29784801602363586, 0.2767430543899536, 0.25829842686653137], "val_accuracy": [0.6745394468307495, 0.9674067497253418, 0.980633020401001, 0.981105387210846, 0.9858290553092957, 0.9858290553092957, 0.9863014221191406, 0.9858290553092957, 0.9858290553092957, 0.9858290553092957]}