{"loss": [0.6989033222198486, 0.6289960741996765, 0.5606221556663513, 0.4827430546283722, 0.40527814626693726, 0.33237388730049133, 0.2666217088699341, 0.2116246521472931, 0.16843171417713165, 0.1353875994682312], "accuracy": [0.4676668047904968, 0.819344699382782, 0.9876826405525208, 0.9953415393829346, 0.995736300945282, 0.9958152770996094, 0.9962100386619568, 0.9966838359832764, 0.9966838359832764, 0.9966838359832764], "val_loss": [0.6597386002540588, 0.5989376306533813, 0.5238019824028015, 0.4447203278541565, 0.36866873502731323, 0.2980937659740448, 0.23653483390808105, 0.18692012131214142, 0.14861302077770233, 0.1193852573633194], "val_accuracy": [0.46335697174072266, 0.9749408960342407, 0.9957446455955505, 0.9971631169319153, 0.9976359009742737, 0.9976359009742737, 0.9976359009742737, 0.9976359009742737, 0.9976359009742737, 0.9976359009742737]}