{"loss": [17.127540588378906, 11.325135231018066, 6.55510950088501, 2.8036489486694336, 1.098757266998291, 0.781567394733429, 0.5369556546211243, 0.4633399248123169, 0.46161317825317383, 0.46368926763534546], "accuracy": [0.7427797913551331, 0.7536921501159668, 0.7664916515350342, 0.7772399187088013, 0.781424343585968, 0.7842960357666016, 0.7758451104164124, 0.7707581520080566, 0.7691171765327454, 0.7689530849456787], "val_loss": [14.976338386535645, 8.91992473602295, 4.510599136352539, 1.307225227355957, 0.8496735692024231, 0.5600990056991577, 0.4522351622581482, 0.4490211308002472, 0.44718629121780396, 0.45811182260513306], "val_accuracy": [0.7365537881851196, 0.7475099563598633, 0.7684262990951538, 0.7923306822776794, 0.7928286790847778, 0.7883466482162476, 0.775896430015564, 0.7749004364013672, 0.7773904800415039, 0.7549800872802734]}