{"loss": [0.4905358850955963, 0.23502598702907562, 0.14716894924640656, 0.10871461033821106, 0.0886152982711792, 0.07710961997509003, 0.07005668431520462, 0.06531254202127457, 0.06240393966436386, 0.06008380278944969], "accuracy": [0.932708203792572, 0.9741548895835876, 0.9805373549461365, 0.9851075410842896, 0.9862106442451477, 0.9875501990318298, 0.9879441857337952, 0.9878653883934021, 0.988889753818512, 0.9892048835754395], "val_loss": [0.31500324606895447, 0.17268653213977814, 0.11551643908023834, 0.08704598248004913, 0.0714714452624321, 0.06184261664748192, 0.055867139250040054, 0.051711730659008026, 0.04895608872175217, 0.046910904347896576], "val_accuracy": [0.9706156253814697, 0.9822760820388794, 0.9874066710472107, 0.9906716346740723, 0.9906716346740723, 0.9906716346740723, 0.9902052283287048, 0.9902052283287048, 0.9902052283287048, 0.9902052283287048]}