{"loss": [118.01568603515625, 7.424323081970215, 2.036576509475708, 1.2071130275726318, 0.8728237748146057, 0.7046386003494263, 0.6107357144355774, 0.5469802021980286, 0.49847859144210815, 0.4574499726295471], "accuracy": [0.4773271679878235, 0.7844222187995911, 0.8567770719528198, 0.9418518543243408, 0.9518460631370544, 0.9564714431762695, 0.9583712220191956, 0.9585363864898682, 0.9565540552139282, 0.9573800563812256], "val_loss": [19.54932403564453, 2.513749599456787, 1.1938732862472534, 0.8398852944374084, 0.6550955176353455, 0.5527917742729187, 0.503233790397644, 0.41835978627204895, 0.38067907094955444, 0.33214518427848816], "val_accuracy": [0.702487587928772, 0.8522388339042664, 0.9388059973716736, 0.9552239179611206, 0.9572139978408813, 0.9592040181159973, 0.9616915583610535, 0.9671642184257507, 0.9676617383956909, 0.9661691784858704]}