{"loss": [2.772287368774414, 0.8199582099914551, 0.6450773477554321, 0.6043953895568848, 0.5332543849945068, 0.5355305671691895, 0.4991850256919861, 0.4645952880382538, 0.4492262005805969, 0.392014741897583], "accuracy": [0.9368829727172852, 0.9746121764183044, 0.9807828068733215, 0.9804302453994751, 0.9821051359176636, 0.9821051359176636, 0.9821051359176636, 0.983339250087738, 0.9840444326400757, 0.9849259853363037], "val_loss": [0.7367573380470276, 0.5504980087280273, 0.4878924787044525, 0.42782169580459595, 0.6309436559677124, 0.3385409414768219, 0.4462844431400299, 0.3598218858242035, 0.4360996186733246, 0.38465967774391174], "val_accuracy": [0.9813034534454346, 0.9861111640930176, 0.9855769872665405, 0.9855769872665405, 0.9823718667030334, 0.9882479310035706, 0.9834402203559875, 0.9871795177459717, 0.9850428104400635, 0.9877136945724487]}