{"loss": [0.7223058938980103, 0.6986625790596008, 0.6954339742660522, 0.6936234831809998, 0.6916841864585876, 0.6894758343696594, 0.6865485906600952, 0.6823259592056274, 0.6757103204727173, 0.666416347026825], "accuracy": [0.49546265602111816, 0.45958784222602844, 0.44025105237960815, 0.4780765175819397, 0.526672899723053, 0.5887541770935059, 0.6358239650726318, 0.6743279099464417, 0.6973963379859924, 0.6981596350669861], "val_loss": [0.7024815082550049, 0.6961376667022705, 0.6938453912734985, 0.6917924284934998, 0.6895516514778137, 0.6867213249206543, 0.6828405857086182, 0.6769236326217651, 0.6680183410644531, 0.6560000777244568], "val_accuracy": [0.4932194948196411, 0.4359618127346039, 0.476644903421402, 0.5238573551177979, 0.5695630311965942, 0.6363636255264282, 0.675037682056427, 0.6896032094955444, 0.7071822881698608, 0.710698127746582]}