{"loss": [29.23477554321289, 6.802765369415283, 4.286462306976318, 3.188206911087036, 2.5697672367095947, 2.146141529083252, 1.8163233995437622, 1.552458643913269, 1.3162686824798584, 1.0891609191894531], "accuracy": [0.6899197697639465, 0.8775905966758728, 0.9036070108413696, 0.913837194442749, 0.9205397367477417, 0.9237146377563477, 0.9278596043586731, 0.9275068044662476, 0.9275068044662476, 0.9303289651870728], "val_loss": [8.640654563903809, 4.5632829666137695, 3.2767465114593506, 2.6964926719665527, 2.264519214630127, 1.904138445854187, 1.6574033498764038, 1.527565598487854, 1.2551380395889282, 0.9505074620246887], "val_accuracy": [0.861621618270874, 0.9097297787666321, 0.9270270466804504, 0.9281081557273865, 0.9345946311950684, 0.9340540766716003, 0.9383783936500549, 0.9362162351608276, 0.931891918182373, 0.9340540766716003]}