{"accuracy": [0.62, 0.72, 0.73, 0.75, 0.77, 0.76, 0.82, 0.82, 0.81, 0.8], "val_accuracy": [0.701, 0.701, 0.719, 0.73, 0.775, 0.784, 0.791, 0.797, 0.804, 0.808], "loss": [88.54800000000002, 65.536, 63.344, 60.61600000000003, 59.47599999999999, 58.020000000000024, 57.299999999999976, 56.61200000000001, 53.54000000000002, 53.38400000000001], "val_loss": [742.2879999999998, 719.411999999999, 684.6920000000001, 674.5239999999995, 614.3880000000007, 598.756, 598.9120000000005, 580.6999999999998, 581.8759999999988, 578.8640000000017]}