{"accuracy": [0.68, 0.91, 0.91, 0.93, 0.93, 0.93, 0.93, 0.93, 0.92, 0.93], "val_accuracy": [0.806, 0.837, 0.848, 0.884, 0.876, 0.871, 0.873, 0.876, 0.875, 0.879], "loss": [87.24799999999998, 37.996000000000016, 33.63999999999998, 33.808, 32.192000000000014, 32.560000000000024, 32.29599999999999, 30.632000000000005, 30.52, 31.703999999999986], "val_loss": [608.8879999999999, 523.1720000000006, 463.584000000001, 367.4560000000005, 380.152000000001, 392.1000000000009, 401.6840000000009, 382.8840000000005, 396.44000000000096, 377.256000000001]}