{"loss": [0.7065829634666443, 0.6947382092475891, 0.682449996471405, 0.6648255586624146, 0.6388271450996399, 0.6053640842437744, 0.5665978789329529, 0.5247364640235901, 0.48165225982666016, 0.439529150724411], "accuracy": [0.42623791098594666, 0.46070295572280884, 0.7601984143257141, 0.8990848660469055, 0.9313263893127441, 0.9403916597366333, 0.9441546201705933, 0.9431283473968506, 0.9415889382362366, 0.9426152110099792], "val_loss": [0.7008525729179382, 0.6893276572227478, 0.674289882183075, 0.6518346667289734, 0.6205422282218933, 0.5825529098510742, 0.5409590601921082, 0.4967917799949646, 0.45280593633651733, 0.4113849401473999], "val_accuracy": [0.2934560179710388, 0.6150306463241577, 0.8563394546508789, 0.9263803362846375, 0.9437627792358398, 0.9478527307510376, 0.9376277923583984, 0.9396727681159973, 0.9422290325164795, 0.9422290325164795]}