{"loss": [0.6972212195396423, 0.6891548037528992, 0.679572582244873, 0.6616517901420593, 0.6362494826316833, 0.6056985259056091, 0.5718668699264526, 0.5362730622291565, 0.50071781873703, 0.466956228017807], "accuracy": [0.487064003944397, 0.6170787215232849, 0.7087767720222473, 0.7736204266548157, 0.8216800093650818, 0.853938102722168, 0.8736695647239685, 0.8789094090461731, 0.8876698613166809, 0.8925004005432129], "val_loss": [0.6909499168395996, 0.684222400188446, 0.6687934994697571, 0.6444748640060425, 0.6134163737297058, 0.5784457325935364, 0.5405558347702026, 0.5025225877761841, 0.46628135442733765, 0.4321812391281128], "val_accuracy": [0.4953363239765167, 0.6018655300140381, 0.7432499527931213, 0.8453608751296997, 0.8708886504173279, 0.8890526294708252, 0.8919981122016907, 0.9003437161445618, 0.9027982950210571, 0.9042710661888123]}