{"loss": [0.3025243580341339, 0.21677051484584808, 0.1687396764755249, 0.14043498039245605, 0.1229081004858017, 0.11159323155879974, 0.10413940995931625, 0.09911736845970154, 0.0957176461815834, 0.09335970878601074], "accuracy": [0.9735245108604431, 0.9728941321372986, 0.9725789427757263, 0.972263753414154, 0.972263753414154, 0.9724213480949402, 0.972263753414154, 0.9724213480949402, 0.9723425507545471, 0.972184956073761], "val_loss": [0.24180451035499573, 0.17734672129154205, 0.13979831337928772, 0.11663253605365753, 0.10179819911718369, 0.09191074222326279, 0.08511267602443695, 0.080322265625, 0.07704698294401169, 0.0746370479464531], "val_accuracy": [0.9799439907073975, 0.9799439907073975, 0.9790111780166626, 0.9790111780166626, 0.9790111780166626, 0.9790111780166626, 0.9790111780166626, 0.9790111780166626, 0.9790111780166626, 0.9790111780166626]}