{"loss": [0.6970165371894836, 0.6910830140113831, 0.6826534867286682, 0.6614840626716614, 0.6201676726341248, 0.5599958300590515, 0.49287885427474976, 0.42811644077301025, 0.3703031837940216, 0.32090240716934204], "accuracy": [0.46590298414230347, 0.518336296081543, 0.518336296081543, 0.5506266355514526, 0.7761974930763245, 0.9028216004371643, 0.9365726709365845, 0.9484124183654785, 0.9532560110092163, 0.9570232033729553], "val_loss": [0.6929177045822144, 0.6875844597816467, 0.6735891103744507, 0.6427186727523804, 0.5893521308898926, 0.522642970085144, 0.4547065496444702, 0.39257219433784485, 0.33889076113700867, 0.2939938008785248], "val_accuracy": [0.5247341990470886, 0.5247341990470886, 0.5247341990470886, 0.6699029207229614, 0.8853444457054138, 0.9311141967773438, 0.9366620779037476, 0.9463708400726318, 0.9514563679695129, 0.9546926021575928]}