{"loss": [0.7270477414131165, 0.6866218447685242, 0.6793181300163269, 0.6734063625335693, 0.6659241318702698, 0.6563913822174072, 0.6441250443458557, 0.6291926503181458, 0.6120926737785339, 0.5934059023857117], "accuracy": [0.5190738439559937, 0.5190738439559937, 0.5190738439559937, 0.5197835564613342, 0.5414301156997681, 0.5752306580543518, 0.6570262908935547, 0.7019162774085999, 0.7463626861572266, 0.7685415148735046], "val_loss": [0.6934903264045715, 0.6823959946632385, 0.6771475672721863, 0.6708285808563232, 0.6626010537147522, 0.6520311236381531, 0.6385929584503174, 0.623170793056488, 0.6052669286727905, 0.5863637328147888], "val_accuracy": [0.5219721794128418, 0.5219721794128418, 0.5219721794128418, 0.5273312330245972, 0.5514469742774963, 0.658092200756073, 0.705251932144165, 0.762057900428772, 0.769024670124054, 0.7840300798416138]}