{"loss": [2.980308771133423, 0.6810363531112671, 0.4784255921840668, 0.3538709878921509, 0.29254409670829773, 0.2569092810153961, 0.2036636471748352, 0.19313564896583557, 0.16399939358234406, 0.1588796079158783], "accuracy": [0.9398104548454285, 0.9857030510902405, 0.9882307052612305, 0.9911532998085022, 0.9921801686286926, 0.9913902282714844, 0.9930490255355835, 0.9932860136032104, 0.9943918585777283, 0.9944708347320557], "val_loss": [0.592886745929718, 0.42242151498794556, 0.38805854320526123, 0.4347362220287323, 0.3842490017414093, 0.3659442365169525, 0.41509270668029785, 0.3664730489253998, 0.33898669481277466, 0.33728140592575073], "val_accuracy": [0.9861443042755127, 0.9909221529960632, 0.992355465888977, 0.9928332567214966, 0.9933110475540161, 0.9928332567214966, 0.9937888383865356, 0.9937888383865356, 0.9933110475540161, 0.9937888383865356]}