{"accuracy": [0.78, 0.94, 0.94, 0.96, 0.93, 0.94, 0.95, 0.95, 0.95, 0.95], "val_accuracy": [0.919, 0.927, 0.936, 0.929, 0.918, 0.928, 0.931, 0.928, 0.935, 0.932], "loss": [67.88800000000002, 30.123999999999995, 28.003999999999998, 28.456, 26.848000000000006, 28.63199999999999, 26.84000000000001, 27.471999999999998, 27.099999999999984, 25.30800000000001], "val_loss": [362.8040000000004, 325.4960000000004, 310.80000000000064, 305.71600000000086, 330.93200000000036, 298.61999999999995, 292.06800000000084, 291.82400000000075, 268.1280000000002, 286.8120000000006]}