{"loss": [5.120858192443848, 0.4554888606071472, 0.2680961489677429, 0.19498248398303986, 0.16933974623680115, 0.12667252123355865, 0.10250496119260788, 0.08801887929439545, 0.09749116003513336, 0.07690010219812393], "accuracy": [0.935347318649292, 0.988048791885376, 0.9917835593223572, 0.9939414262771606, 0.9941903948783875, 0.9952692985534668, 0.9965142607688904, 0.9956843256950378, 0.9963482618331909, 0.9966802597045898], "val_loss": [0.2877940237522125, 0.18718568980693817, 0.09520527720451355, 0.044469140470027924, 0.05300866439938545, 0.06954196840524673, 0.10575391352176666, 0.085648313164711, 0.1319536566734314, 0.16423554718494415], "val_accuracy": [0.9898374676704407, 0.9908537268638611, 0.9959350228309631, 0.9954268932342529, 0.9944106340408325, 0.9944106340408325, 0.9933943748474121, 0.9954268932342529, 0.9933943748474121, 0.9939025044441223]}