{"loss": [0.804233729839325, 0.6764971017837524, 0.5888116359710693, 0.5200487971305847, 0.465099960565567, 0.42055127024650574, 0.38396525382995605, 0.353336900472641, 0.32741352915763855, 0.30512675642967224], "accuracy": [0.46875736117362976, 0.5018516778945923, 0.7023875117301941, 0.8508391380310059, 0.9178157448768616, 0.9490189552307129, 0.9559530019760132, 0.9632810354232788, 0.9682451486587524, 0.9702150821685791], "val_loss": [0.7280102968215942, 0.628526508808136, 0.5510338544845581, 0.48903119564056396, 0.4387151896953583, 0.39735692739486694, 0.3626611530780792, 0.33315739035606384, 0.3078674376010895, 0.28585121035575867], "val_accuracy": [0.4706156551837921, 0.5564365386962891, 0.8003731369972229, 0.8969216346740723, 0.954291045665741, 0.9570895433425903, 0.9664179086685181, 0.9701492190361023, 0.9720149040222168, 0.9729477167129517]}