{"loss": [121.05167388916016, 40.89805603027344, 15.534956932067871, 7.892938613891602, 4.815962791442871, 3.180539846420288, 2.2593259811401367, 1.6901673078536987, 1.3101201057434082, 1.0587314367294312], "accuracy": [0.7145866751670837, 0.8454537987709045, 0.920367419719696, 0.9559282064437866, 0.9712648391723633, 0.979607343673706, 0.9850004315376282, 0.9882868528366089, 0.9908148646354675, 0.9917418360710144], "val_loss": [66.43634033203125, 22.454200744628906, 10.676567077636719, 6.40224027633667, 4.285130977630615, 3.1076245307922363, 2.484583854675293, 2.13871693611145, 1.874919056892395, 1.6671361923217773], "val_accuracy": [0.8042705059051514, 0.9049314260482788, 0.9486528635025024, 0.9649212956428528, 0.976105809211731, 0.9816980957984924, 0.9847484230995178, 0.9847484230995178, 0.9847484230995178, 0.9872903823852539]}