{"loss": [11.4166259765625, 1.6883405447006226, 0.8900717496871948, 0.651273250579834, 0.5625647902488708, 0.502809464931488, 0.44961920380592346, 0.37635448575019836, 0.30616891384124756, 0.2590145468711853], "accuracy": [0.7349987626075745, 0.891609251499176, 0.8469582796096802, 0.8050460815429688, 0.7893601059913635, 0.7995684146881104, 0.8224748969078064, 0.8738484382629395, 0.9089550971984863, 0.9289567470550537], "val_loss": [2.071512222290039, 1.055240511894226, 0.6165546774864197, 0.5320530533790588, 0.46665188670158386, 0.43045559525489807, 0.38206586241722107, 0.33236685395240784, 0.2787248492240906, 0.24496765434741974], "val_accuracy": [0.8963415622711182, 0.8938008546829224, 0.8394309878349304, 0.8185976147651672, 0.8252032995223999, 0.8221545219421387, 0.8663618564605713, 0.9014228582382202, 0.938008189201355, 0.9441057443618774]}