{"loss": [0.5332614183425903, 0.4713680148124695, 0.4339718818664551, 0.40727436542510986, 0.3877026438713074, 0.3729548752307892, 0.3617711663246155, 0.3531953990459442, 0.346489816904068, 0.3413105309009552], "accuracy": [0.7951598167419434, 0.9125299453735352, 0.9272322058677673, 0.9297927021980286, 0.9320228099822998, 0.9330965876579285, 0.9335921406745911, 0.9336747527122498, 0.9336747527122498, 0.9336747527122498], "val_loss": [0.48885679244995117, 0.43918484449386597, 0.40486809611320496, 0.37913164496421814, 0.35940003395080566, 0.3440479338169098, 0.331980437040329, 0.3224528729915619, 0.31465214490890503, 0.3084370791912079], "val_accuracy": [0.8945273756980896, 0.9308457970619202, 0.9343283772468567, 0.9407960772514343, 0.9427860975265503, 0.9457712173461914, 0.9472637176513672, 0.9482587575912476, 0.9492537975311279, 0.9487562775611877]}