{"loss": [0.8242964148521423, 0.6967142224311829, 0.5989197492599487, 0.5236935615539551, 0.4650999903678894, 0.4182988703250885, 0.38006114959716797, 0.34829288721084595, 0.32127708196640015, 0.2979942858219147], "accuracy": [0.4441353976726532, 0.561029851436615, 0.6906388998031616, 0.8093611001968384, 0.8552924394607544, 0.8959789872169495, 0.9296725988388062, 0.9476318955421448, 0.9639224410057068, 0.9690082669258118], "val_loss": [0.7558941841125488, 0.6460167169570923, 0.5611818432807922, 0.49560877680778503, 0.4434957504272461, 0.40107715129852295, 0.3660045564174652, 0.33632907271385193, 0.31080713868141174, 0.2884022891521454], "val_accuracy": [0.46386396884918213, 0.6216344237327576, 0.7704299092292786, 0.815777063369751, 0.8729334473609924, 0.9234766364097595, 0.9470949769020081, 0.9603212475776672, 0.9683514833450317, 0.9759093523025513]}