{"loss": [0.6957186460494995, 0.6616079807281494, 0.6084333658218384, 0.526874303817749, 0.4391423463821411, 0.3625015616416931, 0.3015119731426239, 0.25432470440864563, 0.2178484946489334, 0.18934638798236847], "accuracy": [0.535545825958252, 0.86295485496521, 0.961842954158783, 0.9780154824256897, 0.9779312610626221, 0.9778470396995544, 0.9778470396995544, 0.9775943160057068, 0.9785208702087402, 0.979194700717926], "val_loss": [0.6793209314346313, 0.6403476595878601, 0.5697855353355408, 0.47986486554145813, 0.39497342705726624, 0.32546287775039673, 0.27126097679138184, 0.2296982705593109, 0.19743067026138306, 0.1720840334892273], "val_accuracy": [0.7194570302963257, 0.9487180113792419, 0.9743590354919434, 0.9783811569213867, 0.9793866872787476, 0.9783811569213867, 0.9783811569213867, 0.9783811569213867, 0.9788839221000671, 0.9793866872787476]}