{"loss": [0.7057859897613525, 0.5709921717643738, 0.48452016711235046, 0.41925665736198425, 0.36786359548568726, 0.3265436589717865, 0.2927534580230713, 0.26460784673690796, 0.2409111112356186, 0.22075898945331573], "accuracy": [0.5283570289611816, 0.7966824769973755, 0.9545024037361145, 0.9879937171936035, 0.9926540851593018, 0.9931280016899109, 0.9925751090049744, 0.9925751090049744, 0.9921801686286926, 0.9923381209373474], "val_loss": [0.6162033081054688, 0.512000560760498, 0.4362592101097107, 0.37746289372444153, 0.3307049870491028, 0.29300859570503235, 0.2612440586090088, 0.2353413701057434, 0.21308715641498566, 0.1945551186800003], "val_accuracy": [0.5871953964233398, 0.9307214617729187, 0.9890109896659851, 0.9933110475540161, 0.9947444200515747, 0.9942666292190552, 0.9942666292190552, 0.9937888383865356, 0.9937888383865356, 0.9937888383865356]}