{"loss": [0.7566180229187012, 0.6895194053649902, 0.6773533821105957, 0.6669636964797974, 0.6514419317245483, 0.628279447555542, 0.595900297164917, 0.5547670722007751, 0.508091151714325, 0.4594248831272125], "accuracy": [0.5088388919830322, 0.5088388919830322, 0.5526599884033203, 0.6574819684028625, 0.676155686378479, 0.7887791395187378, 0.8501120209693909, 0.9181674718856812, 0.9495393633842468, 0.9619055390357971], "val_loss": [0.6988059878349304, 0.6782245635986328, 0.6687241196632385, 0.6553052067756653, 0.6350207328796387, 0.6057687401771545, 0.566616952419281, 0.5202211141586304, 0.47041523456573486, 0.41998982429504395], "val_accuracy": [0.5132114291191101, 0.5132114291191101, 0.6610772609710693, 0.6753049492835999, 0.7545732259750366, 0.8023374676704407, 0.8887195587158203, 0.9288618564605713, 0.9476626515388489, 0.9654472470283508]}