{"loss": [0.4109514057636261, 0.30248022079467773, 0.23933862149715424, 0.19291499257087708, 0.15316401422023773, 0.12558044493198395, 0.11256520450115204, 0.09212711453437805, 0.08953054249286652, 0.0779532715678215], "accuracy": [0.9587404727935791, 0.9835463166236877, 0.986469566822052, 0.9896433353424072, 0.9923160672187805, 0.9928171634674072, 0.9898104071617126, 0.9906455874443054, 0.9853837490081787, 0.9897269010543823], "val_loss": [0.33303597569465637, 0.25593146681785583, 0.20587068796157837, 0.16897517442703247, 0.13621948659420013, 0.1143515482544899, 0.1028844490647316, 0.08173521608114243, 0.0782725140452385, 0.06709249317646027], "val_accuracy": [0.9869478940963745, 0.9934739470481873, 0.9929719567298889, 0.9919679760932922, 0.994979977607727, 0.9939759969711304, 0.989457905292511, 0.994979977607727, 0.9914659261703491, 0.9929719567298889]}