{"loss": [55.33970260620117, 19.94198989868164, 8.813064575195312, 5.012214660644531, 3.3819313049316406, 2.5665621757507324, 2.0715410709381104, 1.6356871128082275, 1.1890352964401245, 0.6875107288360596], "accuracy": [0.6451157927513123, 0.8068719506263733, 0.8861316442489624, 0.9222342371940613, 0.9375051856040955, 0.9457216262817383, 0.9487094283103943, 0.9494563937187195, 0.9504523277282715, 0.9510332942008972], "val_loss": [36.16956329345703, 14.009180068969727, 7.1227126121521, 4.3287835121154785, 3.041327714920044, 2.286818265914917, 1.7526931762695312, 1.315145492553711, 0.873440146446228, 0.38038623332977295], "val_accuracy": [0.710365891456604, 0.8455285429954529, 0.9019309878349304, 0.9293699860572815, 0.9400407075881958, 0.9456301331520081, 0.9486789107322693, 0.9512195587158203, 0.9507114291191101, 0.9512195587158203]}