{"loss": [0.7529874444007874, 0.6705737709999084, 0.6273619532585144, 0.5920973420143127, 0.5603170990943909, 0.5306732654571533, 0.5030259490013123, 0.4773436188697815, 0.453401118516922, 0.43130192160606384, 0.41074255108833313, 0.3915354609489441, 0.37359359860420227, 0.3567975163459778, 0.3411215543746948], "accuracy": [0.48971670866012573, 0.5974229574203491, 0.7009168267250061, 0.7695547938346863, 0.8197736740112305, 0.8577682375907898, 0.8887420296669006, 0.9080697298049927, 0.9238457083702087, 0.9341703057289124, 0.9414388537406921, 0.947055459022522, 0.9521764516830444, 0.9549021124839783, 0.9577929973602295], "val_loss": [0.6866334676742554, 0.6409257054328918, 0.6048298478126526, 0.5718660950660706, 0.5413879156112671, 0.5124873518943787, 0.4855521619319916, 0.4607219099998474, 0.4373626708984375, 0.41595879197120667, 0.3963439464569092, 0.37760740518569946, 0.36034154891967773, 0.3439304232597351, 0.3291771709918976], "val_accuracy": [0.5527363419532776, 0.6611940860748291, 0.7288557291030884, 0.7895522713661194, 0.8388060331344604, 0.8875622153282166, 0.91890549659729, 0.9363184571266174, 0.9482587575912476, 0.9582089781761169, 0.9626865983009338, 0.963184118270874, 0.9651741981506348, 0.9661691784858704, 0.9701492786407471]}