{"loss": [5.648431301116943, 1.3290714025497437, 0.8730286359786987, 0.8001452088356018, 0.6657403111457825, 0.472148060798645, 0.5394119620323181, 0.41333121061325073, 0.3436390459537506, 0.2856016159057617], "accuracy": [0.8915726542472839, 0.9508991837501526, 0.9591854810714722, 0.9617419242858887, 0.9655324816703796, 0.9722320437431335, 0.9694993495941162, 0.9730254411697388, 0.9750529527664185, 0.9784908890724182], "val_loss": [1.6612067222595215, 1.0124709606170654, 0.9621972441673279, 0.6549090147018433, 0.5933858156204224, 0.5044314861297607, 0.6198658347129822, 0.4917047917842865, 0.5480482578277588, 0.4620251953601837], "val_accuracy": [0.9529914855957031, 0.9556624293327332, 0.9588675498962402, 0.9706196784973145, 0.9700855016708374, 0.9738248586654663, 0.9754273891448975, 0.9738248586654663, 0.9780983328819275, 0.9786325097084045]}