{"loss": [0.6859577894210815, 0.6451108455657959, 0.6090915203094482, 0.5641698241233826, 0.5129674673080444, 0.460092157125473, 0.41041672229766846, 0.3671838343143463, 0.33127856254577637, 0.3021939694881439], "accuracy": [0.48125937581062317, 0.6860393285751343, 0.8285562992095947, 0.8715935945510864, 0.899550199508667, 0.9150718450546265, 0.9238027930259705, 0.9292706847190857, 0.9320927858352661, 0.9339447617530823], "val_loss": [0.6561019420623779, 0.6230964660644531, 0.5805181264877319, 0.5298963785171509, 0.47535184025764465, 0.42250457406044006, 0.3754518926143646, 0.3361155688762665, 0.3048006296157837, 0.279127836227417], "val_accuracy": [0.5394594669342041, 0.846486508846283, 0.8886486887931824, 0.9054054021835327, 0.9178378582000732, 0.9227027297019958, 0.9302703142166138, 0.9297297596931458, 0.9335135221481323, 0.9340540766716003]}