{"loss": [67.72970581054688, 4.016787052154541, 1.3589024543762207, 0.7811164855957031, 0.5865319967269897, 0.48848971724510193, 0.42373278737068176, 0.3790171146392822, 0.34807273745536804, 0.32044142484664917], "accuracy": [0.6554885506629944, 0.9055917859077454, 0.9411084651947021, 0.9491203427314758, 0.9534980058670044, 0.9550673365592957, 0.9563062787055969, 0.9571322202682495, 0.9577929973602295, 0.9577929973602295], "val_loss": [8.232691764831543, 1.5744247436523438, 0.7072787284851074, 0.5343973636627197, 0.4698050022125244, 0.42187047004699707, 0.38484424352645874, 0.3573594391345978, 0.33074480295181274, 0.3182393014431], "val_accuracy": [0.8393034934997559, 0.9248756766319275, 0.9427860975265503, 0.9457712173461914, 0.9477612376213074, 0.9492537975311279, 0.9527363777160645, 0.9537314176559448, 0.9547263979911804, 0.9552239179611206]}