{"accuracy": [0.6, 0.84, 0.87, 0.93, 0.92, 0.94, 0.94, 0.94, 0.95, 0.95], "val_accuracy": [0.822, 0.827, 0.863, 0.909, 0.934, 0.938, 0.933, 0.928, 0.932, 0.933], "loss": [97.644, 56.02, 50.388, 39.35199999999999, 32.58, 32.00000000000001, 31.335999999999995, 31.263999999999992, 31.464000000000006, 31.96400000000001], "val_loss": [604.5240000000002, 583.8400000000001, 489.29199999999935, 358.28000000000026, 315.6360000000005, 314.2160000000005, 310.58800000000076, 307.4479999999999, 301.84800000000035, 303.94800000000066]}