{"loss": [0.5688767433166504, 0.4736742079257965, 0.40780431032180786, 0.35792839527130127, 0.31914418935775757, 0.2881854474544525, 0.26289352774620056, 0.24183234572410583, 0.22415533661842346, 0.20908142626285553], "accuracy": [0.723171055316925, 0.8831676840782166, 0.9248024821281433, 0.943240761756897, 0.9535220265388489, 0.9571756720542908, 0.9626137018203735, 0.964652955532074, 0.9675418734550476, 0.9694961905479431], "val_loss": [0.49451369047164917, 0.41732004284858704, 0.3593755066394806, 0.314739853143692, 0.2794753313064575, 0.252044677734375, 0.2288030982017517, 0.21012645959854126, 0.19338005781173706, 0.17997995018959045], "val_accuracy": [0.8990683555603027, 0.9404761791229248, 0.9523809552192688, 0.9596273303031921, 0.9637681245803833, 0.9658385515213013, 0.967391312122345, 0.9704968929290771, 0.9704968929290771, 0.9710144996643066]}