{"loss": [18.2248477935791, 11.363564491271973, 7.463511943817139, 4.855417728424072, 3.235283851623535, 2.2674760818481445, 1.5494177341461182, 0.9307652115821838, 0.42546913027763367, 0.2955722510814667], "accuracy": [0.7258294224739075, 0.7992101311683655, 0.8323854804039001, 0.8602685928344727, 0.8875987529754639, 0.8954187035560608, 0.8984992504119873, 0.8989731669425964, 0.8981043100357056, 0.8958926200866699], "val_loss": [13.233728408813477, 8.581372261047363, 5.717489719390869, 3.8366715908050537, 2.6668527126312256, 1.8459978103637695, 1.1616865396499634, 0.5997521877288818, 0.2866871953010559, 0.2851601243019104], "val_accuracy": [0.7873865365982056, 0.8279981017112732, 0.855231761932373, 0.8776875138282776, 0.8996655344963074, 0.9039655923843384, 0.9025322794914246, 0.905398964881897, 0.8996655344963074, 0.9039655923843384]}