{"loss": [4.7667717933654785, 0.9195267558097839, 0.7032116055488586, 0.6405937075614929, 0.5144531726837158, 0.4877367317676544, 0.48459213972091675, 0.4464097321033478, 0.4411854147911072, 0.39888110756874084], "accuracy": [0.9164316058158875, 0.9742595553398132, 0.9789316058158875, 0.9791079163551331, 0.9811354279518127, 0.9828103184700012, 0.983339250087738, 0.9838681817054749, 0.9852786064147949, 0.983780026435852], "val_loss": [0.7166779637336731, 0.3718069791793823, 0.4095308482646942, 0.2834511399269104, 0.41709914803504944, 0.2706702947616577, 0.42616167664527893, 0.3240514397621155, 0.24981918931007385, 0.27107393741607666], "val_accuracy": [0.9732906222343445, 0.9855769872665405, 0.9834402203559875, 0.9898504614830017, 0.9871795177459717, 0.9882479310035706, 0.9861111640930176, 0.9909188747406006, 0.9909188747406006, 0.9893162846565247]}