{"accuracy": [0.69, 0.9, 0.91, 0.95, 0.95, 0.95, 0.95, 0.96, 0.96, 0.96], "val_accuracy": [0.803, 0.855, 0.92, 0.946, 0.941, 0.944, 0.936, 0.937, 0.936, 0.94], "loss": [87.23600000000006, 45.227999999999994, 36.80400000000002, 32.5, 30.295999999999992, 29.836000000000006, 28.684, 30.12, 29.804000000000002, 29.603999999999992], "val_loss": [571.9480000000009, 471.0480000000007, 371.98400000000044, 328.0160000000003, 340.5400000000009, 304.90400000000074, 339.93200000000064, 317.9440000000004, 330.70800000000025, 317.4680000000002]}