{"loss": [0.631991982460022, 0.5423140525817871, 0.4714774191379547, 0.41488224267959595, 0.3693147897720337, 0.3320569694042206, 0.3011816442012787, 0.27527353167533875, 0.25319811701774597, 0.23416617512702942], "accuracy": [0.5099178552627563, 0.6724209785461426, 0.7851274013519287, 0.8589094877243042, 0.8994107246398926, 0.9229811429977417, 0.9419038891792297, 0.9604116678237915, 0.9700390100479126, 0.977508544921875], "val_loss": [0.567663848400116, 0.4855193495750427, 0.4197595417499542, 0.36720898747444153, 0.32506754994392395, 0.290728896856308, 0.26229751110076904, 0.23817138373851776, 0.21770429611206055, 0.20017363131046295], "val_accuracy": [0.5436992049217224, 0.7942073941230774, 0.8719512820243835, 0.9131098389625549, 0.9334350228309631, 0.9502032995223999, 0.9613822102546692, 0.9710366725921631, 0.9796748757362366, 0.9847561717033386]}