{"loss": [0.6387275457382202, 0.5782007575035095, 0.5332419872283936, 0.49825283885002136, 0.4704717993736267, 0.447649747133255, 0.42873144149780273, 0.412943035364151, 0.3996056616306305, 0.3883833885192871], "accuracy": [0.7195836901664734, 0.8700751662254333, 0.8723052740097046, 0.8751961588859558, 0.8740398287773132, 0.8739572167396545, 0.8735442161560059, 0.8740398287773132, 0.8739572167396545, 0.8738746047019958], "val_loss": [0.6038354635238647, 0.5509735345840454, 0.5102970600128174, 0.4778706133365631, 0.4514409899711609, 0.4292885661125183, 0.4106101095676422, 0.3947194516658783, 0.38106122612953186, 0.36939820647239685], "val_accuracy": [0.8975124955177307, 0.8890547752380371, 0.8960199356079102, 0.8960199356079102, 0.89552241563797, 0.8960199356079102, 0.8960199356079102, 0.8975124955177307, 0.89552241563797, 0.8970149755477905]}