{"loss": [0.6935470700263977, 0.6525222063064575, 0.6171245574951172, 0.5698787569999695, 0.5146377086639404, 0.4581320583820343, 0.40569430589675903, 0.35990554094314575, 0.3212353587150574, 0.2890872657299042], "accuracy": [0.5003848075866699, 0.6982809901237488, 0.9248268008232117, 0.9458650350570679, 0.9471478462219238, 0.9469767808914185, 0.9461215734481812, 0.9451808333396912, 0.9453518986701965, 0.9456084370613098], "val_loss": [0.6660884022712708, 0.6343351006507874, 0.5913987755775452, 0.5374950170516968, 0.47952404618263245, 0.4233546257019043, 0.37368181347846985, 0.3313845992088318, 0.29603368043899536, 0.26685425639152527], "val_accuracy": [0.5020449757575989, 0.9023517370223999, 0.9371165633201599, 0.9401840567588806, 0.9406952857971191, 0.9391615390777588, 0.9386503100395203, 0.9386503100395203, 0.9391615390777588, 0.9376277923583984]}