{"loss": [0.6736941337585449, 0.6384008526802063, 0.59039705991745, 0.5306494235992432, 0.4662724733352661, 0.40374132990837097, 0.34707292914390564, 0.2979596257209778, 0.256633996963501, 0.22249284386634827], "accuracy": [0.6553394794464111, 0.8519259095191956, 0.9307296276092529, 0.9545629620552063, 0.9592527747154236, 0.9634043574333191, 0.9656339287757874, 0.9680172801017761, 0.9699392914772034, 0.9711694121360779], "val_loss": [0.653650164604187, 0.6099062561988831, 0.5524136424064636, 0.485262006521225, 0.4188464283943176, 0.35729071497917175, 0.30454379320144653, 0.2601976692676544, 0.22390393912792206, 0.195070281624794], "val_accuracy": [0.7702265381813049, 0.9103097915649414, 0.9528433084487915, 0.9616274237632751, 0.9634766578674316, 0.9644013047218323, 0.9685621857643127, 0.9699491858482361, 0.9699491858482361, 0.9713361263275146]}