{"accuracy": [0.6, 0.98, 0.99, 0.99, 1.0, 1.0, 1.0, 1.0, 0.99, 1.0], "val_accuracy": [0.934926283680732, 0.9639044229791561, 0.9644128113879004, 0.9659379766141332, 0.9694966954753431, 0.9608540925266904, 0.9669547534316217, 0.9644128113879004, 0.9679715302491103, 0.9644128113879004], "loss": [86.76000000000003, 25.50800000000001, 19.819999999999997, 17.143999999999995, 17.267999999999994, 16.684000000000005, 17.156000000000002, 15.468000000000004, 16.828000000000003, 15.836], "val_loss": [728.0879999999986, 495.1280000000024, 453.4880000000023, 433.38800000000305, 426.8200000000022, 458.2560000000023, 435.80800000000255, 434.3360000000017, 433.54400000000163, 437.9520000000022]}