{"loss": [0.6030775904655457, 0.3823290765285492, 0.26336878538131714, 0.1940796822309494, 0.14944212138652802, 0.11896064132452011, 0.09726441651582718, 0.08158302307128906, 0.06983037292957306, 0.060913559049367905], "accuracy": [0.6697564721107483, 0.9310693740844727, 0.9848318696022034, 0.9906463623046875, 0.991657555103302, 0.9923316836357117, 0.9925001859664917, 0.9930058121681213, 0.9930900931358337, 0.993511438369751], "val_loss": [0.4619620144367218, 0.301606684923172, 0.21792179346084595, 0.1670304387807846, 0.13291402161121368, 0.10911928862333298, 0.09218690544366837, 0.07964471727609634, 0.07034380733966827, 0.06333376467227936], "val_accuracy": [0.9247586131095886, 0.9715303182601929, 0.9837316274642944, 0.9888155460357666, 0.9893239140510559, 0.9898322820663452, 0.9893239140510559, 0.9893239140510559, 0.9888155460357666, 0.9893239140510559]}