{"loss": [0.6960188150405884, 0.6373584270477295, 0.5780594944953918, 0.5051745176315308, 0.4300801455974579, 0.36288803815841675, 0.30712994933128357, 0.26244792342185974, 0.2268020510673523, 0.19822464883327484], "accuracy": [0.5043800473213196, 0.8717149496078491, 0.9466812610626221, 0.9520720839500427, 0.9599898457527161, 0.9632748961448669, 0.9662230014801025, 0.969592273235321, 0.9718665480613708, 0.9750673770904541], "val_loss": [0.6620364785194397, 0.6085606217384338, 0.5399846434593201, 0.46255066990852356, 0.3892587125301361, 0.3269113600254059, 0.27652475237846375, 0.2365233153104782, 0.20462992787361145, 0.17913436889648438], "val_accuracy": [0.6033182740211487, 0.951231837272644, 0.954751193523407, 0.9627954363822937, 0.9673203229904175, 0.9713424444198608, 0.9743590354919434, 0.976370096206665, 0.976370096206665, 0.9758673310279846]}