{"loss": [11.840149879455566, 0.46299946308135986, 0.3060835599899292, 0.2837376296520233, 0.26744163036346436, 0.2434566468000412, 0.20554539561271667, 0.16401894390583038, 0.12860167026519775, 0.10689202696084976], "accuracy": [0.5753250122070312, 0.8129832744598389, 0.8391537666320801, 0.8666837215423584, 0.8881808519363403, 0.8956581354141235, 0.9065341353416443, 0.9380576610565186, 0.9617639780044556, 0.9677118062973022], "val_loss": [0.8828813433647156, 0.3593391478061676, 0.3266735076904297, 0.3122410178184509, 0.2924741208553314, 0.2604448199272156, 0.22262169420719147, 0.17366907000541687, 0.13692612946033478, 0.11614175885915756], "val_accuracy": [0.794513463973999, 0.8447204828262329, 0.8535196781158447, 0.8633540272712708, 0.8700828552246094, 0.8840579986572266, 0.8959627747535706, 0.9482401609420776, 0.9637681245803833, 0.966356098651886]}