{"loss": [0.6725261211395264, 0.6003642082214355, 0.5188071727752686, 0.4441455602645874, 0.3850579261779785, 0.34044894576072693, 0.3066382110118866, 0.28091076016426086, 0.2611173689365387, 0.24610544741153717], "accuracy": [0.7133051156997681, 0.9019491672515869, 0.9063559174537659, 0.9098305106163025, 0.912372887134552, 0.9163559079170227, 0.9213559627532959, 0.9244067668914795, 0.9268643856048584, 0.928389847278595], "val_loss": [0.6379644274711609, 0.5568655729293823, 0.47331860661506653, 0.40379342436790466, 0.3505983054637909, 0.31072086095809937, 0.28077980875968933, 0.2580449879169464, 0.24075278639793396, 0.2275879979133606], "val_accuracy": [0.9036812782287598, 0.916288435459137, 0.9183055758476257, 0.9198184609413147, 0.9208270311355591, 0.9243570566177368, 0.9288955926895142, 0.9314170479774475, 0.9329299330711365, 0.9334341883659363]}