{"loss": [0.6334342360496521, 0.5470962524414062, 0.4815067946910858, 0.42914140224456787, 0.386926531791687, 0.3522658050060272, 0.3233222961425781, 0.2987971305847168, 0.27769479155540466, 0.25933828949928284], "accuracy": [0.8025562167167664, 0.8053780198097229, 0.8593244552612305, 0.895924985408783, 0.9121088981628418, 0.9243090748786926, 0.9347663521766663, 0.9439787864685059, 0.9494563937187195, 0.9546850323677063], "val_loss": [0.5782172679901123, 0.4983421862125397, 0.43561986088752747, 0.38548219203948975, 0.3453924059867859, 0.3125312328338623, 0.2852974236011505, 0.26180151104927063, 0.24181221425533295, 0.2245485484600067], "val_accuracy": [0.83841472864151, 0.8810976147651672, 0.9176830053329468, 0.9237805604934692, 0.9334350228309631, 0.9446138739585876, 0.9537602066993713, 0.9563009142875671, 0.9598578214645386, 0.9664635062217712]}