{"loss": [0.7066305875778198, 0.6869121193885803, 0.6674448251724243, 0.6409517526626587, 0.6024778485298157, 0.5524601936340332, 0.4954637289047241, 0.4367559850215912, 0.3802919089794159, 0.3290824592113495], "accuracy": [0.5132561922073364, 0.5140770077705383, 0.5707132816314697, 0.8470820188522339, 0.9615858197212219, 0.9824345707893372, 0.9832553863525391, 0.9825987219810486, 0.9832553863525391, 0.9835836887359619], "val_loss": [0.6944539546966553, 0.6762983798980713, 0.6546105146408081, 0.6229757070541382, 0.5789971351623535, 0.5257230997085571, 0.46839362382888794, 0.4116758406162262, 0.35882851481437683, 0.31182169914245605], "val_accuracy": [0.5176233649253845, 0.5191339254379272, 0.7044309973716736, 0.9169184565544128, 0.97935551404953, 0.9743202328681946, 0.978348433971405, 0.9763343334197998, 0.9753273129463196, 0.9773414134979248]}