{"loss": [1.3318217992782593, 0.41457754373550415, 0.28045591711997986, 0.19806642830371857, 0.14485400915145874, 0.13991253077983856, 0.10627472400665283, 0.06242861598730087, 0.09633515775203705, 0.13866941630840302], "accuracy": [0.9732757806777954, 0.9907046556472778, 0.9923645257949829, 0.99502032995224, 0.9953523278236389, 0.9958502650260925, 0.996016263961792, 0.9975101947784424, 0.9969292283058167, 0.9968461990356445], "val_loss": [0.32213836908340454, 0.5046983361244202, 0.31767040491104126, 0.31784915924072266, 0.20008309185504913, 0.330813467502594, 0.2067326307296753, 0.3237426280975342, 0.20824672281742096, 0.3561181426048279], "val_accuracy": [0.9913618564605713, 0.9893293380737305, 0.9918699860572815, 0.9949187636375427, 0.9939025044441223, 0.9893293380737305, 0.9954268932342529, 0.9944106340408325, 0.9969512820243835, 0.9933943748474121]}