{"loss": [0.6922897696495056, 0.685280442237854, 0.6664485335350037, 0.6231609582901001, 0.5580174326896667, 0.4858930706977844, 0.41798609495162964, 0.35932716727256775, 0.31035473942756653, 0.27008166909217834], "accuracy": [0.5014729499816895, 0.5335409641265869, 0.721993088722229, 0.945122480392456, 0.9589260220527649, 0.9611985683441162, 0.9623769521713257, 0.9633869528770447, 0.9653227925300598, 0.9653227925300598], "val_loss": [0.6888052225112915, 0.6773914694786072, 0.6460474729537964, 0.5866416096687317, 0.5131722092628479, 0.4396796226501465, 0.3746659457683563, 0.31990155577659607, 0.274864137172699, 0.2378939986228943], "val_accuracy": [0.5129225254058838, 0.7211729884147644, 0.9522863626480103, 0.9612326622009277, 0.9642148017883301, 0.9711730480194092, 0.9711730480194092, 0.9746521711349487, 0.9751491546630859, 0.9761432409286499]}