{"loss": [0.3605841100215912, 0.21657446026802063, 0.1804913878440857, 0.13964636623859406, 0.12803946435451508, 0.10788672417402267, 0.09177789837121964, 0.08549581468105316, 0.08204574137926102, 0.0786023810505867], "accuracy": [0.8705707788467407, 0.9607664942741394, 0.9699347615242004, 0.9758817553520203, 0.9682002067565918, 0.981580913066864, 0.981580913066864, 0.9800941944122314, 0.9807549715042114, 0.9790204167366028], "val_loss": [0.24582922458648682, 0.17919635772705078, 0.1425454020500183, 0.12959523499011993, 0.1062789261341095, 0.09983385354280472, 0.08956322073936462, 0.09714840352535248, 0.07103821635246277, 0.06864533573389053], "val_accuracy": [0.9606965780258179, 0.9721393585205078, 0.9820895791053772, 0.9736318588256836, 0.9761194586753845, 0.9721393585205078, 0.9820895791053772, 0.9761194586753845, 0.9855721592903137, 0.9830846190452576]}