{"loss": [8.067792892456055, 1.3696664571762085, 0.715551495552063, 0.48170265555381775, 0.3861975073814392, 0.34315285086631775, 0.2882840931415558, 0.26689478754997253, 0.22876030206680298, 0.20370271801948547], "accuracy": [0.9060822129249573, 0.9772512316703796, 0.9845972061157227, 0.9889416098594666, 0.991311252117157, 0.99225914478302, 0.9935229420661926, 0.9935229420661926, 0.9941548705101013, 0.9943918585777283], "val_loss": [1.010543942451477, 0.5262966752052307, 0.3770395815372467, 0.29123857617378235, 0.22790244221687317, 0.21585676074028015, 0.205113485455513, 0.18076694011688232, 0.17596575617790222, 0.14985845983028412], "val_accuracy": [0.9847109317779541, 0.991399884223938, 0.9933110475540161, 0.9942666292190552, 0.9937888383865356, 0.995699942111969, 0.9952221512794495, 0.995699942111969, 0.9952221512794495, 0.995699942111969]}