{"loss": [0.5555165410041809, 0.47837528586387634, 0.42085203528404236, 0.37527230381965637, 0.3386131823062897, 0.3085944652557373, 0.2835169732570648, 0.26219862699508667, 0.24383202195167542, 0.22794613242149353], "accuracy": [0.7482622861862183, 0.8632701635360718, 0.9184044599533081, 0.9449447393417358, 0.9558452367782593, 0.9645339846611023, 0.9661927819252014, 0.9708531498908997, 0.9723539352416992, 0.9751185178756714], "val_loss": [0.510520339012146, 0.4418477714061737, 0.38871702551841736, 0.3465619385242462, 0.3122834861278534, 0.28414666652679443, 0.25927889347076416, 0.23894824087619781, 0.2207259088754654, 0.205490380525589], "val_accuracy": [0.8170090913772583, 0.9001433253288269, 0.9388437867164612, 0.953177273273468, 0.9584328532218933, 0.9632107019424438, 0.9722886085510254, 0.9737219214439392, 0.9794553518295288, 0.9799331426620483]}