{"loss": [0.6075893640518188, 0.5120251774787903, 0.4189710021018982, 0.33360299468040466, 0.2641722857952118, 0.21240533888339996, 0.17453277111053467, 0.1465417742729187, 0.1254970282316208, 0.10943987965583801], "accuracy": [0.7572412490844727, 0.9258859753608704, 0.9684621095657349, 0.978504478931427, 0.9795833826065063, 0.98008131980896, 0.9809113144874573, 0.9814922213554382, 0.9818242192268372, 0.9821562170982361], "val_loss": [0.5597158670425415, 0.46398666501045227, 0.3715178966522217, 0.29149720072746277, 0.23046965897083282, 0.18605245649814606, 0.15341323614120483, 0.1293351650238037, 0.11119876801967621, 0.0970022901892662], "val_accuracy": [0.8861789107322693, 0.9557927846908569, 0.978150486946106, 0.983231782913208, 0.9827236533164978, 0.983231782913208, 0.9837399125099182, 0.9837399125099182, 0.9847561717033386, 0.9852643013000488]}