{"loss": [0.5647480487823486, 0.4765044152736664, 0.4210595488548279, 0.37973105907440186, 0.3484836220741272, 0.31615734100341797, 0.3034783601760864, 0.2719633877277374, 0.26097342371940613, 0.25737807154655457], "accuracy": [0.8581954836845398, 0.9214835166931152, 0.9329457879066467, 0.9366300702095032, 0.9375306963920593, 0.9446536302566528, 0.9387587904930115, 0.9485836029052734, 0.9469460844993591, 0.9426068067550659], "val_loss": [0.4998067617416382, 0.44304466247558594, 0.38695159554481506, 0.3516465425491333, 0.36498188972473145, 0.2998489439487457, 0.2884010374546051, 0.24980784952640533, 0.23138724267482758, 0.24777333438396454], "val_accuracy": [0.9224350452423096, 0.9278351068496704, 0.948944628238678, 0.9459990859031677, 0.9175258278846741, 0.9484536647796631, 0.9415808320045471, 0.9582720398902893, 0.9597448110580444, 0.9455081820487976]}