{"loss": [0.7556648850440979, 0.5597909092903137, 0.44125619530677795, 0.3659842610359192, 0.31478235125541687, 0.2777549922466278, 0.24969430267810822, 0.22765932977199554, 0.21011154353618622, 0.19577716290950775], "accuracy": [0.44600221514701843, 0.9077237248420715, 0.943665623664856, 0.9545416235923767, 0.9592998623847961, 0.9598097205162048, 0.9633784294128418, 0.9639731645584106, 0.9670320749282837, 0.9675418734550476], "val_loss": [0.639069676399231, 0.4806106388568878, 0.3837317228317261, 0.3202308416366577, 0.2755831480026245, 0.24404984712600708, 0.21888701617717743, 0.2002284973859787, 0.18366165459156036, 0.1715535670518875], "val_accuracy": [0.8897515535354614, 0.9492753744125366, 0.9601449370384216, 0.9616977572441101, 0.9611801505088806, 0.9648033380508423, 0.9648033380508423, 0.9653209447860718, 0.9648033380508423, 0.9653209447860718]}