{"accuracy": [0.86, 0.95, 0.97, 0.97, 0.97, 0.97, 0.97, 0.97, 0.97, 0.97], "val_accuracy": [0.899, 0.907, 0.95, 0.968, 0.967, 0.969, 0.971, 0.97, 0.973, 0.974], "loss": [46.95200000000002, 30.852000000000007, 24.851999999999993, 20.824000000000005, 16.512000000000008, 16.364000000000008, 17.924, 17.916, 17.532000000000004, 16.811999999999994], "val_loss": [392.6360000000006, 350.64400000000063, 273.09600000000034, 203.87600000000043, 194.10000000000056, 201.7840000000001, 209.34000000000012, 186.7000000000005, 200.14799999999988, 202.19600000000028]}