{"loss": [0.7157770395278931, 0.69944828748703, 0.6862409710884094, 0.66898113489151, 0.6406064629554749, 0.5978766083717346, 0.544590950012207, 0.4882082939147949, 0.4339873194694519, 0.3855119049549103], "accuracy": [0.35525527596473694, 0.4383819103240967, 0.5818865895271301, 0.7165825366973877, 0.818865954875946, 0.8843752145767212, 0.9113144278526306, 0.9246557354927063, 0.9301291108131409, 0.9344906806945801], "val_loss": [0.7066171765327454, 0.6928674578666687, 0.6783080101013184, 0.655620813369751, 0.6185939908027649, 0.5679181814193726, 0.510144829750061, 0.45339685678482056, 0.4004698693752289, 0.355246365070343], "val_accuracy": [0.36554190516471863, 0.5025562047958374, 0.6615541577339172, 0.7868098020553589, 0.8675869107246399, 0.9043967127799988, 0.9233128428459167, 0.9284253120422363, 0.9309815764427185, 0.9325153231620789]}