{"loss": [0.36066964268684387, 0.23519764840602875, 0.1847137063741684, 0.14826665818691254, 0.12343025207519531, 0.10555528849363327, 0.09002519398927689, 0.07690764218568802, 0.06700541824102402, 0.06224439665675163], "accuracy": [0.9054330587387085, 0.980708658695221, 0.9805511832237244, 0.9832283854484558, 0.9829133749008179, 0.9845669269561768, 0.984094500541687, 0.9904724359512329, 0.9892126321792603, 0.9864566922187805], "val_loss": [0.2618335783481598, 0.2029559314250946, 0.1529397815465927, 0.12504076957702637, 0.11222262680530548, 0.09294833242893219, 0.07503814250230789, 0.0649423897266388, 0.05909334123134613, 0.05570574477314949], "val_accuracy": [0.9838486909866333, 0.9815413355827332, 0.99123215675354, 0.9935395121574402, 0.9861559867858887, 0.9824642539024353, 0.9935395121574402, 0.9921550750732422, 0.9880018830299377, 0.9889248013496399]}