{"loss": [18.22524070739746, 1.4732587337493896, 0.7332231998443604, 0.5248225927352905, 0.43385669589042664, 0.37704601883888245, 0.3272116184234619, 0.27822569012641907, 0.2310098111629486, 0.18786649405956268], "accuracy": [0.8043444156646729, 0.9255924820899963, 0.943838894367218, 0.9490521550178528, 0.9542654752731323, 0.9561612010002136, 0.9581359028816223, 0.9593207240104675, 0.9609795212745667, 0.9615324139595032], "val_loss": [2.2503368854522705, 0.7609766721725464, 0.4743838906288147, 0.3180733919143677, 0.24778057634830475, 0.21898630261421204, 0.18739621341228485, 0.15760603547096252, 0.12980182468891144, 0.10995210707187653], "val_accuracy": [0.9111323356628418, 0.9503105878829956, 0.957477331161499, 0.9603440165519714, 0.9646440744400024, 0.9660773873329163, 0.9675107598304749, 0.9713330268859863, 0.9727663993835449, 0.9718108177185059]}