{"loss": [0.47454506158828735, 0.3274369537830353, 0.25343838334083557, 0.2118196189403534, 0.16509948670864105, 0.1394498199224472, 0.12115103751420975, 0.10541742295026779, 0.09621066600084305, 0.08136499673128128], "accuracy": [0.8822371959686279, 0.9777644276618958, 0.9834088683128357, 0.9754553437232971, 0.9881125092506409, 0.985204815864563, 0.9831522703170776, 0.9881980419158936, 0.9822970628738403, 0.9875993728637695], "val_loss": [0.37674587965011597, 0.2867622673511505, 0.2303735315799713, 0.18290302157402039, 0.14625100791454315, 0.1276690810918808, 0.1051163598895073, 0.09227421134710312, 0.11623231321573257, 0.07237164676189423], "val_accuracy": [0.9693251252174377, 0.9759713411331177, 0.9734151363372803, 0.9867075681686401, 0.9902862906455994, 0.9836400747299194, 0.9897750020027161, 0.9918200373649597, 0.988752543926239, 0.9902862906455994]}