{"accuracy": [0.68, 0.91, 0.92, 0.97, 0.98, 0.98, 0.97, 0.97, 0.98, 0.98], "val_accuracy": [0.855, 0.908, 0.927, 0.927, 0.93, 0.928, 0.929, 0.935, 0.938, 0.936], "loss": [81.98799999999996, 37.24400000000002, 28.879999999999995, 25.843999999999998, 24.344, 24.907999999999998, 24.792000000000012, 25.152000000000005, 24.368000000000002, 24.743999999999996], "val_loss": [427.932, 312.188000000001, 289.34000000000015, 306.3200000000004, 292.3800000000005, 296.37600000000015, 298.3680000000001, 294.968, 308.2760000000006, 292.92800000000034]}