{"loss": [0.47187015414237976, 0.33473414182662964, 0.26467934250831604, 0.21315808594226837, 0.17209699749946594, 0.14877352118492126, 0.12602652609348297, 0.11039171367883682, 0.09025803208351135, 0.0849354937672615], "accuracy": [0.9174016118049622, 0.9839370250701904, 0.9837795495986938, 0.9844094514846802, 0.989133894443512, 0.9866929054260254, 0.9854331016540527, 0.9872441291809082, 0.9910236597061157, 0.9855905771255493], "val_loss": [0.37485286593437195, 0.2986060678958893, 0.2351900339126587, 0.18822896480560303, 0.15591372549533844, 0.12672144174575806, 0.13569842278957367, 0.0933990329504013, 0.07992251962423325, 0.07004622370004654], "val_accuracy": [0.9880018830299377, 0.9778496026992798, 0.9838486909866333, 0.9903092384338379, 0.9889248013496399, 0.9926165342330933, 0.9640055894851685, 0.9935395121574402, 0.9930780529975891, 0.9916936159133911]}