{"loss": [0.6679484844207764, 0.5505537390708923, 0.47513020038604736, 0.41595450043678284, 0.36798879504203796, 0.32833585143089294, 0.29510632157325745, 0.26697584986686707, 0.24284696578979492, 0.2219792902469635], "accuracy": [0.5504608750343323, 0.9711537957191467, 0.991417646408081, 0.9902256727218628, 0.9895104765892029, 0.9892720580101013, 0.9901461601257324, 0.9900667071342468, 0.9907819032669067, 0.9907024502754211], "val_loss": [0.5964550971984863, 0.5095191597938538, 0.4436083734035492, 0.39067360758781433, 0.3470761179924011, 0.31062301993370056, 0.2798861265182495, 0.2535826563835144, 0.23090724647045135, 0.21102634072303772], "val_accuracy": [0.799716591835022, 0.996221125125885, 0.9948040246963501, 0.9914974570274353, 0.9924421906471252, 0.9938592910766602, 0.9938592910766602, 0.9943316578865051, 0.9943316578865051, 0.9948040246963501]}