{"loss": [15.960603713989258, 1.5580414533615112, 0.8866347074508667, 0.662639856338501, 0.5314717292785645, 0.4489631652832031, 0.3950974643230438, 0.3546787202358246, 0.32650721073150635, 0.306062251329422], "accuracy": [0.5469333529472351, 0.7796497941017151, 0.8368329405784607, 0.8185741901397705, 0.8126815557479858, 0.8129305243492126, 0.8286994695663452, 0.8914432525634766, 0.894597053527832, 0.897584855556488], "val_loss": [2.434816598892212, 1.0443823337554932, 0.6875354051589966, 0.5326284170150757, 0.4500795900821686, 0.39775100350379944, 0.3571104407310486, 0.3318764865398407, 0.30226609110832214, 0.2836349308490753], "val_accuracy": [0.5929878354072571, 0.8429878950119019, 0.8338415026664734, 0.8252032995223999, 0.8160569667816162, 0.8216463923454285, 0.8871951699256897, 0.8897358179092407, 0.895325243473053, 0.8993903398513794]}