{"loss": [0.6908801794052124, 0.6661418080329895, 0.6386300921440125, 0.6018961668014526, 0.5541490316390991, 0.4983516335487366, 0.44072243571281433, 0.38536807894706726, 0.3354625105857849, 0.29195332527160645], "accuracy": [0.5798959136009216, 0.6795619130134583, 0.8198555111885071, 0.8854967951774597, 0.921929657459259, 0.9409617185592651, 0.9518371820449829, 0.9551775455474854, 0.9589062929153442, 0.9617804884910583], "val_loss": [0.6792811155319214, 0.6536995768547058, 0.620191216468811, 0.5753509998321533, 0.5197588801383972, 0.4591098725795746, 0.399461954832077, 0.3447362780570984, 0.2970036566257477, 0.2557890713214874], "val_accuracy": [0.5883449912071228, 0.7920745611190796, 0.8662004470825195, 0.9184148907661438, 0.9435897469520569, 0.9561771750450134, 0.9603729844093323, 0.964102566242218, 0.9687645435333252, 0.9682983756065369]}