{"loss": [364.7740783691406, 136.6092529296875, 12.381184577941895, 0.7878225445747375, 0.3196588456630707, 0.25107717514038086, 0.23039120435714722, 0.21943765878677368, 0.2104508876800537, 0.20044885575771332], "accuracy": [0.2751327157020569, 0.41628044843673706, 0.7977585196495056, 0.9645234942436218, 0.9824724197387695, 0.9859273433685303, 0.9868543148040771, 0.9862644076347351, 0.9860959053039551, 0.9864329695701599], "val_loss": [225.618408203125, 37.76276397705078, 1.8774698972702026, 0.6391910314559937, 0.5049346089363098, 0.4572215974330902, 0.4292415678501129, 0.40941980481147766, 0.3889738917350769, 0.36939123272895813], "val_accuracy": [0.32841894030570984, 0.6197255253791809, 0.931876003742218, 0.974072277545929, 0.980681300163269, 0.9811897277832031, 0.9811897277832031, 0.9811897277832031, 0.9816980957984924, 0.9811897277832031]}