{"loss": [0.6636204719543457, 0.6078593730926514, 0.5199403166770935, 0.4225829839706421, 0.34227511286735535, 0.2817745506763458, 0.23739837110042572, 0.20458975434303284, 0.1799854189157486, 0.1613650918006897], "accuracy": [0.535203754901886, 0.7109118103981018, 0.8748113512992859, 0.9381159543991089, 0.9537423253059387, 0.9605789184570312, 0.9641303420066833, 0.9653733372688293, 0.9663500189781189, 0.9665275812149048], "val_loss": [0.6355682015419006, 0.5632781982421875, 0.4604765772819519, 0.36827048659324646, 0.2974599003791809, 0.24532724916934967, 0.20694084465503693, 0.17825914919376373, 0.15640711784362793, 0.13968409597873688], "val_accuracy": [0.6013873815536499, 0.7924225926399231, 0.927961528301239, 0.9594449996948242, 0.9647811651229858, 0.9717182517051697, 0.9733190536499023, 0.9749199151992798, 0.9759871959686279, 0.9759871959686279]}