{"loss": [0.6972959637641907, 0.6410326957702637, 0.5745750069618225, 0.4891842305660248, 0.403339684009552, 0.3307081460952759, 0.274398535490036, 0.23217959702014923, 0.200580894947052, 0.17688091099262238], "accuracy": [0.49245065450668335, 0.8496764898300171, 0.9708811044692993, 0.9735358357429504, 0.9741994738578796, 0.974282443523407, 0.974531352519989, 0.9748631715774536, 0.974531352519989, 0.974946141242981], "val_loss": [0.6639736294746399, 0.6082494854927063, 0.5267422199249268, 0.43443334102630615, 0.3511179983615875, 0.28442591428756714, 0.2342281937599182, 0.19673852622509003, 0.16860294342041016, 0.14714017510414124], "val_accuracy": [0.5366834402084351, 0.9758793711662292, 0.9819095134735107, 0.9809045195579529, 0.9809045195579529, 0.9804019927978516, 0.9809045195579529, 0.9814070463180542, 0.9814070463180542, 0.9814070463180542]}