{"accuracy": [0.48, 0.79, 0.81, 0.83, 0.91], "val_accuracy": [0.792, 0.854, 0.89, 0.918, 0.93], "loss": [52.746862049439954, 23.849696474254145, 21.270761759027902, 19.34828839950932, 17.334607523253492], "val_loss": [140.50589201413592, 113.77057156647454, 105.77255993567968, 96.18414756227118, 85.17099787578826]}