{"loss": [0.6993634700775146, 0.6735573410987854, 0.6469593048095703, 0.6078594923019409, 0.5575277805328369, 0.5012887120246887, 0.4451880156993866, 0.39269784092903137, 0.34549254179000854, 0.3037813901901245], "accuracy": [0.513828694820404, 0.5421952605247498, 0.6319438815116882, 0.8231817483901978, 0.9046568274497986, 0.9363328218460083, 0.9489401578903198, 0.9532739520072937, 0.9573713541030884, 0.9628870487213135], "val_loss": [0.6819049715995789, 0.6574800610542297, 0.6212019324302673, 0.5710822343826294, 0.5120953321456909, 0.4514535963535309, 0.3937202990055084, 0.3414885401725769, 0.29653415083885193, 0.25671976804733276], "val_accuracy": [0.5522388219833374, 0.5839552283287048, 0.8050373196601868, 0.9146454930305481, 0.951958954334259, 0.9566231369972229, 0.9594216346740723, 0.9622201323509216, 0.9640858173370361, 0.96875]}