{"loss": [0.7877461314201355, 0.7033618688583374, 0.6932433247566223, 0.6931759715080261, 0.6931837797164917, 0.6931784152984619, 0.6931835412979126, 0.6931775212287903, 0.6931714415550232, 0.6931703686714172], "accuracy": [0.2288699746131897, 0.4143422842025757, 0.5013061165809631, 0.5013061165809631, 0.5013061165809631, 0.4970927834510803, 0.5013061165809631, 0.4957444965839386, 0.4991151988506317, 0.5001264214515686], "val_loss": [0.7222723960876465, 0.693122386932373, 0.6929503083229065, 0.6930922269821167, 0.69307941198349, 0.6930853128433228, 0.6931410431861877, 0.693112313747406, 0.6931378841400146, 0.693037211894989], "val_accuracy": [0.34977126121520996, 0.5129639506340027, 0.5129639506340027, 0.5129639506340027, 0.5129639506340027, 0.5129639506340027, 0.5129639506340027, 0.5129639506340027, 0.5129639506340027, 0.5129639506340027]}