{"loss": [0.7286125421524048, 0.5811895728111267, 0.4903724491596222, 0.423744797706604, 0.3717387914657593, 0.329925537109375, 0.2956155836582184, 0.2669145166873932, 0.24265804886817932, 0.22195622324943542], "accuracy": [0.5325434803962708, 0.7176145911216736, 0.9091627597808838, 0.9451027512550354, 0.9657188653945923, 0.9770142436027527, 0.9867299199104309, 0.987440824508667, 0.9895735383033752, 0.9906003475189209], "val_loss": [0.6312289834022522, 0.5202052593231201, 0.4425570070743561, 0.3832551836967468, 0.336196631193161, 0.29819247126579285, 0.2661650776863098, 0.23986293375492096, 0.217352032661438, 0.19842934608459473], "val_accuracy": [0.542283833026886, 0.9106545448303223, 0.953177273273468, 0.9756330847740173, 0.988055408000946, 0.9904443621635437, 0.9904443621635437, 0.9909221529960632, 0.9909221529960632, 0.9918776750564575]}