{"loss": [0.4535948634147644, 0.21883918344974518, 0.13192611932754517, 0.09878645837306976, 0.08372730016708374, 0.07575759291648865, 0.07087802141904831, 0.06759179383516312, 0.06517631560564041, 0.0632324367761612], "accuracy": [0.9338862895965576, 0.9748815894126892, 0.9827804565429688, 0.9849921464920044, 0.9857820272445679, 0.9866509437561035, 0.986492931842804, 0.987440824508667, 0.9872828125953674, 0.9875198006629944], "val_loss": [0.2937607765197754, 0.14597326517105103, 0.0935543105006218, 0.06979985535144806, 0.0577569417655468, 0.05110354721546173, 0.046164620667696, 0.043111201375722885, 0.040907006710767746, 0.03917357698082924], "val_accuracy": [0.9584328532218933, 0.9875776767730713, 0.9904443621635437, 0.9909221529960632, 0.991399884223938, 0.9909221529960632, 0.991399884223938, 0.9918776750564575, 0.9918776750564575, 0.9933110475540161]}