{"loss": [0.5402819514274597, 0.4381798207759857, 0.37219658493995667, 0.32574623823165894, 0.2910047471523285, 0.2638852596282959, 0.24214918911457062, 0.2243196815252304, 0.20933915674686432, 0.19656935334205627], "accuracy": [0.8710710406303406, 0.9696637988090515, 0.970674991607666, 0.972528874874115, 0.9721918106079102, 0.972528874874115, 0.9732030034065247, 0.9732030034065247, 0.9736243486404419, 0.9734557867050171], "val_loss": [0.4792000353336334, 0.39658674597740173, 0.3399507999420166, 0.300094872713089, 0.26900920271873474, 0.24399209022521973, 0.22461266815662384, 0.2078651338815689, 0.19429467618465424, 0.18187038600444794], "val_accuracy": [0.9639045000076294, 0.9715303182601929, 0.974072277545929, 0.9735638499259949, 0.9735638499259949, 0.9745806455612183, 0.9735638499259949, 0.9745806455612183, 0.9745806455612183, 0.9755974411964417]}