{"loss": [0.6929852962493896, 0.6248204112052917, 0.5452250242233276, 0.4537028968334198, 0.3658382296562195, 0.2922830581665039, 0.2349257916212082, 0.19145937263965607, 0.1584438532590866, 0.13307493925094604], "accuracy": [0.524436891078949, 0.9459413290023804, 0.987505316734314, 0.9892052412033081, 0.9882702827453613, 0.9886952638626099, 0.9892052412033081, 0.9898002743721008, 0.9901402592658997, 0.9904802441596985], "val_loss": [0.657971978187561, 0.5876104235649109, 0.49933603405952454, 0.40614697337150574, 0.3235631585121155, 0.25727835297584534, 0.2064901441335678, 0.16794663667678833, 0.1381845921278, 0.1152583658695221], "val_accuracy": [0.7823649644851685, 0.9938838481903076, 0.9949032068252563, 0.9938838481903076, 0.9954128861427307, 0.9954128861427307, 0.9954128861427307, 0.9949032068252563, 0.9954128861427307, 0.9959226250648499]}