{"loss": [5.205531120300293, 4.562553405761719, 3.901294708251953, 3.233957529067993, 2.580993175506592, 1.9427950382232666, 1.3104270696640015, 0.6690330505371094, 0.1356862187385559, 0.07093939185142517], "accuracy": [0.9734557867050171, 0.9734557867050171, 0.9734557867050171, 0.9734557867050171, 0.9734557867050171, 0.9734557867050171, 0.9734557867050171, 0.9732030034065247, 0.972697377204895, 0.9724445939064026], "val_loss": [6.878546237945557, 5.938551425933838, 5.01109504699707, 4.075823783874512, 3.1747019290924072, 2.280627489089966, 1.3921887874603271, 0.4756934642791748, 0.0877026841044426, 0.08704983443021774], "val_accuracy": [0.9700051546096802, 0.9700051546096802, 0.9700051546096802, 0.9700051546096802, 0.9700051546096802, 0.9700051546096802, 0.9700051546096802, 0.9689883589744568, 0.9679716229438782, 0.9679716229438782]}