{"accuracy": [0.42, 0.85, 0.9, 0.88, 0.92], "val_accuracy": [0.742, 0.84, 0.854, 0.856, 0.878], "loss": [134.12799999999993, 50.656000000000006, 41.23999999999998, 37.852000000000004, 34.624], "val_loss": [669.0359999999997, 504.7799999999997, 449.0880000000006, 421.23600000000084, 389.9839999999999]}