{"loss": [0.6930606961250305, 0.6672812700271606, 0.6352356672286987, 0.5909563302993774, 0.5348727703094482, 0.47320079803466797, 0.41277873516082764, 0.3575463891029358, 0.3092670440673828, 0.26796531677246094], "accuracy": [0.547471284866333, 0.68321293592453, 0.8046748638153076, 0.8706332445144653, 0.9073523283004761, 0.9313217401504517, 0.945176362991333, 0.9540161490440369, 0.9596260190010071, 0.9644708633422852], "val_loss": [0.6808823943138123, 0.6517710089683533, 0.6121172904968262, 0.5587337017059326, 0.49524977803230286, 0.4309259057044983, 0.37079623341560364, 0.31786444783210754, 0.2724106013774872, 0.23428179323673248], "val_accuracy": [0.588175356388092, 0.7619776129722595, 0.8577982187271118, 0.9026504158973694, 0.9250765442848206, 0.9449542164802551, 0.9561672210693359, 0.9643222093582153, 0.9729868173599243, 0.9765546321868896]}