{"loss": [0.7100507020950317, 0.6680288910865784, 0.634541392326355, 0.5882037878036499, 0.5288857817649841, 0.4627484083175659, 0.39818212389945984, 0.3403739333152771, 0.2915482819080353, 0.2514761984348297], "accuracy": [0.5050357580184937, 0.8014915585517883, 0.8905205130577087, 0.9257323145866394, 0.9456446766853333, 0.952871561050415, 0.9564850330352783, 0.9595602750778198, 0.9634043574333191, 0.9649419784545898], "val_loss": [0.6816375851631165, 0.6503722071647644, 0.6097343564033508, 0.5549585223197937, 0.4885726571083069, 0.42119598388671875, 0.3600919842720032, 0.30925315618515015, 0.26635655760765076, 0.231633260846138], "val_accuracy": [0.7008784413337708, 0.8862690925598145, 0.9361997246742249, 0.948682427406311, 0.9533056020736694, 0.9574665427207947, 0.9583911299705505, 0.9607027769088745, 0.9625520706176758, 0.9639390110969543]}