{"loss": [0.5649799704551697, 0.41353893280029297, 0.33507800102233887, 0.28595781326293945, 0.25193995237350464, 0.22663860023021698, 0.2069610059261322, 0.1912187933921814, 0.17831692099571228, 0.16761474311351776], "accuracy": [0.7995072603225708, 0.9321359992027283, 0.9264144897460938, 0.9311824440956116, 0.9348378777503967, 0.938811182975769, 0.945486307144165, 0.9503337144851685, 0.9568499326705933, 0.9585187435150146], "val_loss": [0.4717496931552887, 0.37059178948402405, 0.3105159401893616, 0.270502507686615, 0.24115803837776184, 0.2186332643032074, 0.20077091455459595, 0.18622712790966034, 0.17431116104125977, 0.16403979063034058], "val_accuracy": [0.9551252126693726, 0.9258384704589844, 0.9277279376983643, 0.9305621385574341, 0.9400094747543335, 0.947567343711853, 0.9527633786201477, 0.9565423130989075, 0.9565423130989075, 0.9626830816268921]}