{"loss": [0.45767638087272644, 0.2981151044368744, 0.20913192629814148, 0.16362714767456055, 0.13866914808750153, 0.12400786578655243, 0.11488815397024155, 0.10911048948764801, 0.10517872869968414, 0.10218282788991928], "accuracy": [0.9735400676727295, 0.9756467342376709, 0.976405143737793, 0.9770792722702026, 0.976995050907135, 0.977163553237915, 0.9769107699394226, 0.9767422080039978, 0.9767422080039978, 0.9766579866409302], "val_loss": [0.3524937331676483, 0.22960954904556274, 0.1689198613166809, 0.1397475004196167, 0.124195396900177, 0.11351226270198822, 0.10860158503055573, 0.10464917123317719, 0.10291540622711182, 0.10037848353385925], "val_accuracy": [0.9684799909591675, 0.9766141772270203, 0.9730554819107056, 0.9750890135765076, 0.9750890135765076, 0.9735638499259949, 0.9745806455612183, 0.9730554819107056, 0.9735638499259949, 0.974072277545929]}