{"loss": [6.063443183898926, 0.490552693605423, 0.3222425580024719, 0.23992981016635895, 0.1909978687763214, 0.1645367443561554, 0.133568674325943, 0.14231744408607483, 0.11349333077669144, 0.10106749832630157], "accuracy": [0.9193562269210815, 0.987949788570404, 0.9926687479019165, 0.9947754144668579, 0.9950282573699951, 0.9963765144348145, 0.9951967597007751, 0.99553382396698, 0.9967135787010193, 0.996123731136322], "val_loss": [1.2167112827301025, 0.6895380020141602, 0.562730610370636, 0.5005902647972107, 0.4499759078025818, 0.4113549292087555, 0.586016058921814, 0.4308639466762543, 0.43420398235321045, 0.4250425398349762], "val_accuracy": [0.9771226048469543, 0.9857652187347412, 0.9883071184158325, 0.9898322820663452, 0.9913574457168579, 0.993899405002594, 0.9903407096862793, 0.9923742413520813, 0.9923742413520813, 0.9949162006378174]}