{"loss": [43.96644592285156, 14.895819664001465, 5.076330184936523, 1.7663917541503906, 1.2465943098068237, 1.0102002620697021, 0.8550093770027161, 0.7499767541885376, 0.6911293268203735, 0.6705320477485657], "accuracy": [0.574072539806366, 0.5715827345848083, 0.5258527994155884, 0.5675159692764282, 0.5822889804840088, 0.5841978788375854, 0.5829529762268066, 0.5837829113006592, 0.5831189155578613, 0.5848618149757385], "val_loss": [23.530927658081055, 8.921731948852539, 2.8544650077819824, 1.7411025762557983, 1.3401193618774414, 1.0848356485366821, 0.8986520171165466, 0.7748406529426575, 0.7176932096481323, 0.6957741379737854], "val_accuracy": [0.6595528721809387, 0.4888211786746979, 0.5238821506500244, 0.5528455972671509, 0.5467479825019836, 0.5518293380737305, 0.5548781156539917, 0.5553862452507019, 0.5660569667816162, 0.565548837184906]}