{"loss": [0.7417334914207458, 0.6651262640953064, 0.6375958323478699, 0.6033281683921814, 0.5557993650436401, 0.4971730411052704, 0.43381980061531067, 0.3722444772720337, 0.31711557507514954, 0.2697867155075073], "accuracy": [0.5142411589622498, 0.5142411589622498, 0.5269638299942017, 0.7109086513519287, 0.8668636679649353, 0.9450053572654724, 0.9795616865158081, 0.9870311617851257, 0.988836944103241, 0.9893293976783752], "val_loss": [0.6866359710693359, 0.6524015069007874, 0.6230213046073914, 0.5818517208099365, 0.5273101925849915, 0.46473127603530884, 0.401782363653183, 0.34383437037467957, 0.29262247681617737, 0.25033658742904663], "val_accuracy": [0.5176233649253845, 0.5176233649253845, 0.5513595342636108, 0.7215508818626404, 0.882678747177124, 0.9461228847503662, 0.9617321491241455, 0.9763343334197998, 0.9813696146011353, 0.982880175113678]}