{"loss": [16.477510452270508, 7.205050945281982, 4.773248672485352, 3.5482356548309326, 2.7185511589050293, 2.023772954940796, 1.3545056581497192, 0.6886432766914368, 0.13708914816379547, 0.06872779130935669], "accuracy": [0.9256370067596436, 0.9581708312034607, 0.9681301712989807, 0.9722798466682434, 0.9740227460861206, 0.9742717146873474, 0.9746037125587463, 0.9742717146873474, 0.9749357104301453, 0.9748526811599731], "val_loss": [8.245678901672363, 4.764257907867432, 3.325590133666992, 2.501309633255005, 1.8929163217544556, 1.345320463180542, 0.8127679824829102, 0.2811685800552368, 0.05530403554439545, 0.059021200984716415], "val_accuracy": [0.9557927846908569, 0.9700204133987427, 0.9740854501724243, 0.9756098389625549, 0.9776423573493958, 0.9791667461395264, 0.9791667461395264, 0.9786586165428162, 0.9761179685592651, 0.9766260981559753]}