{"accuracy": [0.68, 0.85, 0.88, 0.9, 0.92, 0.92, 0.93, 0.92, 0.92, 0.92], "val_accuracy": [0.864, 0.905, 0.93, 0.941, 0.944, 0.953, 0.954, 0.954, 0.953, 0.957], "loss": [82.32399999999996, 40.50800000000002, 34.49199999999998, 29.824000000000016, 28.292, 28.548, 27.86, 29.336000000000002, 26.788, 29.067999999999998], "val_loss": [442.52400000000125, 340.79600000000056, 293.51200000000074, 293.3800000000005, 273.20000000000016, 256.02400000000034, 259.6920000000004, 248.98800000000045, 247.46800000000025, 241.66400000000044]}