{"loss": [0.8596007227897644, 0.7458573579788208, 0.6695025563240051, 0.6106619834899902, 0.5648459792137146, 0.5287578105926514, 0.5002670884132385, 0.47762373089790344, 0.4595247209072113, 0.4449824392795563], "accuracy": [0.37242916226387024, 0.333856463432312, 0.7603039741516113, 0.8955975770950317, 0.8808127641677856, 0.8770958781242371, 0.8734616637229919, 0.8717271089553833, 0.8772611021995544, 0.8752787709236145], "val_loss": [0.7921206951141357, 0.703598141670227, 0.637701153755188, 0.5865007638931274, 0.546388566493988, 0.5147470831871033, 0.48965564370155334, 0.4696156680583954, 0.45345765352249146, 0.44037574529647827], "val_accuracy": [0.33980101346969604, 0.40149256587028503, 0.9174129962921143, 0.8950248956680298, 0.8905473351478577, 0.8766169548034668, 0.8721393346786499, 0.8766169548034668, 0.8736318945884705, 0.8736318945884705]}