{"loss": [47.2353401184082, 4.9257001876831055, 1.7003167867660522, 1.266695499420166, 1.097941279411316, 1.018333077430725, 0.9747155904769897, 0.9327848553657532, 0.8890950083732605, 0.8384439945220947], "accuracy": [0.7916272282600403, 0.9443918466567993, 0.9771722555160522, 0.9836493134498596, 0.9859400391578674, 0.9867299199104309, 0.9875198006629944, 0.9868878722190857, 0.9871248602867126, 0.9873617887496948], "val_loss": [10.590651512145996, 1.71728515625, 1.0905977487564087, 0.9433527588844299, 0.8894292712211609, 0.8582045435905457, 0.8495665788650513, 0.8369669318199158, 0.8178502917289734, 0.7614573836326599], "val_accuracy": [0.9073100686073303, 0.9718108177185059, 0.9851887226104736, 0.9875776767730713, 0.9894887804985046, 0.9890109896659851, 0.988055408000946, 0.988055408000946, 0.9875776767730713, 0.9890109896659851]}