{"loss": [0.6954469680786133, 0.6139296293258667, 0.5325558185577393, 0.4539776146411896, 0.38645318150520325, 0.3320358097553253, 0.28979378938674927, 0.25750383734703064, 0.2329767942428589, 0.214263916015625], "accuracy": [0.5075331330299377, 0.6293874382972717, 0.8175497055053711, 0.9151490330696106, 0.9395695328712463, 0.9460265040397644, 0.9471026659011841, 0.9481788277626038, 0.9482616186141968, 0.9487583041191101], "val_loss": [0.6487290859222412, 0.5658888816833496, 0.4805853068828583, 0.40429356694221497, 0.3414977192878723, 0.29219910502433777, 0.25405895709991455, 0.22519202530384064, 0.20287035405635834, 0.18572492897510529], "val_accuracy": [0.5002476572990417, 0.7558196783065796, 0.8925210237503052, 0.9435364007949829, 0.9554234743118286, 0.95839524269104, 0.9593858122825623, 0.9598811268806458, 0.960871696472168, 0.9623575806617737]}