{"loss": [0.666425347328186, 0.5241338014602661, 0.4389716386795044, 0.3766230642795563, 0.32799744606018066, 0.28904634714126587, 0.25725916028022766, 0.23085962235927582, 0.20853620767593384, 0.18943460285663605], "accuracy": [0.5963596701622009, 0.8606218695640564, 0.9868543148040771, 0.9917418360710144, 0.9927530288696289, 0.9933428764343262, 0.9935956597328186, 0.9938485026359558, 0.9939327836036682, 0.9941012859344482], "val_loss": [0.5618143677711487, 0.46120685338974, 0.39099180698394775, 0.3377048671245575, 0.29524722695350647, 0.26090607047080994, 0.2331855297088623, 0.20966440439224243, 0.18996238708496094, 0.1725771129131317], "val_accuracy": [0.7890188694000244, 0.9694967865943909, 0.9883071184158325, 0.991865873336792, 0.9913574457168579, 0.9913574457168579, 0.9913574457168579, 0.9913574457168579, 0.9913574457168579, 0.9913574457168579]}