{"loss": [0.7516059279441833, 0.7112041115760803, 0.6862910985946655, 0.65763920545578, 0.6148064136505127, 0.5613860487937927, 0.5057884454727173, 0.4538792073726654, 0.4075378179550171, 0.3667527437210083], "accuracy": [0.16880826652050018, 0.2557319104671478, 0.46854791045188904, 0.6661627292633057, 0.8387503027915955, 0.8930041193962097, 0.9175274968147278, 0.9280255436897278, 0.9346602559089661, 0.9377676844596863], "val_loss": [0.7284083962440491, 0.6985150575637817, 0.6731900572776794, 0.6366450190544128, 0.5851666331291199, 0.5276090502738953, 0.47194966673851013, 0.42150723934173584, 0.3773999810218811, 0.3381815254688263], "val_accuracy": [0.1896129548549652, 0.354728102684021, 0.5889270305633545, 0.8054875731468201, 0.8657521605491638, 0.912787914276123, 0.9260167479515076, 0.9377756714820862, 0.9412053823471069, 0.9436551332473755]}