{"loss": [0.36362379789352417, 0.26187145709991455, 0.21151965856552124, 0.17559745907783508, 0.15509861707687378, 0.13160550594329834, 0.11952493339776993, 0.10364893823862076, 0.0913790911436081, 0.09062769263982773], "accuracy": [0.9404090642929077, 0.9721404314041138, 0.9732345938682556, 0.9773588180541992, 0.9747496247291565, 0.9774429798126221, 0.970120370388031, 0.9806413650512695, 0.978958010673523, 0.9835031032562256], "val_loss": [0.2862769663333893, 0.22055424749851227, 0.17693094909191132, 0.16198590397834778, 0.12182058393955231, 0.1244342103600502, 0.09230560064315796, 0.08881441503763199, 0.07716833055019379, 0.06753285974264145], "val_accuracy": [0.9811133742332458, 0.9840955138206482, 0.9835984706878662, 0.9801193475723267, 0.9895626902580261, 0.9796223640441895, 0.988071620464325, 0.9791253209114075, 0.9860835671424866, 0.9850895404815674]}