{"accuracy": [0.43, 0.78, 0.87, 0.89, 0.89, 0.89, 0.9, 0.89, 0.91, 0.89], "val_accuracy": [0.558, 0.867, 0.889, 0.896, 0.898, 0.901, 0.902, 0.899, 0.9, 0.899], "loss": [141.67599999999993, 68.876, 38.672000000000004, 35.163999999999994, 36.21999999999999, 35.65200000000001, 34.86000000000001, 34.488000000000014, 34.31600000000002, 33.55600000000001], "val_loss": [903.3959999999988, 438.1080000000001, 390.4680000000008, 388.36400000000043, 375.1520000000003, 382.8040000000005, 377.0040000000007, 376.94400000000076, 368.15200000000124, 378.21200000000044]}