{"loss": [0.7143855094909668, 0.6696914434432983, 0.650639533996582, 0.6423701047897339, 0.6386430859565735, 0.6365827322006226, 0.6353287100791931, 0.6344735622406006, 0.633637011051178, 0.6330438256263733], "accuracy": [0.41166266798973083, 0.6317006945610046, 0.6392995715141296, 0.6459073424339294, 0.6468158960342407, 0.6479722261428833, 0.6495416164398193, 0.6487982273101807, 0.6527628898620605, 0.6508631706237793], "val_loss": [0.6846329569816589, 0.6545903086662292, 0.6415019035339355, 0.6350382566452026, 0.6317804455757141, 0.6297399401664734, 0.6283174753189087, 0.6272416114807129, 0.6263303756713867, 0.6255032420158386], "val_accuracy": [0.5557214021682739, 0.658208966255188, 0.667661726474762, 0.6616915464401245, 0.6631841063499451, 0.6626865863800049, 0.6626865863800049, 0.6631841063499451, 0.6587064862251282, 0.6592040061950684]}