{"loss": [0.6565696597099304, 0.4767509698867798, 0.38117551803588867, 0.3198002576828003, 0.2774483561515808, 0.24658280611038208, 0.2230629324913025, 0.20461884140968323, 0.18974129855632782, 0.17749248445034027], "accuracy": [0.6095111966133118, 0.9477134943008423, 0.9316126108169556, 0.9370072484016418, 0.9419038891792297, 0.94431072473526, 0.9498713612556458, 0.9541870951652527, 0.9563449621200562, 0.9586687684059143], "val_loss": [0.5304567217826843, 0.401680052280426, 0.32377633452415466, 0.27164849638938904, 0.23525868356227875, 0.20883911848068237, 0.18838568031787872, 0.17179767787456512, 0.15885384380817413, 0.1480410099029541], "val_accuracy": [0.9837399125099182, 0.9435976147651672, 0.9491870403289795, 0.9491870403289795, 0.9522358179092407, 0.958333432674408, 0.960874080657959, 0.9623984694480896, 0.9649391174316406, 0.9654472470283508]}