{"loss": [0.8044153451919556, 0.6432167291641235, 0.5308093428611755, 0.44944146275520325, 0.3887331485748291, 0.3420492112636566, 0.30510687828063965, 0.2751047909259796, 0.2501511573791504, 0.22909604012966156], "accuracy": [0.08595263957977295, 0.7467767596244812, 0.8763799071311951, 0.9090756177902222, 0.9389904737472534, 0.9612370729446411, 0.970843493938446, 0.9789331555366516, 0.9810398817062378, 0.9848318696022034], "val_loss": [0.7118917107582092, 0.5679715275764465, 0.46655726432800293, 0.39417532086372375, 0.339915931224823, 0.29835984110832214, 0.26592034101486206, 0.239362895488739, 0.217732772231102, 0.19906646013259888], "val_accuracy": [0.40620237588882446, 0.8927301168441772, 0.9181495308876038, 0.9384850859642029, 0.9552618861198425, 0.9633961319923401, 0.9750890135765076, 0.9771226048469543, 0.9822064638137817, 0.9822064638137817]}