{"loss": [0.6861186623573303, 0.6178732514381409, 0.5035589337348938, 0.38619837164878845, 0.29593244194984436, 0.23071473836898804, 0.18359671533107758, 0.14899355173110962, 0.12310416996479034, 0.10336565971374512], "accuracy": [0.6013297438621521, 0.9221866726875305, 0.9682344794273376, 0.9780842661857605, 0.9835836887359619, 0.9862924218177795, 0.9873594641685486, 0.9880982041358948, 0.988590657711029, 0.9891652464866638], "val_loss": [0.6601050496101379, 0.5662189722061157, 0.44009116291999817, 0.3351912200450897, 0.2589835226535797, 0.20456482470035553, 0.16526809334754944, 0.1364639550447464, 0.11487313359975815, 0.09838802367448807], "val_accuracy": [0.842900276184082, 0.9597180485725403, 0.9823766350746155, 0.9894259572029114, 0.9899294972419739, 0.9904330372810364, 0.9899294972419739, 0.9894259572029114, 0.9899294972419739, 0.9899294972419739]}