{"loss": [0.497219979763031, 0.37257981300354004, 0.2961570918560028, 0.2543337047100067, 0.22694435715675354, 0.19987183809280396, 0.18197289109230042, 0.16358624398708344, 0.15145954489707947, 0.1395091563463211], "accuracy": [0.8978410363197327, 0.9448258876800537, 0.9566548466682434, 0.9507817625999451, 0.9444950222969055, 0.9494582414627075, 0.957399308681488, 0.9567375779151917, 0.9609562754631042, 0.9642650485038757], "val_loss": [0.4258943200111389, 0.32190263271331787, 0.2725190222263336, 0.23167090117931366, 0.2501654624938965, 0.18782742321491241, 0.17253735661506653, 0.14022161066532135, 0.14166337251663208, 0.1269940584897995], "val_accuracy": [0.9402546286582947, 0.9598432779312134, 0.9573946595191956, 0.9637609720230103, 0.8609206676483154, 0.9588638544082642, 0.9510284066200256, 0.9662095904350281, 0.9666993021965027, 0.9681684374809265]}