{"loss": [0.6879746913909912, 0.6776204705238342, 0.6601023077964783, 0.6315255165100098, 0.5905625820159912, 0.5407220721244812, 0.4876900613307953, 0.43643131852149963, 0.3897562325000763, 0.3485582172870636], "accuracy": [0.6223034262657166, 0.8290300965309143, 0.9064889550209045, 0.9320537447929382, 0.9306948184967041, 0.934177041053772, 0.9345167875289917, 0.9385086297988892, 0.940207302570343, 0.9418210387229919], "val_loss": [0.6833034753799438, 0.6705617904663086, 0.6486832499504089, 0.614759624004364, 0.5694931149482727, 0.5181946158409119, 0.4660941958427429, 0.41724810004234314, 0.37324270606040955, 0.3346374034881592], "val_accuracy": [0.7589559555053711, 0.8659160733222961, 0.9268167614936829, 0.9211872816085815, 0.9283520579338074, 0.9298874139785767, 0.9406346082687378, 0.9380757212638855, 0.9416581392288208, 0.9467758536338806]}