{"accuracy": [0.38, 0.54, 0.73, 0.76, 0.78], "val_accuracy": [0.308, 0.778, 0.85, 0.858, 0.826], "loss": [68.75962158366463, 34.766148486437494, 23.51837241811442, 17.72055848039785, 14.06442017367807], "val_loss": [282.00129644049446, 162.87768532400992, 117.84521757585831, 97.285439794853, 88.50062858616052]}