{"loss": [86.97789764404297, 21.874225616455078, 13.755402565002441, 10.670960426330566, 8.479533195495605, 6.835957050323486, 5.348590850830078, 3.891326665878296, 2.4418389797210693, 0.939153254032135], "accuracy": [0.5037762522697449, 0.726865291595459, 0.7559963464736938, 0.7744210958480835, 0.8092787861824036, 0.8234708309173584, 0.8423105478286743, 0.8911942839622498, 0.8903643488883972, 0.8902813792228699], "val_loss": [37.6690559387207, 15.005792617797852, 11.44139575958252, 9.221607208251953, 7.632920742034912, 6.206316947937012, 4.73048210144043, 3.183593988418579, 1.6615649461746216, 0.3307417333126068], "val_accuracy": [0.5990853905677795, 0.8074187636375427, 0.7545732259750366, 0.815548837184906, 0.8348577618598938, 0.8480691909790039, 0.892784595489502, 0.898374080657959, 0.9019309878349304, 0.8978659510612488]}