{"loss": [25.794923782348633, 4.004333972930908, 1.1642193794250488, 0.64239501953125, 0.49754247069358826, 0.4639015197753906, 0.4286917746067047, 0.3964049816131592, 0.3708077371120453, 0.34351131319999695], "accuracy": [0.7654006481170654, 0.8709321618080139, 0.9018608331680298, 0.9062792658805847, 0.905769407749176, 0.9036452174186707, 0.903475284576416, 0.9020307660102844, 0.9025406241416931, 0.9009261727333069], "val_loss": [8.43631649017334, 2.1644504070281982, 1.020311951637268, 0.7424845099449158, 0.6835312843322754, 0.6348227262496948, 0.5924856066703796, 0.5447827577590942, 0.5031511187553406, 0.4473022222518921], "val_accuracy": [0.8369565606117249, 0.8799172043800354, 0.8892339468002319, 0.8897515535354614, 0.8887163996696472, 0.8881987929344177, 0.8876811861991882, 0.8866459727287292, 0.8876811861991882, 0.8861283659934998]}