{"loss": [0.5634027719497681, 0.4515661299228668, 0.3860154449939728, 0.30260396003723145, 0.2583863437175751, 0.2223290354013443, 0.2024657428264618, 0.19794677197933197, 0.18436793982982635, 0.17226552963256836], "accuracy": [0.8208803534507751, 0.9290985465049744, 0.9268086552619934, 0.9285048246383667, 0.9384276866912842, 0.9555593729019165, 0.9518277049064636, 0.9486897587776184, 0.9442796111106873, 0.9572556018829346], "val_loss": [0.482621967792511, 0.410260945558548, 0.3323356509208679, 0.26904985308647156, 0.24658389389514923, 0.20438390970230103, 0.1982576847076416, 0.20290012657642365, 0.17787016928195953, 0.16609138250350952], "val_accuracy": [0.916122555732727, 0.9507784843444824, 0.9045705795288086, 0.9542943239212036, 0.930185854434967, 0.9578101634979248, 0.9563033580780029, 0.9296835660934448, 0.9542943239212036, 0.9593169093132019]}