{"loss": [0.7276605367660522, 0.68831467628479, 0.6645231246948242, 0.6314579248428345, 0.5904905796051025, 0.5450247526168823, 0.4983339011669159, 0.4522526264190674, 0.40806254744529724, 0.3669060468673706], "accuracy": [0.4950847625732422, 0.49635592103004456, 0.6174576282501221, 0.7919491529464722, 0.8526270985603333, 0.8938135504722595, 0.9188982844352722, 0.9288983345031738, 0.9365254044532776, 0.9414407014846802], "val_loss": [0.7007055878639221, 0.676791250705719, 0.6475453972816467, 0.6084041595458984, 0.562728762626648, 0.5147518515586853, 0.46679824590682983, 0.4203529357910156, 0.3768429160118103, 0.3369367718696594], "val_accuracy": [0.4875868856906891, 0.5049652457237244, 0.7661370635032654, 0.8212512135505676, 0.888778567314148, 0.9190665483474731, 0.9260178804397583, 0.944389283657074, 0.9478649497032166, 0.9533267021179199]}