{"loss": [0.7017804980278015, 0.692050576210022, 0.689940333366394, 0.6879428029060364, 0.6857982277870178, 0.6832988262176514, 0.6805218458175659, 0.6774463057518005, 0.6738671064376831, 0.6701929569244385], "accuracy": [0.5045374035835266, 0.5058943629264832, 0.5175133943557739, 0.5220931768417358, 0.5399033427238464, 0.5782376527786255, 0.5688236951828003, 0.592316210269928, 0.6488847732543945, 0.6169112324714661], "val_loss": [0.6934620141983032, 0.6907925009727478, 0.6885797381401062, 0.6862280964851379, 0.683690071105957, 0.680767834186554, 0.6775888800621033, 0.6741523146629333, 0.6700754761695862, 0.6655091643333435], "val_accuracy": [0.5067805051803589, 0.5107985734939575, 0.519336998462677, 0.5369161367416382, 0.5655449628829956, 0.547463595867157, 0.6017076969146729, 0.6504269242286682, 0.5841285586357117, 0.6243093609809875]}