{"loss": [0.7222990393638611, 0.6924771666526794, 0.6668693423271179, 0.6423342227935791, 0.6190151572227478, 0.5969408750534058, 0.5763064026832581, 0.5569300055503845, 0.5389750599861145, 0.5221614837646484], "accuracy": [0.3866361081600189, 0.501322329044342, 0.5586212873458862, 0.6106311678886414, 0.6940233111381531, 0.7825282216072083, 0.8247532248497009, 0.8475846648216248, 0.856488049030304, 0.867771565914154], "val_loss": [0.7017748951911926, 0.674351155757904, 0.6484946608543396, 0.6240589618682861, 0.6010605692863464, 0.5793816447257996, 0.5588902831077576, 0.5399621725082397, 0.5224453210830688, 0.5060625672340393], "val_accuracy": [0.46153849363327026, 0.5518162846565247, 0.6084402203559875, 0.6928418874740601, 0.7927350997924805, 0.8306624293327332, 0.8498932123184204, 0.8589743971824646, 0.8680555820465088, 0.8701923489570618]}