{"loss": [0.6917998194694519, 0.6803719401359558, 0.6661770939826965, 0.6467345952987671, 0.6214983463287354, 0.5913773775100708, 0.557839572429657, 0.5230158567428589, 0.4890715479850769, 0.45702075958251953], "accuracy": [0.5221262574195862, 0.5230077505111694, 0.5647038221359253, 0.7119182348251343, 0.8413258194923401, 0.8532264232635498, 0.8764104843139648, 0.8811706900596619, 0.8858427405357361, 0.888222873210907], "val_loss": [0.685261070728302, 0.6739031076431274, 0.6579604744911194, 0.6365723609924316, 0.6093289852142334, 0.5780631899833679, 0.5446146130561829, 0.5114122033119202, 0.47860872745513916, 0.44844233989715576], "val_accuracy": [0.5235043168067932, 0.5304487347602844, 0.6976495981216431, 0.8306624293327332, 0.8445513248443604, 0.8643162846565247, 0.879273533821106, 0.877136766910553, 0.879273533821106, 0.8803419470787048]}