{"loss": [0.784028172492981, 0.6968186497688293, 0.6723871231079102, 0.6543429493904114, 0.6324830055236816, 0.6045399904251099, 0.5704746842384338, 0.5320320129394531, 0.4916246235370636, 0.45234808325767517], "accuracy": [0.46462321281433105, 0.4631144404411316, 0.7196061611175537, 0.8553164601325989, 0.8969268798828125, 0.8931946754455566, 0.9101088047027588, 0.9178909063339233, 0.9217025637626648, 0.9239259958267212], "val_loss": [0.7227741479873657, 0.6852303147315979, 0.6662783622741699, 0.645756721496582, 0.6189908385276794, 0.5852003693580627, 0.5458442568778992, 0.503212034702301, 0.46026283502578735, 0.4200071692466736], "val_accuracy": [0.4618302583694458, 0.5064011812210083, 0.7804647088050842, 0.8634424209594727, 0.8824087381362915, 0.9151256680488586, 0.9227122068405151, 0.9288762807846069, 0.9302987456321716, 0.9321953654289246]}