{"loss": [0.4384124279022217, 0.3203530013561249, 0.24528461694717407, 0.1959868222475052, 0.16384299099445343, 0.12826599180698395, 0.10473120212554932, 0.08661546558141708, 0.07567646354436874, 0.06422825902700424], "accuracy": [0.9678099155426025, 0.9893823266029358, 0.9951967597007751, 0.991826057434082, 0.9846633672714233, 0.9924159646034241, 0.9941855669021606, 0.9959551692008972, 0.9963765144348145, 0.9938485026359558], "val_loss": [0.3663969039916992, 0.2787393629550934, 0.21706964075565338, 0.1739518940448761, 0.14568538963794708, 0.11728993058204651, 0.09580308198928833, 0.08407537639141083, 0.07149646431207657, 0.06374999135732651], "val_accuracy": [0.9898322820663452, 0.9923742413520813, 0.995932936668396, 0.9944077730178833, 0.9888155460357666, 0.9928826093673706, 0.9954245686531067, 0.9964413642883301, 0.9969497323036194, 0.995932936668396]}