{"accuracy": [0.73, 0.84, 0.85, 0.87, 0.9, 0.93, 0.92, 0.93, 0.92, 0.92], "val_accuracy": [0.87, 0.892, 0.913, 0.92, 0.928, 0.925, 0.945, 0.953, 0.959, 0.955], "loss": [71.08800000000001, 46.82000000000001, 39.476, 36.823999999999984, 36.144, 34.756000000000014, 35.279999999999994, 34.19600000000001, 34.28, 31.160000000000004], "val_loss": [470.90800000000036, 412.5320000000002, 365.6120000000007, 358.7240000000006, 350.2160000000001, 363.65999999999997, 335.26800000000105, 335.06800000000027, 328.28400000000045, 329.7959999999999]}