{"loss": [0.7021637558937073, 0.5326686501502991, 0.429108589887619, 0.3613016903400421, 0.3137721121311188, 0.27844932675361633, 0.2510375380516052, 0.22898586094379425, 0.2107900232076645, 0.19559673964977264], "accuracy": [0.5019747614860535, 0.9449447393417358, 0.9779621362686157, 0.970221221446991, 0.9691153764724731, 0.9699052572250366, 0.9694313406944275, 0.9722749590873718, 0.9730648398399353, 0.975276529788971], "val_loss": [0.5990076065063477, 0.46706676483154297, 0.3837954103946686, 0.3271867334842682, 0.2859209477901459, 0.2546321451663971, 0.22858859598636627, 0.20818912982940674, 0.1905697137117386, 0.1762247085571289], "val_accuracy": [0.7109412550926208, 0.9899665713310242, 0.9732441306114197, 0.9660773873329163, 0.9655996561050415, 0.965121865272522, 0.9722886085510254, 0.9732441306114197, 0.9780219793319702, 0.9780219793319702]}