{"loss": [0.5090680122375488, 0.4120174050331116, 0.37038859724998474, 0.33527541160583496, 0.3046502470970154], "accuracy": [0.809333324432373, 0.909333348274231, 0.9306666851043701, 0.9466666579246521, 0.9573333263397217], "val_loss": [0.47772541642189026, 0.40293166041374207, 0.36438846588134766, 0.33123359084129333, 0.3101816475391388], "val_accuracy": [0.8600000143051147, 0.9240000247955322, 0.9480000734329224, 0.9720000624656677, 0.9720000624656677]}