{"loss": [0.6707306504249573, 0.6539609432220459, 0.6334679126739502, 0.6090947389602661, 0.5818352699279785, 0.553515613079071, 0.52677983045578, 0.5028147101402283, 0.4817071855068207, 0.4638585150241852], "accuracy": [0.7178267240524292, 0.7746620178222656, 0.8062927722930908, 0.8143048286437988, 0.8171423673629761, 0.816307783126831, 0.8167250752449036, 0.818143904209137, 0.8203972578048706, 0.8207311034202576], "val_loss": [0.6605728268623352, 0.6416367292404175, 0.6183223724365234, 0.5917717218399048, 0.5641937851905823, 0.5347694158554077, 0.5117606520652771, 0.48972052335739136, 0.47247961163520813, 0.4568682312965393], "val_accuracy": [0.7318547964096069, 0.7676411271095276, 0.7893145084381104, 0.7978830337524414, 0.7953628897666931, 0.805443525314331, 0.796875, 0.8029233813285828, 0.8019152879714966, 0.8029233813285828]}