{"loss": [796.5388793945312, 534.7296752929688, 273.076171875, 40.025428771972656, 0.06757750362157822, 0.06756127625703812, 0.06706191599369049, 0.06698237359523773, 0.06687255948781967, 0.06718920916318893], "accuracy": [0.02639223262667656, 0.025645282119512558, 0.02614324912428856, 0.46460288763046265, 0.9752676486968994, 0.9749357104301453, 0.9750186800956726, 0.9757656455039978, 0.9750186800956726, 0.9755996465682983], "val_loss": [677.0818481445312, 414.2105712890625, 150.34442138671875, 0.05745101720094681, 0.057073820382356644, 0.05694844201207161, 0.05678028613328934, 0.05639669671654701, 0.05692470818758011, 0.056101810187101364], "val_accuracy": [0.024390246719121933, 0.024390246719121933, 0.028963416814804077, 0.9766260981559753, 0.9766260981559753, 0.9761179685592651, 0.9776423573493958, 0.978150486946106, 0.9761179685592651, 0.978150486946106]}