{"loss": [0.6701732873916626, 0.6470505595207214, 0.6170206665992737, 0.5773202180862427, 0.5289919972419739, 0.4755059480667114, 0.421418696641922, 0.36991533637046814, 0.3234209716320038, 0.28261423110961914], "accuracy": [0.5237318873405457, 0.5384137630462646, 0.6167171597480774, 0.7591082453727722, 0.8684067726135254, 0.9103550314903259, 0.9358347058296204, 0.9483415484428406, 0.9550221562385559, 0.9596053957939148], "val_loss": [0.6557713747024536, 0.6297812461853027, 0.5930925011634827, 0.5468106865882874, 0.49229851365089417, 0.4361703097820282, 0.3813813030719757, 0.33079007267951965, 0.2863163352012634, 0.24828507006168365], "val_accuracy": [0.5291375517845154, 0.5799533724784851, 0.7487179636955261, 0.8596736788749695, 0.9002330899238586, 0.9398601651191711, 0.9543123245239258, 0.9585081338882446, 0.9627039432525635, 0.9678321480751038]}