{"loss": [0.6470708250999451, 0.5261836051940918, 0.4545663297176361, 0.39342933893203735, 0.3543964922428131, 0.31702089309692383, 0.2929324507713318, 0.256721556186676, 0.23554638028144836, 0.22224843502044678], "accuracy": [0.5039830803871155, 0.9428813457489014, 0.9547457695007324, 0.9683898091316223, 0.964067816734314, 0.9670339226722717, 0.9644915461540222, 0.972542405128479, 0.9722033739089966, 0.9699152708053589], "val_loss": [0.5768645405769348, 0.4822273850440979, 0.41673681139945984, 0.3725306987762451, 0.3503483533859253, 0.3177882730960846, 0.2831088900566101, 0.2490442395210266, 0.22364182770252228, 0.22840917110443115], "val_accuracy": [0.5088250041007996, 0.9566313624382019, 0.9687342643737793, 0.964699923992157, 0.9480584859848022, 0.9551185369491577, 0.9621785283088684, 0.9697428345680237, 0.9737771153450012, 0.9621785283088684]}