{"loss": [0.6853938698768616, 0.5995550751686096, 0.5111220479011536, 0.4178025722503662, 0.3372272551059723, 0.2738392949104309, 0.2253517061471939, 0.18824411928653717, 0.15970835089683533, 0.13749389350414276], "accuracy": [0.48793116211891174, 0.8150004148483276, 0.9688465595245361, 0.9753612279891968, 0.9783679842948914, 0.9800384044647217, 0.9808736443519592, 0.9820429086685181, 0.9828781485557556, 0.9836298227310181], "val_loss": [0.6350026726722717, 0.5563406944274902, 0.4606076180934906, 0.3703966438770294, 0.2976037859916687, 0.24184060096740723, 0.19891035556793213, 0.16640399396419525, 0.14130699634552002, 0.12191730737686157], "val_accuracy": [0.49297192692756653, 0.9683735966682434, 0.9794177412986755, 0.9799197316169739, 0.9834337830543518, 0.9849398136138916, 0.9859438538551331, 0.9879518747329712, 0.9879518747329712, 0.9884538650512695]}