{"loss": [0.6981841921806335, 0.6484108567237854, 0.6262031197547913, 0.6153942942619324, 0.6100815534591675, 0.6072279810905457, 0.6057475805282593, 0.6049947738647461, 0.6044769883155823, 0.6043142676353455], "accuracy": [0.53597092628479, 0.6590402126312256, 0.6702734231948853, 0.676302969455719, 0.6790286898612976, 0.6793590784072876, 0.6796894669532776, 0.6810109615325928, 0.6826629042625427, 0.6800198554992676], "val_loss": [0.6647729873657227, 0.6325498223304749, 0.6167949438095093, 0.6084234714508057, 0.6040972471237183, 0.601620078086853, 0.6001738905906677, 0.5993286967277527, 0.5987769365310669, 0.598391592502594], "val_accuracy": [0.6407960653305054, 0.6696517467498779, 0.6940298676490784, 0.691044807434082, 0.6940298676490784, 0.6930348873138428, 0.6930348873138428, 0.6930348873138428, 0.6835821270942688, 0.6900497674942017]}