{"loss": [117.38094329833984, 4.397470474243164, 0.3265150785446167, 0.19306102395057678, 0.14666682481765747, 0.11814412474632263, 0.10061288625001907, 0.09198181331157684, 0.08618474751710892, 0.08388100564479828], "accuracy": [0.5182438492774963, 0.9050307869911194, 0.9842420220375061, 0.9899721741676331, 0.9922474026679993, 0.993679940700531, 0.994269847869873, 0.9946069121360779, 0.9950282573699951, 0.9947754144668579], "val_loss": [25.19804573059082, 0.8034417629241943, 0.45912715792655945, 0.3098504841327667, 0.23303869366645813, 0.2118922621011734, 0.1657477468252182, 0.15800052881240845, 0.1549077332019806, 0.1305525004863739], "val_accuracy": [0.6705643534660339, 0.9720386862754822, 0.9832232594490051, 0.9857652187347412, 0.9883071184158325, 0.9908490777015686, 0.9928826093673706, 0.991865873336792, 0.991865873336792, 0.9923742413520813]}