{"loss": [0.6187472343444824, 0.47584182024002075, 0.40432247519493103, 0.3513147830963135, 0.3109165132045746, 0.2792804539203644, 0.2538693845272064, 0.23302851617336273, 0.2157718986272812, 0.20125965774059296], "accuracy": [0.6127963662147522, 0.9050896763801575, 0.9558161497116089, 0.9634633660316467, 0.9674569368362427, 0.9676268696784973, 0.9707707166671753, 0.9708556532859802, 0.9721302390098572, 0.9722151756286621], "val_loss": [0.5063807964324951, 0.4209800958633423, 0.3581699728965759, 0.3106539249420166, 0.27395379543304443, 0.2459946870803833, 0.22265692055225372, 0.20421640574932098, 0.18788455426692963, 0.17507211863994598], "val_accuracy": [0.8716356158256531, 0.9549689888954163, 0.9658385515213013, 0.9694617390632629, 0.9689441323280334, 0.9715321063995361, 0.9715321063995361, 0.9751552939414978, 0.9741200804710388, 0.9746376872062683]}