{"loss": [0.6855796575546265, 0.6350928544998169, 0.5436482429504395, 0.4372987747192383, 0.3513270914554596, 0.28809669613838196, 0.24192208051681519, 0.20793813467025757, 0.18252182006835938, 0.163267120718956], "accuracy": [0.5255517363548279, 0.8252862691879272, 0.9642443060874939, 0.9659034609794617, 0.9660694003105164, 0.9652398228645325, 0.9658205509185791, 0.9661523699760437, 0.966235339641571, 0.965986430644989], "val_loss": [0.6644331216812134, 0.5972515940666199, 0.48704227805137634, 0.38647156953811646, 0.3102950155735016, 0.25409209728240967, 0.21240855753421783, 0.18094491958618164, 0.15692183375358582, 0.1384296864271164], "val_accuracy": [0.6070351600646973, 0.9693467020988464, 0.9753768444061279, 0.9783919453620911, 0.9788944721221924, 0.9783919453620911, 0.9788944721221924, 0.9778894186019897, 0.9773869514465332, 0.9773869514465332]}