{"accuracy": [0.58, 0.81, 0.95, 0.95, 0.96, 0.95, 0.95, 0.95, 0.98, 0.98], "val_accuracy": [0.5843287147634973, 0.9297658862876255, 0.9445771619684663, 0.9493549928332538, 0.9498327759197325, 0.9512661251791686, 0.9517439082656474, 0.9526994744386049, 0.9536550406115624, 0.9517439082656474], "loss": [97.80799999999999, 70.04000000000002, 26.947999999999986, 20.952, 18.619999999999997, 18.740000000000013, 18.04000000000001, 16.58400000000001, 17.208000000000006, 17.491999999999994], "val_loss": [1976.080000000003, 753.7640000000004, 542.0000000000023, 475.11200000000247, 442.7480000000029, 452.42800000000256, 445.8680000000024, 456.0600000000021, 492.6320000000022, 440.68000000000166]}