{"loss": [0.6847563982009888, 0.6601154804229736, 0.6339061260223389, 0.6027786731719971, 0.5667237639427185, 0.5273211002349854, 0.48656508326530457, 0.44682300090789795, 0.4094841480255127, 0.3753474950790405], "accuracy": [0.5601557493209839, 0.6925460696220398, 0.7793229222297668, 0.8356643319129944, 0.860298752784729, 0.8813572525978088, 0.8964557647705078, 0.905197024345398, 0.9125078916549683, 0.918150007724762], "val_loss": [0.6719051599502563, 0.6464166045188904, 0.6161211729049683, 0.580520749092102, 0.5407519340515137, 0.498575896024704, 0.45667362213134766, 0.41710013151168823, 0.38111191987991333, 0.3502853810787201], "val_accuracy": [0.631554126739502, 0.7557865381240845, 0.8294757008552551, 0.8601795434951782, 0.8847426176071167, 0.8974965214729309, 0.9093056321144104, 0.9168635010719299, 0.9211148023605347, 0.9220595359802246]}