{"loss": [12.316844940185547, 4.731410503387451, 3.3170154094696045, 2.521265983581543, 1.9867628812789917, 1.6515061855316162, 1.4264404773712158, 1.2083415985107422, 1.0250896215438843, 0.9174730777740479], "accuracy": [0.8314527869224548, 0.9155501127243042, 0.9285966753959656, 0.9363540410995483, 0.9413787126541138, 0.943141758441925, 0.9447284936904907, 0.9483427405357361, 0.947813868522644, 0.9479020237922668], "val_loss": [5.598001956939697, 4.025444507598877, 2.611175298690796, 2.2316555976867676, 1.7128034830093384, 1.40328049659729, 1.3358840942382812, 0.9885857701301575, 1.0437871217727661, 0.7126527428627014], "val_accuracy": [0.9113248586654663, 0.9262821078300476, 0.9412393569946289, 0.9428419470787048, 0.949252188205719, 0.949786365032196, 0.9487180113792419, 0.9524573087692261, 0.9481838345527649, 0.9556624293327332]}