{"loss": [0.6701870560646057, 0.668311595916748, 0.6683170199394226, 0.6683371663093567, 0.6683588624000549, 0.6683534383773804, 0.6683529019355774, 0.6683017611503601, 0.6683422923088074, 0.6683293581008911], "accuracy": [0.6069334745407104, 0.6046393513679504, 0.6050641536712646, 0.6048092842102051, 0.6040445566177368, 0.6052340865135193, 0.6042994260787964, 0.6047242879867554, 0.60489422082901, 0.6044694185256958], "val_loss": [0.6472512483596802, 0.6475944519042969, 0.6474556922912598, 0.6474273204803467, 0.6463415026664734, 0.647537112236023, 0.6469776630401611, 0.6472724080085754, 0.6470109224319458, 0.6473576426506042], "val_accuracy": [0.6542443037033081, 0.6537266969680786, 0.6542443037033081, 0.6537266969680786, 0.6547619104385376, 0.6537266969680786, 0.6542443037033081, 0.6542443037033081, 0.6542443037033081, 0.6537266969680786]}