{"loss": [33.49087142944336, 3.5793912410736084, 1.14254629611969, 0.6831092834472656, 0.48075079917907715, 0.38257691264152527, 0.3224662244319916, 0.2786119282245636, 0.24612584710121155, 0.22473502159118652], "accuracy": [0.8066065311431885, 0.9447206854820251, 0.9633437395095825, 0.9683154821395874, 0.9709277749061584, 0.9736243486404419, 0.974551260471344, 0.9753939509391785, 0.9766579866409302, 0.9780062437057495], "val_loss": [8.402617454528809, 2.431945562362671, 1.2557049989700317, 0.9093309044837952, 0.6584238409996033, 0.5580572485923767, 0.5042847990989685, 0.43505582213401794, 0.42007729411125183, 0.36849960684776306], "val_accuracy": [0.9156075716018677, 0.9583122134208679, 0.9679716229438782, 0.9684799909591675, 0.9730554819107056, 0.9745806455612183, 0.9755974411964417, 0.976105809211731, 0.9771226048469543, 0.9791561365127563]}