{"loss": [0.6975442171096802, 0.6853861212730408, 0.6727632880210876, 0.6566502451896667, 0.6392349600791931, 0.6233261227607727, 0.6101885437965393, 0.600047767162323, 0.5923182964324951, 0.5865206122398376], "accuracy": [0.48935630917549133, 0.5832414627075195, 0.6469341516494751, 0.6707658767700195, 0.6868798732757568, 0.6917140483856201, 0.6967178583145142, 0.7044356465339661, 0.7074887752532959, 0.7110508680343628], "val_loss": [0.6919530034065247, 0.6799694895744324, 0.6648418307304382, 0.6467849612236023, 0.6290022730827332, 0.6137902140617371, 0.6015985608100891, 0.5923226475715637, 0.5852770209312439, 0.5798352360725403], "val_accuracy": [0.5057759881019592, 0.6217980980873108, 0.6589653491973877, 0.6705173254013062, 0.6865896582603455, 0.6926167607307434, 0.7001506686210632, 0.7041687369346619, 0.7086890935897827, 0.7112004160881042]}