{"loss": [0.4857333302497864, 0.28922513127326965, 0.22696556150913239, 0.18979854881763458, 0.15730895102024078, 0.138165682554245, 0.11622703820466995, 0.1072867289185524, 0.10585487633943558, 0.09530732035636902], "accuracy": [0.9143968820571899, 0.9608513116836548, 0.9635512232780457, 0.9637100100517273, 0.9705392122268677, 0.9714921116828918, 0.9754625558853149, 0.97443026304245, 0.9683951735496521, 0.9775272011756897], "val_loss": [0.3323410749435425, 0.23153306543827057, 0.18313364684581757, 0.14423257112503052, 0.1252255141735077, 0.10137603431940079, 0.09303563088178635, 0.09715505689382553, 0.07192345708608627, 0.07172896713018417], "val_accuracy": [0.9521100521087646, 0.9819819927215576, 0.9838786721229553, 0.9862494468688965, 0.9900426864624023, 0.9900426864624023, 0.9815078377723694, 0.9762921333312988, 0.9881460666656494, 0.9909909963607788]}