{"loss": [0.7334036231040955, 0.5430864691734314, 0.4439435601234436, 0.37752148509025574, 0.3293825685977936, 0.2924959063529968, 0.26317110657691956, 0.23931045830249786, 0.2194211483001709, 0.20262451469898224], "accuracy": [0.5151779651641846, 0.7677208781242371, 0.8737285137176514, 0.9067069292068481, 0.9226000905036926, 0.9350762367248535, 0.9461220502853394, 0.9552606344223022, 0.9632072448730469, 0.9659885168075562], "val_loss": [0.6139641404151917, 0.4890177249908447, 0.40920743346214294, 0.35316964983940125, 0.31075406074523926, 0.27735862135887146, 0.2503770887851715, 0.22798718512058258, 0.2091955989599228, 0.1929110288619995], "val_accuracy": [0.6051015853881836, 0.846953272819519, 0.8899386525154114, 0.9102503657341003, 0.931506872177124, 0.948512077331543, 0.9570146799087524, 0.964100182056427, 0.9664620161056519, 0.9735475182533264]}