{"loss": [0.5774459838867188, 0.49822798371315, 0.4365895390510559, 0.3878937363624573, 0.3489750921726227, 0.3172662556171417, 0.2909993827342987, 0.2689521014690399, 0.25019606947898865, 0.23404131829738617], "accuracy": [0.7359946966171265, 0.8330981731414795, 0.8887874484062195, 0.9219852089881897, 0.9377541542053223, 0.9463856220245361, 0.9549340009689331, 0.9620715379714966, 0.9663042426109314, 0.9698730111122131], "val_loss": [0.5214065313339233, 0.44952520728111267, 0.39348533749580383, 0.3491491973400116, 0.3139199912548065, 0.2852725386619568, 0.26162925362586975, 0.2415025234222412, 0.22456972301006317, 0.2100442498922348], "val_accuracy": [0.8348577618598938, 0.8943089842796326, 0.9293699860572815, 0.9415650963783264, 0.9476626515388489, 0.9527439475059509, 0.9623984694480896, 0.9654472470283508, 0.9690041542053223, 0.9710366725921631]}