{"loss": [44.644596099853516, 5.157492160797119, 2.825762987136841, 1.9330542087554932, 1.4386107921600342, 1.0974323749542236, 0.8741089701652527, 0.7205072641372681, 0.5888724327087402, 0.5050446391105652], "accuracy": [0.6224825382232666, 0.9082329273223877, 0.9435409307479858, 0.9576978087425232, 0.9650290608406067, 0.9707592725753784, 0.9742141962051392, 0.9766579866409302, 0.9785118699073792, 0.9791017174720764], "val_loss": [7.454782962799072, 3.471813440322876, 2.298755168914795, 1.7950375080108643, 1.4842866659164429, 1.1992912292480469, 1.0534615516662598, 0.945800244808197, 0.9134950041770935, 0.7030745148658752], "val_accuracy": [0.8779868483543396, 0.9328927993774414, 0.9527199268341064, 0.9613625407218933, 0.9669548273086548, 0.9694967865943909, 0.9735638499259949, 0.9725471138954163, 0.9720386862754822, 0.9755974411964417]}