{"loss": [5.877072811126709, 4.060434341430664, 2.960683822631836, 1.7917826175689697, 0.6229162216186523, 0.1275273561477661, 0.1287168264389038, 0.1282932013273239, 0.12934774160385132, 0.12923502922058105], "accuracy": [0.944494903087616, 0.9506896734237671, 0.9503592848777771, 0.9506896734237671, 0.9508548974990845, 0.9513504505157471, 0.9513504505157471, 0.9517634510993958, 0.9520938396453857, 0.9515156745910645], "val_loss": [5.245177268981934, 4.313816547393799, 2.8080456256866455, 1.456579327583313, 0.17275139689445496, 0.14073774218559265, 0.12201500684022903, 0.12781184911727905, 0.12573586404323578, 0.1482396125793457], "val_accuracy": [0.9517413377761841, 0.9492537975311279, 0.9482587575912476, 0.9492537975311279, 0.9442786574363708, 0.9512438178062439, 0.9577114582061768, 0.9542288780212402, 0.9552239179611206, 0.9482587575912476]}