{"loss": [6.42116117477417, 0.9314400553703308, 0.6317023634910583, 0.43657636642456055, 0.36901769042015076, 0.28891894221305847, 0.23211626708507538, 0.20045441389083862, 0.17282401025295258, 0.15319262444972992], "accuracy": [0.8763799071311951, 0.9558439254760742, 0.9646919965744019, 0.9718547463417053, 0.9734557867050171, 0.9762366414070129, 0.9777534604072571, 0.9794387817382812, 0.9812083840370178, 0.9829779863357544], "val_loss": [1.2401920557022095, 0.8076789379119873, 0.6204445362091064, 0.5303005576133728, 0.4277587831020355, 0.38297131657600403, 0.35386842489242554, 0.33173930644989014, 0.29001471400260925, 0.2723366320133209], "val_accuracy": [0.9481444358825684, 0.9623793363571167, 0.9669548273086548, 0.9679716229438782, 0.9725471138954163, 0.9745806455612183, 0.9750890135765076, 0.9766141772270203, 0.978139340877533, 0.9801729321479797]}