{"loss": [0.5819417834281921, 0.3164897561073303, 0.184240460395813, 0.13131113350391388, 0.10470080375671387, 0.08893158286809921, 0.07868695259094238, 0.07171996682882309, 0.06680413335561752, 0.06315205991268158], "accuracy": [0.7503178715705872, 0.9429433941841125, 0.9636840224266052, 0.9736172556877136, 0.9794977307319641, 0.9821200966835022, 0.983709454536438, 0.9857755899429321, 0.9866496920585632, 0.9871264696121216], "val_loss": [0.43693000078201294, 0.23012317717075348, 0.15040895342826843, 0.11420631408691406, 0.09400022774934769, 0.0814225897192955, 0.07308012247085571, 0.06767579913139343, 0.0631154403090477, 0.05962461978197098], "val_accuracy": [0.9145016670227051, 0.9551252126693726, 0.9678791165351868, 0.9777988195419312, 0.980633020401001, 0.9872461557388306, 0.9905527234077454, 0.9910250902175903, 0.9914974570274353, 0.9910250902175903]}