{"loss": [0.6986929178237915, 0.6799018383026123, 0.6663854718208313, 0.6430246233940125, 0.610253095626831, 0.5705859661102295, 0.5281491279602051, 0.48631560802459717, 0.4464308023452759, 0.41020703315734863], "accuracy": [0.49428319931030273, 0.6615655422210693, 0.707211971282959, 0.7718557715415955, 0.8094107508659363, 0.8491644859313965, 0.8781882524490356, 0.888830304145813, 0.8992964029312134, 0.905540943145752], "val_loss": [0.6841275691986084, 0.6719716191291809, 0.6514009237289429, 0.6189314723014832, 0.5776196122169495, 0.5321954488754272, 0.4846712648868561, 0.44091325998306274, 0.4003120958805084, 0.365731805562973], "val_accuracy": [0.6759600043296814, 0.717517077922821, 0.7806417942047119, 0.8285112977027893, 0.8637559413909912, 0.9005786180496216, 0.9063650965690613, 0.9147816896438599, 0.920042097568512, 0.9258285164833069]}