{"loss": [0.6857770681381226, 0.6611976623535156, 0.6394641399383545, 0.6089637875556946, 0.5708808898925781, 0.5277340412139893, 0.4826805293560028, 0.43785494565963745, 0.39486896991729736, 0.35453492403030396], "accuracy": [0.5312426090240479, 0.5313214063644409, 0.5536206364631653, 0.6652745604515076, 0.7916633486747742, 0.8562760949134827, 0.899535059928894, 0.9168701767921448, 0.9308958649635315, 0.9418485164642334], "val_loss": [0.6677060723304749, 0.6477625966072083, 0.6188967823982239, 0.5810142755508423, 0.5362874269485474, 0.48918965458869934, 0.44068124890327454, 0.3942529857158661, 0.3505570590496063, 0.31151771545410156], "val_accuracy": [0.5293843150138855, 0.5298507213592529, 0.6375932693481445, 0.7882462739944458, 0.8824626803398132, 0.9258395433425903, 0.9333022236824036, 0.9430969953536987, 0.9496268630027771, 0.9533581733703613]}