{"loss": [5.641910076141357, 2.1463284492492676, 1.5249403715133667, 1.2553707361221313, 1.0884195566177368, 0.966924250125885, 0.8820806741714478, 0.8061988949775696, 0.7314959764480591, 0.6698588132858276], "accuracy": [0.9655608534812927, 0.9857030510902405, 0.9896525144577026, 0.9912322759628296, 0.9915482401847839, 0.9917061924934387, 0.9924960732460022, 0.9920221567153931, 0.9918642044067383, 0.9918642044067383], "val_loss": [1.8375556468963623, 1.2576793432235718, 1.0537323951721191, 0.9318714141845703, 0.8387160301208496, 0.7507553696632385, 0.6721022725105286, 0.6228681802749634, 0.558486819267273, 0.5132971405982971], "val_accuracy": [0.9856665134429932, 0.991399884223938, 0.9928332567214966, 0.9937888383865356, 0.9942666292190552, 0.9942666292190552, 0.9937888383865356, 0.9937888383865356, 0.9942666292190552, 0.9942666292190552]}