{"loss": [37.46422576904297, 10.841373443603516, 6.371564865112305, 4.657315254211426, 3.682255744934082, 3.0182487964630127, 2.4803929328918457, 2.0280442237854004, 1.6232895851135254, 1.229544758796692], "accuracy": [0.6589646339416504, 0.818943440914154, 0.8731810450553894, 0.8954052329063416, 0.9077519774436951, 0.9118087887763977, 0.91568922996521, 0.9174530506134033, 0.9179821610450745, 0.9182467460632324], "val_loss": [16.801414489746094, 7.682911396026611, 5.263901233673096, 4.131564617156982, 3.4940741062164307, 2.831578493118286, 2.340257406234741, 1.92613685131073, 1.4811115264892578, 1.0889450311660767], "val_accuracy": [0.7583783864974976, 0.8583784103393555, 0.8886486887931824, 0.9037837982177734, 0.9118919372558594, 0.9200000166893005, 0.9216216206550598, 0.9205405712127686, 0.9210811257362366, 0.9232432842254639]}