{"loss": [59.40422439575195, 14.857869148254395, 9.131958961486816, 5.954607009887695, 3.511885166168213, 1.4991003274917603, 0.4382649064064026, 0.32041510939598083, 0.3097391128540039, 0.30655473470687866], "accuracy": [0.5158303380012512, 0.7284592986106873, 0.7981303334236145, 0.8198253512382507, 0.8300555348396301, 0.8394920229911804, 0.8595114350318909, 0.8808537125587463, 0.8858805894851685, 0.8865861296653748], "val_loss": [20.63692283630371, 9.914484977722168, 6.43721342086792, 4.046035289764404, 2.2269866466522217, 0.6651961207389832, 0.3553199768066406, 0.3026126027107239, 0.30906230211257935, 0.3414405882358551], "val_accuracy": [0.638378381729126, 0.8021621704101562, 0.8281081318855286, 0.8416216373443604, 0.8410810828208923, 0.838378369808197, 0.8567568063735962, 0.8837838172912598, 0.8913514018058777, 0.870270311832428]}