{"loss": [0.9156856536865234, 0.783800482749939, 0.6996456384658813, 0.6332405805587769, 0.5778693556785583, 0.5314487814903259, 0.49208271503448486, 0.45841121673583984, 0.4293980598449707, 0.4041515588760376], "accuracy": [0.3352876305580139, 0.10944005846977234, 0.46894386410713196, 0.6459342837333679, 0.7773813009262085, 0.8461211919784546, 0.8891155123710632, 0.9039850831031799, 0.9140964150428772, 0.9209789037704468], "val_loss": [0.8455101251602173, 0.7405940890312195, 0.6623122692108154, 0.5978047251701355, 0.5440412759780884, 0.4994646906852722, 0.46153029799461365, 0.42948123812675476, 0.401513010263443, 0.37748169898986816], "val_accuracy": [0.18064182996749878, 0.12577639520168304, 0.5921325087547302, 0.7805383205413818, 0.8664596676826477, 0.9068323373794556, 0.9208074808120728, 0.9280538558959961, 0.9311594367027283, 0.933747410774231]}