{"loss": [0.7641327381134033, 0.6339969635009766, 0.5500892996788025, 0.46441712975502014, 0.38482531905174255, 0.31733012199401855, 0.26332470774650574, 0.22118690609931946, 0.1887812465429306, 0.16400377452373505], "accuracy": [0.518336296081543, 0.52833092212677, 0.7605904936790466, 0.9083570837974548, 0.9466441869735718, 0.9616360664367676, 0.9665564894676208, 0.9709387421607971, 0.9734758734703064, 0.9745522141456604], "val_loss": [0.6754481792449951, 0.590565025806427, 0.5060714483261108, 0.42272841930389404, 0.3496915102005005, 0.29012301564216614, 0.24335306882858276, 0.2073652744293213, 0.1799735426902771, 0.15902818739414215], "val_accuracy": [0.5247341990470886, 0.6250578165054321, 0.876560389995575, 0.9320388436317444, 0.9500693678855896, 0.9597781300544739, 0.9676375985145569, 0.9699491858482361, 0.9713361263275146, 0.9713361263275146]}