{"loss": [0.8966031074523926, 0.7287213206291199, 0.619487464427948, 0.5499582290649414, 0.503672182559967, 0.47058165073394775, 0.44590678811073303, 0.4269447922706604, 0.4120115041732788, 0.40018099546432495], "accuracy": [0.2415131777524948, 0.3638390898704529, 0.8970017433166504, 0.889237642288208, 0.8799867630004883, 0.8804823756217957, 0.8813083171844482, 0.8841992020606995, 0.889568030834198, 0.889898419380188], "val_loss": [0.8015952110290527, 0.6656153202056885, 0.5785644054412842, 0.5217588543891907, 0.4819193482398987, 0.452349454164505, 0.42946428060531616, 0.41131237149238586, 0.39674144983291626, 0.3848849833011627], "val_accuracy": [0.25273633003234863, 0.7900497913360596, 0.9203980565071106, 0.8855721950531006, 0.8860697150230408, 0.88407963514328, 0.8855721950531006, 0.8905473351478577, 0.8880597352981567, 0.8915423154830933]}