{"loss": [0.65147864818573, 0.5789444446563721, 0.5228055715560913, 0.4788520336151123, 0.4439884126186371, 0.4155969023704529, 0.3923144042491913, 0.3730337619781494, 0.3569294512271881, 0.3434760272502899], "accuracy": [0.6960436105728149, 0.8246468901634216, 0.8654497265815735, 0.8932848572731018, 0.9011315703392029, 0.9077393412590027, 0.9113736152648926, 0.9147600531578064, 0.9203766584396362, 0.9222763776779175], "val_loss": [0.6100736260414124, 0.5458707213401794, 0.49571776390075684, 0.45594048500061035, 0.42365387082099915, 0.3970624506473541, 0.3749796152114868, 0.35640180110931396, 0.3407188057899475, 0.3274231553077698], "val_accuracy": [0.7960199117660522, 0.8502488136291504, 0.8950248956680298, 0.904975175857544, 0.9144278764724731, 0.9169154763221741, 0.9218906164169312, 0.9293532967567444, 0.9308457970619202, 0.9338309168815613]}