{"accuracy": [0.48, 0.58, 0.58, 0.58, 0.58, 0.58, 0.61, 0.66, 0.74, 0.71], "val_accuracy": [0.57, 0.565, 0.569, 0.573, 0.564, 0.582, 0.589, 0.61, 0.622, 0.65], "loss": [111.62000000000002, 91.67999999999999, 88.13600000000001, 87.76399999999998, 85.95599999999999, 85.244, 82.176, 78.716, 75.58399999999996, 72.076], "val_loss": [970.7040000000009, 935.7999999999994, 936.8679999999981, 944.7240000000003, 918.8720000000005, 905.5319999999999, 880.2959999999997, 855.3119999999997, 835.5679999999977, 806.8920000000007]}