{"loss": [0.6944745779037476, 0.686423122882843, 0.673732578754425, 0.6511613130569458, 0.6159555315971375, 0.5700399875640869, 0.5187767148017883, 0.4672897458076477, 0.41885310411453247, 0.3748140335083008], "accuracy": [0.5115314722061157, 0.7453957796096802, 0.8729053139686584, 0.9140534996986389, 0.9269952178001404, 0.9366186261177063, 0.9413473010063171, 0.9426746964454651, 0.9490625858306885, 0.9504729509353638], "val_loss": [0.690619945526123, 0.6806624531745911, 0.662959098815918, 0.6328219771385193, 0.5899878144264221, 0.5386892557144165, 0.485409677028656, 0.43505996465682983, 0.38757121562957764, 0.3471742272377014], "val_accuracy": [0.5477386713027954, 0.8522613048553467, 0.8949748873710632, 0.9221105575561523, 0.9316582679748535, 0.9386934638023376, 0.94321608543396, 0.9482411742210388, 0.9497487545013428, 0.955276370048523]}