{"loss": [0.7633588314056396, 0.7013805508613586, 0.6540273427963257, 0.6042071580886841, 0.5497269630432129, 0.4974217712879181, 0.45312726497650146, 0.4182625412940979, 0.39204534888267517, 0.3725484013557434], "accuracy": [0.37933647632598877, 0.5349444150924683, 0.6793532967567444, 0.7547153830528259, 0.8104580640792847, 0.8422869443893433, 0.8573593497276306, 0.8640956282615662, 0.8678848147392273, 0.8705793023109436], "val_loss": [0.7318387627601624, 0.6818434000015259, 0.635619044303894, 0.584019124507904, 0.5310814380645752, 0.4837735891342163, 0.4461439549922943, 0.4171716272830963, 0.3957366943359375, 0.38016992807388306], "val_accuracy": [0.4457286298274994, 0.6095477342605591, 0.717587947845459, 0.7844220995903015, 0.8180904388427734, 0.8396984934806824, 0.8452261090278625, 0.8557788729667664, 0.8562813997268677, 0.8623115420341492]}