{"loss": [0.7135663628578186, 0.6949702501296997, 0.6903128027915955, 0.6841873526573181, 0.6738258004188538, 0.6569027304649353, 0.6317480206489563, 0.5984777212142944, 0.5587354302406311, 0.5155684351921082], "accuracy": [0.5071552991867065, 0.5142691731452942, 0.5585243105888367, 0.5946728587150574, 0.6084043383598328, 0.6731739640235901, 0.7290098667144775, 0.8152866363525391, 0.861113429069519, 0.8972619771957397], "val_loss": [0.7004441022872925, 0.6932034492492676, 0.6882234811782837, 0.6803054213523865, 0.6666165590286255, 0.6453173160552979, 0.6146400570869446, 0.5776035785675049, 0.5336840152740479, 0.4887901842594147], "val_accuracy": [0.4946131110191345, 0.5190989375114441, 0.5563173294067383, 0.5670910477638245, 0.6072477698326111, 0.6474044919013977, 0.7370225191116333, 0.7703232169151306, 0.8486777544021606, 0.8805092573165894]}