{"loss": [0.47055619955062866, 0.34744513034820557, 0.2859506905078888, 0.2419164627790451, 0.2153039574623108, 0.18911059200763702, 0.1763749122619629, 0.1573110967874527, 0.15575851500034332, 0.14118129014968872], "accuracy": [0.8702684044837952, 0.9411465525627136, 0.9449571967124939, 0.9563044905662537, 0.9508848786354065, 0.9546955823898315, 0.9570666551589966, 0.9601151347160339, 0.9600304961204529, 0.9552883505821228], "val_loss": [0.3941304087638855, 0.3128875494003296, 0.2546253204345703, 0.22409766912460327, 0.21575458347797394, 0.18334880471229553, 0.1653228998184204, 0.1699446737766266, 0.14480677247047424, 0.12942805886268616], "val_accuracy": [0.929710865020752, 0.9426720142364502, 0.9591226577758789, 0.9556331038475037, 0.9401794672012329, 0.9601196646690369, 0.9601196646690369, 0.9446660280227661, 0.9506480693817139, 0.967597246170044]}