{"loss": [0.7073433995246887, 0.6879462003707886, 0.680629551410675, 0.6708467602729797, 0.6580982804298401, 0.6428052186965942, 0.6255214810371399, 0.6066060066223145, 0.5864156484603882, 0.5652359127998352], "accuracy": [0.48253077268600464, 0.5729743242263794, 0.711158812046051, 0.7332947850227356, 0.7517138719558716, 0.7717023491859436, 0.7882217168807983, 0.8085405230522156, 0.8277029991149902, 0.8455439209938049], "val_loss": [0.6914746761322021, 0.6838695406913757, 0.6751112341880798, 0.6630461812019348, 0.6484642028808594, 0.6312187910079956, 0.6132862567901611, 0.5926304459571838, 0.5719304084777832, 0.5509901642799377], "val_accuracy": [0.48855724930763245, 0.7044776678085327, 0.7223880887031555, 0.737313449382782, 0.753731369972229, 0.7656716704368591, 0.7776119709014893, 0.7920398116111755, 0.8059701919555664, 0.8194030523300171]}