{"loss": [0.6936017870903015, 0.6878931522369385, 0.6797772645950317, 0.6643667817115784, 0.6388546824455261, 0.6041072607040405, 0.5627159476280212, 0.5186458230018616, 0.4746851921081543, 0.4332466125488281], "accuracy": [0.5235961079597473, 0.5235961079597473, 0.5235961079597473, 0.592231273651123, 0.7684330940246582, 0.8371561765670776, 0.880305826663971, 0.8959486484527588, 0.9050004482269287, 0.9124703407287598], "val_loss": [0.6883535981178284, 0.6814947724342346, 0.6689271330833435, 0.646362841129303, 0.6129322648048401, 0.5706226229667664, 0.5239294171333313, 0.4766422212123871, 0.4307211637496948, 0.39036452770233154], "val_accuracy": [0.5363825559616089, 0.5363825559616089, 0.5363825559616089, 0.692307710647583, 0.7692307829856873, 0.8596673607826233, 0.882016658782959, 0.8991684317588806, 0.9152806997299194, 0.9142411947250366]}