{"loss": [0.737214982509613, 0.5946029424667358, 0.49529391527175903, 0.42429205775260925, 0.3720029592514038, 0.3322692811489105, 0.30113011598587036, 0.2760710120201111, 0.25534480810165405, 0.238007053732872], "accuracy": [0.5013061165809631, 0.6020898222923279, 0.8201736211776733, 0.9108452200889587, 0.9610685110092163, 0.9749726057052612, 0.9774163961410522, 0.9802814722061157, 0.9801971912384033, 0.9802814722061157], "val_loss": [0.6461198329925537, 0.5210602879524231, 0.43334662914276123, 0.37149420380592346, 0.32562872767448425, 0.29071786999702454, 0.26383069157600403, 0.2418321669101715, 0.22404548525810242, 0.20872730016708374], "val_accuracy": [0.5129639506340027, 0.7824098467826843, 0.8998475670814514, 0.9491612315177917, 0.9679716229438782, 0.9750890135765076, 0.9771226048469543, 0.9766141772270203, 0.978647768497467, 0.9771226048469543]}