{"loss": [0.6244217753410339, 0.4795815348625183, 0.3981657326221466, 0.3448966145515442, 0.3068768382072449, 0.27810975909233093, 0.2554972767829895, 0.23716509342193604, 0.22209109365940094, 0.20941495895385742], "accuracy": [0.7141280770301819, 0.9764399528503418, 0.9726577401161194, 0.9691119194030762, 0.9665904641151428, 0.9691119194030762, 0.9676148295402527, 0.9687179327011108, 0.9696635007858276, 0.9702938795089722], "val_loss": [0.5331660509109497, 0.430066853761673, 0.3649541735649109, 0.3193785548210144, 0.2853412330150604, 0.2589847445487976, 0.23736611008644104, 0.21945643424987793, 0.2046506106853485, 0.1919880509376526], "val_accuracy": [0.9799439907073975, 0.97947758436203, 0.9715484976768494, 0.9706156253814697, 0.9729477167129517, 0.96875, 0.9706156253814697, 0.9729477167129517, 0.9729477167129517, 0.9729477167129517]}