{"accuracy": [0.61, 0.9, 0.92, 0.95, 0.94, 0.96, 0.95, 0.97, 0.97, 0.96], "val_accuracy": [0.842, 0.877, 0.919, 0.936, 0.936, 0.937, 0.938, 0.937, 0.944, 0.942], "loss": [93.52400000000006, 44.89200000000002, 33.884000000000015, 29.228000000000005, 26.235999999999994, 25.488000000000014, 23.372, 24.611999999999995, 24.98400000000001, 23.695999999999998], "val_loss": [562.9560000000004, 456.96800000000013, 382.4760000000002, 343.18800000000033, 304.2640000000011, 286.07200000000074, 289.23200000000037, 292.07600000000036, 288.5120000000002, 278.05600000000004]}