{"loss": [0.7028555870056152, 0.6475207209587097, 0.6073775887489319, 0.5555634498596191, 0.49724122881889343, 0.4324357211589813, 0.3621673285961151, 0.2980172038078308, 0.24678468704223633, 0.2079116553068161], "accuracy": [0.49715355038642883, 0.6122015714645386, 0.8562325239181519, 0.9337242245674133, 0.9638882279396057, 0.9732348322868347, 0.9745942950248718, 0.9753590226173401, 0.9756988883018494, 0.9759538173675537], "val_loss": [0.6627461314201355, 0.6262525320053101, 0.5783689022064209, 0.5210614800453186, 0.4589652121067047, 0.38923707604408264, 0.3197315037250519, 0.26122376322746277, 0.216470405459404, 0.18263095617294312], "val_accuracy": [0.5041407942771912, 0.7613871693611145, 0.9239130616188049, 0.9668737053871155, 0.9751552939414978, 0.9777432680130005, 0.9777432680130005, 0.97826087474823, 0.9777432680130005, 0.9787784814834595]}