{"accuracy": [0.83, 0.88, 0.89, 0.89, 0.89], "val_accuracy": [0.892, 0.924, 0.936, 0.93, 0.93], "loss": [12.046195899111886, 6.176882560871902, 5.961336206379152, 5.8893799675164855, 5.837343639434022], "val_loss": [24.3728063783655, 18.42891716026628, 17.691992437784133, 18.172584852362803, 17.85582693121364]}