{"loss": [0.5328453779220581, 0.3927338123321533, 0.30942338705062866, 0.25439170002937317, 0.2151351273059845, 0.18566949665546417, 0.16274380683898926, 0.14444297552108765, 0.12940216064453125, 0.11689462512731552], "accuracy": [0.8982893824577332, 0.985337495803833, 0.9911519289016724, 0.9911519289016724, 0.9914047122001648, 0.991657555103302, 0.9917418360710144, 0.9919946193695068, 0.9921631217002869, 0.9921631217002869], "val_loss": [0.43486687541007996, 0.3283683955669403, 0.26171761751174927, 0.21781685948371887, 0.18574436008930206, 0.16127803921699524, 0.14327071607112885, 0.12798552215099335, 0.11625595390796661, 0.10575661808252335], "val_accuracy": [0.9837316274642944, 0.9888155460357666, 0.9877987504005432, 0.9893239140510559, 0.9893239140510559, 0.9893239140510559, 0.9893239140510559, 0.9898322820663452, 0.9893239140510559, 0.9898322820663452]}