{"loss": [0.44523242115974426, 0.33313286304473877, 0.2551238238811493, 0.20146140456199646, 0.16257819533348083, 0.13107170164585114, 0.11008159816265106, 0.09324467182159424, 0.08081081509590149, 0.06721333414316177], "accuracy": [0.9604060053825378, 0.990312933921814, 0.9937726259231567, 0.9933882355690002, 0.9921581149101257, 0.9947720766067505, 0.9931575655937195, 0.9910048842430115, 0.9920043349266052, 0.9948489665985107], "val_loss": [0.3784729540348053, 0.2896685302257538, 0.22997736930847168, 0.1834714412689209, 0.147745743393898, 0.12113472819328308, 0.10304179042577744, 0.09508418291807175, 0.07705778628587723, 0.06851905584335327], "val_accuracy": [0.986592710018158, 0.9893666505813599, 0.9884420037269592, 0.9870550632476807, 0.9921405911445618, 0.993989884853363, 0.9916782379150391, 0.9889043569564819, 0.9926028847694397, 0.9926028847694397]}