{"loss": [0.7306056618690491, 0.6994006633758545, 0.6950874924659729, 0.691132128238678, 0.684877336025238, 0.674298882484436, 0.6576884388923645, 0.6343212723731995, 0.6039747595787048, 0.5678385496139526], "accuracy": [0.5041525363922119, 0.48406779766082764, 0.40966102480888367, 0.5883898138999939, 0.6321186423301697, 0.722796618938446, 0.7148305177688599, 0.803644061088562, 0.8440678119659424, 0.8788983225822449], "val_loss": [0.7033947706222534, 0.6964617371559143, 0.6929494142532349, 0.6878793835639954, 0.6792375445365906, 0.6649507880210876, 0.6436558365821838, 0.6150577664375305, 0.5795966982841492, 0.5400709509849548], "val_accuracy": [0.5088250041007996, 0.42259204387664795, 0.5179021954536438, 0.6338880658149719, 0.6797780990600586, 0.6616237759590149, 0.7876954078674316, 0.8063539862632751, 0.8466969132423401, 0.8668683767318726]}