{"loss": [86.01618194580078, 10.118879318237305, 2.7056703567504883, 1.9726067781448364, 1.6625316143035889, 1.4808841943740845, 1.370019793510437, 1.269024133682251, 1.1736128330230713, 1.0793856382369995], "accuracy": [0.718777060508728, 0.9149003028869629, 0.972184956073761, 0.9806949496269226, 0.9836891889572144, 0.9858954548835754, 0.9868410229682922, 0.9871562123298645, 0.9878653883934021, 0.9881017804145813], "val_loss": [26.377708435058594, 2.179086446762085, 1.1053476333618164, 0.9153586626052856, 0.8806051015853882, 0.8463352918624878, 0.8206322193145752, 0.7868424654006958, 0.7475091814994812, 0.697297990322113], "val_accuracy": [0.8386194109916687, 0.9706156253814697, 0.9888059496879578, 0.9925373196601868, 0.9925373196601868, 0.9925373196601868, 0.9930037260055542, 0.9925373196601868, 0.9934701323509216, 0.9934701323509216]}