{"loss": [38.28144836425781, 7.283805847167969, 5.147093772888184, 4.194173336029053, 3.5271167755126953, 2.9955289363861084, 2.520358085632324, 2.0714993476867676, 1.6235357522964478, 1.1928285360336304], "accuracy": [0.5695908665657043, 0.8368329405784607, 0.8794921040534973, 0.8953440189361572, 0.905884325504303, 0.9120259284973145, 0.9156776666641235, 0.9189974069595337, 0.9207403063774109, 0.9231471419334412], "val_loss": [10.1565523147583, 5.386638164520264, 4.103316307067871, 3.3877217769622803, 2.850921392440796, 2.4153225421905518, 1.9452602863311768, 1.5631297826766968, 1.1502001285552979, 0.7916322946548462], "val_accuracy": [0.7815041542053223, 0.8719512820243835, 0.9014228582382202, 0.9146342277526855, 0.918191134929657, 0.9222561717033386, 0.9263212084770203, 0.9268293380737305, 0.9329268932342529, 0.9339431524276733]}