{"loss": [0.5828098058700562, 0.2325775921344757, 0.10940252989530563, 0.07282288372516632, 0.05804159864783287, 0.05076788365840912, 0.04662515968084335, 0.04391198977828026, 0.04202866554260254, 0.04065632447600365], "accuracy": [0.8430942893028259, 0.9935956597328186, 0.9937642216682434, 0.9937642216682434, 0.9935956597328186, 0.9937642216682434, 0.9938485026359558, 0.9939327836036682, 0.9937642216682434, 0.993679940700531], "val_loss": [0.3648031949996948, 0.13989858329296112, 0.08568864315748215, 0.06862253695726395, 0.06148458272218704, 0.05757907032966614, 0.05544820427894592, 0.053290415555238724, 0.0530255101621151, 0.051198430359363556], "val_accuracy": [0.9913574457168579, 0.9913574457168579, 0.9913574457168579, 0.9913574457168579, 0.9913574457168579, 0.9913574457168579, 0.9913574457168579, 0.9913574457168579, 0.9913574457168579, 0.9913574457168579]}