{"accuracy": [0.75, 0.96, 0.96, 0.98, 0.98, 0.98, 0.98, 0.98, 0.98, 0.98], "val_accuracy": [0.948936170212766, 0.9697399527186761, 0.966903073286052, 0.9598108747044918, 0.9635933806146572, 0.9640661938534278, 0.9659574468085106, 0.9631205673758865, 0.9635933806146572, 0.9664302600472813], "loss": [69.6, 26.128000000000007, 22.360000000000007, 20.867999999999995, 19.319999999999993, 17.804, 16.268, 16.751999999999995, 16.448000000000008, 17.888000000000012], "val_loss": [854.9479999999999, 637.7440000000016, 539.8480000000018, 576.8680000000011, 618.6039999999998, 570.8160000000005, 468.6800000000023, 501.1680000000025, 595.8879999999999, 545.1840000000018]}