{"loss": [91.0208969116211, 18.315101623535156, 6.713011741638184, 2.899247646331787, 1.25587797164917, 0.6539686918258667, 0.5654135346412659, 0.5190620422363281, 0.4869014024734497, 0.4664430618286133], "accuracy": [0.504440188407898, 0.6773176193237305, 0.750103771686554, 0.760063111782074, 0.7692754864692688, 0.788530170917511, 0.7948377728462219, 0.7968296408653259, 0.7978255748748779, 0.7996514439582825], "val_loss": [36.90431594848633, 9.421672821044922, 3.752068519592285, 1.6615216732025146, 0.7112760543823242, 0.5459402203559875, 0.5133830904960632, 0.4908212125301361, 0.4715190827846527, 0.46188145875930786], "val_accuracy": [0.5619919300079346, 0.7322155237197876, 0.772865891456604, 0.7764227986335754, 0.7896342277526855, 0.8064025044441223, 0.8008130788803101, 0.8003049492835999, 0.8048781156539917, 0.8074187636375427]}