{"loss": [0.7091119885444641, 0.6831945776939392, 0.6694163680076599, 0.6449627876281738, 0.6060518622398376, 0.5581743717193604, 0.5079230666160583, 0.45943135023117065, 0.4155682623386383, 0.37723827362060547], "accuracy": [0.4958474636077881, 0.5114406943321228, 0.8742372989654541, 0.9332203269004822, 0.9290677905082703, 0.9330508708953857, 0.9356779456138611, 0.9367796778678894, 0.9356779456138611, 0.9361864328384399], "val_loss": [0.6903372406959534, 0.676936686038971, 0.6582155227661133, 0.6243261098861694, 0.5773924589157104, 0.5251664519309998, 0.47361841797828674, 0.4269825220108032, 0.38460299372673035, 0.3491896390914917], "val_accuracy": [0.49117499589920044, 0.7443267703056335, 0.9299041628837585, 0.9253656268119812, 0.9263741970062256, 0.9309127330780029, 0.9319213628768921, 0.9268784523010254, 0.9329299330711365, 0.9339385032653809]}