{"accuracy": [0.94, 0.97, 0.97, 0.98, 0.97, 0.98, 0.98, 0.98, 0.98, 0.98], "val_accuracy": [0.9242501270971022, 0.9501779359430605, 0.958312150482969, 0.9578037620742247, 0.9613624809354346, 0.9633960345704118, 0.9669547534316217, 0.9669547534316217, 0.9679715302491103, 0.9694966954753431], "loss": [33.74400000000001, 19.487999999999996, 17.676000000000002, 16.680000000000003, 17.139999999999997, 17.408, 17.328, 16.092000000000006, 16.444000000000013, 14.808000000000002], "val_loss": [586.3919999999995, 515.5960000000023, 477.36800000000187, 477.6680000000021, 458.4120000000029, 479.9840000000026, 465.2160000000012, 449.2720000000021, 439.100000000002, 486.96000000000225]}