{"loss": [0.6985019445419312, 0.679639458656311, 0.6511348485946655, 0.6044631004333496, 0.5423449277877808, 0.47398048639297485, 0.40826237201690674, 0.3500458598136902, 0.3006400763988495, 0.2597272992134094], "accuracy": [0.5206241011619568, 0.7390654683113098, 0.9487924575805664, 0.966553270816803, 0.9785874485969543, 0.978089451789856, 0.9781724810600281, 0.9783384799957275, 0.9785874485969543, 0.9787534475326538], "val_loss": [0.6881285905838013, 0.6655892729759216, 0.625597357749939, 0.565822958946228, 0.49554744362831116, 0.42400145530700684, 0.35974591970443726, 0.30538225173950195, 0.26119357347488403, 0.22389093041419983], "val_accuracy": [0.7311992645263672, 0.9054878950119019, 0.9507114291191101, 0.9822155237197876, 0.9786586165428162, 0.9837399125099182, 0.9837399125099182, 0.9822155237197876, 0.980691134929657, 0.9827236533164978]}