{"loss": [0.6192302703857422, 0.606133222579956, 0.599968433380127, 0.5967815518379211, 0.5951237082481384, 0.5941181182861328, 0.5935511589050293, 0.5932657718658447, 0.5930097699165344, 0.5929116010665894], "accuracy": [0.7024861574172974, 0.7017428278923035, 0.7015776038169861, 0.7019079923629761, 0.7039729356765747, 0.7021557688713074, 0.7023209929466248, 0.7019906044006348, 0.7016602158546448, 0.7028165459632874], "val_loss": [0.6071523427963257, 0.5974299907684326, 0.5928664207458496, 0.589914083480835, 0.5883740186691284, 0.5873323678970337, 0.5866550207138062, 0.5862483978271484, 0.5858744382858276, 0.5856954455375671], "val_accuracy": [0.7184079885482788, 0.7179104685783386, 0.7243781685829163, 0.7169154286384583, 0.7194030284881592, 0.7169154286384583, 0.7179104685783386, 0.7179104685783386, 0.7174129486083984, 0.7184079885482788]}