{"loss": [0.7350997924804688, 0.7005974650382996, 0.686649739742279, 0.6693958640098572, 0.6473926901817322, 0.6241260766983032, 0.6026731729507446, 0.584521472454071, 0.5698919296264648, 0.5587394833564758], "accuracy": [0.530730664730072, 0.530730664730072, 0.5451869964599609, 0.6631752252578735, 0.7138158082962036, 0.7331198453903198, 0.7422957420349121, 0.7424688935279846, 0.7447195649147034, 0.7441136240959167], "val_loss": [0.7089304327964783, 0.6939072012901306, 0.6790266633033752, 0.6586244106292725, 0.635047197341919, 0.611616849899292, 0.5910634994506836, 0.5742968320846558, 0.5603888034820557, 0.5501903295516968], "val_accuracy": [0.5310199856758118, 0.5310199856758118, 0.621976912021637, 0.7050473690032959, 0.7365931272506714, 0.7439537644386292, 0.7492113709449768, 0.7513144612312317, 0.7528917193412781, 0.7570978403091431]}