{"accuracy": [0.47, 0.69, 0.79, 0.83, 0.83], "val_accuracy": [0.578, 0.78, 0.83, 0.834, 0.83], "loss": [73.02888957105239, 43.006315120240096, 35.33662436894138, 30.439856333756417, 27.163485533298722], "val_loss": [251.77834890484314, 179.74622142499442, 151.60264367219725, 137.3795610924161, 131.0573801596064]}