{"loss": [0.617591142654419, 0.434112012386322, 0.3390567898750305, 0.2824340760707855, 0.24472351372241974, 0.21740315854549408, 0.19647155702114105, 0.17981301248073578, 0.16616274416446686, 0.15478000044822693], "accuracy": [0.7205181121826172, 0.9484265446662903, 0.9318976402282715, 0.9361887574195862, 0.9408772587776184, 0.9476318955421448, 0.9541481137275696, 0.9582008719444275, 0.9641607999801636, 0.9666242599487305], "val_loss": [0.5040311813354492, 0.3775692582130432, 0.30554935336112976, 0.2594400644302368, 0.22655674815177917, 0.20167706906795502, 0.18205507099628448, 0.16603799164295197, 0.15275885164737701, 0.1413426548242569], "val_accuracy": [0.9867737889289856, 0.9433160424232483, 0.9409542083740234, 0.9433160424232483, 0.9494568109512329, 0.9570146799087524, 0.9617383480072021, 0.9659896492958069, 0.9669343829154968, 0.9716580510139465]}