{"loss": [232.69012451171875, 34.25059127807617, 0.5632184743881226, 0.1849450170993805, 0.12736187875270844, 0.11370672285556793, 0.1095222756266594, 0.10644718259572983, 0.10307533293962479, 0.10084348171949387], "accuracy": [0.3111991286277771, 0.6598129272460938, 0.9685683250427246, 0.989045262336731, 0.9912362098693848, 0.9919946193695068, 0.9924159646034241, 0.9923316836357117, 0.9920789003372192, 0.9924159646034241], "val_loss": [92.41785430908203, 1.306454062461853, 0.2948298752307892, 0.23527605831623077, 0.22336554527282715, 0.22454716265201569, 0.21622876822948456, 0.21322380006313324, 0.21658684313297272, 0.1872594654560089], "val_accuracy": [0.47330963611602783, 0.9435689449310303, 0.980681300163269, 0.9847484230995178, 0.9857652187347412, 0.9857652187347412, 0.9862735867500305, 0.9872903823852539, 0.9877987504005432, 0.9872903823852539]}