{"loss": [0.7641092538833618, 0.7240397930145264, 0.6896238923072815, 0.6565647125244141, 0.6250536441802979, 0.5951358079910278, 0.5669007897377014, 0.5406466126441956, 0.5160454511642456, 0.4930582642555237], "accuracy": [0.4177526831626892, 0.33113476634025574, 0.6610775589942932, 0.9762396216392517, 0.962333083152771, 0.9580419063568115, 0.9660679697990417, 0.9631277322769165, 0.9667037129402161, 0.9637634754180908], "val_loss": [0.7422925233840942, 0.7065951228141785, 0.672603189945221, 0.6400525569915771, 0.6091575026512146, 0.5798928737640381, 0.5524759292602539, 0.5269845128059387, 0.5030741095542908, 0.48072105646133423], "val_accuracy": [0.35333019495010376, 0.3788380026817322, 0.9721304178237915, 0.9603212475776672, 0.9607936143875122, 0.9678791165351868, 0.9607936143875122, 0.9603212475776672, 0.9607936143875122, 0.963627815246582]}