{"loss": [0.6844170689582825, 0.6278588771820068, 0.5722317099571228, 0.5070503950119019, 0.4390053451061249, 0.37581872940063477, 0.321766197681427, 0.2775825560092926, 0.24211417138576508, 0.21386270225048065], "accuracy": [0.5258809924125671, 0.7436505556106567, 0.9474470615386963, 0.9660778641700745, 0.9680991172790527, 0.9689779281616211, 0.9688021540641785, 0.9681870341300964, 0.9688900709152222, 0.9685385227203369], "val_loss": [0.6496452689170837, 0.5994624495506287, 0.5383000373840332, 0.4698003828525543, 0.40294572710990906, 0.3441416323184967, 0.2951894998550415, 0.2555057406425476, 0.22395163774490356, 0.19889798760414124], "val_accuracy": [0.5670478343963623, 0.9048856496810913, 0.9579002261161804, 0.9651767015457153, 0.9677754640579224, 0.9719334840774536, 0.972453236579895, 0.9729729890823364, 0.9729729890823364, 0.9729729890823364]}