{"loss": [0.4376518726348877, 0.36829280853271484, 0.3167276084423065, 0.27711957693099976, 0.24567492306232452, 0.22009782493114471, 0.19897915422916412, 0.1812201887369156, 0.16601072251796722, 0.15281158685684204], "accuracy": [0.9007331132888794, 0.9657031893730164, 0.9864329695701599, 0.9962079524993896, 0.996292233467102, 0.996292233467102, 0.996292233467102, 0.996292233467102, 0.996292233467102, 0.996292233467102], "val_loss": [0.39809125661849976, 0.3370523452758789, 0.2905140221118927, 0.25503966212272644, 0.22624331712722778, 0.20243173837661743, 0.18326541781425476, 0.1666647046804428, 0.1528223603963852, 0.14014725387096405], "val_accuracy": [0.9491612315177917, 0.9766141772270203, 0.9964413642883301, 0.9964413642883301, 0.995932936668396, 0.9954245686531067, 0.9954245686531067, 0.9954245686531067, 0.9954245686531067, 0.995932936668396]}