{"loss": [0.374096542596817, 0.26819202303886414, 0.2054184526205063, 0.16560062766075134, 0.12865760922431946, 0.10475361347198486, 0.08671927452087402, 0.0725231021642685, 0.05877940356731415, 0.05370640754699707], "accuracy": [0.9685624241828918, 0.9915482401847839, 0.9947077631950378, 0.9919431805610657, 0.9957346320152283, 0.9969984889030457, 0.9957346320152283, 0.9967615008354187, 0.9977093935012817, 0.9959716200828552], "val_loss": [0.29714033007621765, 0.2295670509338379, 0.18338337540626526, 0.14477260410785675, 0.1284182369709015, 0.09728948026895523, 0.07643331587314606, 0.06456640362739563, 0.05577455461025238, 0.048240069299936295], "val_accuracy": [0.9942666292190552, 0.9942666292190552, 0.992355465888977, 0.9928332567214966, 0.9961777329444885, 0.9947444200515747, 0.9976111054420471, 0.9976111054420471, 0.9976111054420471, 0.9971333146095276]}