{"loss": [0.5533579587936401, 0.48560044169425964, 0.43330952525138855, 0.39154052734375, 0.3573152422904968, 0.32868701219558716, 0.3044150173664093, 0.2834778130054474, 0.2652650475502014, 0.24918802082538605], "accuracy": [0.7972579002380371, 0.8766842484474182, 0.9092269539833069, 0.9249861836433411, 0.9353084564208984, 0.9476794004440308, 0.9501221179962158, 0.9554014205932617, 0.960207998752594, 0.9628082513809204], "val_loss": [0.5177193284034729, 0.4589870572090149, 0.4123094379901886, 0.3742966949939728, 0.342679888010025, 0.31606918573379517, 0.29302164912223816, 0.27301713824272156, 0.2555222809314728, 0.2399258315563202], "val_accuracy": [0.8507462739944458, 0.8936566710472107, 0.9188432693481445, 0.9370335340499878, 0.9510260820388794, 0.950559675693512, 0.9575559496879578, 0.9626865386962891, 0.965018630027771, 0.9668843150138855]}