{"loss": [0.6470329165458679, 0.5717052817344666, 0.4847821891307831, 0.3980226218700409, 0.3233673572540283, 0.26388806104660034, 0.2176046371459961, 0.1814918965101242, 0.15299150347709656, 0.13023138046264648], "accuracy": [0.8046684265136719, 0.9309850931167603, 0.9519676566123962, 0.9606471657752991, 0.9649447798728943, 0.9692424535751343, 0.977163553237915, 0.9846633672714233, 0.9886239171028137, 0.9906463623046875], "val_loss": [0.6126132011413574, 0.5309857726097107, 0.4421802759170532, 0.36125054955482483, 0.29513004422187805, 0.24311798810958862, 0.20289666950702667, 0.17106662690639496, 0.14619195461273193, 0.12566626071929932], "val_accuracy": [0.9003559350967407, 0.9308592677116394, 0.9445857405662537, 0.9506863951683044, 0.9552618861198425, 0.9623793363571167, 0.9745806455612183, 0.9801729321479797, 0.9847484230995178, 0.9867819547653198]}