{"loss": [0.6965528726577759, 0.6899654865264893, 0.6874254941940308, 0.6848047971725464, 0.6819700598716736, 0.6789549589157104, 0.6754194498062134, 0.6715908050537109, 0.6673389077186584, 0.6627343893051147], "accuracy": [0.5120006799697876, 0.5423628687858582, 0.5633110404014587, 0.581884503364563, 0.5949453115463257, 0.6050377488136292, 0.617335319519043, 0.6295480132102966, 0.636078417301178, 0.643372118473053], "val_loss": [0.689713716506958, 0.6869121789932251, 0.684049129486084, 0.681117594242096, 0.6780012249946594, 0.6742526292800903, 0.6702144742012024, 0.6657505631446838, 0.6607847213745117, 0.6555179357528687], "val_accuracy": [0.5379206538200378, 0.5605223774909973, 0.5811150074005127, 0.5886489152908325, 0.6027122139930725, 0.6263184547424316, 0.6383726596832275, 0.6428930163383484, 0.6529382467269897, 0.6574585437774658]}