{"loss": [0.651694118976593, 0.5822396874427795, 0.5122173428535461, 0.45476508140563965, 0.4119575023651123, 0.38095617294311523, 0.35863441228866577, 0.34276455640792847, 0.33118534088134766, 0.3228151202201843], "accuracy": [0.6456595659255981, 0.7950772047042847, 0.8376972079277039, 0.8805649876594543, 0.8941934704780579, 0.8992318511009216, 0.9019575715065002, 0.9027009010314941, 0.9027835130691528, 0.9033616781234741], "val_loss": [0.616791844367981, 0.540666401386261, 0.4731515944004059, 0.4203479588031769, 0.3808550238609314, 0.35168832540512085, 0.33061760663986206, 0.3147565424442291, 0.3030149042606354, 0.2944652736186981], "val_accuracy": [0.7656716704368591, 0.8154229521751404, 0.8736318945884705, 0.9000000357627869, 0.9114428162574768, 0.9179105162620544, 0.9253731966018677, 0.9248756766319275, 0.9243781566619873, 0.9243781566619873]}