{"loss": [17.921405792236328, 10.043671607971191, 6.388206958770752, 4.243825912475586, 2.9258201122283936, 2.1512980461120605, 1.5990869998931885, 1.083006739616394, 0.6110352277755737, 0.32931599020957947], "accuracy": [0.7251200675964355, 0.790932834148407, 0.832897961139679, 0.8555658459663391, 0.8644981980323792, 0.8690486550331116, 0.8671947717666626, 0.8702283501625061, 0.8726721405982971, 0.8875031471252441], "val_loss": [12.074989318847656, 7.516007423400879, 4.855599880218506, 3.244248390197754, 2.3625946044921875, 1.7549118995666504, 1.2520229816436768, 0.7776274085044861, 0.4018853008747101, 0.30598047375679016], "val_accuracy": [0.7697001099586487, 0.8179970383644104, 0.8474835157394409, 0.8668022751808167, 0.8713778257369995, 0.8703610301017761, 0.8754448890686035, 0.8662939071655273, 0.8845958709716797, 0.8734113574028015]}