{"loss": [0.6938536763191223, 0.6772962212562561, 0.6584691405296326, 0.6306287050247192, 0.5931314826011658, 0.5490071177482605, 0.5030322074890137, 0.45919570326805115, 0.41966500878334045, 0.3853009343147278], "accuracy": [0.5341219305992126, 0.809496283531189, 0.8862602710723877, 0.8970138430595398, 0.8951939940452576, 0.8933741450309753, 0.8917197585105896, 0.8930432796478271, 0.8946149945259094, 0.8971793055534363], "val_loss": [0.6840877532958984, 0.6674331426620483, 0.6428130269050598, 0.6081491708755493, 0.5650050044059753, 0.5178954005241394, 0.472030371427536, 0.42997366189956665, 0.39347150921821594, 0.36148133873939514], "val_accuracy": [0.7380019426345825, 0.8932418823242188, 0.8971596360206604, 0.894221305847168, 0.8883447647094727, 0.8883447647094727, 0.8888344764709473, 0.8893241882324219, 0.8893241882324219, 0.894221305847168]}