{"loss": [0.6302199959754944, 0.5369807481765747, 0.46711331605911255, 0.4122876822948456, 0.3687952756881714, 0.33376002311706543, 0.3050693869590759, 0.2812538743019104, 0.2613323926925659, 0.24450965225696564], "accuracy": [0.5090492367744446, 0.693686842918396, 0.8355000615119934, 0.8838474154472351, 0.9130767583847046, 0.9286260604858398, 0.9447702169418335, 0.9541167616844177, 0.9661823511123657, 0.9749341607093811], "val_loss": [0.5668333768844604, 0.48737427592277527, 0.4250829517841339, 0.3760826587677002, 0.33729302883148193, 0.30663880705833435, 0.2812536954879761, 0.2607760727405548, 0.24323734641075134, 0.2289729118347168], "val_accuracy": [0.579192578792572, 0.850931704044342, 0.8995859622955322, 0.9259834289550781, 0.9399586319923401, 0.9528985619544983, 0.9601449370384216, 0.9653209447860718, 0.9715321063995361, 0.9767081141471863]}