{"loss": [0.6908500790596008, 0.6819821000099182, 0.6701550483703613, 0.6517601609230042, 0.626076340675354, 0.5937556028366089, 0.5567740201950073, 0.5172102451324463, 0.47736856341362, 0.43931105732917786], "accuracy": [0.5234839916229248, 0.5186895132064819, 0.5321850180625916, 0.6762852072715759, 0.7857586741447449, 0.8552783727645874, 0.8910592198371887, 0.9051762223243713, 0.9116576313972473, 0.9152091145515442], "val_loss": [0.684611439704895, 0.6739569902420044, 0.6572539210319519, 0.6326106786727905, 0.6002468466758728, 0.5622398853302002, 0.5204854607582092, 0.477755606174469, 0.43579280376434326, 0.39816147089004517], "val_accuracy": [0.5240128040313721, 0.5240128040313721, 0.5923159122467041, 0.7524012327194214, 0.86392742395401, 0.9124866127967834, 0.9268943071365356, 0.9311632513999939, 0.9348986148834229, 0.9348986148834229]}