{"loss": [35.857383728027344, 9.052079200744629, 5.630543231964111, 3.891777753829956, 2.8642737865448, 2.221522331237793, 1.7562973499298096, 1.3912684917449951, 1.0623750686645508, 0.7743344902992249], "accuracy": [0.6391215920448303, 0.8438133597373962, 0.8821765780448914, 0.8932886719703674, 0.9020195603370667, 0.9036952257156372, 0.906693696975708, 0.9046652913093567, 0.908281147480011, 0.90642911195755], "val_loss": [12.602884292602539, 6.830883979797363, 4.599146842956543, 3.288038969039917, 2.4091196060180664, 1.9149363040924072, 1.4793246984481812, 1.1838487386703491, 0.8865950703620911, 0.6161656379699707], "val_accuracy": [0.8037837743759155, 0.8827027082443237, 0.9043243527412415, 0.9118919372558594, 0.9189189672470093, 0.9248648881912231, 0.931351363658905, 0.9297297596931458, 0.9200000166893005, 0.9243243336677551]}