{"loss": [0.4919764995574951, 0.33246883749961853, 0.25602421164512634, 0.20478978753089905, 0.16959671676158905, 0.13465505838394165, 0.1196538582444191, 0.10018325597047806, 0.08253772556781769, 0.07057785987854004], "accuracy": [0.8844717741012573, 0.9825711846351624, 0.9869698882102966, 0.9862229228019714, 0.9868038892745972, 0.9918665289878845, 0.9864718914031982, 0.988048791885376, 0.9917835593223572, 0.9935264587402344], "val_loss": [0.37651440501213074, 0.2873467206954956, 0.22596235573291779, 0.1927264928817749, 0.15362845361232758, 0.12508152425289154, 0.10781821608543396, 0.08544512838125229, 0.07844428718090057, 0.06673011928796768], "val_accuracy": [0.9817073941230774, 0.9898374676704407, 0.9893293380737305, 0.9740854501724243, 0.9888212084770203, 0.9903455972671509, 0.9898374676704407, 0.9928862452507019, 0.9928862452507019, 0.9923781156539917]}