{"accuracy": [0.51, 0.85, 0.87, 0.88, 0.88, 0.89, 0.9, 0.9, 0.89, 0.88], "val_accuracy": [0.744, 0.836, 0.851, 0.855, 0.857, 0.867, 0.867, 0.868, 0.862, 0.864], "loss": [113.12000000000006, 54.976, 45.39599999999999, 43.248000000000005, 40.168, 39.35999999999999, 38.17999999999999, 36.180000000000014, 37.74, 36.695999999999984], "val_loss": [684.8879999999992, 554.524, 504.7600000000011, 468.29600000000124, 450.57600000000025, 434.22000000000094, 417.7200000000007, 412.29200000000105, 416.4240000000006, 424.46800000000127]}