{"loss": [0.5341621041297913, 0.4309317469596863, 0.36428317427635193, 0.3165881931781769, 0.2807728350162506, 0.2526739835739136, 0.22998254001140594, 0.21129509806632996, 0.19564960896968842, 0.1823347806930542], "accuracy": [0.7430864572525024, 0.8950254321098328, 0.9407183527946472, 0.9599491357803345, 0.9670215845108032, 0.9717100858688354, 0.9753655195236206, 0.9765574932098389, 0.9781468510627747, 0.9792593717575073], "val_loss": [0.47418466210365295, 0.39379996061325073, 0.33754798769950867, 0.29628193378448486, 0.2641892731189728, 0.23846840858459473, 0.21740218997001648, 0.1997806429862976, 0.18487372994422913, 0.17193534970283508], "val_accuracy": [0.8535664081573486, 0.9343410730361938, 0.9589041471481323, 0.9669343829154968, 0.9754369854927063, 0.9792159199714661, 0.980633020401001, 0.9820501208305359, 0.9834672212600708, 0.9853566884994507]}