{"loss": [0.659172773361206, 0.592038631439209, 0.5299292206764221, 0.4596702456474304, 0.39030617475509644, 0.329671174287796, 0.28012925386428833, 0.24080055952072144, 0.21006731688976288, 0.1862245351076126], "accuracy": [0.5086278915405273, 0.6450970768928528, 0.8816990852355957, 0.9554505348205566, 0.9726232290267944, 0.9740335941314697, 0.9746142625808716, 0.9747802019119263, 0.9746972322463989, 0.9750291109085083], "val_loss": [0.6169557571411133, 0.55753493309021, 0.4877556264400482, 0.413880854845047, 0.34619003534317017, 0.2896217107772827, 0.2441917359828949, 0.2084989696741104, 0.18027803301811218, 0.15847545862197876], "val_accuracy": [0.5075376629829407, 0.7919597625732422, 0.9492462277412415, 0.9753768444061279, 0.9804019927978516, 0.9819095134735107, 0.9819095134735107, 0.9824120402336121, 0.9814070463180542, 0.9814070463180542]}