{"loss": [212.38258361816406, 19.165254592895508, 1.167131781578064, 0.6643373966217041, 0.49120426177978516, 0.4018421769142151, 0.34516042470932007, 0.30866873264312744, 0.28295058012008667, 0.25718048214912415], "accuracy": [0.46510085463523865, 0.7519296407699585, 0.9557639956474304, 0.973524808883667, 0.9790024161338806, 0.981077253818512, 0.9816582202911377, 0.9823222160339355, 0.9829861521720886, 0.9838160872459412], "val_loss": [75.85383605957031, 1.3535710573196411, 0.5989132523536682, 0.4268088638782501, 0.3409222364425659, 0.27751290798187256, 0.23917031288146973, 0.21409320831298828, 0.18267901241779327, 0.16317340731620789], "val_accuracy": [0.5137195587158203, 0.940548837184906, 0.9725610613822937, 0.9771342277526855, 0.9796748757362366, 0.9811992645263672, 0.9817073941230774, 0.9817073941230774, 0.9817073941230774, 0.9811992645263672]}