{"loss": [0.4393402338027954, 0.30432191491127014, 0.23370638489723206, 0.18714994192123413, 0.15015725791454315, 0.12476796656847, 0.10740906000137329, 0.0888584703207016, 0.08475132286548615, 0.07380838692188263], "accuracy": [0.9289417862892151, 0.986910343170166, 0.9930301904678345, 0.9903952479362488, 0.9939651489257812, 0.9921801686286926, 0.988355278968811, 0.9944751262664795, 0.9895452857017517, 0.9844453930854797], "val_loss": [0.3431357741355896, 0.2611406445503235, 0.21077492833137512, 0.16409876942634583, 0.13413362205028534, 0.14511075615882874, 0.09187725186347961, 0.08411106467247009, 0.06574340164661407, 0.05956306681036949], "val_accuracy": [0.9913354516029358, 0.9938838481903076, 0.9938838481903076, 0.9938838481903076, 0.994393527507782, 0.9464832544326782, 0.994393527507782, 0.9964323043823242, 0.9964323043823242, 0.994393527507782]}