{"loss": [20.425559997558594, 4.931803226470947, 2.736697196960449, 1.9064254760742188, 1.4494277238845825, 1.133341670036316, 0.8984993100166321, 0.7340237498283386, 0.5868270993232727, 0.4813361167907715], "accuracy": [0.7370017766952515, 0.8991320729255676, 0.9357040524482727, 0.947838544845581, 0.9521361589431763, 0.9589618444442749, 0.961574137210846, 0.9635122418403625, 0.9662930965423584, 0.9678941369056702], "val_loss": [7.981191158294678, 3.922441005706787, 2.688028335571289, 2.0298023223876953, 1.5830122232437134, 1.2160582542419434, 0.969255805015564, 0.7938757538795471, 0.7186436653137207, 0.5855233669281006], "val_accuracy": [0.8683274388313293, 0.9166243672370911, 0.9328927993774414, 0.9420437812805176, 0.9486528635025024, 0.9481444358825684, 0.9547535181045532, 0.9572954177856445, 0.9593290090560913, 0.9639045000076294]}