{"loss": [0.4829550087451935, 0.3548540472984314, 0.27681607007980347, 0.220260351896286, 0.18743807077407837, 0.15549656748771667, 0.13771042227745056, 0.11863429844379425, 0.10750846564769745, 0.10014094412326813], "accuracy": [0.9165859818458557, 0.9666827917098999, 0.9712003469467163, 0.9785414338111877, 0.969748318195343, 0.9776540994644165, 0.9764440059661865, 0.9808809161186218, 0.9789448380470276, 0.9769280552864075], "val_loss": [0.4075174331665039, 0.31419530510902405, 0.24643580615520477, 0.20207475125789642, 0.17546366155147552, 0.14797469973564148, 0.1272156685590744, 0.1140512228012085, 0.1040354073047638, 0.10196302086114883], "val_accuracy": [0.964180588722229, 0.9666339755058289, 0.9690873622894287, 0.9725220799446106, 0.9681059718132019, 0.9730127453804016, 0.981354296207428, 0.9784101843833923, 0.9798822402954102, 0.9789009094238281]}