{"loss": [0.6129292845726013, 0.4544540047645569, 0.3685411214828491, 0.30471304059028625, 0.2760533392429352, 0.24010926485061646, 0.2110750824213028, 0.2053976207971573, 0.17148348689079285, 0.17799878120422363], "accuracy": [0.783139705657959, 0.9289289116859436, 0.9328301548957825, 0.9427530169487, 0.929183304309845, 0.9419049024581909, 0.9465695023536682, 0.9392758011817932, 0.9549657106399536, 0.9325757622718811], "val_loss": [0.5199219584465027, 0.3943122327327728, 0.3626737594604492, 0.28127744793891907, 0.2399274706840515, 0.2110382467508316, 0.1889495998620987, 0.17384763062000275, 0.1741221845149994, 0.14719869196414948], "val_accuracy": [0.9060773253440857, 0.9447513818740845, 0.9141135215759277, 0.9397287964820862, 0.9417378306388855, 0.9517830014228821, 0.9527875185012817, 0.9558011293411255, 0.9482672214508057, 0.9542943239212036]}