{"loss": [0.3882492184638977, 0.27436554431915283, 0.21151427924633026, 0.16786621510982513, 0.13675333559513092, 0.12460817396640778, 0.09950576722621918, 0.08652054518461227, 0.07316363602876663, 0.06432683020830154], "accuracy": [0.9262798428535461, 0.982133150100708, 0.9850850701332092, 0.9856288433074951, 0.9879593253135681, 0.9790259003639221, 0.9868717789649963, 0.9863280057907104, 0.987648606300354, 0.9907558560371399], "val_loss": [0.3139074146747589, 0.2296191155910492, 0.1771828830242157, 0.14307117462158203, 0.1173819899559021, 0.09819494187831879, 0.08474669605493546, 0.0720236524939537, 0.05679004639387131, 0.054152462631464005], "val_accuracy": [0.9762237668037415, 0.9902097582817078, 0.9939393997192383, 0.9874125719070435, 0.9930070042610168, 0.9925407767295837, 0.9906759858131409, 0.9878787994384766, 0.9944055676460266, 0.9925407767295837]}