{"loss": [0.6968060731887817, 0.6812251806259155, 0.6630539298057556, 0.6343040466308594, 0.5959883332252502, 0.5509823560714722, 0.5033749938011169, 0.4564934968948364, 0.41276490688323975, 0.3730919659137726], "accuracy": [0.5235961079597473, 0.5562878847122192, 0.755250871181488, 0.8576324582099915, 0.8983214497566223, 0.9132612943649292, 0.9213463068008423, 0.926179826259613, 0.9317163228988647, 0.9345285296440125], "val_loss": [0.6856780648231506, 0.672450602054596, 0.6488337516784668, 0.6143586039543152, 0.571556806564331, 0.5240503549575806, 0.47657233476638794, 0.4304763972759247, 0.38908711075782776, 0.35135677456855774], "val_accuracy": [0.5363825559616089, 0.6912682056427002, 0.8409563302993774, 0.8981289267539978, 0.9074844121932983, 0.9142411947250366, 0.9199584126472473, 0.9235966801643372, 0.929833710193634, 0.9329521656036377]}