{"loss": [0.5116797685623169, 0.3872031271457672, 0.31673431396484375, 0.28039851784706116, 0.23831182718276978, 0.21685916185379028, 0.19940046966075897, 0.18658827245235443, 0.1624266654253006, 0.1572403758764267], "accuracy": [0.889491081237793, 0.9479210376739502, 0.9534253478050232, 0.9565585255622864, 0.9563044905662537, 0.9534253478050232, 0.9508848786354065, 0.9492759704589844, 0.9550343155860901, 0.9504615068435669], "val_loss": [0.43126025795936584, 0.34447193145751953, 0.2978416979312897, 0.2515561282634735, 0.25709104537963867, 0.19918255507946014, 0.17449283599853516, 0.18043969571590424, 0.14831578731536865, 0.13732044398784637], "val_accuracy": [0.946660041809082, 0.9621136784553528, 0.94765704870224, 0.9646062254905701, 0.9187437891960144, 0.9670987129211426, 0.9541376233100891, 0.9446660280227661, 0.9626121520996094, 0.9606181383132935]}