{"accuracy": [0.88, 0.91, 0.91, 0.91, 0.92, 0.94, 0.94, 0.94, 0.93, 0.94], "val_accuracy": [0.927, 0.924, 0.926, 0.926, 0.935, 0.934, 0.939, 0.947, 0.95, 0.955], "loss": [43.18400000000001, 37.08, 37.568, 35.620000000000005, 33.076, 31.259999999999998, 28.668000000000006, 28.2, 27.3, 26.69200000000001], "val_loss": [423.33200000000113, 421.6800000000002, 389.94800000000095, 387.4000000000006, 348.6880000000002, 291.7960000000002, 304.39200000000017, 240.44000000000068, 288.51200000000006, 222.76400000000015]}