{"accuracy": [0.48, 0.67, 0.79, 0.85, 0.89, 0.89, 0.9, 0.89, 0.9, 0.91], "val_accuracy": [0.551, 0.703, 0.804, 0.911, 0.931, 0.939, 0.929, 0.935, 0.932, 0.925], "loss": [125.70800000000001, 73.64000000000001, 57.804, 46.087999999999994, 40.516000000000005, 39.69999999999999, 38.739999999999995, 39.24400000000001, 39.08, 39.42399999999999], "val_loss": [927.0560000000006, 665.0800000000007, 509.2200000000007, 395.27200000000005, 359.40000000000015, 362.02800000000053, 371.8400000000007, 371.87200000000007, 373.8400000000002, 384.1800000000009]}