{"accuracy": [0.84, 0.9, 0.91, 0.91, 0.93, 0.92, 0.93, 0.93, 0.93, 0.93], "val_accuracy": [0.861, 0.906, 0.919, 0.932, 0.928, 0.935, 0.925, 0.931, 0.931, 0.932], "loss": [63.156, 35.267999999999994, 31.472, 30.96, 31.116000000000003, 30.23200000000001, 29.864000000000015, 29.691999999999997, 29.548000000000005, 29.523999999999997], "val_loss": [444.3560000000005, 339.9800000000006, 345.70400000000075, 320.82000000000045, 337.1760000000004, 326.0320000000004, 333.1200000000005, 317.9400000000005, 315.2920000000012, 311.22000000000037]}