{"loss": [55.1942024230957, 5.028561592102051, 1.394639492034912, 0.838391125202179, 0.6389291286468506, 0.5202571153640747, 0.4377058446407318, 0.3675379753112793, 0.32512685656547546, 0.28952592611312866], "accuracy": [0.8037189841270447, 0.9340432286262512, 0.9721868634223938, 0.9822790622711182, 0.9849014282226562, 0.9861729145050049, 0.9867291450500488, 0.9856960773468018, 0.9849014282226562, 0.9837889075279236], "val_loss": [10.024419784545898, 1.0623385906219482, 0.2755283713340759, 0.16896560788154602, 0.1261916309595108, 0.08260662108659744, 0.06805887073278427, 0.056343819946050644, 0.052114810794591904, 0.05623442307114601], "val_accuracy": [0.9003307223320007, 0.9631554484367371, 0.9872461557388306, 0.9900803565979004, 0.9891356229782104, 0.9891356229782104, 0.9877185225486755, 0.9858290553092957, 0.9848843216896057, 0.9844119548797607]}