{"accuracy": [0.79, 0.96, 0.99, 0.98, 0.98, 0.99, 0.98, 0.98, 0.98, 0.98], "val_accuracy": [0.871954132823698, 0.9522216913521261, 0.9507883420926899, 0.9498327759197325, 0.9483994266602962, 0.9493549928332538, 0.9483994266602962, 0.9517439082656474, 0.9503105590062112, 0.9498327759197325], "loss": [68.25999999999996, 21.671999999999993, 15.920000000000005, 14.424000000000003, 14.132000000000001, 14.235999999999999, 14.948, 14.08800000000001, 14.543999999999997, 13.156000000000004], "val_loss": [825.8080000000008, 454.4120000000031, 438.25200000000245, 427.92400000000333, 433.2760000000025, 455.06400000000235, 434.86400000000253, 450.4800000000022, 427.74000000000245, 443.8360000000027]}