{"accuracy": [0.7, 0.94, 0.94, 0.95, 0.97, 0.97, 0.98, 0.98, 0.98, 0.98], "val_accuracy": [0.857, 0.892, 0.915, 0.936, 0.943, 0.96, 0.966, 0.971, 0.967, 0.968], "loss": [72.56800000000003, 28.052000000000003, 25.875999999999994, 22.78000000000001, 21.240000000000002, 20.427999999999994, 18.496000000000002, 20.21600000000001, 18.496000000000002, 17.028000000000002], "val_loss": [418.32400000000075, 327.1280000000009, 301.04000000000065, 267.4160000000002, 252.21200000000024, 223.8920000000002, 216.30000000000044, 201.46400000000034, 209.58400000000054, 213.07599999999996]}