{"loss": [0.7042840123176575, 0.6699453592300415, 0.6198651790618896, 0.5359356999397278, 0.43728041648864746, 0.35008707642555237, 0.282655268907547, 0.23309586942195892, 0.19693629443645477, 0.17050668597221375], "accuracy": [0.4848310649394989, 0.5543040633201599, 0.6713804602622986, 0.9052043557167053, 0.9664556384086609, 0.9717997312545776, 0.9736084938049316, 0.9741017818450928, 0.9747595191001892, 0.9752528667449951], "val_loss": [0.685045063495636, 0.6478708982467651, 0.5786629319190979, 0.47951310873031616, 0.3811872601509094, 0.30159980058670044, 0.24196049571037292, 0.19876335561275482, 0.16676051914691925, 0.14317406713962555], "val_accuracy": [0.5599408149719238, 0.5599408149719238, 0.8130241632461548, 0.9600394368171692, 0.9782930016517639, 0.9807597398757935, 0.9812530875205994, 0.9827330708503723, 0.9827330708503723, 0.9832264184951782]}