{"loss": [0.6990337371826172, 0.6838107109069824, 0.6725753545761108, 0.6540826559066772, 0.6266992092132568, 0.5926465392112732, 0.555928647518158, 0.5201423764228821, 0.4867627024650574, 0.4567546248435974], "accuracy": [0.4868074059486389, 0.6356200575828552, 0.667018473148346, 0.7538259029388428, 0.8105540871620178, 0.839577853679657, 0.8491644859313965, 0.8559367060661316, 0.8595426678657532, 0.8606860637664795], "val_loss": [0.6879070401191711, 0.6774777770042419, 0.6626041531562805, 0.6383988857269287, 0.6054761409759521, 0.567648708820343, 0.5288110375404358, 0.4926101267337799, 0.45962411165237427, 0.42970266938209534], "val_accuracy": [0.5823251008987427, 0.6212520003318787, 0.6927932500839233, 0.7990531325340271, 0.8311415314674377, 0.8400841951370239, 0.8653340339660645, 0.8648080229759216, 0.8705944418907166, 0.8742766976356506]}