{"accuracy": [0.58, 0.93, 0.96, 0.95, 0.97, 0.95, 0.96, 0.94, 0.96, 0.94], "val_accuracy": [0.812, 0.884, 0.92, 0.935, 0.937, 0.932, 0.94, 0.94, 0.93, 0.931], "loss": [101.75200000000004, 45.58000000000001, 35.592000000000006, 31.619999999999997, 31.74, 30.260000000000012, 30.12800000000001, 28.80800000000001, 29.967999999999993, 30.143999999999995], "val_loss": [636.7599999999998, 462.2040000000015, 384.2360000000009, 358.63600000000037, 344.58400000000034, 341.9919999999998, 354.3640000000007, 347.2400000000005, 346.9600000000003, 335.3120000000007]}