{"loss": [0.6859138011932373, 0.6657657623291016, 0.6489288210868835, 0.6240793466567993, 0.5922119617462158, 0.5562780499458313, 0.5197842121124268, 0.48436635732650757, 0.45161351561546326, 0.42197203636169434], "accuracy": [0.48607194423675537, 0.6952574253082275, 0.8268688321113586, 0.8492595553398132, 0.8735895752906799, 0.883021891117096, 0.8875176310539246, 0.8921897411346436, 0.893423855304718, 0.8965091705322266], "val_loss": [0.6692414283752441, 0.6542696356773376, 0.6325709819793701, 0.6026654839515686, 0.5673491954803467, 0.530031681060791, 0.49293583631515503, 0.4584459066390991, 0.4269046187400818, 0.39869678020477295], "val_accuracy": [0.5459402203559875, 0.7975427508354187, 0.8354701399803162, 0.8643162846565247, 0.8664530515670776, 0.8755342364311218, 0.8958333730697632, 0.8958333730697632, 0.8979701399803162, 0.8995726704597473]}