{"loss": [0.670752763748169, 0.6364486217498779, 0.5825900435447693, 0.5107415318489075, 0.4300721287727356, 0.3563806712627411, 0.2966446578502655, 0.25036168098449707, 0.2150019258260727, 0.18802140653133392], "accuracy": [0.535759687423706, 0.5359981060028076, 0.6900826096534729, 0.9036077260971069, 0.9618563055992126, 0.9724252820014954, 0.976875364780426, 0.9794977307319641, 0.980212926864624, 0.9809281229972839], "val_loss": [0.6563024520874023, 0.611083447933197, 0.5467522144317627, 0.466376394033432, 0.38619276881217957, 0.31882551312446594, 0.2660997211933136, 0.22586758434772491, 0.19532278180122375, 0.17206920683383942], "val_accuracy": [0.5361360907554626, 0.5427492260932922, 0.846953272819519, 0.9532357454299927, 0.9726027846336365, 0.9759093523025513, 0.9782711863517761, 0.9787435531616211, 0.979688286781311, 0.979688286781311]}