{"loss": [0.6307116746902466, 0.42907994985580444, 0.3276737332344055, 0.2670525312423706, 0.2271765023469925, 0.19892437756061554, 0.17773930728435516, 0.16117803752422333, 0.1478067934513092, 0.13692684471607208], "accuracy": [0.6476303935050964, 0.9167457222938538, 0.9480253458023071, 0.9574249982833862, 0.9654029011726379, 0.9703001976013184, 0.9729068279266357, 0.9765403270721436, 0.9781200885772705, 0.9810426831245422], "val_loss": [0.5001811385154724, 0.3625696301460266, 0.28533896803855896, 0.2361920326948166, 0.2023983597755432, 0.177769735455513, 0.15746648609638214, 0.14224334061145782, 0.1291780024766922, 0.11893915385007858], "val_accuracy": [0.8714763522148132, 0.9464883208274841, 0.9555661678314209, 0.9598662257194519, 0.9636884927749634, 0.9684663414955139, 0.9765886664390564, 0.9789775609970093, 0.9832776188850403, 0.9832776188850403]}