{"loss": [89.96351623535156, 4.641289234161377, 1.6587283611297607, 1.009673833847046, 0.757219135761261, 0.5965543389320374, 0.4725942611694336, 0.36723053455352783, 0.30595576763153076, 0.2772756516933441], "accuracy": [0.526350736618042, 0.7803966999053955, 0.8164992928504944, 0.8369989395141602, 0.945306658744812, 0.942318856716156, 0.9436467885971069, 0.9450576901435852, 0.9464685916900635, 0.9486264586448669], "val_loss": [13.44172477722168, 2.4859538078308105, 1.1146526336669922, 0.742961585521698, 0.5492376685142517, 0.4474562108516693, 0.4008753299713135, 0.37557482719421387, 0.34933096170425415, 0.3296341001987457], "val_accuracy": [0.6768293380737305, 0.7764227986335754, 0.7942073941230774, 0.9507114291191101, 0.9344512820243835, 0.9527439475059509, 0.9542683959007263, 0.9425813555717468, 0.9527439475059509, 0.9522358179092407]}