{"loss": [16.68029022216797, 6.75853157043457, 4.304749488830566, 3.323899030685425, 2.8649048805236816, 2.5775816440582275, 2.3223094940185547, 2.0616657733917236, 1.8059289455413818, 1.5497554540634155], "accuracy": [0.9126125574111938, 0.9537457823753357, 0.964152991771698, 0.9677872657775879, 0.9693565964698792, 0.9696043729782104, 0.9701825380325317, 0.9706781506538391, 0.9700173735618591, 0.9698521494865417], "val_loss": [10.886224746704102, 6.44695520401001, 4.582512855529785, 3.8073606491088867, 3.2572684288024902, 2.954415798187256, 2.6029343605041504, 2.1886563301086426, 1.9569525718688965, 1.6208734512329102], "val_accuracy": [0.9412935972213745, 0.9582089781761169, 0.9681592583656311, 0.9676617383956909, 0.9676617383956909, 0.9681592583656311, 0.9681592583656311, 0.9681592583656311, 0.9681592583656311, 0.9691542983055115]}