{"loss": [0.7979336977005005, 0.7085997462272644, 0.6779366135597229, 0.6450439691543579, 0.5975933074951172, 0.5385184288024902, 0.47741249203681946, 0.42028045654296875, 0.3674699366092682, 0.3191613256931305], "accuracy": [0.4989049732685089, 0.4501347541809082, 0.6080694198608398, 0.7313005328178406, 0.8265666961669922, 0.9163578152656555, 0.9621798992156982, 0.9658018946647644, 0.9649595618247986, 0.9663072824478149], "val_loss": [0.7346255779266357, 0.6910656690597534, 0.6628410816192627, 0.6230647563934326, 0.5683408975601196, 0.506782591342926, 0.44708743691444397, 0.3920920789241791, 0.34130528569221497, 0.2955459952354431], "val_accuracy": [0.4922071695327759, 0.5274007320404053, 0.7038713097572327, 0.8014078140258789, 0.8934138417243958, 0.9562594890594482, 0.9683258533477783, 0.9688286185264587, 0.9668175578117371, 0.9698341488838196]}