{"loss": [0.43876439332962036, 0.2761930525302887, 0.21291814744472504, 0.16897796094417572, 0.13786764442920685, 0.118162140250206, 0.10141843557357788, 0.08871609717607498, 0.07884397357702255, 0.07441891729831696], "accuracy": [0.9234055876731873, 0.9833760857582092, 0.9831430315971375, 0.9815893769264221, 0.9872601628303528, 0.9843859672546387, 0.9822885394096375, 0.9839975237846375, 0.9846966862678528, 0.9887361526489258], "val_loss": [0.32335150241851807, 0.230629563331604, 0.17528901994228363, 0.13835406303405762, 0.11392989009618759, 0.09641306102275848, 0.09728818386793137, 0.08729147911071777, 0.058337897062301636, 0.05168818682432175], "val_accuracy": [0.9631701707839966, 0.9916083812713623, 0.9925407767295837, 0.9934731721878052, 0.9930070042610168, 0.9920746088027954, 0.9836829900741577, 0.9659673571586609, 0.9930070042610168, 0.9948717951774597]}