{"loss": [0.6906931400299072, 0.6802695393562317, 0.6667362451553345, 0.6445516347885132, 0.6106866002082825, 0.5647976398468018, 0.5103035569190979, 0.4536741077899933, 0.40008842945098877, 0.3523026704788208], "accuracy": [0.5069377422332764, 0.626169741153717, 0.7786382436752319, 0.8415617942810059, 0.9056146740913391, 0.9429654479026794, 0.9490157961845398, 0.9534527063369751, 0.954098105430603, 0.9554694890975952], "val_loss": [0.6862615346908569, 0.6757591366767883, 0.6583311557769775, 0.6296890377998352, 0.588142454624176, 0.5354647636413574, 0.47687429189682007, 0.41978827118873596, 0.36806222796440125, 0.3234104514122009], "val_accuracy": [0.5515211224555969, 0.6290481090545654, 0.6815505623817444, 0.8375858664512634, 0.9357212781906128, 0.947497546672821, 0.9494602680206299, 0.9484788775444031, 0.9519136548042297, 0.9528949856758118]}