{"loss": [95.10810852050781, 14.540129661560059, 4.510333061218262, 2.1490063667297363, 1.3030390739440918, 0.9456918835639954, 0.7702309489250183, 0.6910604238510132, 0.6407606601715088, 0.5972855091094971], "accuracy": [0.713586151599884, 0.9117693901062012, 0.9650869369506836, 0.9793839454650879, 0.9858610033988953, 0.989020586013794, 0.9907583594322205, 0.9919431805610657, 0.9916272163391113, 0.9918642044067383], "val_loss": [22.129226684570312, 4.49111270904541, 1.5452075004577637, 0.7163596153259277, 0.5705724954605103, 0.5579853653907776, 0.5544986724853516, 0.5581978559494019, 0.5307457447052002, 0.5188625454902649], "val_accuracy": [0.8776875138282776, 0.9646440744400024, 0.9813664555549622, 0.9904443621635437, 0.9928332567214966, 0.9942666292190552, 0.9942666292190552, 0.9937888383865356, 0.9937888383865356, 0.9928332567214966]}