{"loss": [1.2379087209701538, 0.21605268120765686, 0.1311231106519699, 0.09249813109636307, 0.06111059710383415, 0.043946363031864166, 0.06969862431287766, 0.048973772674798965, 0.03608565032482147, 0.0380244255065918], "accuracy": [0.977163553237915, 0.9954495429992676, 0.996292233467102, 0.9970506429672241, 0.9982303977012634, 0.9980618357658386, 0.9980618357658386, 0.9984831809997559, 0.9982303977012634, 0.9988202452659607], "val_loss": [0.37112975120544434, 0.3113715946674347, 0.3227408528327942, 0.28431570529937744, 0.2321566939353943, 0.2067198008298874, 0.2768617868423462, 0.3059503436088562, 0.27912604808807373, 0.25897568464279175], "val_accuracy": [0.9944077730178833, 0.9944077730178833, 0.9933910369873047, 0.9964413642883301, 0.9979665279388428, 0.995932936668396, 0.9969497323036194, 0.995932936668396, 0.9969497323036194, 0.9974581599235535]}