{"loss": [0.68712317943573, 0.6598007082939148, 0.6358558535575867, 0.603786051273346, 0.563849925994873, 0.5184486508369446, 0.4706520736217499, 0.42303746938705444, 0.378108948469162, 0.33718064427375793], "accuracy": [0.49717938899993896, 0.9065870642662048, 0.9336320161819458, 0.9340468645095825, 0.9373652338981628, 0.9415132403373718, 0.9444997906684875, 0.9471545219421387, 0.9487307667732239, 0.9508047699928284], "val_loss": [0.6683329939842224, 0.6472030282020569, 0.6185218095779419, 0.5810158252716064, 0.5360532402992249, 0.4872259199619293, 0.43749693036079407, 0.3897874057292938, 0.34525370597839355, 0.3059898912906647], "val_accuracy": [0.691959798336029, 0.9462311267852783, 0.9407035112380981, 0.9452261328697205, 0.9497487545013428, 0.9522612690925598, 0.9502512216567993, 0.9522612690925598, 0.9623115658760071, 0.9633165597915649]}