{"loss": [0.6975424289703369, 0.6665744185447693, 0.6491968631744385, 0.6256169080734253, 0.5955678820610046, 0.560454249382019, 0.5225069522857666, 0.4833053648471832, 0.44428908824920654, 0.40670064091682434], "accuracy": [0.5071552991867065, 0.5112912654876709, 0.5921085476875305, 0.7496070861816406, 0.8245512843132019, 0.8894863128662109, 0.9066093564033508, 0.9187691807746887, 0.9275374412536621, 0.9306808114051819], "val_loss": [0.6760033369064331, 0.6578419804573059, 0.6365193724632263, 0.6086149215698242, 0.5743924975395203, 0.5371742844581604, 0.4973888397216797, 0.4577535390853882, 0.4192642271518707, 0.38355186581611633], "val_accuracy": [0.4946131110191345, 0.5122429132461548, 0.6395690441131592, 0.7448579668998718, 0.8261508345603943, 0.8550440669059753, 0.8751224279403687, 0.8893241882324219, 0.8991184830665588, 0.9045053720474243]}