{"loss": [0.709424614906311, 0.6053612232208252, 0.5332239866256714, 0.4773292541503906, 0.4326016902923584, 0.39624181389808655, 0.3662896156311035, 0.3412427604198456, 0.31994304060935974, 0.301667183637619], "accuracy": [0.470380038022995, 0.8684587478637695, 0.9477542638778687, 0.9618269205093384, 0.962332546710968, 0.9622482657432556, 0.9636808037757874, 0.9632594585418701, 0.9645234942436218, 0.9639335870742798], "val_loss": [0.6525094509124756, 0.5611405968666077, 0.49275723099708557, 0.43976372480392456, 0.3970726430416107, 0.36234039068222046, 0.33416324853897095, 0.310206800699234, 0.2901870012283325, 0.2725571095943451], "val_accuracy": [0.6939502358436584, 0.9334011673927307, 0.9618709683418274, 0.9618709683418274, 0.9623793363571167, 0.9649212956428528, 0.9644128680229187, 0.9654296636581421, 0.9649212956428528, 0.9664464592933655]}