{"accuracy": [0.68, 0.91, 0.92, 0.93, 0.93, 0.93, 0.93, 0.93, 0.92, 0.93], "val_accuracy": [0.814, 0.839, 0.852, 0.842, 0.852, 0.839, 0.865, 0.84, 0.871, 0.857], "loss": [86.21600000000007, 34.955999999999996, 33.196, 32.28800000000001, 32.2, 29.364000000000004, 31.972, 29.127999999999997, 30.260000000000012, 31.512000000000008], "val_loss": [546.6200000000009, 444.96800000000104, 433.90000000000043, 445.4760000000005, 443.7960000000003, 460.41600000000096, 406.5000000000003, 476.4360000000005, 431.5600000000001, 438.8840000000008]}