{"loss": [5.4461445808410645, 1.4957308769226074, 0.8971288204193115, 0.6850610971450806, 0.5397928953170776, 0.4184423089027405, 0.37928131222724915, 0.3757345378398895, 0.30142587423324585, 0.26735588908195496], "accuracy": [0.8771496415138245, 0.9347385168075562, 0.9492018818855286, 0.9552870392799377, 0.9617249965667725, 0.9653408527374268, 0.9653408527374268, 0.9659581780433655, 0.9694858193397522, 0.9719551801681519], "val_loss": [1.9876035451889038, 1.1045626401901245, 0.9058858156204224, 0.836504340171814, 0.7099266648292542, 0.5223768353462219, 0.42826908826828003, 0.4346219599246979, 0.5739515423774719, 0.36526376008987427], "val_accuracy": [0.9329729676246643, 0.9475675821304321, 0.9529730081558228, 0.954594612121582, 0.9605405926704407, 0.9600000381469727, 0.9654054045677185, 0.9686486721038818, 0.9583783745765686, 0.9670270681381226]}