{"loss": [0.8334030508995056, 0.702725887298584, 0.6561557650566101, 0.6102182269096375, 0.5568315982818604, 0.49919992685317993, 0.4421601891517639, 0.38886287808418274, 0.341196209192276, 0.2996860444545746], "accuracy": [0.49852707982063293, 0.49852707982063293, 0.55744469165802, 0.7830148935317993, 0.9044693112373352, 0.939230740070343, 0.9517717361450195, 0.9574951529502869, 0.9582526683807373, 0.9580843448638916], "val_loss": [0.7413414120674133, 0.6771129369735718, 0.6336438059806824, 0.5829668045043945, 0.5259240865707397, 0.46715429425239563, 0.4106265902519226, 0.3591330945491791, 0.3137706220149994, 0.27482667565345764], "val_accuracy": [0.4870775640010834, 0.4870775640010834, 0.6953280568122864, 0.8851889371871948, 0.9338966608047485, 0.9498012661933899, 0.957256555557251, 0.9602386355400085, 0.9637177586555481, 0.9662028551101685]}