{"loss": [0.689467191696167, 0.6786671280860901, 0.6710288524627686, 0.6599953174591064, 0.6413921117782593, 0.6133466362953186, 0.5800297856330872, 0.5450804233551025, 0.5117764472961426, 0.4813845455646515], "accuracy": [0.530730664730072, 0.530730664730072, 0.5309903621673584, 0.5534107089042664, 0.7124307751655579, 0.7921572327613831, 0.8269563913345337, 0.8464335799217224, 0.8496364951133728, 0.8539647459983826], "val_loss": [0.6813573837280273, 0.6737895011901855, 0.6640291213989258, 0.6489776372909546, 0.6232011914253235, 0.5896170139312744, 0.5533462166786194, 0.5172444581985474, 0.4843817949295044, 0.4544192850589752], "val_accuracy": [0.5310199856758118, 0.5310199856758118, 0.5441640615463257, 0.6908517479896545, 0.8033649325370789, 0.8480547070503235, 0.8522608280181885, 0.8496320247650146, 0.8527866005897522, 0.8543638586997986]}