{"loss": [177.1186065673828, 9.059942245483398, 0.8431849479675293, 0.5375921130180359, 0.39915940165519714, 0.3198631703853607, 0.2703801691532135, 0.22695109248161316, 0.19870086014270782, 0.16883447766304016], "accuracy": [0.32116904854774475, 0.649131178855896, 0.9706951379776001, 0.980094850063324, 0.98333340883255, 0.9854660630226135, 0.9864139556884766, 0.9866509437561035, 0.9868878722190857, 0.987440824508667], "val_loss": [52.0224723815918, 0.9979020357131958, 0.4655422270298004, 0.2992936670780182, 0.24308428168296814, 0.21902890503406525, 0.17395101487636566, 0.15989960730075836, 0.15581056475639343, 0.14042127132415771], "val_accuracy": [0.4787386655807495, 0.9646440744400024, 0.9804108738899231, 0.9827998280525208, 0.9866220951080322, 0.9875776767730713, 0.9875776767730713, 0.9870998859405518, 0.9866220951080322, 0.9870998859405518]}