{"loss": [0.8596580028533936, 0.7267590761184692, 0.6365809440612793, 0.5675307512283325, 0.5117619037628174, 0.4657385051250458, 0.42719143629074097, 0.394519180059433, 0.3666309714317322, 0.3425402343273163], "accuracy": [0.4229756295681, 0.43818506598472595, 0.7534200549125671, 0.9453649520874023, 0.9586201310157776, 0.9570906758308411, 0.9574306011199951, 0.9563259482383728, 0.9572606086730957, 0.9567508101463318], "val_loss": [0.795998752117157, 0.6843644380569458, 0.6021280288696289, 0.5368165969848633, 0.48343685269355774, 0.43956050276756287, 0.4025111496448517, 0.37137705087661743, 0.3442991077899933, 0.3212292194366455], "val_accuracy": [0.38354039192199707, 0.47929608821868896, 0.9006211161613464, 0.9544513821601868, 0.9544513821601868, 0.9539337754249573, 0.9528985619544983, 0.9534161686897278, 0.9508281946182251, 0.9508281946182251]}