{"loss": [0.7617485523223877, 0.6925002336502075, 0.6694402098655701, 0.6403802633285522, 0.5935736298561096, 0.5291556119918823, 0.45630908012390137, 0.38619664311408997, 0.32487356662750244, 0.27392467856407166], "accuracy": [0.46875736117362976, 0.5767078995704651, 0.8182175755500793, 0.8978015780448914, 0.8892915844917297, 0.9114332795143127, 0.9420849084854126, 0.9611535668373108, 0.9702150821685791, 0.9738397002220154], "val_loss": [0.7094694375991821, 0.6793408393859863, 0.6552368998527527, 0.6161842942237854, 0.5569795966148376, 0.48385220766067505, 0.4087207019329071, 0.3413633704185486, 0.28466954827308655, 0.23903600871562958], "val_accuracy": [0.4706156551837921, 0.7700559496879578, 0.9174439907073975, 0.8950559496879578, 0.8899253606796265, 0.9216417670249939, 0.9584887623786926, 0.9729477167129517, 0.97947758436203, 0.9804103970527649]}