{"loss": [0.7357779145240784, 0.6767964363098145, 0.6487107872962952, 0.6049630045890808, 0.5379933714866638, 0.46039682626724243, 0.38743773102760315, 0.3258138597011566, 0.27643677592277527, 0.2373942732810974], "accuracy": [0.48596981167793274, 0.5606334209442139, 0.8903840184211731, 0.9414998888969421, 0.94880211353302, 0.9569248557090759, 0.9593862891197205, 0.9634066820144653, 0.9638168811798096, 0.9656219482421875], "val_loss": [0.6933580040931702, 0.6631049513816833, 0.6289226412773132, 0.5700011849403381, 0.4912260174751282, 0.41110458970069885, 0.3411385118961334, 0.28421837091445923, 0.2392636090517044, 0.20406374335289001], "val_accuracy": [0.48804783821105957, 0.7509960532188416, 0.942729115486145, 0.9546812772750854, 0.962649405002594, 0.9631474614143372, 0.967131495475769, 0.9681274890899658, 0.968625545501709, 0.9701195359230042]}