{"loss": [0.8723185658454895, 0.7595580220222473, 0.6641679406166077, 0.5843490958213806, 0.5179346203804016, 0.4622986614704132, 0.4153556227684021, 0.37550273537635803, 0.3412171006202698, 0.3115243911743164], "accuracy": [0.009059122763574123, 0.1456611603498459, 0.6598060727119446, 0.9402415752410889, 0.9545454382896423, 0.9634456038475037, 0.9706770181655884, 0.9729815125465393, 0.9767959117889404, 0.9773521423339844], "val_loss": [0.811720073223114, 0.708691418170929, 0.6218183040618896, 0.5495361685752869, 0.4889673888683319, 0.4378378987312317, 0.39453521370887756, 0.35740092396736145, 0.32530325651168823, 0.2971053421497345], "val_accuracy": [0.01180916465818882, 0.4898441433906555, 0.9126121997833252, 0.9466226100921631, 0.9655172824859619, 0.9721304178237915, 0.9735475182533264, 0.9777988195419312, 0.9782711863517761, 0.9825224876403809]}