{"loss": [0.6883455514907837, 0.6276763677597046, 0.5542803406715393, 0.4790670573711395, 0.41650843620300293, 0.3688961863517761, 0.3344738483428955, 0.31005236506462097, 0.29275715351104736, 0.28035956621170044], "accuracy": [0.5250393748283386, 0.7300787568092346, 0.8578740358352661, 0.8804724812507629, 0.8956692814826965, 0.9078740477561951, 0.9122834801673889, 0.9164566993713379, 0.9172441363334656, 0.917637825012207], "val_loss": [0.6593287587165833, 0.5904133915901184, 0.5080903172492981, 0.43574684858322144, 0.3788291811943054, 0.33648553490638733, 0.30585458874702454, 0.2834343910217285, 0.267391175031662, 0.2556847929954529], "val_accuracy": [0.5791416764259338, 0.8237194418907166, 0.8754038214683533, 0.8957083821296692, 0.9118597507476807, 0.9210891127586365, 0.92708820104599, 0.9284725785255432, 0.9303184747695923, 0.9303184747695923]}