{"loss": [0.6966158151626587, 0.6762911677360535, 0.6591047048568726, 0.638605535030365, 0.6147086024284363, 0.588459312915802, 0.5614452958106995, 0.5351388454437256, 0.5107114911079407, 0.48921555280685425], "accuracy": [0.5323818922042847, 0.6678351163864136, 0.7119011878967285, 0.7780003547668457, 0.7864296436309814, 0.796194314956665, 0.8028709888458252, 0.8048740029335022, 0.8082123398780823, 0.8128025531768799], "val_loss": [0.6844143271446228, 0.6682374477386475, 0.6483069062232971, 0.6258270740509033, 0.5992739200592041, 0.5715345740318298, 0.5462653040885925, 0.5208832621574402, 0.4979947507381439, 0.47859010100364685], "val_accuracy": [0.6033266186714172, 0.6204636693000793, 0.7101814150810242, 0.7207661271095276, 0.7671370506286621, 0.7802419066429138, 0.7767136693000793, 0.7832661271095276, 0.789818525314331, 0.7913306355476379]}