{"accuracy": [0.45, 0.55, 0.58, 0.61, 0.65], "val_accuracy": [0.51, 0.53, 0.542, 0.552, 0.582], "loss": [48.02356607920526, 37.48127291374976, 35.42049930313455, 34.44936920391759, 33.64138956108834], "val_loss": [261.15342491154445, 219.85849705539187, 205.43050628331602, 203.00507080004772, 196.07985529524169]}