{"loss": [0.7085139155387878, 0.6543358564376831, 0.6262556910514832, 0.5891910791397095, 0.5423188805580139, 0.49014490842819214, 0.43736591935157776, 0.3872627019882202, 0.3419022262096405, 0.302050918340683], "accuracy": [0.4989049732685089, 0.49974730610847473, 0.6116913557052612, 0.869693398475647, 0.9594002366065979, 0.9791104793548584, 0.9817216992378235, 0.9819743633270264, 0.9804581999778748, 0.9794474244117737], "val_loss": [0.6691839098930359, 0.6397387385368347, 0.6067797541618347, 0.5630031824111938, 0.5116470456123352, 0.45750343799591064, 0.4057212769985199, 0.35782256722450256, 0.31565243005752563, 0.2795713543891907], "val_accuracy": [0.4927099347114563, 0.5168426632881165, 0.8717949390411377, 0.9622926712036133, 0.9813977479934692, 0.9824032783508301, 0.9813977479934692, 0.9803922176361084, 0.9808949828147888, 0.9773756265640259]}