{"loss": [0.6093624830245972, 0.5669735670089722, 0.5343720316886902, 0.5061805844306946, 0.4813678562641144, 0.4594790041446686, 0.4398835003376007, 0.42216184735298157, 0.4061340093612671, 0.39159560203552246], "accuracy": [0.5979463458061218, 0.7078989148139954, 0.7784360647201538, 0.8240126967430115, 0.8579779267311096, 0.8834123611450195, 0.896366536617279, 0.9168246984481812, 0.9225909113883972, 0.933965265750885], "val_loss": [0.586830735206604, 0.5486711263656616, 0.5170263051986694, 0.48949483036994934, 0.4652901589870453, 0.44380444288253784, 0.4241894781589508, 0.40672218799591064, 0.39074698090553284, 0.37641897797584534], "val_accuracy": [0.6426182389259338, 0.7281414270401001, 0.7897754311561584, 0.8303869962692261, 0.8614429235458374, 0.8867654204368591, 0.9130434989929199, 0.9283325672149658, 0.9426660537719727, 0.9436215758323669]}