{"loss": [0.7724989652633667, 0.5900640487670898, 0.46541544795036316, 0.36551687121391296, 0.29190322756767273, 0.23906566202640533, 0.2008981704711914, 0.17301207780838013, 0.15214931964874268, 0.13636121153831482], "accuracy": [0.4893401861190796, 0.7568045854568481, 0.9193562269210815, 0.9593831896781921, 0.9791859984397888, 0.9795230627059937, 0.9794387817382812, 0.9786803722381592, 0.9784275889396667, 0.9778376817703247], "val_loss": [0.6576223969459534, 0.517911970615387, 0.40314456820487976, 0.3189298212528229, 0.25819700956344604, 0.2129548341035843, 0.18193571269512177, 0.1580301821231842, 0.14110663533210754, 0.12668706476688385], "val_accuracy": [0.5129639506340027, 0.9156075716018677, 0.9323844313621521, 0.9710219502449036, 0.9776309728622437, 0.9776309728622437, 0.9791561365127563, 0.9791561365127563, 0.978139340877533, 0.9791561365127563]}