{"loss": [0.47480762004852295, 0.33287736773490906, 0.26933375000953674, 0.21488116681575775, 0.18300855159759521, 0.15049509704113007, 0.13385722041130066, 0.1109258309006691, 0.09463798254728317, 0.08799532055854797], "accuracy": [0.9035598039627075, 0.9829710721969604, 0.981002926826477, 0.9857949614524841, 0.9792059063911438, 0.9866507053375244, 0.9881910085678101, 0.9874208569526672, 0.9882765412330627, 0.9882765412330627], "val_loss": [0.3799755275249481, 0.2980363368988037, 0.2417883276939392, 0.19123351573944092, 0.17987382411956787, 0.13445161283016205, 0.12891238927841187, 0.10271305590867996, 0.11063268035650253, 0.08178826421499252], "val_accuracy": [0.9744791984558105, 0.9796875715255737, 0.9875000715255737, 0.9880208969116211, 0.9854167103767395, 0.9895833730697632, 0.9822916984558105, 0.9880208969116211, 0.9765625596046448, 0.9895833730697632]}