{"loss": [0.6877346634864807, 0.6597154140472412, 0.6219969391822815, 0.5697442889213562, 0.506060004234314, 0.43925654888153076, 0.3765884339809418, 0.3217965066432953, 0.2755902409553528, 0.23778200149536133], "accuracy": [0.5149534940719604, 0.6723303198814392, 0.8127162456512451, 0.8762205243110657, 0.9151995778083801, 0.9346505999565125, 0.9481049180030823, 0.9562543630599976, 0.9606366157531738, 0.9650957584381104], "val_loss": [0.6727904081344604, 0.6405258774757385, 0.5947332978248596, 0.5353469252586365, 0.4685833752155304, 0.40486830472946167, 0.3473793566226959, 0.2969118356704712, 0.25724416971206665, 0.22217829525470734], "val_accuracy": [0.641701340675354, 0.7803975939750671, 0.8520573377609253, 0.8936662077903748, 0.9209431409835815, 0.9343504905700684, 0.9482200741767883, 0.9560795426368713, 0.9583911299705505, 0.9634766578674316]}