{"loss": [0.5446774363517761, 0.41001904010772705, 0.3234061300754547, 0.2641006410121918, 0.21660147607326508, 0.18485422432422638, 0.1664423644542694, 0.15339086949825287, 0.1273166984319687, 0.12419679760932922], "accuracy": [0.8821460008621216, 0.9554089903831482, 0.9667546153068542, 0.9699208736419678, 0.9765172004699707, 0.9757255911827087, 0.9726473689079285, 0.9671943783760071, 0.9791557192802429, 0.97502201795578], "val_loss": [0.47615915536880493, 0.3623868227005005, 0.30170226097106934, 0.24271643161773682, 0.197092205286026, 0.168623149394989, 0.1611299365758896, 0.1268147975206375, 0.12163341790437698, 0.11167111992835999], "val_accuracy": [0.9489742517471313, 0.9715939164161682, 0.9631772637367249, 0.9710678458213806, 0.9821146726608276, 0.9800105094909668, 0.9668595790863037, 0.9857969284057617, 0.9773803353309631, 0.9763282537460327]}