{"loss": [0.6785138249397278, 0.5875168442726135, 0.4945739805698395, 0.39895540475845337, 0.31153154373168945, 0.24027003347873688, 0.18614378571510315, 0.14607444405555725, 0.11642549186944962, 0.09419969469308853], "accuracy": [0.6376628875732422, 0.9132254719734192, 0.9776549935340881, 0.990288257598877, 0.9958942532539368, 0.9969207048416138, 0.996762752532959, 0.9969207048416138, 0.9969996213912964, 0.9969996213912964], "val_loss": [0.629072904586792, 0.5383350849151611, 0.44286176562309265, 0.34980303049087524, 0.26977938413619995, 0.20746541023254395, 0.16086840629577637, 0.12641727924346924, 0.10067441314458847, 0.08123104274272919], "val_accuracy": [0.8250591158866882, 0.9583924412727356, 0.9929077625274658, 0.9971631169319153, 0.9976359009742737, 0.9976359009742737, 0.9976359009742737, 0.9976359009742737, 0.9976359009742737, 0.9976359009742737]}