{"loss": [0.6991831064224243, 0.6879658102989197, 0.6685790419578552, 0.6244213581085205, 0.5604223608970642, 0.4898499548435211, 0.42215031385421753, 0.362777441740036, 0.3124139904975891, 0.2704578638076782], "accuracy": [0.4911611080169678, 0.5788032412528992, 0.7579882144927979, 0.8680388331413269, 0.9193294048309326, 0.9448087215423584, 0.9555149674415588, 0.9626525044441223, 0.9682131409645081, 0.9714499115943909], "val_loss": [0.6922392845153809, 0.6803627610206604, 0.6464555263519287, 0.5867322683334351, 0.5145001411437988, 0.4402554929256439, 0.37437769770622253, 0.31862911581993103, 0.27228376269340515, 0.23430345952510834], "val_accuracy": [0.48678866028785706, 0.7997968196868896, 0.8821138739585876, 0.9349594116210938, 0.9476626515388489, 0.9588415622711182, 0.9654472470283508, 0.9695122838020325, 0.9720529317855835, 0.9745935797691345]}