{"loss": [52.40507888793945, 12.758576393127441, 5.319138526916504, 2.892308235168457, 1.8384490013122559, 1.3650109767913818, 1.0780243873596191, 0.8528870344161987, 0.6579431891441345, 0.4462066888809204], "accuracy": [0.5154266953468323, 0.7576692700386047, 0.8619534969329834, 0.8965091705322266, 0.9146685600280762, 0.9209274053573608, 0.9218970537185669, 0.9239245653152466, 0.9224259853363037, 0.924189031124115], "val_loss": [19.672819137573242, 6.010828971862793, 2.709105968475342, 1.5801777839660645, 1.1095865964889526, 0.8405408263206482, 0.6864534616470337, 0.5366445779800415, 0.3746677041053772, 0.23758374154567719], "val_accuracy": [0.6858974695205688, 0.8573718667030334, 0.9065171480178833, 0.9348291158676147, 0.944444477558136, 0.9460470676422119, 0.9407051801681519, 0.9396368265151978, 0.942307710647583, 0.942307710647583]}