{"loss": [7.053229808807373, 1.7912307977676392, 1.2657660245895386, 0.9836577773094177, 0.7898480296134949, 0.635301411151886, 0.5091537833213806, 0.49468091130256653, 0.39152154326438904, 0.3668542802333832], "accuracy": [0.8550136685371399, 0.9216862320899963, 0.9353558421134949, 0.9395008087158203, 0.9439104199409485, 0.9478790163993835, 0.9486727118492126, 0.9489372968673706, 0.9543169736862183, 0.9531704783439636], "val_loss": [2.2228152751922607, 1.530397891998291, 1.217416763305664, 0.9596995115280151, 0.7830092310905457, 0.6784735321998596, 0.6598281264305115, 0.5052259564399719, 0.5092255473136902, 0.5329078435897827], "val_accuracy": [0.9097297787666321, 0.9286486506462097, 0.9340540766716003, 0.9345946311950684, 0.9405405521392822, 0.9437838196754456, 0.9367567896842957, 0.9486486911773682, 0.9491891860961914, 0.9486486911773682]}