{"loss": [20.144956588745117, 3.067948818206787, 1.8306814432144165, 1.3632779121398926, 1.0767406225204468, 0.8703807592391968, 0.7153490781784058, 0.577498197555542, 0.4674394130706787, 0.37045660614967346], "accuracy": [0.7957607507705688, 0.9547710418701172, 0.9777007102966309, 0.9860530495643616, 0.9887321591377258, 0.9900716543197632, 0.9914112091064453, 0.9916476011276245, 0.9918051958084106, 0.9920415878295898], "val_loss": [3.127639055252075, 1.0098390579223633, 0.7458860874176025, 0.5693562030792236, 0.4488230347633362, 0.36758509278297424, 0.32376134395599365, 0.29984545707702637, 0.2548525035381317, 0.2471591830253601], "val_accuracy": [0.9300373196601868, 0.9776118993759155, 0.9874066710472107, 0.9911380410194397, 0.9920708537101746, 0.9934701323509216, 0.9944029450416565, 0.9939365386962891, 0.9934701323509216, 0.9939365386962891]}