{"accuracy": [0.69, 0.9, 0.93, 0.95, 0.95], "val_accuracy": [0.856, 0.902, 0.916, 0.936, 0.936], "loss": [19.159463748203077, 10.172074741530816, 8.451329253494055, 7.948456799776673, 7.899026201277316], "val_loss": [139.0319686430401, 119.17328626723669, 97.18155965608035, 94.30518101350279, 94.53402119237978]}