{"loss": [0.6894327998161316, 0.6659964323043823, 0.635513186454773, 0.5876943469047546, 0.5268133878707886, 0.4607301354408264, 0.3966183066368103, 0.3389567732810974, 0.289363831281662, 0.24770888686180115], "accuracy": [0.5750395059585571, 0.7256714701652527, 0.8018167614936829, 0.921800971031189, 0.9551343321800232, 0.9616114497184753, 0.9697473049163818, 0.9736177325248718, 0.9753555059432983, 0.9770142436027527], "val_loss": [0.674262285232544, 0.6494026780128479, 0.6079853177070618, 0.54977947473526, 0.4827192425727844, 0.4150373041629791, 0.35295429825782776, 0.298931747674942, 0.2538306713104248, 0.21652846038341522], "val_accuracy": [0.8480649590492249, 0.7324414849281311, 0.9149546027183533, 0.948877215385437, 0.9550883769989014, 0.9670329689979553, 0.9737219214439392, 0.9722886085510254, 0.9761108756065369, 0.9770663976669312]}