{"loss": [0.7089589834213257, 0.687441885471344, 0.6779472827911377, 0.6643942594528198, 0.6434721946716309, 0.6140967011451721, 0.5773565173149109, 0.5360825657844543, 0.4942218065261841, 0.45410844683647156], "accuracy": [0.5232189893722534, 0.5232189893722534, 0.539577841758728, 0.6666666865348816, 0.7498680949211121, 0.8394019603729248, 0.8626209497451782, 0.8844327330589294, 0.8955145478248596, 0.9034301042556763], "val_loss": [0.6911291480064392, 0.6808817386627197, 0.6685494184494019, 0.649200439453125, 0.6210761070251465, 0.5831586122512817, 0.5398913621902466, 0.4934539496898651, 0.4491845965385437, 0.4088999032974243], "val_accuracy": [0.5307732820510864, 0.5307732820510864, 0.589163601398468, 0.762230396270752, 0.865860104560852, 0.8863756060600281, 0.9189900159835815, 0.9216201901435852, 0.9231983423233032, 0.9289847612380981]}