{"loss": [41.856685638427734, 0.5445665717124939, 0.28278639912605286, 0.20181582868099213, 0.1624145209789276, 0.14327415823936462, 0.1274905800819397, 0.11239363998174667, 0.09904367476701736, 0.09150394797325134], "accuracy": [0.6588525176048279, 0.961776852607727, 0.9766369462013245, 0.9787030816078186, 0.9806897640228271, 0.9808486700057983, 0.9813254475593567, 0.9814049601554871, 0.9825969338417053, 0.9826763868331909], "val_loss": [1.1818320751190186, 0.27263620495796204, 0.1702623963356018, 0.12054218351840973, 0.10209908336400986, 0.09054860472679138, 0.08991558104753494, 0.08551807701587677, 0.08149874210357666, 0.07049413025379181], "val_accuracy": [0.8540387749671936, 0.9754369854927063, 0.9782711863517761, 0.980633020401001, 0.9820501208305359, 0.9815777540206909, 0.979688286781311, 0.9815777540206909, 0.9820501208305359, 0.980633020401001]}