{"loss": [0.690295398235321, 0.6586027145385742, 0.6157013177871704, 0.5612917542457581, 0.502700924873352, 0.4450959265232086, 0.39159929752349854, 0.34390655159950256, 0.3026697337627411, 0.2674175202846527], "accuracy": [0.5055271983146667, 0.7571428418159485, 0.9445578455924988, 0.9573129415512085, 0.9657313227653503, 0.9669218063354492, 0.9692177176475525, 0.9692177176475525, 0.9704082012176514, 0.9716836810112], "val_loss": [0.6734890341758728, 0.6354007124900818, 0.5824655890464783, 0.5224366784095764, 0.4619203805923462, 0.40496736764907837, 0.35375845432281494, 0.31030911207199097, 0.27347636222839355, 0.24115827679634094], "val_accuracy": [0.5840206146240234, 0.9381443858146667, 0.9572165012359619, 0.9659793972969055, 0.9664948582649231, 0.9701031446456909, 0.9701031446456909, 0.9721649885177612, 0.9721649885177612, 0.9731959104537964]}