{"loss": [0.37341901659965515, 0.270913690328598, 0.21094921231269836, 0.16399411857128143, 0.13009698688983917, 0.105110302567482, 0.08752588927745819, 0.07200126349925995, 0.060303181409835815, 0.05079754441976547], "accuracy": [0.9838137030601501, 0.9975523352622986, 0.995736300945282, 0.997473418712616, 0.9977102875709534, 0.9982629418373108, 0.9977102875709534, 0.9977102875709534, 0.997473418712616, 0.997631311416626], "val_loss": [0.3066176474094391, 0.23421376943588257, 0.18075025081634521, 0.14258038997650146, 0.1141071766614914, 0.09188831597566605, 0.07689298689365387, 0.06352712213993073, 0.054024599492549896, 0.04455002024769783], "val_accuracy": [0.9976359009742737, 0.9971631169319153, 0.9990543723106384, 0.9995271563529968, 0.9985815286636353, 0.9995271563529968, 0.9990543723106384, 0.9990543723106384, 0.9990543723106384, 0.9990543723106384]}