{"loss": [0.6931131482124329, 0.6850249767303467, 0.6689472198486328, 0.6403617262840271, 0.5983678698539734, 0.5461733341217041, 0.48975270986557007, 0.434332013130188, 0.3829411566257477, 0.3373199701309204], "accuracy": [0.5598606467247009, 0.5857762098312378, 0.653921365737915, 0.869997501373291, 0.9161356687545776, 0.9410315752029419, 0.9569207429885864, 0.961509108543396, 0.9643980264663696, 0.9662673473358154], "val_loss": [0.689736545085907, 0.6783832311630249, 0.6543857455253601, 0.6159511804580688, 0.563957691192627, 0.5046371817588806, 0.4445096552371979, 0.3883960545063019, 0.338026225566864, 0.29581499099731445], "val_accuracy": [0.5005176067352295, 0.5196687579154968, 0.8814700245857239, 0.9239130616188049, 0.9503105878829956, 0.9653209447860718, 0.968426525592804, 0.9704968929290771, 0.9710144996643066, 0.9725673198699951]}