{"loss": [0.694764256477356, 0.6702284216880798, 0.6491034030914307, 0.6180605888366699, 0.5786297917366028, 0.5351464748382568, 0.4913514256477356, 0.4499843418598175, 0.41279563307762146, 0.3806113600730896], "accuracy": [0.535376787185669, 0.535376787185669, 0.5427618622779846, 0.6170888543128967, 0.7551814913749695, 0.8272055983543396, 0.8692924976348877, 0.8858889937400818, 0.8985944986343384, 0.903359055519104], "val_loss": [0.677175760269165, 0.6594708561897278, 0.6317832469940186, 0.5943500995635986, 0.5497578382492065, 0.5044316053390503, 0.45949509739875793, 0.4195973575115204, 0.3829624652862549, 0.3535758852958679], "val_accuracy": [0.5381697416305542, 0.5381697416305542, 0.5742058157920837, 0.7406353950500488, 0.8392603397369385, 0.8890469670295715, 0.905168354511261, 0.9146515130996704, 0.9174964427947998, 0.9141773581504822]}