{"loss": [0.6750531792640686, 0.6543349623680115, 0.6291497945785522, 0.595493495464325, 0.5552296042442322, 0.511165976524353, 0.46663275361061096, 0.42443954944610596, 0.3856985569000244, 0.3510465919971466], "accuracy": [0.5235961079597473, 0.5808946490287781, 0.714122474193573, 0.888830304145813, 0.9365497827529907, 0.9413832426071167, 0.9409438371658325, 0.93962562084198, 0.93962562084198, 0.9407680630683899], "val_loss": [0.659980058670044, 0.638200581073761, 0.6078619360923767, 0.5694999098777771, 0.5259473919868469, 0.4806533455848694, 0.4365624189376831, 0.39593079686164856, 0.3592480421066284, 0.32687804102897644], "val_accuracy": [0.5410602688789368, 0.6652806997299194, 0.8575883507728577, 0.927234947681427, 0.937110185623169, 0.9355509281158447, 0.939708948135376, 0.9386694431304932, 0.939708948135376, 0.9417879581451416]}