{"loss": [0.8151570558547974, 0.764462947845459, 0.7236894965171814, 0.6852715015411377, 0.6483460068702698, 0.6130901575088501, 0.5796673893928528, 0.5480100512504578, 0.5182538032531738, 0.49028313159942627, 0.4640061855316162, 0.4393903613090515, 0.4163733124732971, 0.3947790563106537, 0.37460094690322876], "accuracy": [0.31022319197654724, 0.04233672469854355, 0.14292746782302856, 0.5178043842315674, 0.8887430429458618, 0.9653757810592651, 0.9727601408958435, 0.9731703400611877, 0.9733344316482544, 0.9737446904182434, 0.9724318981170654, 0.9718576073646545, 0.9723498821258545, 0.9714473485946655, 0.9714473485946655], "val_loss": [0.7918341159820557, 0.7458931803703308, 0.7045605182647705, 0.6650204062461853, 0.6273207664489746, 0.591522216796875, 0.5576823353767395, 0.5258221626281738, 0.49599626660346985, 0.46798384189605713, 0.44179582595825195, 0.4173077642917633, 0.3944072723388672, 0.37303707003593445, 0.35307666659355164], "val_accuracy": [0.08565737307071686, 0.017430279403924942, 0.45119524002075195, 0.7206175327301025, 0.9621514081954956, 0.9741036295890808, 0.9790837168693542, 0.980079710483551, 0.980079710483551, 0.9795817136764526, 0.9805777072906494, 0.9810757040977478, 0.9820717573165894, 0.9820717573165894, 0.9830677509307861]}