{"loss": [0.6991400718688965, 0.5363243222236633, 0.44119182229042053, 0.3801997900009155, 0.33748766779899597, 0.30566173791885376, 0.28096380829811096, 0.26108840107917786, 0.2448722869157791, 0.2312890589237213], "accuracy": [0.5560633540153503, 0.8996926546096802, 0.9311322569847107, 0.9362540245056152, 0.9405089616775513, 0.9496493339538574, 0.9502009153366089, 0.9542982578277588, 0.9587108492851257, 0.9607595801353455], "val_loss": [0.6008031368255615, 0.47988036274909973, 0.4039105772972107, 0.3516918420791626, 0.3130737245082855, 0.28335312008857727, 0.2592097222805023, 0.2392086684703827, 0.22269687056541443, 0.20856249332427979], "val_accuracy": [0.8092350363731384, 0.9351679086685181, 0.9393656253814697, 0.9463618993759155, 0.9556902647018433, 0.9524253606796265, 0.9594216346740723, 0.9645522236824036, 0.9645522236824036, 0.9654850363731384]}