{"loss": [0.4864981770515442, 0.33034518361091614, 0.25975123047828674, 0.2209341675043106, 0.18369773030281067, 0.15957559645175934, 0.14272622764110565, 0.12771888077259064, 0.11437828093767166, 0.11000280827283859], "accuracy": [0.8323675394058228, 0.9638245105743408, 0.9727649092674255, 0.9691225290298462, 0.9714404344558716, 0.9708609580993652, 0.9703642725944519, 0.9674668908119202, 0.9715231657028198, 0.9687914252281189], "val_loss": [0.3707713782787323, 0.2927217483520508, 0.23953132331371307, 0.1953705996274948, 0.1700187474489212, 0.1472586840391159, 0.13248389959335327, 0.1231405958533287, 0.12391053885221481, 0.10241224616765976], "val_accuracy": [0.9648340344429016, 0.9618622660636902, 0.9727587699890137, 0.9772164225578308, 0.9727587699890137, 0.9732540845870972, 0.9727587699890137, 0.9673105478286743, 0.971272885799408, 0.9702823162078857]}