{"loss": [0.7200014591217041, 0.6979449391365051, 0.6912832856178284, 0.6839424967765808, 0.6700546145439148, 0.644294798374176, 0.6079410314559937, 0.5655259490013123, 0.520779013633728, 0.4773639738559723], "accuracy": [0.5190738439559937, 0.5191625356674194, 0.533711850643158, 0.5831263661384583, 0.737047553062439, 0.832061767578125, 0.8981547355651855, 0.9127040505409241, 0.9190028309822083, 0.9203335642814636], "val_loss": [0.7015872001647949, 0.6933961510658264, 0.6870480179786682, 0.6771737337112427, 0.6567233800888062, 0.6234042644500732, 0.5818799138069153, 0.5358846783638, 0.4897717535495758, 0.4465332627296448], "val_accuracy": [0.5219721794128418, 0.5225080847740173, 0.5980708003044128, 0.6870311498641968, 0.7899250388145447, 0.8745981454849243, 0.9083601832389832, 0.9180064797401428, 0.920150101184845, 0.9239014387130737]}