{"loss": [0.7551934719085693, 0.7030938267707825, 0.696173369884491, 0.6940348744392395, 0.6920905709266663, 0.6901887655258179, 0.6883285045623779, 0.686554491519928, 0.6848074197769165, 0.6831778883934021], "accuracy": [0.5190738439559937, 0.5190738439559937, 0.5190738439559937, 0.5192512273788452, 0.5197835564613342, 0.5192512273788452, 0.5204932689666748, 0.5377927422523499, 0.551543653011322, 0.5599716305732727], "val_loss": [0.7123649716377258, 0.69729083776474, 0.6949082612991333, 0.6933513879776001, 0.691821813583374, 0.6903272271156311, 0.6888729929924011, 0.6874933838844299, 0.6861085891723633, 0.6848719716072083], "val_accuracy": [0.5219721794128418, 0.5219721794128418, 0.5219721794128418, 0.5219721794128418, 0.5219721794128418, 0.5219721794128418, 0.5396570563316345, 0.5434083938598633, 0.5487674474716187, 0.5803858637809753]}