{"loss": [58.47088623046875, 1.9863686561584473, 0.531098484992981, 0.4085659086704254, 0.3683159053325653, 0.33669760823249817, 0.30277180671691895, 0.2655034363269806, 0.2189788669347763, 0.16394922137260437], "accuracy": [0.6503444314002991, 0.9488754272460938, 0.9786704182624817, 0.9816582202911377, 0.9825711846351624, 0.9819902181625366, 0.9832351207733154, 0.9831521511077881, 0.983069121837616, 0.9836500883102417], "val_loss": [4.534695148468018, 0.4328867197036743, 0.30688220262527466, 0.29991841316223145, 0.31154197454452515, 0.28572016954421997, 0.26512616872787476, 0.20029105246067047, 0.14159803092479706, 0.09748393297195435], "val_accuracy": [0.9146342277526855, 0.980691134929657, 0.9822155237197876, 0.983231782913208, 0.9842480421066284, 0.9827236533164978, 0.9817073941230774, 0.9827236533164978, 0.985772430896759, 0.9837399125099182]}