{"loss": [0.5028411149978638, 0.3673529624938965, 0.3046135902404785, 0.2624083459377289, 0.23635733127593994, 0.20878995954990387, 0.19691234827041626, 0.18894289433956146, 0.18726955354213715, 0.17418727278709412], "accuracy": [0.8546749353408813, 0.9289339780807495, 0.9333551526069641, 0.9377763271331787, 0.9424430727958679, 0.9467005133628845, 0.9471098780632019, 0.945390522480011, 0.9383494257926941, 0.9420337080955505], "val_loss": [0.40053871273994446, 0.32570579648017883, 0.27711158990859985, 0.24575968086719513, 0.22099155187606812, 0.21152639389038086, 0.19282591342926025, 0.19115182757377625, 0.17213235795497894, 0.16250386834144592], "val_accuracy": [0.9327443242073059, 0.9376534819602966, 0.9381443858146667, 0.947962760925293, 0.9474718570709229, 0.9484536647796631, 0.9386353492736816, 0.9430536031723022, 0.9440354108810425, 0.9528719782829285]}