{"loss": [20.190771102905273, 2.4472877979278564, 1.3184853792190552, 0.9464045166969299, 0.7419614195823669, 0.6144429445266724, 0.5159955620765686, 0.47419503331184387, 0.4373893141746521, 0.39483803510665894], "accuracy": [0.7884048223495483, 0.9530631303787231, 0.9717704653739929, 0.9777534604072571, 0.9818825125694275, 0.9833993315696716, 0.9859273433685303, 0.9876127243041992, 0.9870228171348572, 0.9877812266349792], "val_loss": [3.370894432067871, 1.9704567193984985, 1.2838633060455322, 1.0514516830444336, 0.8799708485603333, 0.7249407172203064, 0.7444485425949097, 0.6031850576400757, 0.6228377819061279, 0.5885703563690186], "val_accuracy": [0.9425522089004517, 0.9664464592933655, 0.9730554819107056, 0.976105809211731, 0.978139340877533, 0.9816980957984924, 0.9822064638137817, 0.9847484230995178, 0.9837316274642944, 0.9857652187347412]}