{"loss": [0.6692945957183838, 0.6447953581809998, 0.6175224184989929, 0.5878140330314636, 0.5569553971290588, 0.5264894366264343, 0.49776002764701843, 0.4713743031024933, 0.4475771486759186, 0.42632925510406494], "accuracy": [0.6872290372848511, 0.8107665777206421, 0.8179661631584167, 0.8249202370643616, 0.8302381038665771, 0.8338378667831421, 0.8383376002311707, 0.8406283259391785, 0.8444735407829285, 0.8474188446998596], "val_loss": [0.6571190357208252, 0.6307430267333984, 0.6010391116142273, 0.5694869160652161, 0.537972092628479, 0.5075371861457825, 0.479943186044693, 0.45415836572647095, 0.43240609765052795, 0.4124203622341156], "val_accuracy": [0.7936893105506897, 0.8218446969985962, 0.8334951400756836, 0.8393204212188721, 0.8402912616729736, 0.8441748023033142, 0.8456310629844666, 0.84805828332901, 0.8485437035560608, 0.8509708642959595]}