{"loss": [11.667851448059082, 1.1328190565109253, 0.724402666091919, 0.5337517261505127, 0.4646770656108856, 0.39190492033958435, 0.34572023153305054, 0.3168179988861084, 0.29884791374206543, 0.2629739046096802], "accuracy": [0.8761897087097168, 0.9785855412483215, 0.9847391247749329, 0.9881030917167664, 0.9900722503662109, 0.9899081587791443, 0.9912208914756775, 0.9911388754844666, 0.9915490746498108, 0.9920413494110107], "val_loss": [1.3763561248779297, 0.7795819640159607, 0.6288294792175293, 0.5542315244674683, 0.39638713002204895, 0.5308834314346313, 0.41476187109947205, 0.34230947494506836, 0.3136952817440033, 0.36623385548591614], "val_accuracy": [0.9750996232032776, 0.9825697541236877, 0.9860557913780212, 0.988545835018158, 0.9895418882369995, 0.9865537881851196, 0.9905378818511963, 0.9925299286842346, 0.9925299286842346, 0.9925299286842346]}