{"loss": [0.6559848189353943, 0.5822409391403198, 0.504894495010376, 0.4385197162628174, 0.38609763979911804, 0.3472863435745239, 0.3193436563014984, 0.2994891405105591, 0.2852984070777893, 0.27498894929885864], "accuracy": [0.6804724335670471, 0.8531495928764343, 0.8648818731307983, 0.8859055042266846, 0.9019685387611389, 0.911496102809906, 0.9162992238998413, 0.9171653389930725, 0.9187401533126831, 0.9185826778411865], "val_loss": [0.6180973649024963, 0.5343105792999268, 0.4586879014968872, 0.397348552942276, 0.350860595703125, 0.31645467877388, 0.29145747423171997, 0.2735670804977417, 0.26023247838020325, 0.2507217526435852], "val_accuracy": [0.8703276515007019, 0.8675588965415955, 0.8878634572029114, 0.9044762849807739, 0.9169358611106873, 0.9201661348342896, 0.9247808456420898, 0.9275496602058411, 0.9280111193656921, 0.9293954968452454]}