{"accuracy": [0.53, 0.75, 0.96, 0.97, 0.98, 0.97, 0.99, 0.99, 0.99, 0.99], "val_accuracy": [0.576, 0.833, 0.927, 0.936, 0.944, 0.944, 0.944, 0.958, 0.964, 0.976], "loss": [108.98000000000003, 66.08399999999996, 33.36400000000001, 24.644000000000005, 23.08, 22.868000000000002, 21.672, 20.967999999999996, 20.824, 20.659999999999997], "val_loss": [862.7119999999991, 615.6719999999997, 362.8880000000007, 340.80800000000056, 313.1720000000003, 297.6680000000005, 279.7520000000002, 270.2880000000002, 265.63599999999997, 250.00400000000027]}