{"accuracy": [0.62, 0.88, 0.95, 0.96, 0.96], "val_accuracy": [0.678, 0.866, 0.898, 0.906, 0.898], "loss": [25.65627167247276, 12.323284764520963, 9.968754637825112, 9.383138421589432, 9.260012292386367], "val_loss": [209.50827464571304, 142.9670823704601, 120.94577006142416, 110.79711265134856, 109.79360141428414]}