{"loss": [0.6828793287277222, 0.6665603518486023, 0.6494161486625671, 0.6237564086914062, 0.588358461856842, 0.544297456741333, 0.4956981837749481, 0.4466021656990051, 0.4002501964569092, 0.35834673047065735], "accuracy": [0.5543040633201599, 0.5543040633201599, 0.5543040633201599, 0.5569349527359009, 0.6065937876701355, 0.7356737852096558, 0.8606429696083069, 0.9087396264076233, 0.9358711242675781, 0.9436816573143005], "val_loss": [0.6704718470573425, 0.6560785174369812, 0.6341090202331543, 0.6020057797431946, 0.560086190700531, 0.5113932490348816, 0.4605253338813782, 0.41249990463256836, 0.3677459955215454, 0.3280482590198517], "val_accuracy": [0.5599408149719238, 0.5599408149719238, 0.5609274506568909, 0.5974346399307251, 0.7030093669891357, 0.8426245450973511, 0.9151455163955688, 0.9516526460647583, 0.9565860629081726, 0.9541193842887878]}