{"accuracy": [0.56, 0.81, 0.91, 0.88, 0.92, 0.91, 0.92, 0.91, 0.93, 0.9], "val_accuracy": [0.792, 0.867, 0.88, 0.895, 0.889, 0.902, 0.88, 0.89, 0.871, 0.892], "loss": [111.616, 51.472, 39.58800000000001, 37.27199999999999, 34.724, 34.86, 35.068, 34.12399999999999, 34.82800000000001, 36.640000000000015], "val_loss": [594.1320000000002, 476.17600000000004, 433.19599999999997, 400.3040000000007, 446.07199999999983, 389.53600000000097, 422.47200000000066, 396.3080000000002, 446.296000000001, 398.0400000000009]}