{"accuracy": [0.47, 0.85, 0.84, 0.84, 0.85, 0.85, 0.87, 0.86, 0.85, 0.86], "val_accuracy": [0.777, 0.806, 0.803, 0.803, 0.802, 0.795, 0.786, 0.803, 0.806, 0.809], "loss": [122.49599999999998, 53.556000000000004, 49.676, 45.315999999999995, 45.196, 45.508, 44.13200000000002, 43.912000000000006, 44.16400000000001, 41.93999999999999], "val_loss": [642.784, 569.4480000000003, 530.6680000000013, 516.3040000000009, 516.9400000000007, 518.7560000000011, 534.268000000001, 509.1600000000006, 504.1520000000002, 499.4360000000014]}