{"loss": [0.7315600514411926, 0.6854637265205383, 0.672756016254425, 0.656367838382721, 0.632121741771698, 0.5995745658874512, 0.5598942637443542, 0.5152598023414612, 0.46851181983947754, 0.4224543571472168], "accuracy": [0.5170848965644836, 0.5170848965644836, 0.5376362204551697, 0.5906239748001099, 0.6785243153572083, 0.806371808052063, 0.8855233192443848, 0.913337767124176, 0.938015878200531, 0.9461043477058411], "val_loss": [0.6986253261566162, 0.6810349822044373, 0.6676911115646362, 0.6477668285369873, 0.6194724440574646, 0.5836480259895325, 0.542151927947998, 0.4960486590862274, 0.4500700533390045, 0.4059426188468933], "val_accuracy": [0.5134865045547485, 0.5134865045547485, 0.5269730091094971, 0.5959040522575378, 0.7287712097167969, 0.816683292388916, 0.8571428060531616, 0.9160838723182678, 0.9320679306983948, 0.9360638856887817]}