{"loss": [0.6823977828025818, 0.6503052115440369, 0.5941069722175598, 0.535695493221283, 0.48851069808006287, 0.45420828461647034, 0.4301671087741852, 0.4134514033794403, 0.40190693736076355, 0.39400845766067505], "accuracy": [0.5400601029396057, 0.8358371257781982, 0.8338341116905212, 0.8281589150428772, 0.8293273448944092, 0.8310799598693848, 0.8332498669624329, 0.8347521424293518, 0.8358371257781982, 0.8365882039070129], "val_loss": [0.6695565581321716, 0.6195299029350281, 0.554689347743988, 0.49823814630508423, 0.45611461997032166, 0.4264889061450958, 0.4059101939201355, 0.39185452461242676, 0.38192620873451233, 0.37579354643821716], "val_accuracy": [0.8487902879714966, 0.8447580337524414, 0.836693525314331, 0.8397177457809448, 0.8412297964096069, 0.8402217626571655, 0.8417338728904724, 0.8432459235191345, 0.8442540168762207, 0.846774160861969]}