{"loss": [0.7607476115226746, 0.6651319861412048, 0.6312750577926636, 0.5931077599525452, 0.5460283756256104, 0.49403905868530273, 0.44210198521614075, 0.3936382830142975, 0.34910911321640015, 0.3085083067417145], "accuracy": [0.46462321281433105, 0.5799253582954407, 0.8714365363121033, 0.9209878444671631, 0.9301199316978455, 0.9367108941078186, 0.9433812499046326, 0.9489399194717407, 0.9518780708312988, 0.953863263130188], "val_loss": [0.6915422677993774, 0.6496314406394958, 0.6149142980575562, 0.5708934664726257, 0.5191212892532349, 0.464587539434433, 0.41237133741378784, 0.36396268010139465, 0.31947100162506104, 0.2793290317058563], "val_accuracy": [0.4618302583694458, 0.7553343176841736, 0.9108582735061646, 0.9241346716880798, 0.9340920448303223, 0.9454718232154846, 0.9516358971595764, 0.9554291367530823, 0.9577999114990234, 0.9577999114990234]}