{"loss": [0.7911355495452881, 0.7017042636871338, 0.6367117166519165, 0.58848637342453, 0.5526300668716431, 0.525375247001648, 0.5043593049049377, 0.4878488779067993, 0.4747369587421417, 0.4642210006713867], "accuracy": [0.3489716649055481, 0.5478648543357849, 0.8387709856033325, 0.8778392672538757, 0.8778392672538757, 0.878417432308197, 0.8781696557998657, 0.8786652684211731, 0.878747820854187, 0.8785826563835144], "val_loss": [0.7405335307121277, 0.6651738882064819, 0.6092017889022827, 0.5674489736557007, 0.5358731746673584, 0.511549711227417, 0.49242493510246277, 0.47714415192604065, 0.4647637605667114, 0.45470190048217773], "val_accuracy": [0.35273632407188416, 0.8064677119255066, 0.8850746750831604, 0.8925373554229736, 0.8920398354530334, 0.8930348753929138, 0.8930348753929138, 0.8925373554229736, 0.8930348753929138, 0.8930348753929138]}