{"loss": [6.72499418258667, 0.9366187453269958, 0.5638859868049622, 0.4322323203086853, 0.35587751865386963, 0.31153643131256104, 0.2726695239543915, 0.2393932193517685, 0.21048778295516968, 0.18979784846305847], "accuracy": [0.9010269045829773, 0.9805687665939331, 0.9883096814155579, 0.9909163117408752, 0.9916272163391113, 0.9923381209373474, 0.9927330613136292, 0.9934439659118652, 0.9940758943557739, 0.9942338466644287], "val_loss": [0.8109570741653442, 0.4068254232406616, 0.3619641959667206, 0.3349793255329132, 0.34458351135253906, 0.3019763231277466, 0.28648054599761963, 0.2813934087753296, 0.2618198096752167, 0.262745201587677], "val_accuracy": [0.9784997701644897, 0.991399884223938, 0.9928332567214966, 0.9933110475540161, 0.9937888383865356, 0.9947444200515747, 0.9947444200515747, 0.9942666292190552, 0.9952221512794495, 0.9952221512794495]}