{"accuracy": [0.73, 0.87, 0.93, 0.95, 0.95, 0.95, 0.95, 0.95, 0.96, 0.96], "val_accuracy": [0.932, 0.96, 0.976, 0.979, 0.981, 0.98, 0.982, 0.981, 0.984, 0.984], "loss": [71.772, 37.92399999999999, 33.548, 27.632, 27.336000000000002, 26.656, 25.956, 25.98799999999999, 25.58399999999999, 26.50400000000001], "val_loss": [334.1080000000006, 289.47600000000034, 267.6240000000001, 237.2400000000002, 215.42000000000036, 208.89200000000037, 218.81200000000007, 219.60800000000017, 197.9240000000001, 204.67600000000027]}