{"accuracy": [0.63, 0.64, 0.61, 0.61, 0.6, 0.61, 0.63, 0.6, 0.6, 0.62], "val_accuracy": [0.649, 0.666, 0.668, 0.669, 0.677, 0.688, 0.672, 0.674, 0.694, 0.685], "loss": [95.57199999999999, 85.376, 84.47999999999999, 82.324, 85.1, 84.532, 85.16, 85.312, 84.21600000000004, 84.82800000000005], "val_loss": [806.2759999999994, 778.0679999999999, 771.0239999999995, 757.6520000000007, 768.1120000000006, 741.1559999999996, 744.6080000000001, 749.2200000000001, 728.7599999999998, 736.1519999999992]}