{"loss": [0.7446544766426086, 0.6779775619506836, 0.653998613357544, 0.6261648535728455, 0.588591992855072, 0.5419819951057434, 0.4903114438056946, 0.4381219148635864, 0.38890644907951355, 0.34471434354782104], "accuracy": [0.5054049491882324, 0.5054049491882324, 0.577767014503479, 0.7303162217140198, 0.8413197994232178, 0.8952081203460693, 0.9250564575195312, 0.9398192763328552, 0.9522426724433899, 0.9609551429748535], "val_loss": [0.6933547258377075, 0.663257896900177, 0.6386186480522156, 0.6050570011138916, 0.5614367127418518, 0.5105249881744385, 0.45751678943634033, 0.4065423607826233, 0.3599257171154022, 0.31890952587127686], "val_accuracy": [0.5044161081314087, 0.5044161081314087, 0.708537757396698, 0.8488714694976807, 0.9097154140472412, 0.9337586164474487, 0.9533856511116028, 0.9622178673744202, 0.9671246409416199, 0.9695780277252197]}