{"loss": [0.6641871333122253, 0.5706222057342529, 0.49696797132492065, 0.43883225321769714, 0.3925255835056305, 0.35500001907348633, 0.32395797967910767, 0.2979050874710083, 0.27582013607025146, 0.25689223408699036], "accuracy": [0.5132126808166504, 0.7009941339492798, 0.8154473900794983, 0.8553828001022339, 0.8818081617355347, 0.8984621167182922, 0.9170703291893005, 0.927181601524353, 0.9399269819259644, 0.949103593826294], "val_loss": [0.6004245281219482, 0.5136229991912842, 0.44562584161758423, 0.3919998109340668, 0.34929731488227844, 0.31518393754959106, 0.2865249514579773, 0.2630000114440918, 0.24257628619670868, 0.2255212664604187], "val_accuracy": [0.6024844646453857, 0.8473085165023804, 0.8907867670059204, 0.9073498845100403, 0.9249482750892639, 0.9389234185218811, 0.9451345801353455, 0.9539337754249573, 0.9601449370384216, 0.9668737053871155]}