{"loss": [0.7528350353240967, 0.6837266683578491, 0.6524831056594849, 0.6090326905250549, 0.5464837551116943, 0.4736539423465729, 0.4035422205924988, 0.3427141308784485, 0.29277902841567993, 0.2526632249355316], "accuracy": [0.4829151928424835, 0.5131231546401978, 0.8413668274879456, 0.8939419388771057, 0.9187026023864746, 0.9472598433494568, 0.9609607458114624, 0.9666557312011719, 0.9694619178771973, 0.9718554615974426], "val_loss": [0.699995756149292, 0.6663199067115784, 0.6303911209106445, 0.5750659108161926, 0.5031036734580994, 0.4290972948074341, 0.3635827302932739, 0.30887848138809204, 0.2654701769351959, 0.23085922002792358], "val_accuracy": [0.4865134656429291, 0.7717282772064209, 0.8826173543930054, 0.9015983939170837, 0.9295703768730164, 0.949550449848175, 0.9545454382896423, 0.9595404267311096, 0.9600399136543274, 0.9620379209518433]}