{"loss": [2.71834659576416, 0.808157742023468, 0.602435827255249, 0.5160961747169495, 0.47821295261383057, 0.43752777576446533, 0.40086057782173157, 0.3607092797756195, 0.35123351216316223, 0.3065195381641388], "accuracy": [0.9503610134124756, 0.9817854166030884, 0.9844109416007996, 0.9857236742973328, 0.9872005581855774, 0.9881851077079773, 0.9877749085426331, 0.9885953664779663, 0.9867902994155884, 0.988349199295044], "val_loss": [0.5508975386619568, 0.4562419354915619, 0.24690969288349152, 0.27540308237075806, 0.2715681791305542, 0.17351679503917694, 0.19678832590579987, 0.21862880885601044, 0.18363870680332184, 0.17669935524463654], "val_accuracy": [0.9845618009567261, 0.9850597977638245, 0.9905378818511963, 0.9875498414039612, 0.9910358786582947, 0.9910358786582947, 0.9915338754653931, 0.9920319318771362, 0.9915338754653931, 0.9905378818511963]}