{"loss": [0.40660127997398376, 0.29901573061943054, 0.23452335596084595, 0.18549366295337677, 0.15449267625808716, 0.1255263090133667, 0.10710570216178894, 0.09238962084054947, 0.07982180267572403, 0.06340727210044861], "accuracy": [0.9639809727668762, 0.9918772578239441, 0.9930259585380554, 0.9951592087745667, 0.9947489500045776, 0.9939284920692444, 0.9934362173080444, 0.9908927083015442, 0.9896619915962219, 0.9950771331787109], "val_loss": [0.35082870721817017, 0.2613738477230072, 0.2078646421432495, 0.16860331594944, 0.138776034116745, 0.11668810248374939, 0.09672422707080841, 0.08182302117347717, 0.07486338168382645, 0.06480877101421356], "val_accuracy": [0.975597620010376, 0.9945219159126282, 0.9945219159126282, 0.993027925491333, 0.9950199723243713, 0.9910358786582947, 0.9945219159126282, 0.9950199723243713, 0.9935259222984314, 0.9940239191055298]}