{"loss": [35.63337707519531, 16.783748626708984, 9.535381317138672, 5.638381481170654, 2.702415943145752, 1.1127036809921265, 0.49025750160217285, 0.34838345646858215, 0.34168803691864014, 0.3358490765094757], "accuracy": [0.61531001329422, 0.719022810459137, 0.7724667191505432, 0.7938971519470215, 0.8045682907104492, 0.8038627505302429, 0.8330540657043457, 0.868506908416748, 0.8684187531471252, 0.871681809425354], "val_loss": [22.545665740966797, 11.723472595214844, 7.432085037231445, 4.1957597732543945, 1.6748707294464111, 0.7215771079063416, 0.38917863368988037, 0.33354005217552185, 0.3376988172531128, 0.3613992929458618], "val_accuracy": [0.6832432746887207, 0.7718918919563293, 0.792432427406311, 0.801081120967865, 0.8113513588905334, 0.8145946264266968, 0.8481081128120422, 0.8799999952316284, 0.8762162327766418, 0.8691892027854919]}