{"loss": [0.6899286508560181, 0.6685346364974976, 0.6338752508163452, 0.5767515301704407, 0.504329264163971, 0.4281635582447052, 0.35754311084747314, 0.29666388034820557, 0.24604398012161255, 0.20474755764007568], "accuracy": [0.5323331952095032, 0.5323331952095032, 0.545835018157959, 0.7148045897483826, 0.8763521909713745, 0.938334047794342, 0.9636005163192749, 0.9751283526420593, 0.9816029071807861, 0.9846822619438171], "val_loss": [0.6755250096321106, 0.647962749004364, 0.5957461595535278, 0.5226761698722839, 0.44137290120124817, 0.36378809809684753, 0.2970602512359619, 0.24202051758766174, 0.19778302311897278, 0.16283617913722992], "val_accuracy": [0.5366430282592773, 0.5366430282592773, 0.6553191542625427, 0.8855791687965393, 0.9475176930427551, 0.965484619140625, 0.9773049354553223, 0.9825059175491333, 0.9900709390640259, 0.9929077625274658]}