{"loss": [25.693784713745117, 5.764425754547119, 2.7510054111480713, 1.5559380054473877, 1.029920220375061, 0.7784578800201416, 0.6422443985939026, 0.5481759309768677, 0.4693017601966858, 0.40830445289611816], "accuracy": [0.6783722043037415, 0.8565802574157715, 0.9049885272979736, 0.9277978539466858, 0.9437151551246643, 0.9530686140060425, 0.9580735564231873, 0.9575812816619873, 0.9584837555885315, 0.9606170058250427], "val_loss": [7.4176764488220215, 3.037433385848999, 1.5006126165390015, 0.8763861060142517, 0.6131439208984375, 0.463756263256073, 0.5828477144241333, 0.42557239532470703, 0.2875423729419708, 0.35247886180877686], "val_accuracy": [0.8351593613624573, 0.9038844704627991, 0.9277888536453247, 0.9516932368278503, 0.9576693773269653, 0.9656375050544739, 0.9561753273010254, 0.960159420967102, 0.9691235423088074, 0.9616534113883972]}