{"loss": [0.7140417695045471, 0.6831974387168884, 0.6665369868278503, 0.6387186646461487, 0.593451976776123, 0.5345329642295837, 0.4708375334739685, 0.40981078147888184, 0.35547253489494324, 0.30910587310791016], "accuracy": [0.518336296081543, 0.5184131860733032, 0.6302760243415833, 0.8611517548561096, 0.9230414628982544, 0.9452602863311768, 0.95018070936203, 0.9559468626976013, 0.9577919840812683, 0.9590989947319031], "val_loss": [0.6892893314361572, 0.6738091111183167, 0.6528599858283997, 0.61546790599823, 0.5608425140380859, 0.49730655550956726, 0.4331505000591278, 0.3751402497291565, 0.3252064287662506, 0.2833229601383209], "val_accuracy": [0.5247341990470886, 0.5261211395263672, 0.7688395977020264, 0.8890430331230164, 0.9292649626731873, 0.9343504905700684, 0.9482200741767883, 0.9500693678855896, 0.9523809552192688, 0.9537679553031921]}