{"accuracy": [0.72, 0.89, 0.84, 0.85, 0.87, 0.86, 0.86, 0.87, 0.86, 0.87], "val_accuracy": [0.848, 0.899, 0.891, 0.895, 0.884, 0.914, 0.893, 0.896, 0.889, 0.896], "loss": [77.876, 44.199999999999996, 39.348, 37.83199999999999, 36.708000000000006, 36.41999999999999, 37.616, 37.248, 37.843999999999994, 37.05999999999999], "val_loss": [509.43600000000043, 405.0880000000002, 394.04800000000097, 374.1440000000003, 380.06400000000036, 369.2360000000006, 374.3960000000008, 384.1440000000012, 381.6280000000007, 375.78400000000045]}