{"accuracy": [0.79, 0.91, 0.93, 0.91, 0.93, 0.92, 0.92, 0.92, 0.93, 0.93], "val_accuracy": [0.934, 0.938, 0.941, 0.942, 0.946, 0.944, 0.944, 0.942, 0.948, 0.943], "loss": [59.635999999999996, 36.36, 34.391999999999996, 33.516000000000005, 33.364000000000004, 33.07999999999999, 34.12000000000002, 33.176000000000016, 32.964, 32.780000000000015], "val_loss": [323.6640000000008, 290.0680000000004, 281.81600000000014, 280.00000000000034, 288.21200000000016, 279.80800000000033, 285.1040000000002, 281.99600000000027, 276.7840000000007, 278.0160000000003]}