{"accuracy": [0.54, 0.55, 0.67, 0.7, 0.7, 0.66, 0.7, 0.75, 0.75, 0.76], "val_accuracy": [0.529, 0.537, 0.523, 0.549, 0.574, 0.632, 0.669, 0.7, 0.692, 0.689], "loss": [115.90000000000002, 95.46799999999998, 85.38799999999999, 82.40800000000002, 79.26400000000001, 77.072, 72.33999999999999, 67.92399999999999, 65.29200000000004, 63.67199999999999], "val_loss": [1077.1080000000009, 1016.3759999999993, 1025.0119999999988, 983.9519999999993, 960.0559999999992, 865.3679999999998, 827.8439999999991, 769.3399999999999, 765.7719999999995, 771.0879999999999]}