{"loss": [0.6834293007850647, 0.6120639443397522, 0.5063880085945129, 0.4112030565738678, 0.33785104751586914, 0.2837402820587158, 0.24417032301425934, 0.2150600552558899, 0.19344523549079895, 0.177284836769104], "accuracy": [0.719552218914032, 0.9263530373573303, 0.937379002571106, 0.945122480392456, 0.949499249458313, 0.9521084427833557, 0.9521926045417786, 0.9534550905227661, 0.9541284441947937, 0.9541284441947937], "val_loss": [0.6579961180686951, 0.5610529184341431, 0.45771515369415283, 0.37320488691329956, 0.3096425533294678, 0.26278024911880493, 0.22815264761447906, 0.2024075835943222, 0.18308770656585693, 0.1687563806772232], "val_accuracy": [0.9224652647972107, 0.943340003490448, 0.9463221430778503, 0.9512923359870911, 0.9532803893089294, 0.9542744159698486, 0.9557654857635498, 0.957256555557251, 0.9577535390853882, 0.9577535390853882]}