{"loss": [9.946160316467285, 3.4018967151641846, 2.2063047885894775, 1.6443426609039307, 1.2841534614562988, 1.032619833946228, 0.8464683294296265, 0.7061355710029602, 0.5914683938026428, 0.5063056945800781], "accuracy": [0.8774204254150391, 0.9363308548927307, 0.9537249803543091, 0.9620938897132874, 0.9672629237174988, 0.9714473485946655, 0.9730883240699768, 0.9751394987106323, 0.976616382598877, 0.9780111908912659], "val_loss": [3.400094985961914, 2.1099393367767334, 1.5972959995269775, 1.218579888343811, 1.0140811204910278, 0.8751978874206543, 0.7121648192405701, 0.5901718735694885, 0.5259018540382385, 0.46835920214653015], "val_accuracy": [0.9362549781799316, 0.9546812772750854, 0.962649405002594, 0.968625545501709, 0.9750996232032776, 0.9760956764221191, 0.9775896668434143, 0.980079710483551, 0.981573760509491, 0.9790837168693542]}