{"loss": [0.6890220642089844, 0.6581645607948303, 0.6132110357284546, 0.5479744672775269, 0.4714411497116089, 0.39657777547836304, 0.33105847239494324, 0.2766222059726715, 0.2324613779783249, 0.19681726396083832], "accuracy": [0.5163753032684326, 0.6642042398452759, 0.9263728260993958, 0.9702044129371643, 0.9778379797935486, 0.9798900485038757, 0.9806287884712219, 0.9821062684059143, 0.9839120507240295, 0.9842403531074524], "val_loss": [0.6724359393119812, 0.6367470622062683, 0.5803396701812744, 0.5060992240905762, 0.42816799879074097, 0.3571540415287018, 0.298565149307251, 0.25160157680511475, 0.2126573920249939, 0.1823706030845642], "val_accuracy": [0.5196374654769897, 0.8479355573654175, 0.9662638306617737, 0.9768378734588623, 0.9803625345230103, 0.981873095035553, 0.9843907356262207, 0.9853977560997009, 0.9853977560997009, 0.9853977560997009]}