{"loss": [0.7818586230278015, 0.3021453320980072, 0.2590866684913635, 0.22531025111675262, 0.18434709310531616, 0.14634819328784943, 0.11770930886268616, 0.09597039967775345, 0.08248536288738251, 0.07447656244039536], "accuracy": [0.8053877949714661, 0.9045613408088684, 0.9176732301712036, 0.9340432286262512, 0.9527971744537354, 0.9673394560813904, 0.976875364780426, 0.9820406436920166, 0.983709454536438, 0.9848219752311707], "val_loss": [0.32173046469688416, 0.26018887758255005, 0.22540511190891266, 0.1910213828086853, 0.15238086879253387, 0.11049991846084595, 0.08758620917797089, 0.08241134881973267, 0.05878915265202522, 0.06341376155614853], "val_accuracy": [0.8993859887123108, 0.916391134262085, 0.9286726713180542, 0.9452055096626282, 0.9622107148170471, 0.9782711863517761, 0.9825224876403809, 0.9820501208305359, 0.9877185225486755, 0.9877185225486755]}