{"accuracy": [0.74, 0.85, 0.87, 0.89, 0.95, 0.95, 0.95, 0.97, 0.96, 0.98], "val_accuracy": [0.815, 0.826, 0.858, 0.938, 0.961, 0.973, 0.982, 0.986, 0.983, 0.988], "loss": [70.512, 48.032000000000004, 41.879999999999995, 34.45600000000002, 28.776000000000007, 27.215999999999994, 25.224000000000007, 24.476, 24.6, 23.04399999999999], "val_loss": [500.53600000000023, 490.43200000000064, 413.904, 332.9520000000009, 309.8440000000008, 293.68400000000025, 274.4119999999998, 272.89200000000045, 254.7319999999999, 243.6920000000003]}