{"loss": [0.5674223303794861, 0.5219829678535461, 0.48592597246170044, 0.45534998178482056, 0.4287065267562866, 0.40534543991088867, 0.3846774995326996, 0.36614254117012024, 0.3493548035621643, 0.33407700061798096], "accuracy": [0.571669340133667, 0.7046431303024292, 0.834920346736908, 0.8998904824256897, 0.936883807182312, 0.9539900422096252, 0.9618269205093384, 0.9668829441070557, 0.9686525464057922, 0.9695795178413391], "val_loss": [0.5274197459220886, 0.4882988929748535, 0.4555441439151764, 0.4272313714027405, 0.4024183452129364, 0.3805326521396637, 0.3611859679222107, 0.3436773717403412, 0.3278910517692566, 0.31333795189857483], "val_accuracy": [0.6685308218002319, 0.8296899199485779, 0.898830771446228, 0.9323844313621521, 0.947636067867279, 0.9542450904846191, 0.9588205814361572, 0.962887704372406, 0.9644128680229187, 0.9649212956428528]}