{"loss": [5.188898086547852, 0.7540013194084167, 0.5034567713737488, 0.37579968571662903, 0.30740585923194885, 0.2747841775417328, 0.22805967926979065, 0.21952976286411285, 0.1698085218667984, 0.14553292095661163], "accuracy": [0.9282928109169006, 0.9769275784492493, 0.9813262820243835, 0.9843140840530396, 0.9861399531364441, 0.9869698882102966, 0.9885467886924744, 0.9886297583580017, 0.9903726577758789, 0.9904556274414062], "val_loss": [0.6114755868911743, 0.5732648968696594, 0.5588690638542175, 0.3885901868343353, 0.3514051139354706, 0.3310154378414154, 0.4901524782180786, 0.3241959512233734, 0.3081017732620239, 0.26524901390075684], "val_accuracy": [0.9791667461395264, 0.9776423573493958, 0.9786586165428162, 0.9817073941230774, 0.983231782913208, 0.9872968196868896, 0.9801830053329468, 0.9867886900901794, 0.9847561717033386, 0.9872968196868896]}