{"accuracy": [0.79, 0.98, 0.98, 0.99, 0.99, 0.99, 0.99, 0.99, 0.99, 0.99], "val_accuracy": [0.921, 0.944, 0.965, 0.967, 0.963, 0.972, 0.971, 0.969, 0.969, 0.971], "loss": [66.32800000000005, 25.176000000000005, 20.755999999999997, 18.712000000000003, 18.952, 18.187999999999988, 18.720000000000006, 16.716, 17.85600000000001, 17.996], "val_loss": [320.1600000000009, 247.48000000000027, 227.42800000000028, 219.63600000000028, 227.6319999999999, 231.53200000000024, 233.1840000000003, 236.21199999999976, 220.55600000000018, 210.31600000000017]}