{"loss": [0.5251228213310242, 0.38738298416137695, 0.3191763460636139, 0.26953062415122986, 0.23421546816825867, 0.2068808674812317, 0.1862505078315735, 0.17278450727462769, 0.159952774643898, 0.14838111400604248], "accuracy": [0.8870874643325806, 0.9480519890785217, 0.9500372409820557, 0.9526842832565308, 0.954255998134613, 0.9551658630371094, 0.9567375779151917, 0.9603772163391113, 0.9568203091621399, 0.9653404355049133], "val_loss": [0.42671698331832886, 0.3387070894241333, 0.2752532958984375, 0.24860067665576935, 0.19710668921470642, 0.1856919825077057, 0.1719500720500946, 0.14854614436626434, 0.14099736511707306, 0.1359015554189682], "val_accuracy": [0.949559211730957, 0.9544563889503479, 0.9642506837844849, 0.9588638544082642, 0.973555326461792, 0.9559255242347717, 0.960332989692688, 0.9681684374809265, 0.9666993021965027, 0.9686581492424011]}