{"loss": [40.23794937133789, 19.081777572631836, 3.3484201431274414, 0.4727414548397064, 0.4730600118637085, 0.4727340042591095, 0.473948210477829, 0.473235160112381, 0.47243115305900574, 0.4761736989021301], "accuracy": [0.37403035163879395, 0.4359132647514343, 0.6001410484313965, 0.7666608095169067, 0.7689527869224548, 0.7678067684173584, 0.7689527869224548, 0.768423855304718, 0.7669252753257751, 0.7699224352836609], "val_loss": [29.37959098815918, 10.44301700592041, 0.4383080303668976, 0.436924546957016, 0.44123953580856323, 0.4409826993942261, 0.44328075647354126, 0.4405878782272339, 0.4583801031112671, 0.4578436315059662], "val_accuracy": [0.46581199765205383, 0.4850427508354187, 0.7905983328819275, 0.7900641560554504, 0.7841880917549133, 0.7927350997924805, 0.7836538553237915, 0.7895299792289734, 0.7831196784973145, 0.7788462042808533]}