{"loss": [32.52312088012695, 6.667576789855957, 1.6623094081878662, 0.8044310808181763, 0.647776186466217, 0.595716655254364, 0.5766913890838623, 0.5655743479728699, 0.5576299428939819, 0.5520182251930237], "accuracy": [0.5227100253105164, 0.4316170811653137, 0.4450998604297638, 0.5344231724739075, 0.5709109306335449, 0.577989399433136, 0.5783264636993408, 0.5790848731994629, 0.6876211166381836, 0.7466925382614136], "val_loss": [14.42854118347168, 3.302408456802368, 1.0397474765777588, 0.6813652515411377, 0.6012033820152283, 0.5616730451583862, 0.544935941696167, 0.5344063639640808, 0.5248881578445435, 0.5216242671012878], "val_accuracy": [0.49822068214416504, 0.32028472423553467, 0.5160142779350281, 0.5439756512641907, 0.5821047425270081, 0.5861718654632568, 0.5856634974479675, 0.5841383337974548, 0.7849517464637756, 0.7600407004356384]}