{"loss": [0.7627438902854919, 0.6928091645240784, 0.6716445088386536, 0.653620719909668, 0.6302770376205444, 0.5997887253761292, 0.561419665813446, 0.5139428973197937, 0.458750456571579, 0.40146034955978394], "accuracy": [0.48596981167793274, 0.4915490746498108, 0.7267804741859436, 0.9285362958908081, 0.9506892561912537, 0.9670167565345764, 0.9778470993041992, 0.9769445657730103, 0.9756317734718323, 0.97440105676651], "val_loss": [0.7110947966575623, 0.6805989742279053, 0.6637198328971863, 0.6427969932556152, 0.6151255369186401, 0.5798532962799072, 0.5357247591018677, 0.4825654923915863, 0.42333418130874634, 0.36608028411865234], "val_accuracy": [0.48804783821105957, 0.5866534113883972, 0.9213147759437561, 0.9596613645553589, 0.9810757040977478, 0.9840637445449829, 0.9825697541236877, 0.980079710483551, 0.9780876636505127, 0.9760956764221191]}