{"loss": [0.7408028841018677, 0.6413400769233704, 0.5593817830085754, 0.49165502190589905, 0.4357864558696747, 0.3892679512500763, 0.35019174218177795, 0.3171505033969879, 0.28888577222824097, 0.2645220458507538], "accuracy": [0.476954847574234, 0.8185791373252869, 0.9883184432983398, 0.9880006313323975, 0.9872059226036072, 0.9867291450500488, 0.9866496920585632, 0.9862523674964905, 0.9864112734794617, 0.9860139489173889], "val_loss": [0.6851368546485901, 0.5961860418319702, 0.5224159955978394, 0.46177566051483154, 0.4113818407058716, 0.36913225054740906, 0.33353790640830994, 0.3032175302505493, 0.2771695554256439, 0.2544870674610138], "val_accuracy": [0.5380255579948425, 0.9900803565979004, 0.9900803565979004, 0.9891356229782104, 0.9891356229782104, 0.9886632561683655, 0.9886632561683655, 0.9886632561683655, 0.9886632561683655, 0.9886632561683655]}