{"loss": [30.18115234375, 3.6623165607452393, 1.5235782861709595, 1.1100856065750122, 0.9074150323867798, 0.7756747603416443, 0.6627852320671082, 0.5721654891967773, 0.4813905358314514, 0.39728009700775146], "accuracy": [0.5740622878074646, 0.8140495419502258, 0.8403528332710266, 0.8472663760185242, 0.8490145802497864, 0.8479815125465393, 0.8443260788917542, 0.837333083152771, 0.8287507891654968, 0.8179433941841125], "val_loss": [7.454123020172119, 2.1156485080718994, 1.145081639289856, 0.872454822063446, 0.7183504104614258, 0.5987218618392944, 0.5227782726287842, 0.47078126668930054, 0.3853229284286499, 0.3672722280025482], "val_accuracy": [0.7964100241661072, 0.8360888361930847, 0.8497874736785889, 0.8568729758262634, 0.8582900762557983, 0.8545111417770386, 0.8530940413475037, 0.8441190719604492, 0.8389230370521545, 0.8294757008552551]}