{"accuracy": [0.46, 0.63, 0.79, 0.89, 0.91], "val_accuracy": [0.428, 0.822, 0.876, 0.91, 0.93], "loss": [67.19647131599199, 31.708732100188474, 22.792645607472167, 18.548928159041456, 15.522123979936772], "val_loss": [177.30759559113716, 120.11553390478548, 93.46991793599217, 72.31179152309217, 60.0365537452043]}