{"accuracy": [0.86, 0.9, 0.95, 0.96, 0.96, 0.96, 0.97, 0.96, 0.96, 0.96], "val_accuracy": [0.808, 0.863, 0.93, 0.938, 0.931, 0.937, 0.929, 0.932, 0.94, 0.937], "loss": [56.13600000000001, 35.548000000000016, 22.699999999999992, 19.223999999999997, 19.36800000000001, 19.072000000000003, 18.279999999999998, 19.21200000000001, 19.456, 19.344000000000005], "val_loss": [594.0759999999997, 423.30800000000073, 272.54400000000055, 265.8240000000001, 288.81600000000043, 268.3880000000002, 279.2800000000005, 264.0080000000001, 259.8440000000001, 258.73600000000016]}