{"loss": [477.3448181152344, 220.4395751953125, 16.469343185424805, 0.07070363312959671, 0.07065214961767197, 0.0705525130033493, 0.07048789411783218, 0.07041206955909729, 0.07031747698783875, 0.07028739154338837], "accuracy": [0.027637148275971413, 0.02755415439605713, 0.6336625218391418, 0.9726948142051697, 0.9728608131408691, 0.9730268120765686, 0.9730268120765686, 0.9729438424110413, 0.9730268120765686, 0.9729438424110413], "val_loss": [363.939697265625, 95.5866470336914, 0.060161687433719635, 0.06004885584115982, 0.05999068543314934, 0.05994229391217232, 0.059912122786045074, 0.05990702658891678, 0.05979524552822113, 0.05984479561448097], "val_accuracy": [0.024390246719121933, 0.024390246719121933, 0.9756098389625549, 0.9761179685592651, 0.9756098389625549, 0.9756098389625549, 0.9761179685592651, 0.9761179685592651, 0.9761179685592651, 0.9761179685592651]}