{"loss": [3.397386074066162, 0.7781313061714172, 0.5462280511856079, 0.4434860646724701, 0.3794440031051636, 0.33833494782447815, 0.3137091398239136, 0.28787267208099365, 0.25996148586273193, 0.23656423389911652], "accuracy": [0.9429700374603271, 0.9829384088516235, 0.98720383644104, 0.9892575740814209, 0.9895735383033752, 0.989968478679657, 0.991311252117157, 0.9916272163391113, 0.9917852282524109, 0.9915482401847839], "val_loss": [0.8217871785163879, 0.48980265855789185, 0.32958585023880005, 0.3076760768890381, 0.2937222421169281, 0.29450634121894836, 0.3120427429676056, 0.28995391726493835, 0.2806827425956726, 0.284865140914917], "val_accuracy": [0.9823220372200012, 0.991399884223938, 0.9909221529960632, 0.9928332567214966, 0.9928332567214966, 0.9928332567214966, 0.992355465888977, 0.9918776750564575, 0.991399884223938, 0.9928332567214966]}