{"loss": [0.624816358089447, 0.5532954335212708, 0.49749529361724854, 0.4529297351837158, 0.41681089997291565, 0.3869529366493225, 0.3616892993450165, 0.34006261825561523, 0.32139915227890015, 0.30511611700057983], "accuracy": [0.6299600601196289, 0.7814598083496094, 0.8483303785324097, 0.8807035684585571, 0.8971875309944153, 0.9061093330383301, 0.9163056015968323, 0.9211488366127014, 0.9270966649055481, 0.9315150380134583], "val_loss": [0.5733869671821594, 0.5078698992729187, 0.45651039481163025, 0.4154026210308075, 0.3819219768047333, 0.3546043634414673, 0.33120131492614746, 0.3114943504333496, 0.29394814372062683, 0.2790210247039795], "val_accuracy": [0.7851967215538025, 0.8773292303085327, 0.9037266969680786, 0.9156314730644226, 0.9239130616188049, 0.9301242232322693, 0.9347826242446899, 0.9358178377151489, 0.9378882050514221, 0.9394410252571106]}