{"loss": [0.35228103399276733, 0.2532254457473755, 0.19595105946063995, 0.15466029942035675, 0.12635672092437744, 0.10891102999448776, 0.09322991222143173, 0.09224765747785568, 0.0752612054347992, 0.0697844997048378], "accuracy": [0.9443338513374329, 0.9724573493003845, 0.9757757186889648, 0.9840717315673828, 0.9880537986755371, 0.9869753122329712, 0.9869753122329712, 0.9698026180267334, 0.9867264628410339, 0.9862287044525146], "val_loss": [0.27258074283599854, 0.21031221747398376, 0.15733614563941956, 0.1295863538980484, 0.10969235748052597, 0.0928914025425911, 0.07589162141084671, 0.10612224042415619, 0.05930137634277344, 0.05263620615005493], "val_accuracy": [0.9839195609092712, 0.9844220876693726, 0.9949748516082764, 0.9949748516082764, 0.9859296083450317, 0.9894472360610962, 0.9929648041725159, 0.9452261328697205, 0.9939698576927185, 0.990452229976654]}