{"loss": [0.5713480710983276, 0.2773212790489197, 0.1629449427127838, 0.11921685934066772, 0.09806759655475616, 0.08613911271095276, 0.07865488529205322, 0.07323268800973892, 0.06967471539974213, 0.06666513532400131], "accuracy": [0.7079820036888123, 0.9351508617401123, 0.9634386301040649, 0.9762035608291626, 0.9797493815422058, 0.9835315942764282, 0.9847923517227173, 0.9853439331054688, 0.9863682389259338, 0.986604630947113], "val_loss": [0.3857221305370331, 0.19366148114204407, 0.12433074414730072, 0.09297137707471848, 0.07691856473684311, 0.06646104156970978, 0.06028538942337036, 0.055582620203495026, 0.052411939948797226, 0.050079237669706345], "val_accuracy": [0.9085820913314819, 0.9594216346740723, 0.9743469953536987, 0.9841417670249939, 0.9897387623786926, 0.9892723560333252, 0.9888059496879578, 0.9888059496879578, 0.9892723560333252, 0.9892723560333252]}