{"loss": [0.6156682968139648, 0.5095354318618774, 0.4355102777481079, 0.3812420964241028, 0.3396211564540863, 0.30658993124961853, 0.279762864112854, 0.2574523985385895, 0.23865045607089996, 0.2225109189748764], "accuracy": [0.6901741027832031, 0.8547789454460144, 0.9010322093963623, 0.920494794845581, 0.9350720643997192, 0.949097752571106, 0.9539831280708313, 0.9591048359870911, 0.9654085040092468, 0.9695059061050415], "val_loss": [0.5572378635406494, 0.4698289930820465, 0.4065859019756317, 0.3586767613887787, 0.3210316002368927, 0.29074734449386597, 0.26550790667533875, 0.244309663772583, 0.22631584107875824, 0.21066194772720337], "val_accuracy": [0.8022387623786926, 0.8810634016990662, 0.9095149040222168, 0.9370335340499878, 0.954291045665741, 0.954291045665741, 0.9626865386962891, 0.9668843150138855, 0.9692164063453674, 0.9724813103675842]}