{"loss": [17.68292236328125, 0.7214910387992859, 0.42151668667793274, 0.3444401025772095, 0.3167952299118042, 0.29798370599746704, 0.28626930713653564, 0.26775872707366943, 0.24910029768943787, 0.23205885291099548], "accuracy": [0.6920723915100098, 0.8841023445129395, 0.8978673219680786, 0.9020307660102844, 0.9044948816299438, 0.9076387286186218, 0.9096779823303223, 0.9149460792541504, 0.9208089113235474, 0.9314300417900085], "val_loss": [1.2190680503845215, 0.49790099263191223, 0.3789645731449127, 0.31470873951911926, 0.2685195505619049, 0.27645570039749146, 0.2661149203777313, 0.2264733910560608, 0.21307416260242462, 0.1945461928844452], "val_accuracy": [0.8773292303085327, 0.9073498845100403, 0.910973072052002, 0.9166666865348816, 0.9192546606063843, 0.9177019000053406, 0.9239130616188049, 0.9311594367027283, 0.9368529915809631, 0.9451345801353455]}