{"loss": [0.7027043700218201, 0.6912418007850647, 0.6889980435371399, 0.6835775971412659, 0.6694048643112183, 0.6366403698921204, 0.5829426646232605, 0.5200355648994446, 0.45990926027297974, 0.4072771668434143], "accuracy": [0.4636220633983612, 0.5308661460876465, 0.5308661460876465, 0.5309448838233948, 0.6582677364349365, 0.8023622035980225, 0.8630709052085876, 0.9011023640632629, 0.9107874035835266, 0.9180315136909485], "val_loss": [0.6933254599571228, 0.6911974549293518, 0.6877862215042114, 0.6788103580474854, 0.6561775207519531, 0.6101882457733154, 0.5477299094200134, 0.48321864008903503, 0.42515653371810913, 0.37654921412467957], "val_accuracy": [0.5237656235694885, 0.5237656235694885, 0.5237656235694885, 0.5260729193687439, 0.765113115310669, 0.8255653381347656, 0.894785463809967, 0.8994001150131226, 0.9178588390350342, 0.9252423048019409]}