{"loss": [0.7078323364257812, 0.6769561767578125, 0.6623822450637817, 0.6443454027175903, 0.6211804747581482, 0.5929853320121765, 0.560569167137146, 0.5253456830978394, 0.48919618129730225, 0.45292022824287415], "accuracy": [0.53611159324646, 0.53611159324646, 0.53611159324646, 0.5433852672576904, 0.5719664692878723, 0.6957898139953613, 0.8385246992111206, 0.9084374308586121, 0.941040575504303, 0.9527639746665955], "val_loss": [0.6860776543617249, 0.6695354580879211, 0.6525914072990417, 0.6309589147567749, 0.6037927269935608, 0.5720127820968628, 0.5365025401115417, 0.4997917115688324, 0.46246588230133057, 0.4263075590133667], "val_accuracy": [0.5354167222976685, 0.5354167222976685, 0.5375000238418579, 0.5479167103767395, 0.6567708849906921, 0.8416666984558105, 0.9036458730697632, 0.9427083730697632, 0.9552083611488342, 0.95989590883255]}