{"loss": [0.7631974816322327, 0.6816697120666504, 0.6595178842544556, 0.6404427886009216, 0.6149967908859253, 0.5818132758140564, 0.542066752910614, 0.49810707569122314, 0.45283034443855286, 0.4089023172855377], "accuracy": [0.5003779530525208, 0.5003779530525208, 0.5875535607337952, 0.7427563667297363, 0.8061644434928894, 0.8643655180931091, 0.9011505842208862, 0.9254220128059387, 0.9433106780052185, 0.9496094584465027], "val_loss": [0.6999559998512268, 0.6676870584487915, 0.6499662399291992, 0.6273196339607239, 0.5968290567398071, 0.5586146712303162, 0.5149400234222412, 0.46881556510925293, 0.421357125043869, 0.37922966480255127], "val_accuracy": [0.5056345462799072, 0.5169035196304321, 0.7217050790786743, 0.8177364468574524, 0.8799608945846558, 0.9167075753211975, 0.9461049437522888, 0.9627634286880493, 0.9642332792282104, 0.9686428904533386]}