{"loss": [0.7075347304344177, 0.6772636771202087, 0.6622403264045715, 0.6388627886772156, 0.6064241528511047, 0.5680735111236572, 0.5269568562507629, 0.4849262833595276, 0.44299009442329407, 0.401294469833374], "accuracy": [0.4882652759552002, 0.6284139156341553, 0.7724881172180176, 0.8202622532844543, 0.8749686479568481, 0.917481005191803, 0.9416186213493347, 0.9583228826522827, 0.9632506370544434, 0.9669255614280701], "val_loss": [0.6830899119377136, 0.6697096824645996, 0.6504625678062439, 0.6207274198532104, 0.583189845085144, 0.5416165590286255, 0.4985879361629486, 0.45536699891090393, 0.41254153847694397, 0.3707764148712158], "val_accuracy": [0.5065261721611023, 0.7404618859291077, 0.8333333730697632, 0.8579317927360535, 0.9116466641426086, 0.9412651062011719, 0.9618474841117859, 0.9628514647483826, 0.9698795676231384, 0.9748996496200562]}