{"loss": [9.003351211547852, 1.314730167388916, 0.8799663782119751, 0.6684743762016296, 0.5347378849983215, 0.524892270565033, 0.4094735085964203, 0.3398370146751404, 0.32448819279670715, 0.3074265718460083], "accuracy": [0.8944310545921326, 0.9752676486968994, 0.9822391867637634, 0.9853929877281189, 0.9871358871459961, 0.9871358871459961, 0.9884637594223022, 0.99004065990448, 0.9881318211555481, 0.9895427227020264], "val_loss": [1.333279013633728, 0.9576282501220703, 0.6831090450286865, 0.5856860280036926, 0.5408434867858887, 0.542579174041748, 0.4135141372680664, 0.39586248993873596, 0.37016603350639343, 0.2961995601654053], "val_accuracy": [0.9710366725921631, 0.9766260981559753, 0.9847561717033386, 0.9872968196868896, 0.9883130788803101, 0.9883130788803101, 0.9898374676704407, 0.9903455972671509, 0.9893293380737305, 0.9883130788803101]}