{"loss": [26.51711654663086, 0.7633245587348938, 0.3914627432823181, 0.3092591166496277, 0.25560858845710754, 0.20855535566806793, 0.18416787683963776, 0.16142399609088898, 0.13949823379516602, 0.11971161514520645], "accuracy": [0.6562918424606323, 0.9716334342956543, 0.9830588102340698, 0.9858166575431824, 0.9859742522239685, 0.9878653883934021, 0.9881017804145813, 0.9892048835754395, 0.9891261458396912, 0.9896776676177979], "val_loss": [1.3585342168807983, 0.4498576521873474, 0.3105141818523407, 0.272215873003006, 0.24331390857696533, 0.19435977935791016, 0.16829028725624084, 0.1473695933818817, 0.1334909051656723, 0.10912714153528214], "val_accuracy": [0.954291045665741, 0.983208954334259, 0.9878731369972229, 0.9883395433425903, 0.9897387623786926, 0.9892723560333252, 0.9906716346740723, 0.9902052283287048, 0.9897387623786926, 0.9911380410194397]}