{"loss": [0.6930038928985596, 0.6734166741371155, 0.6516416072845459, 0.6127811074256897, 0.5558914542198181, 0.49093377590179443, 0.42821723222732544, 0.37291985750198364, 0.32635295391082764, 0.28798940777778625], "accuracy": [0.5308661460876465, 0.5387401580810547, 0.6419684886932373, 0.8114960789680481, 0.8837007880210876, 0.9066929221153259, 0.9222047328948975, 0.9296850562095642, 0.9351181387901306, 0.9410236477851868], "val_loss": [0.6779247522354126, 0.6602973937988281, 0.6285320520401001, 0.576040506362915, 0.51091468334198, 0.4441550374031067, 0.38528937101364136, 0.33614930510520935, 0.29558098316192627, 0.2630622684955597], "val_accuracy": [0.5237656235694885, 0.5856022238731384, 0.7720351219177246, 0.8712506294250488, 0.8952469229698181, 0.9137056469917297, 0.9201661348342896, 0.9293954968452454, 0.9344716668128967, 0.9390863180160522]}