{"loss": [324.3099670410156, 109.91719818115234, 6.887831687927246, 0.6522255539894104, 0.40838950872421265, 0.3565100133419037, 0.3291170299053192, 0.3014099895954132, 0.26805388927459717, 0.22963228821754456], "accuracy": [0.2653581500053406, 0.4550939202308655, 0.8434022068977356, 0.964652955532074, 0.9745093584060669, 0.9757838845252991, 0.9751041531562805, 0.9754440188407898, 0.9746792912483215, 0.9743394255638123], "val_loss": [185.5945587158203, 27.662595748901367, 0.9658819437026978, 0.4452574551105499, 0.4026474356651306, 0.3956165015697479, 0.37126708030700684, 0.30989113450050354, 0.26368364691734314, 0.24494975805282593], "val_accuracy": [0.3664596378803253, 0.6449275612831116, 0.9549689888954163, 0.9715321063995361, 0.9761905074119568, 0.9736024737358093, 0.9741200804710388, 0.9756729006767273, 0.9767081141471863, 0.9756729006767273]}