{"loss": [12.780962944030762, 1.5370720624923706, 0.8150101900100708, 0.5834240913391113, 0.4452905058860779, 0.35925886034965515, 0.30068644881248474, 0.25017011165618896, 0.21493437886238098, 0.17986367642879486], "accuracy": [0.87685626745224, 0.9667456746101379, 0.9810426831245422, 0.9853870868682861, 0.9881517291069031, 0.9891785383224487, 0.9889416098594666, 0.989020586013794, 0.9902054071426392, 0.9902843832969666], "val_loss": [1.9609955549240112, 0.9348154664039612, 0.6375537514686584, 0.5098551511764526, 0.4245786666870117, 0.3732016384601593, 0.3216422498226166, 0.27614060044288635, 0.23907940089702606, 0.2107781320810318], "val_accuracy": [0.9593884348869324, 0.9780219793319702, 0.9837554097175598, 0.988055408000946, 0.9894887804985046, 0.9894887804985046, 0.9899665713310242, 0.9904443621635437, 0.9899665713310242, 0.9894887804985046]}