{"accuracy": [0.55, 0.8, 0.84, 0.87, 0.89, 0.93, 0.94, 0.96, 0.96, 0.95], "val_accuracy": [0.752, 0.821, 0.837, 0.843, 0.823, 0.85, 0.885, 0.917, 0.915, 0.947], "loss": [100.60000000000001, 63.612, 55.383999999999986, 52.86000000000003, 44.952, 41.17199999999999, 38.58000000000002, 35.79600000000001, 33.87200000000001, 35.16400000000001], "val_loss": [671.559999999999, 639.5439999999983, 637.0439999999999, 567.7760000000004, 557.6919999999998, 512.6320000000005, 486.9600000000003, 448.6720000000003, 446.54000000000025, 397.5560000000007]}