{"loss": [0.6950176358222961, 0.6826657056808472, 0.6685530543327332, 0.6492231488227844, 0.6223241090774536, 0.5874165296554565, 0.5465868711471558, 0.5026196241378784, 0.45898425579071045, 0.41813287138938904], "accuracy": [0.5219154953956604, 0.523591160774231, 0.589381754398346, 0.7599435448646545, 0.860040545463562, 0.8997266292572021, 0.9141899347305298, 0.9216862320899963, 0.9245965480804443, 0.925478458404541], "val_loss": [0.6885982751846313, 0.6731691360473633, 0.6535500288009644, 0.6262179017066956, 0.5897066593170166, 0.5456970930099487, 0.49805593490600586, 0.4500994384288788, 0.40543487668037415, 0.3669698238372803], "val_accuracy": [0.5178378224372864, 0.5356757044792175, 0.7589189410209656, 0.8767567873001099, 0.9194594621658325, 0.9254054427146912, 0.9254054427146912, 0.9264864921569824, 0.9259459972381592, 0.9243243336677551]}