{"loss": [0.5138779878616333, 0.44565266370773315, 0.4078635573387146, 0.37485969066619873, 0.345907598733902, 0.3206811249256134, 0.29854467511177063, 0.2789830267429352, 0.2616127133369446, 0.24616698920726776], "accuracy": [0.7205371856689453, 0.8874408006668091, 0.9411532878875732, 0.955292284488678, 0.9613744616508484, 0.9667456746101379, 0.9675356149673462, 0.972511887550354, 0.9738547205924988, 0.976619303226471], "val_loss": [0.4664095938205719, 0.42002955079078674, 0.383586049079895, 0.3517763614654541, 0.3239901661872864, 0.29983773827552795, 0.27782702445983887, 0.25895553827285767, 0.24180182814598083, 0.2269275188446045], "val_accuracy": [0.8131868243217468, 0.9350215196609497, 0.9512661099433899, 0.95652174949646, 0.9589106440544128, 0.9627329111099243, 0.9718108177185059, 0.9741997122764587, 0.9794553518295288, 0.9804108738899231]}