{"loss": [0.8626614212989807, 0.722082793712616, 0.6191807985305786, 0.5385564565658569, 0.47484827041625977, 0.4235983192920685, 0.3816239535808563, 0.34675133228302, 0.3171921372413635, 0.29185283184051514], "accuracy": [0.256754606962204, 0.27336299419403076, 0.8725365400314331, 0.9202955961227417, 0.9327717423439026, 0.9442943334579468, 0.9577240943908691, 0.9635250568389893, 0.9710743427276611, 0.9729020595550537], "val_loss": [0.7829062938690186, 0.6671727895736694, 0.5769568681716919, 0.5059399604797363, 0.4490779936313629, 0.402711421251297, 0.3644065856933594, 0.3321574926376343, 0.30461472272872925, 0.2806435227394104], "val_accuracy": [0.1587151736021042, 0.7968823909759521, 0.9031649231910706, 0.9206424355506897, 0.9428436756134033, 0.9570146799087524, 0.9626830816268921, 0.9707133173942566, 0.9716580510139465, 0.9777988195419312]}