{"loss": [0.6611353158950806, 0.607934832572937, 0.5382083654403687, 0.4558422565460205, 0.3843793272972107, 0.33103877305984497, 0.2928445637226105, 0.2653637230396271, 0.24563643336296082, 0.23136188089847565], "accuracy": [0.5396503806114197, 0.8166540265083313, 0.8793176412582397, 0.8995862007141113, 0.9108183979988098, 0.9203615188598633, 0.9242463111877441, 0.9262731671333313, 0.9272866249084473, 0.9282155632972717], "val_loss": [0.635475754737854, 0.5789342522621155, 0.502491295337677, 0.42546623945236206, 0.36450690031051636, 0.32010436058044434, 0.28771737217903137, 0.26391932368278503, 0.24648311734199524, 0.23362955451011658], "val_accuracy": [0.7791538238525391, 0.8374613523483276, 0.877193033695221, 0.893704891204834, 0.9024768471717834, 0.9112487435340881, 0.9174407124519348, 0.9205366969108582, 0.9231166839599609, 0.9251806139945984]}