{"loss": [0.7079678773880005, 0.6757460832595825, 0.6435182690620422, 0.5861600041389465, 0.5133565664291382, 0.4416695833206177, 0.37908339500427246, 0.3277149498462677, 0.2867622673511505, 0.25425830483436584], "accuracy": [0.4874417185783386, 0.6140064001083374, 0.8670539259910583, 0.8871799111366272, 0.921868622303009, 0.9358586668968201, 0.9478033185005188, 0.9517303705215454, 0.954839289188385, 0.9571300148963928], "val_loss": [0.6844567060470581, 0.6620698571205139, 0.6155247092247009, 0.545863687992096, 0.47042205929756165, 0.4026399552822113, 0.34612154960632324, 0.3010448217391968, 0.2655951976776123, 0.23758363723754883], "val_accuracy": [0.5009709000587463, 0.8694174885749817, 0.8762136101722717, 0.9019417762756348, 0.9223301410675049, 0.9388349652290344, 0.9441747665405273, 0.9490291476249695, 0.9538835287094116, 0.9553398489952087]}