{"accuracy": [0.52, 0.61, 0.64, 0.62, 0.66, 0.69, 0.78, 0.81, 0.83, 0.84], "val_accuracy": [0.589, 0.621, 0.652, 0.676, 0.69, 0.711, 0.711, 0.703, 0.715, 0.728], "loss": [107.30000000000004, 87.85600000000001, 82.44800000000001, 77.27600000000004, 70.71200000000002, 67.31600000000003, 62.88799999999997, 58.13600000000001, 55.04000000000003, 53.40800000000004], "val_loss": [917.6399999999995, 864.7999999999981, 822.488000000001, 773.9239999999992, 753.0280000000001, 722.3880000000006, 694.8320000000001, 692.8599999999999, 671.312000000001, 650.3000000000001]}