{"accuracy": [0.56, 0.82, 0.84, 0.84, 0.86, 0.87, 0.88, 0.89, 0.88, 0.86], "val_accuracy": [0.765, 0.814, 0.836, 0.848, 0.829, 0.826, 0.827, 0.84, 0.84, 0.819], "loss": [110.82400000000003, 53.687999999999995, 46.640000000000015, 44.03999999999998, 41.796, 40.53600000000001, 40.775999999999996, 40.00000000000001, 39.23199999999999, 39.88399999999999], "val_loss": [622.6200000000009, 490.94000000000096, 439.920000000001, 410.3440000000011, 432.9360000000009, 431.35600000000096, 437.3960000000008, 421.4560000000012, 424.0480000000003, 448.6480000000007]}