{"loss": [0.6844696402549744, 0.6643984317779541, 0.6445291042327881, 0.6155734658241272, 0.5772781372070312, 0.5320161581039429, 0.4839072525501251, 0.43710803985595703, 0.3936522603034973, 0.3546985685825348], "accuracy": [0.5174692273139954, 0.5211035013198853, 0.572809100151062, 0.6675477027893066, 0.7832658886909485, 0.8620632886886597, 0.9140992760658264, 0.9282233715057373, 0.9434211850166321, 0.9459816813468933], "val_loss": [0.6727394461631775, 0.6554941534996033, 0.6304959058761597, 0.5954063534736633, 0.5514792799949646, 0.5023394227027893, 0.4533665180206299, 0.4064949154853821, 0.3655274510383606, 0.3282501995563507], "val_accuracy": [0.5114427804946899, 0.5398010015487671, 0.595522403717041, 0.7184079885482788, 0.8109453320503235, 0.8950248956680298, 0.9218906164169312, 0.9497513175010681, 0.9507462978363037, 0.9547263979911804]}