{"loss": [0.6780497431755066, 0.6441329121589661, 0.6001017093658447, 0.5414043664932251, 0.4737260043621063, 0.4040001928806305, 0.3386233448982239, 0.2812872529029846, 0.23349082469940186, 0.19446709752082825], "accuracy": [0.5323331952095032, 0.5328069925308228, 0.6354520320892334, 0.8312672972679138, 0.9086459279060364, 0.9497829079627991, 0.9673115015029907, 0.9764706492424011, 0.9823135137557983, 0.9847611784934998], "val_loss": [0.6559122204780579, 0.6161114573478699, 0.5587329268455505, 0.48905378580093384, 0.415153831243515, 0.34421858191490173, 0.2817365825176239, 0.22975410521030426, 0.187922403216362, 0.15461140871047974], "val_accuracy": [0.5366430282592773, 0.5598108768463135, 0.7957446575164795, 0.9134751558303833, 0.9569739699363708, 0.9706855416297913, 0.9791961908340454, 0.9848699569702148, 0.9891253113746643, 0.9924349784851074]}