{"loss": [0.6603441834449768, 0.5877984166145325, 0.5332096815109253, 0.49159330129623413, 0.4593949019908905, 0.43373528122901917, 0.4131152629852295, 0.3963518440723419, 0.3826046884059906, 0.37132659554481506], "accuracy": [0.7396547794342041, 0.908978283405304, 0.907326340675354, 0.9150078296661377, 0.9121169447898865, 0.9101346135139465, 0.9081523418426514, 0.9044354557991028, 0.9126951694488525, 0.9074915647506714], "val_loss": [0.6212548017501831, 0.5599842667579651, 0.5135018229484558, 0.4776856303215027, 0.4494973123073578, 0.42686399817466736, 0.4085766077041626, 0.3935632109642029, 0.3811933994293213, 0.3709983825683594], "val_accuracy": [0.9139304161071777, 0.8920398354530334, 0.9144278764724731, 0.9074627161026001, 0.9084577560424805, 0.8915423154830933, 0.8915423154830933, 0.8915423154830933, 0.8910447955131531, 0.8915423154830933]}