{"loss": [0.6159332990646362, 0.5192134976387024, 0.4619414806365967, 0.41925951838493347, 0.3855755925178528, 0.35805976390838623, 0.3350638747215271, 0.31539201736450195, 0.2983448803424835, 0.2833264172077179], "accuracy": [0.6351745128631592, 0.9523283839225769, 0.933574914932251, 0.9327870011329651, 0.9396422505378723, 0.9501221179962158, 0.951225221157074, 0.9563469886779785, 0.9596564173698425, 0.9607595801353455], "val_loss": [0.5541436076164246, 0.4839984178543091, 0.4342900514602661, 0.3956209421157837, 0.36439749598503113, 0.33868589997291565, 0.3166104853153229, 0.2975517809391022, 0.28101271390914917, 0.26636117696762085], "val_accuracy": [0.9351679086685181, 0.9416977167129517, 0.9323694109916687, 0.9426305890083313, 0.9514924883842468, 0.951958954334259, 0.9575559496879578, 0.9603544473648071, 0.9626865386962891, 0.9640858173370361]}