{"loss": [0.9057731032371521, 0.7543187141418457, 0.6374182105064392, 0.5445858240127563, 0.47063931822776794, 0.4113731384277344, 0.36343368887901306, 0.32410427927970886, 0.29130789637565613, 0.2636279761791229], "accuracy": [0.017021993175148964, 0.29274457693099976, 0.6643633842468262, 0.8730934262275696, 0.9301424026489258, 0.948934018611908, 0.9632594585418701, 0.9716861844062805, 0.9804499745368958, 0.9817140102386475], "val_loss": [0.8262503147125244, 0.6934030652046204, 0.5877323746681213, 0.5039480924606323, 0.43660444021224976, 0.3822941482067108, 0.3383758068084717, 0.301695317029953, 0.2711811363697052, 0.24475450813770294], "val_accuracy": [0.04778851568698883, 0.4870361387729645, 0.8225725293159485, 0.9039146304130554, 0.9537367224693298, 0.9639045000076294, 0.9715303182601929, 0.9811897277832031, 0.9842400550842285, 0.9888155460357666]}