{"loss": [0.6903367042541504, 0.6422681212425232, 0.5930026173591614, 0.5373852252960205, 0.4844502806663513, 0.44016921520233154, 0.4056650400161743, 0.3800313472747803, 0.361173540353775, 0.347334623336792], "accuracy": [0.5241305828094482, 0.7307487726211548, 0.7838006019592285, 0.8215933442115784, 0.8561923503875732, 0.8681689500808716, 0.8696770668029785, 0.8726046681404114, 0.875532329082489, 0.8758871555328369], "val_loss": [0.6679591536521912, 0.624602198600769, 0.5709006786346436, 0.5151493549346924, 0.4656708240509033, 0.4262635111808777, 0.396310418844223, 0.37444350123405457, 0.35846397280693054, 0.34690365195274353], "val_accuracy": [0.6527331471443176, 0.7416934967041016, 0.7915327548980713, 0.8392283320426941, 0.8676313161849976, 0.8713827133178711, 0.8724545240402222, 0.8724545240402222, 0.8740622401237488, 0.8751340508460999]}