{"accuracy": [0.79, 0.81, 0.81, 0.89, 0.92, 0.96, 0.96, 0.96, 0.98, 0.98], "val_accuracy": [0.822, 0.833, 0.869, 0.9, 0.948, 0.968, 0.971, 0.978, 0.977, 0.976], "loss": [72.70400000000001, 50.056000000000004, 42.540000000000006, 37.263999999999996, 30.444000000000013, 24.955999999999992, 20.600000000000005, 21.647999999999982, 20.504, 19.980000000000008], "val_loss": [567.6720000000004, 465.8360000000013, 399.4040000000002, 333.2720000000004, 271.3719999999998, 232.64000000000033, 224.32000000000022, 218.49200000000062, 206.99200000000044, 209.67200000000028]}