{"loss": [0.6720155477523804, 0.6505790948867798, 0.6208499073982239, 0.5802992582321167, 0.5312546491622925, 0.47785764932632446, 0.4244897961616516, 0.37453415989875793, 0.329990029335022, 0.29146453738212585], "accuracy": [0.658362090587616, 0.8591027855873108, 0.9202929139137268, 0.9447016716003418, 0.9517717361450195, 0.9590101838111877, 0.9609460830688477, 0.9636394381523132, 0.9646494388580322, 0.965659499168396], "val_loss": [0.6608991026878357, 0.6354323029518127, 0.5990406274795532, 0.552209198474884, 0.4989559054374695, 0.44371843338012695, 0.39095091819763184, 0.34318771958351135, 0.3008361756801605, 0.2648860514163971], "val_accuracy": [0.7852883338928223, 0.917992115020752, 0.9358847737312317, 0.9512923359870911, 0.9617297053337097, 0.9671968817710876, 0.9681909084320068, 0.969184935092926, 0.9716700315475464, 0.9726640582084656]}