{"loss": [0.6463201642036438, 0.5472986698150635, 0.4710496962070465, 0.4114115834236145, 0.36391353607177734, 0.32542434334754944, 0.2938065528869629, 0.2673991620540619, 0.24512338638305664, 0.2260604202747345], "accuracy": [0.7028602957725525, 0.9460247159004211, 0.974548876285553, 0.9817193150520325, 0.9855015277862549, 0.9870774149894714, 0.9873926043510437, 0.9878653883934021, 0.9883381724357605, 0.9882593750953674], "val_loss": [0.5931529998779297, 0.5056949853897095, 0.43727368116378784, 0.3829723596572876, 0.33915871381759644, 0.30337125062942505, 0.27347442507743835, 0.2483091950416565, 0.22700504958629608, 0.2086651772260666], "val_accuracy": [0.9006529450416565, 0.965018630027771, 0.9836753606796265, 0.9874066710472107, 0.9902052283287048, 0.9888059496879578, 0.9906716346740723, 0.9911380410194397, 0.9911380410194397, 0.9911380410194397]}