{"loss": [51.315982818603516, 7.668931007385254, 3.4927167892456055, 2.263517141342163, 1.7364996671676636, 1.3793588876724243, 1.0927467346191406, 0.8429200053215027, 0.603186845779419, 0.3909234404563904], "accuracy": [0.5329063534736633, 0.7853711843490601, 0.8630656599998474, 0.8861548900604248, 0.892137885093689, 0.9016600847244263, 0.9046936631202698, 0.9062104821205139, 0.9093284010887146, 0.9089913368225098], "val_loss": [11.548052787780762, 4.033874988555908, 2.4253454208374023, 1.822098731994629, 1.48555326461792, 1.2177371978759766, 0.9395892024040222, 0.706834614276886, 0.5467414259910583, 0.2890809178352356], "val_accuracy": [0.7137773633003235, 0.8485003113746643, 0.8749365210533142, 0.8952720761299133, 0.8978139758110046, 0.8952720761299133, 0.9044230580329895, 0.8998475670814514, 0.9023894667625427, 0.9074733853340149]}