{"loss": [0.68161541223526, 0.6365377306938171, 0.5755267143249512, 0.5050970315933228, 0.43903666734695435, 0.3836092948913574, 0.34000054001808167, 0.3065468668937683, 0.28101983666419983, 0.2616088092327118], "accuracy": [0.5467018485069275, 0.727000892162323, 0.8553210496902466, 0.9032542109489441, 0.9174142479896545, 0.9255057573318481, 0.9294635057449341, 0.9324538707733154, 0.9362357258796692, 0.9370272755622864], "val_loss": [0.6600173711776733, 0.6087539792060852, 0.5388295650482178, 0.46657899022102356, 0.40302273631095886, 0.3515351116657257, 0.31096604466438293, 0.2798923850059509, 0.25616082549095154, 0.23778033256530762], "val_accuracy": [0.609679102897644, 0.793792724609375, 0.882693350315094, 0.9158337712287903, 0.9268805980682373, 0.929510772228241, 0.9342451095581055, 0.9363492727279663, 0.9363492727279663, 0.9384534358978271]}