{"loss": [0.4471917450428009, 0.31029212474823, 0.24718888103961945, 0.2103431522846222, 0.18166716396808624, 0.1472250074148178, 0.13061875104904175, 0.12016147375106812, 0.11320699751377106, 0.10069642961025238], "accuracy": [0.9137884974479675, 0.9722098708152771, 0.9812660813331604, 0.9789576530456543, 0.9761164784431458, 0.9849951267242432, 0.984107255935669, 0.9846400022506714, 0.9801118969917297, 0.9798455238342285], "val_loss": [0.3374147415161133, 0.26389971375465393, 0.21933571994304657, 0.17838948965072632, 0.15276683866977692, 0.12648211419582367, 0.1067795604467392, 0.11122983694076538, 0.10743875801563263, 0.08511338382959366], "val_accuracy": [0.9781216382980347, 0.9866595268249512, 0.9866595268249512, 0.9866595268249512, 0.9839914441108704, 0.989327609539032, 0.9925293326377869, 0.9781216382980347, 0.9733190536499023, 0.982924222946167]}