{"accuracy": [0.72, 1.0, 1.0, 1.0, 0.99, 0.99, 0.99, 0.98, 0.99, 0.99], "val_accuracy": [0.967479674796748, 0.9715447154471545, 0.9669715447154471, 0.9705284552845529, 0.9761178861788617, 0.9735772357723578, 0.970020325203252, 0.9730691056910569, 0.9725609756097561, 0.9669715447154471], "loss": [72.77599999999997, 17.060000000000013, 16.868000000000002, 16.612, 16.376000000000005, 15.952000000000002, 15.576000000000006, 15.808000000000002, 15.155999999999997, 15.640000000000002], "val_loss": [532.9400000000015, 446.5800000000015, 470.5760000000026, 436.7520000000024, 436.26400000000143, 446.60400000000266, 461.00000000000256, 457.7000000000014, 438.0520000000011, 460.1800000000014]}