{"loss": [0.7468305826187134, 0.6944764256477356, 0.691421389579773, 0.6910662651062012, 0.6910741925239563, 0.6910623908042908, 0.6910640001296997, 0.6910688281059265, 0.6910600066184998, 0.691062331199646], "accuracy": [0.23744076490402222, 0.5237756967544556, 0.5325434803962708, 0.5325434803962708, 0.5325434803962708, 0.5325434803962708, 0.5325434803962708, 0.5325434803962708, 0.5325434803962708, 0.5325434803962708], "val_loss": [0.6995907425880432, 0.6906232833862305, 0.6897268295288086, 0.6898091435432434, 0.6898455023765564, 0.6898433566093445, 0.6897476315498352, 0.6897598505020142, 0.6896712183952332, 0.6896836161613464], "val_accuracy": [0.48877209424972534, 0.542283833026886, 0.542283833026886, 0.542283833026886, 0.542283833026886, 0.542283833026886, 0.542283833026886, 0.542283833026886, 0.542283833026886, 0.542283833026886]}