{"loss": [0.6798417568206787, 0.6377996802330017, 0.5684679746627808, 0.47732076048851013, 0.3903028964996338, 0.32033365964889526, 0.26684239506721497, 0.22644397616386414, 0.19586461782455444, 0.1725558638572693], "accuracy": [0.5449830293655396, 0.8159013986587524, 0.9367347359657288, 0.9610544443130493, 0.9658163189888, 0.9681972861289978, 0.9690476059913635, 0.9693877696990967, 0.969897985458374, 0.969897985458374], "val_loss": [0.6570719480514526, 0.6025496125221252, 0.5196573138237, 0.4283081293106079, 0.3504493832588196, 0.28955191373825073, 0.24301055073738098, 0.2076839804649353, 0.18076613545417786, 0.16009622812271118], "val_accuracy": [0.7659794092178345, 0.9164949059486389, 0.9567010402679443, 0.9654639363288879, 0.9659793972969055, 0.9664948582649231, 0.9664948582649231, 0.9680413007736206, 0.9685567617416382, 0.9685567617416382]}