{"accuracy": [0.53, 0.76, 0.8, 0.8, 0.86, 0.88, 0.89, 0.9, 0.89, 0.91], "val_accuracy": [0.752, 0.743, 0.75, 0.818, 0.875, 0.891, 0.9, 0.893, 0.893, 0.892], "loss": [108.90799999999997, 67.90000000000002, 65.304, 56.45600000000002, 44.672000000000004, 41.04, 39.28800000000002, 39.40399999999996, 40.128000000000014, 38.544], "val_loss": [671.9279999999995, 693.912, 649.6320000000004, 538.5880000000004, 448.548, 414.1680000000005, 402.7600000000002, 410.7880000000008, 416.4160000000012, 410.652]}