{"loss": [0.7875548005104065, 0.6568883061408997, 0.5975409150123596, 0.542518675327301, 0.4886644184589386, 0.43993276357650757, 0.3980182409286499, 0.3627161681652069, 0.33346089720726013, 0.3094762861728668], "accuracy": [0.5041525363922119, 0.5198305249214172, 0.7346610426902771, 0.8419491648674011, 0.8745762705802917, 0.8938983082771301, 0.9043220281600952, 0.9125424027442932, 0.9177118539810181, 0.9213559627532959], "val_loss": [0.6938525438308716, 0.6202566027641296, 0.5631176233291626, 0.505545437335968, 0.45138469338417053, 0.40407565236091614, 0.364125519990921, 0.3309384286403656, 0.3040136396884918, 0.2820104658603668], "val_accuracy": [0.5088250041007996, 0.5980837345123291, 0.8124054670333862, 0.8593040704727173, 0.8940998315811157, 0.9087241291999817, 0.9157841801643372, 0.9213313460350037, 0.9233484864234924, 0.9288955926895142]}