{"accuracy": [0.46, 0.61, 0.68, 0.71, 0.75], "val_accuracy": [0.565, 0.64, 0.675, 0.718, 0.746], "loss": [131.72800000000007, 90.016, 74.59999999999998, 67.91600000000001, 64.436], "val_loss": [948.0199999999996, 802.756, 754.5120000000002, 702.6520000000002, 658.2599999999998]}