{"accuracy": [0.8, 0.98, 0.98, 0.99, 0.99, 0.99, 0.99, 0.99, 0.99, 0.99], "val_accuracy": [0.919, 0.952, 0.963, 0.972, 0.973, 0.973, 0.971, 0.971, 0.971, 0.973], "loss": [66.44399999999999, 26.22, 20.760000000000005, 18.692, 17.436000000000003, 17.180000000000007, 18.164000000000005, 18.528, 18.212000000000003, 18.700000000000003], "val_loss": [321.6600000000001, 274.95200000000034, 215.7880000000002, 223.11200000000034, 225.44400000000022, 221.47600000000003, 221.50799999999995, 215.79600000000005, 213.37200000000013, 218.18400000000028]}