{"loss": [362.94573974609375, 93.34178924560547, 0.05976106598973274, 0.05821613594889641, 0.057217128574848175, 0.05595282465219498, 0.054993875324726105, 0.05373728647828102, 0.05227554216980934, 0.05145486816763878], "accuracy": [0.06224329024553299, 0.3165876865386963, 0.9769352674484253, 0.9781991243362427, 0.9778831601142883, 0.9787520170211792, 0.9793839454650879, 0.980094850063324, 0.9810426831245422, 0.9807267189025879], "val_loss": [232.40304565429688, 0.05428975820541382, 0.05098859220743179, 0.051386356353759766, 0.05165373906493187, 0.04830225929617882, 0.04812466725707054, 0.04593190550804138, 0.045572809875011444, 0.04913640022277832], "val_accuracy": [0.12040133774280548, 0.9784997701644897, 0.9799331426620483, 0.9794553518295288, 0.9808886647224426, 0.9799331426620483, 0.9813664555549622, 0.9823220372200012, 0.9823220372200012, 0.9847109317779541]}