{"loss": [0.7601197957992554, 0.6978076100349426, 0.6842177510261536, 0.6739025115966797, 0.6610159277915955, 0.6439471244812012, 0.6222013235092163, 0.5961331129074097, 0.566419780254364, 0.5343868732452393], "accuracy": [0.4983159303665161, 0.4983159303665161, 0.5533849596977234, 0.720528781414032, 0.7726507186889648, 0.7927753329277039, 0.8331930041313171, 0.8563489317893982, 0.8622431755065918, 0.8746210932731628], "val_loss": [0.7164705991744995, 0.6899052262306213, 0.6787506937980652, 0.6672171950340271, 0.6521863341331482, 0.6321806311607361, 0.6076664328575134, 0.5790714621543884, 0.5463833212852478, 0.5126739144325256], "val_accuracy": [0.4814070165157318, 0.48190954327583313, 0.6492462158203125, 0.7422110438346863, 0.7889447212219238, 0.8402010202407837, 0.8572863936424255, 0.8597989678382874, 0.8904522657394409, 0.901507556438446]}