{"loss": [0.6607934832572937, 0.6194677948951721, 0.5582157969474792, 0.4861014187335968, 0.4140108525753021, 0.34898075461387634, 0.29371950030326843, 0.24785897135734558, 0.2104528546333313, 0.1799098402261734], "accuracy": [0.7851924896240234, 0.9183288216590881, 0.9512435793876648, 0.9617500305175781, 0.9678240418434143, 0.972174346446991, 0.9746367931365967, 0.9772634506225586, 0.9796437621116638, 0.9817779064178467], "val_loss": [0.641676664352417, 0.5875992178916931, 0.5177904963493347, 0.4433777928352356, 0.37423402070999146, 0.31436437368392944, 0.2651843726634979, 0.22659701108932495, 0.1933726668357849, 0.1673794388771057], "val_accuracy": [0.8011077642440796, 0.9506545662879944, 0.961228609085083, 0.9667673707008362, 0.9748237729072571, 0.97935551404953, 0.981873095035553, 0.981873095035553, 0.9833836555480957, 0.9843907356262207]}