{"loss": [19.918773651123047, 3.7380003929138184, 2.346724271774292, 1.6435136795043945, 1.2364494800567627, 0.9702290892601013, 0.7889001369476318, 0.632763683795929, 0.5479762554168701, 0.4500907063484192], "accuracy": [0.7557662129402161, 0.926856279373169, 0.9536335468292236, 0.9645339846611023, 0.9729858040809631, 0.9766983389854431, 0.9799368381500244, 0.9821485280990601, 0.9838073253631592, 0.9857820272445679], "val_loss": [4.683462619781494, 2.461249828338623, 1.5902371406555176, 1.1085416078567505, 0.8411622047424316, 0.6557565927505493, 0.5665119886398315, 0.5187570452690125, 0.456030935049057, 0.4139419198036194], "val_accuracy": [0.9039655923843384, 0.9474438428878784, 0.9641662836074829, 0.9718108177185059, 0.9765886664390564, 0.9827998280525208, 0.9861443042755127, 0.9870998859405518, 0.9885331988334656, 0.9894887804985046]}