{"loss": [0.7144539952278137, 0.6919575929641724, 0.6840670108795166, 0.6730549931526184, 0.6556768417358398, 0.6309798955917358, 0.5995022654533386, 0.5632212162017822, 0.524368941783905, 0.48542889952659607], "accuracy": [0.4982317388057709, 0.5353654623031616, 0.6266419887542725, 0.6855001449584961, 0.7308016419410706, 0.7742505669593811, 0.8122263550758362, 0.8427079916000366, 0.866621732711792, 0.8865779638290405], "val_loss": [0.7012012600898743, 0.690102219581604, 0.6817540526390076, 0.6684818267822266, 0.6480780243873596, 0.6206253170967102, 0.587112545967102, 0.5495793223381042, 0.5113305449485779, 0.47300153970718384], "val_accuracy": [0.48241204023361206, 0.5477386713027954, 0.6306532621383667, 0.7050251364707947, 0.762311577796936, 0.8075376749038696, 0.839195966720581, 0.8577889204025269, 0.8788944482803345, 0.8954773545265198]}