{"loss": [0.6229931712150574, 0.5217441916465759, 0.4161335825920105, 0.33018654584884644, 0.26825594902038574, 0.2253505140542984, 0.19578967988491058, 0.17508667707443237, 0.1604057401418686, 0.14976784586906433], "accuracy": [0.788191020488739, 0.9135850071907043, 0.9514877200126648, 0.9620205163955688, 0.9655570387840271, 0.9672484397888184, 0.9689398407936096, 0.9693242311477661, 0.9701699614524841, 0.9710156321525574], "val_loss": [0.5719135999679565, 0.4632701277732849, 0.3656134307384491, 0.29266247153282166, 0.2415742725133896, 0.20672668516635895, 0.1825583577156067, 0.16553382575511932, 0.15336832404136658, 0.14441309869289398], "val_accuracy": [0.8807212710380554, 0.9500693678855896, 0.9616274237632751, 0.9644013047218323, 0.9667129516601562, 0.9676375985145569, 0.9685621857643127, 0.9694868326187134, 0.9699491858482361, 0.9694868326187134]}