{"loss": [0.6975027918815613, 0.6897565126419067, 0.6868563890457153, 0.6798226833343506, 0.6646646857261658, 0.6388391852378845, 0.6030208468437195, 0.5604386925697327, 0.5159497857093811, 0.472502201795578], "accuracy": [0.4832049608230591, 0.535376787185669, 0.535376787185669, 0.6101008653640747, 0.8030652403831482, 0.8573811054229736, 0.8723100423812866, 0.8843008279800415, 0.8952593207359314, 0.9035178422927856], "val_loss": [0.6912291049957275, 0.6885502338409424, 0.6841135025024414, 0.6733276844024658, 0.652151346206665, 0.6192789077758789, 0.5766375660896301, 0.5295862555503845, 0.4829520881175995, 0.4389600157737732], "val_accuracy": [0.5381697416305542, 0.5381697416305542, 0.5381697416305542, 0.7662399411201477, 0.8477951884269714, 0.8520626425743103, 0.8729255795478821, 0.9013751149177551, 0.9042200446128845, 0.9113324284553528]}