{"loss": [4.241667747497559, 2.091503381729126, 1.2105214595794678, 0.5530718564987183, 0.0888632982969284, 0.07214206457138062, 0.06689030677080154, 0.07180986553430557, 0.07125931233167648, 0.07381030172109604], "accuracy": [0.9643123745918274, 0.9747697114944458, 0.976512610912323, 0.9764295816421509, 0.9746037125587463, 0.9741887450218201, 0.9757656455039978, 0.9747697114944458, 0.9744377136230469, 0.9752676486968994], "val_loss": [2.3473737239837646, 1.2715637683868408, 0.7446513772010803, 0.18167831003665924, 0.06043215095996857, 0.05984675511717796, 0.059871211647987366, 0.05613376200199127, 0.0585172064602375, 0.07563541829586029], "val_accuracy": [0.9735773205757141, 0.9791667461395264, 0.978150486946106, 0.9786586165428162, 0.9791667461395264, 0.9740854501724243, 0.9786586165428162, 0.9756098389625549, 0.9766260981559753, 0.9730691909790039]}