{"accuracy": [0.66, 0.88, 0.96, 0.96, 0.96], "val_accuracy": [0.664, 0.836, 0.892, 0.92, 0.92], "loss": [32.295996127582946, 15.359658937066705, 11.326232307822664, 10.583960359158798, 10.361370755099413], "val_loss": [182.05221137215025, 112.6800068870434, 83.16564970384893, 76.24816689222364, 73.5181896815741]}