{"accuracy": [0.57, 0.75, 0.74, 0.83, 0.88, 0.86, 0.87, 0.87, 0.87, 0.88], "val_accuracy": [0.784, 0.803, 0.827, 0.896, 0.915, 0.911, 0.915, 0.915, 0.916, 0.916], "loss": [104.10800000000003, 62.892, 58.903999999999996, 52.94799999999999, 46.07599999999998, 41.779999999999994, 41.55599999999999, 40.32400000000001, 40.18800000000001, 39.14], "val_loss": [605.4680000000002, 547.7160000000009, 495.876000000001, 411.7680000000004, 356.0200000000006, 346.74000000000046, 351.77600000000047, 321.55600000000055, 335.56800000000067, 318.6360000000005]}