{"loss": [0.5802568793296814, 0.3456259071826935, 0.21712908148765564, 0.15775540471076965, 0.12506891787052155, 0.1047724038362503, 0.0912490114569664, 0.08171207457780838, 0.0751095712184906, 0.07009889930486679], "accuracy": [0.8850365877151489, 0.9525647759437561, 0.9711606502532959, 0.9806161522865295, 0.9836891889572144, 0.986604630947113, 0.9876289963722229, 0.987707793712616, 0.9885745644569397, 0.9886533617973328], "val_loss": [0.4495035409927368, 0.26019665598869324, 0.1746326982975006, 0.13009144365787506, 0.10347600281238556, 0.08628448843955994, 0.07413769513368607, 0.06567549705505371, 0.059525057673454285, 0.05503339320421219], "val_accuracy": [0.9463618993759155, 0.9706156253814697, 0.9776118993759155, 0.985541045665741, 0.9911380410194397, 0.9897387623786926, 0.9911380410194397, 0.9911380410194397, 0.9911380410194397, 0.9911380410194397]}