{"loss": [0.4678022861480713, 0.3476787507534027, 0.2690850794315338, 0.21789948642253876, 0.18939462304115295, 0.15847007930278778, 0.13336481153964996, 0.11140121519565582, 0.10251445323228836, 0.08865544945001602], "accuracy": [0.9320733547210693, 0.9733411073684692, 0.9804391264915466, 0.9805216789245605, 0.9821723699569702, 0.9768900871276855, 0.9824199676513672, 0.9842357635498047, 0.9826676249504089, 0.98662930727005], "val_loss": [0.40240272879600525, 0.3139166533946991, 0.24770671129226685, 0.26046642661094666, 0.19554997980594635, 0.14993596076965332, 0.12679599225521088, 0.12484143674373627, 0.1174650713801384, 0.1059434711933136], "val_accuracy": [0.9615384340286255, 0.9590409398078918, 0.969530463218689, 0.969530463218689, 0.9760239720344543, 0.9715284705162048, 0.9805194735527039, 0.9715284705162048, 0.984015941619873, 0.9615384340286255]}