{"accuracy": [0.93, 0.95, 0.95, 0.96, 0.96, 0.97, 0.97, 0.96, 0.96, 0.97], "val_accuracy": [0.888, 0.928, 0.935, 0.932, 0.949, 0.941, 0.948, 0.949, 0.94, 0.947], "loss": [42.91199999999998, 28.868000000000006, 26.380000000000003, 24.59599999999999, 21.8, 21.15600000000001, 19.628000000000004, 18.16, 17.480000000000004, 17.100000000000012], "val_loss": [417.5560000000005, 343.3320000000003, 352.3400000000005, 303.0120000000005, 272.00000000000045, 236.48400000000035, 258.0920000000007, 245.50000000000037, 241.57600000000082, 238.18400000000037]}