{"loss": [0.49123239517211914, 0.4165460765361786, 0.3605870008468628, 0.31679269671440125, 0.2818346917629242, 0.2533798813819885, 0.2298048883676529, 0.20988143980503082, 0.19289565086364746, 0.17828011512756348], "accuracy": [0.9605056047439575, 0.9909163117408752, 0.9931280016899109, 0.9930490255355835, 0.99360191822052, 0.9933649897575378, 0.9930490255355835, 0.9930490255355835, 0.9929700493812561, 0.9931280016899109], "val_loss": [0.441172331571579, 0.37449881434440613, 0.3237270712852478, 0.2839632034301758, 0.2520470917224884, 0.22611449658870697, 0.2036489099264145, 0.18530742824077606, 0.16941408812999725, 0.15609140694141388], "val_accuracy": [0.9933110475540161, 0.9942666292190552, 0.9947444200515747, 0.9947444200515747, 0.9947444200515747, 0.9942666292190552, 0.9952221512794495, 0.9952221512794495, 0.9952221512794495, 0.9952221512794495]}