{"loss": [0.6925212740898132, 0.6776266694068909, 0.648029088973999, 0.5945211052894592, 0.5138568878173828, 0.4252958595752716, 0.3475300371646881, 0.2851908802986145, 0.23639436066150665, 0.19819276034832], "accuracy": [0.49150457978248596, 0.7200196981430054, 0.986456573009491, 0.9872773885726929, 0.9777559041976929, 0.9748010039329529, 0.9752113819122314, 0.97800213098526, 0.9801362752914429, 0.9814496040344238], "val_loss": [0.6857845187187195, 0.6646523475646973, 0.6229938864707947, 0.5520806312561035, 0.46094444394111633, 0.37499552965164185, 0.3052370250225067, 0.25078707933425903, 0.20815090835094452, 0.17494606971740723], "val_accuracy": [0.6807653307914734, 0.9823766350746155, 0.9879153966903687, 0.9823766350746155, 0.9753273129463196, 0.9753273129463196, 0.9773414134979248, 0.978348433971405, 0.9798589944839478, 0.9803625345230103]}