{"loss": [0.667271614074707, 0.6501366496086121, 0.6356709003448486, 0.6231301426887512, 0.6122242212295532, 0.6023771166801453, 0.5935215950012207, 0.5855776071548462, 0.5784609317779541, 0.572149932384491], "accuracy": [0.6319484710693359, 0.7333773970603943, 0.7435368299484253, 0.7462624907493591, 0.7460147142410278, 0.7446105480194092, 0.7434542179107666, 0.7423804402351379, 0.7413066625595093, 0.7411414980888367], "val_loss": [0.6559244394302368, 0.6398162245750427, 0.6258651614189148, 0.6136257648468018, 0.6027485132217407, 0.5928572416305542, 0.5839313864707947, 0.5759003162384033, 0.5686825513839722, 0.5622827410697937], "val_accuracy": [0.711940348148346, 0.7482587695121765, 0.7587065100669861, 0.7611940503120422, 0.7601990699768066, 0.7616915702819824, 0.763184130191803, 0.7616915702819824, 0.7601990699768066, 0.7601990699768066]}