{"loss": [0.6920897960662842, 0.6892240643501282, 0.6873955130577087, 0.6850157976150513, 0.6817113757133484, 0.6775335073471069, 0.6724076271057129, 0.6665511727333069, 0.6601125597953796, 0.6533626317977905], "accuracy": [0.5130178332328796, 0.5211232900619507, 0.5367611050605774, 0.5635336637496948, 0.5889143347740173, 0.5975928902626038, 0.6178156137466431, 0.6350908875465393, 0.6455706357955933, 0.6483543515205383], "val_loss": [0.6895349621772766, 0.6876881122589111, 0.6854311227798462, 0.6824014186859131, 0.6784746646881104, 0.6734790802001953, 0.6677170395851135, 0.661358118057251, 0.6544688940048218, 0.647659420967102], "val_accuracy": [0.5085911154747009, 0.5424644351005554, 0.5974472761154175, 0.6008837223052979, 0.6141384840011597, 0.6509573459625244, 0.6666667461395264, 0.6642121076583862, 0.6637212038040161, 0.671085000038147]}