{"loss": [0.6905384659767151, 0.6703001856803894, 0.6449228525161743, 0.6183140873908997, 0.5954328179359436, 0.578046977519989, 0.5657674074172974, 0.557383120059967, 0.5516896843910217, 0.5476148128509521], "accuracy": [0.5449272990226746, 0.6771122217178345, 0.7425554394721985, 0.7506060004234314, 0.7498269081115723, 0.7471433877944946, 0.7454121112823486, 0.747403085231781, 0.7464509010314941, 0.7475762367248535], "val_loss": [0.6801009178161621, 0.657781720161438, 0.631156861782074, 0.6060822010040283, 0.5863946676254272, 0.5722993612289429, 0.5623273253440857, 0.5554105043411255, 0.5509679913520813, 0.5473929047584534], "val_accuracy": [0.5998948812484741, 0.7271293997764587, 0.7497371435165405, 0.7481598854064941, 0.7413249611854553, 0.737644612789154, 0.7407991886138916, 0.7407991886138916, 0.7413249611854553, 0.7402734160423279]}