{"loss": [0.4760265350341797, 0.35075461864471436, 0.2773742973804474, 0.22331969439983368, 0.18385936319828033, 0.15162067115306854, 0.1305074691772461, 0.10847647488117218, 0.08966083824634552, 0.07954062521457672], "accuracy": [0.9376115798950195, 0.9888652563095093, 0.987505316734314, 0.9918401837348938, 0.9885252714157104, 0.9898852705955505, 0.989460289478302, 0.9943051338195801, 0.9950700998306274, 0.9925202131271362], "val_loss": [0.393777072429657, 0.3058825433254242, 0.24301449954509735, 0.19409333169460297, 0.1611728072166443, 0.13679000735282898, 0.11294912546873093, 0.09782835841178894, 0.07855099439620972, 0.06479919701814651], "val_accuracy": [0.9928644895553589, 0.994393527507782, 0.9933741688728333, 0.997451663017273, 0.994393527507782, 0.9938838481903076, 0.9954128861427307, 0.9954128861427307, 0.9979613423347473, 0.9984710216522217]}