{"loss": [0.6687787771224976, 0.614447295665741, 0.55002361536026, 0.4775456190109253, 0.408004492521286, 0.3487831950187683, 0.3019096851348877, 0.2654711902141571, 0.23776006698608398, 0.21640020608901978], "accuracy": [0.5640082359313965, 0.7903473973274231, 0.8923498392105103, 0.928889274597168, 0.9405271410942078, 0.9475440382957458, 0.9538764357566833, 0.9558445811271667, 0.9587540626525879, 0.9592674970626831], "val_loss": [0.6410254836082458, 0.5806814432144165, 0.5074719190597534, 0.4311448037624359, 0.36266911029815674, 0.3059350550174713, 0.26187652349472046, 0.226954847574234, 0.20012621581554413, 0.17913225293159485], "val_accuracy": [0.6848958730697632, 0.8848958611488342, 0.9479166865348816, 0.9526042342185974, 0.9562500715255737, 0.9619792103767395, 0.9614583849906921, 0.96770840883255, 0.9661458730697632, 0.96770840883255]}