{"loss": [0.7244019508361816, 0.6892561912536621, 0.6773654222488403, 0.662510871887207, 0.6405193209648132, 0.6101776361465454, 0.5719476938247681, 0.5277748703956604, 0.4812009930610657, 0.4356658458709717], "accuracy": [0.49715355038642883, 0.5089642405509949, 0.6334438323974609, 0.7308182716369629, 0.7944600582122803, 0.8410230875015259, 0.882063090801239, 0.8951482772827148, 0.9169003367424011, 0.9242076873779297], "val_loss": [0.694619357585907, 0.6807193756103516, 0.6674238443374634, 0.6474137306213379, 0.6185559034347534, 0.5806912779808044, 0.5352007150650024, 0.4860941171646118, 0.436324805021286, 0.39056482911109924], "val_accuracy": [0.5041407942771912, 0.5895445346832275, 0.7008281946182251, 0.8224638104438782, 0.8892339468002319, 0.9125258922576904, 0.9197722673416138, 0.9327122569084167, 0.9332298040390015, 0.9466874003410339]}