{"loss": [0.6905749440193176, 0.6794817447662354, 0.6611447334289551, 0.6297359466552734, 0.5850478410720825, 0.5310437083244324, 0.47375625371932983, 0.41849663853645325, 0.3681394159793854, 0.3238050937652588], "accuracy": [0.5062360763549805, 0.520194947719574, 0.6288923621177673, 0.832410991191864, 0.9386305809020996, 0.9566366672515869, 0.964813768863678, 0.9662178754806519, 0.9667961001396179, 0.9673742651939392], "val_loss": [0.6861813068389893, 0.672809362411499, 0.6483794450759888, 0.609882116317749, 0.5595572590827942, 0.5026833415031433, 0.4454573392868042, 0.39214903116226196, 0.34461891651153564, 0.3033905029296875], "val_accuracy": [0.5114427804946899, 0.577114462852478, 0.7746269106864929, 0.9208955764770508, 0.9512438178062439, 0.9597015380859375, 0.9646766781806946, 0.9671642184257507, 0.9671642184257507, 0.9671642184257507]}