{"loss": [0.4640153646469116, 0.3730837404727936, 0.31621304154396057, 0.2761240005493164, 0.24628880620002747, 0.22319255769252777, 0.20461538434028625, 0.18926924467086792, 0.176332488656044, 0.16541677713394165], "accuracy": [0.8922591209411621, 0.9425750970840454, 0.9542654752731323, 0.958767831325531, 0.962875247001648, 0.9677725434303284, 0.967693567276001, 0.9722749590873718, 0.973459780216217, 0.9754344820976257], "val_loss": [0.4036683738231659, 0.3326599597930908, 0.28521522879600525, 0.25077900290489197, 0.22464674711227417, 0.20423437654972076, 0.18616360425949097, 0.17225322127342224, 0.1597697138786316, 0.14995475113391876], "val_accuracy": [0.9335881471633911, 0.9541328549385071, 0.957477331161499, 0.9584328532218933, 0.9603440165519714, 0.9622551202774048, 0.9698996543884277, 0.9708552360534668, 0.9765886664390564, 0.9761108756065369]}