{"loss": [0.6783913969993591, 0.6553070545196533, 0.6175705790519714, 0.5602988004684448, 0.4925312101840973, 0.42533302307128906, 0.3658407926559448, 0.3161964416503906, 0.27558231353759766, 0.24232915043830872], "accuracy": [0.5243464708328247, 0.7886912226676941, 0.9153929352760315, 0.9405328631401062, 0.9521422982215881, 0.9560678005218506, 0.9588240385055542, 0.9616637229919434, 0.9635012149810791, 0.9651716351509094], "val_loss": [0.666071891784668, 0.6371408700942993, 0.5857548713684082, 0.5176412463188171, 0.4446674883365631, 0.378114253282547, 0.3220873177051544, 0.2763977646827698, 0.23927977681159973, 0.20946884155273438], "val_accuracy": [0.6772089004516602, 0.9006024599075317, 0.9432731866836548, 0.958333432674408, 0.9633535146713257, 0.9663655161857605, 0.9688755869865417, 0.972891628742218, 0.9743976593017578, 0.9759036898612976]}