{"accuracy": [0.3, 0.46, 0.64, 0.69, 0.68], "val_accuracy": [0.423, 0.56, 0.677, 0.637, 0.633], "loss": [81.77160519769902, 47.86516450353084, 29.069785469914518, 20.813683674148873, 18.068127749866388], "val_loss": [709.7778259026102, 405.70855655703167, 274.5031586135788, 243.63014961047514, 229.16203236910863]}