{"loss": [44.30057144165039, 11.967940330505371, 4.749782562255859, 2.8973026275634766, 2.2885360717773438, 1.9849929809570312, 1.8634709119796753, 1.8048756122589111, 1.7581671476364136, 1.7175006866455078], "accuracy": [0.8597792387008667, 0.94059157371521, 0.9689053893089294, 0.9806185364723206, 0.9848318696022034, 0.9869385957717896, 0.9877812266349792, 0.9884553551673889, 0.9886239171028137, 0.9888767004013062], "val_loss": [24.154829025268555, 7.991279602050781, 4.141537189483643, 3.1663973331451416, 2.804097890853882, 2.6485211849212646, 2.567708969116211, 2.52183198928833, 2.488809108734131, 2.4438626766204834], "val_accuracy": [0.90086430311203, 0.9501780271530151, 0.9705135226249695, 0.9796645641326904, 0.9837316274642944, 0.9847484230995178, 0.9842400550842285, 0.9847484230995178, 0.9847484230995178, 0.9852567911148071]}