{"loss": [11.931525230407715, 5.514674663543701, 3.991121292114258, 3.0767831802368164, 2.4052507877349854, 1.9307440519332886, 1.4863752126693726, 1.1906249523162842, 0.9011685252189636, 0.7162613272666931], "accuracy": [0.8153209090232849, 0.901445746421814, 0.9192525148391724, 0.9270098805427551, 0.9318583011627197, 0.9344146847724915, 0.9347673058509827, 0.9332687258720398, 0.9362658858299255, 0.9330042600631714], "val_loss": [6.046212673187256, 4.2794880867004395, 3.259847640991211, 2.5419235229492188, 2.0849311351776123, 1.3843343257904053, 1.4513156414031982, 0.8174127340316772, 0.7779985070228577, 0.5327571034431458], "val_accuracy": [0.884615421295166, 0.9102564454078674, 0.9246795177459717, 0.9321581721305847, 0.9369658827781677, 0.942307710647583, 0.9214743971824646, 0.947115421295166, 0.9342949390411377, 0.942307710647583]}