{"loss": [0.6985346078872681, 0.6868084669113159, 0.6731217503547668, 0.6568800210952759, 0.6401401162147522, 0.6243098378181458, 0.6102513074874878, 0.5981095433235168, 0.5880922675132751, 0.579943835735321], "accuracy": [0.530730664730072, 0.531596302986145, 0.5636253952980042, 0.6490651369094849, 0.7086219191551208, 0.7273199558258057, 0.7375346422195435, 0.7388331294059753, 0.739439070224762, 0.7400450706481934], "val_loss": [0.6910936832427979, 0.6795580983161926, 0.6644012331962585, 0.6477481722831726, 0.6316195130348206, 0.616911768913269, 0.6040170192718506, 0.593258798122406, 0.584507942199707, 0.5775014162063599], "val_accuracy": [0.5310199856758118, 0.534700334072113, 0.6014721393585205, 0.680862307548523, 0.7134595513343811, 0.7292324304580688, 0.7308096885681152, 0.7271293997764587, 0.7276551127433777, 0.726603627204895]}