{"loss": [0.43974006175994873, 0.31773293018341064, 0.24747559428215027, 0.1980012208223343, 0.1633986234664917, 0.13626240193843842, 0.11274545639753342, 0.09454133361577988, 0.08240609616041183, 0.07189718633890152], "accuracy": [0.951656699180603, 0.9865987300872803, 0.9898051619529724, 0.99095618724823, 0.9908739924430847, 0.9904628992080688, 0.9911206364631653, 0.991942822933197, 0.9915317296981812, 0.9893940687179565], "val_loss": [0.3578680455684662, 0.2782316505908966, 0.21767055988311768, 0.1727752834558487, 0.14958803355693817, 0.11990643292665482, 0.10112415999174118, 0.08355972915887833, 0.07051374763250351, 0.07016026973724365], "val_accuracy": [0.992106556892395, 0.9886531829833984, 0.9930932521820068, 0.9945732355117798, 0.9901331663131714, 0.993586540222168, 0.993586540222168, 0.9950665831565857, 0.9960532784461975, 0.993586540222168]}