{"loss": [0.6972466111183167, 0.6428259015083313, 0.5310327410697937, 0.41221436858177185, 0.32256659865379333, 0.2602539658546448, 0.21698462963104248, 0.18634697794914246, 0.16428260505199432, 0.14812389016151428], "accuracy": [0.5171673893928528, 0.8114064335823059, 0.9655002355575562, 0.9684714674949646, 0.9684714674949646, 0.9691317677497864, 0.9693793654441833, 0.9699571132659912, 0.9697095155715942, 0.9700396656990051], "val_loss": [0.6763168573379517, 0.5939964652061462, 0.46875202655792236, 0.3649485409259796, 0.2922073304653168, 0.24219393730163574, 0.20768554508686066, 0.18345007300376892, 0.1654222309589386, 0.15273992717266083], "val_accuracy": [0.530469536781311, 0.9545454382896423, 0.957042932510376, 0.9590409398078918, 0.9585414528846741, 0.9585414528846741, 0.9590409398078918, 0.9600399136543274, 0.9595404267311096, 0.9605394601821899]}