{"loss": [0.6892796158790588, 0.6582457423210144, 0.6243358254432678, 0.5788605213165283, 0.5229095816612244, 0.4619060754776001, 0.40173301100730896, 0.3470570147037506, 0.30054837465286255, 0.26213908195495605], "accuracy": [0.5671093463897705, 0.8479912877082825, 0.934769868850708, 0.9587404727935791, 0.9616637229919434, 0.9665079712867737, 0.9689300656318665, 0.9703499674797058, 0.9719368815422058, 0.9724379777908325], "val_loss": [0.6690740585327148, 0.6376845836639404, 0.5954708456993103, 0.5402312874794006, 0.4773634970188141, 0.41351887583732605, 0.3537120521068573, 0.30195966362953186, 0.2593490481376648, 0.22483737766742706], "val_accuracy": [0.7776104807853699, 0.9076306223869324, 0.9523093104362488, 0.9683735966682434, 0.9713855981826782, 0.9754016995429993, 0.9759036898612976, 0.976405680179596, 0.9759036898612976, 0.9759036898612976]}