{"accuracy": [0.52, 0.74, 0.79, 0.84, 0.93, 0.93, 0.96, 0.98, 0.97, 0.98], "val_accuracy": [0.666, 0.677, 0.706, 0.769, 0.858, 0.891, 0.911, 0.937, 0.935, 0.94], "loss": [114.74000000000005, 67.34400000000001, 58.012000000000015, 47.720000000000006, 41.88799999999999, 36.69999999999999, 30.135999999999996, 28.02799999999999, 28.156, 27.876], "val_loss": [786.5279999999985, 751.1919999999992, 676.26, 562.7720000000002, 486.9760000000003, 429.30800000000096, 405.6360000000007, 374.0120000000006, 375.7360000000007, 363.85600000000017]}