{"loss": [0.6929796934127808, 0.6858189105987549, 0.6723062992095947, 0.646629273891449, 0.6059818267822266, 0.5529794096946716, 0.4939853549003601, 0.43561720848083496, 0.38240617513656616, 0.3354525566101074], "accuracy": [0.5193027257919312, 0.5337585210800171, 0.843537449836731, 0.9009354114532471, 0.9474489688873291, 0.9549319744110107, 0.9615646600723267, 0.9649659991264343, 0.9660714268684387, 0.9681122303009033], "val_loss": [0.6893389821052551, 0.6792140603065491, 0.6589218974113464, 0.6233776807785034, 0.572744607925415, 0.5133635997772217, 0.45195499062538147, 0.3948157727718353, 0.34507831931114197, 0.3022139370441437], "val_accuracy": [0.49432992935180664, 0.8587629199028015, 0.8757732510566711, 0.9458763003349304, 0.9572165012359619, 0.9634020924568176, 0.9644330143928528, 0.9675257802009583, 0.9695876836776733, 0.9695876836776733]}