{"loss": [0.8408849239349365, 0.732086718082428, 0.6980786919593811, 0.671384334564209, 0.6289420127868652, 0.5638777613639832, 0.4881531894207001, 0.4157220125198364, 0.3531510829925537, 0.3012690544128418], "accuracy": [0.4829151928424835, 0.46368440985679626, 0.3799108862876892, 0.8139650225639343, 0.9252228736877441, 0.9437108635902405, 0.970617413520813, 0.9756520986557007, 0.9770551919937134, 0.9773027896881104], "val_loss": [0.7628335952758789, 0.7112487554550171, 0.6852383017539978, 0.6519007682800293, 0.594825267791748, 0.5192395448684692, 0.44203945994377136, 0.3733174204826355, 0.31668874621391296, 0.2706875503063202], "val_accuracy": [0.4865134656429291, 0.33166831731796265, 0.6118881106376648, 0.9265733957290649, 0.9210789203643799, 0.9540459513664246, 0.9680319428443909, 0.9725274443626404, 0.9730269312858582, 0.9740259647369385]}