{"loss": [304.8619384765625, 110.0355224609375, 7.945758819580078, 0.3681790828704834, 0.32392001152038574, 0.3080286681652069, 0.28771835565567017, 0.26480963826179504, 0.24304400384426117, 0.21473097801208496], "accuracy": [0.43767526745796204, 0.5685275197029114, 0.8932790160179138, 0.9760387539863586, 0.9792675971984863, 0.9787577986717224, 0.9782480001449585, 0.9783329367637634, 0.9786728024482727, 0.9790976643562317], "val_loss": [221.72207641601562, 39.95528793334961, 0.4817425608634949, 0.3639830946922302, 0.3307589590549469, 0.3134194016456604, 0.3001766502857208, 0.28530338406562805, 0.2335110455751419, 0.21184037625789642], "val_accuracy": [0.45703935623168945, 0.7096273303031921, 0.9715321063995361, 0.9767081141471863, 0.977225661277771, 0.979296088218689, 0.980331301689148, 0.977225661277771, 0.9767081141471863, 0.9761905074119568]}