{"loss": [0.701339066028595, 0.6771343946456909, 0.6646866202354431, 0.6507659554481506, 0.6356409788131714, 0.6204628348350525, 0.6062288284301758, 0.5935989022254944, 0.5827375650405884, 0.5736648440361023], "accuracy": [0.530730664730072, 0.530730664730072, 0.5893352031707764, 0.6693213582038879, 0.7247230410575867, 0.7463642954826355, 0.7506060004234314, 0.7543283104896545, 0.7537223696708679, 0.7536357641220093], "val_loss": [0.6827287077903748, 0.6701596975326538, 0.6568799018859863, 0.6418418288230896, 0.6261984705924988, 0.6110385656356812, 0.5969286561012268, 0.584591805934906, 0.5740819573402405, 0.5653697848320007], "val_accuracy": [0.5310199856758118, 0.5310199856758118, 0.6140904426574707, 0.7134595513343811, 0.731335461139679, 0.7444795370101929, 0.7502629160881042, 0.7555205225944519, 0.7592008709907532, 0.7581493854522705]}