{"loss": [0.9073212146759033, 0.19148868322372437, 0.0921863242983818, 0.06173250079154968, 0.04955030232667923, 0.026454836130142212, 0.03473638743162155, 0.029595213010907173, 0.022524021565914154, 0.04388851672410965], "accuracy": [0.9803657531738281, 0.9949439764022827, 0.9969663619995117, 0.998146116733551, 0.9978090524673462, 0.9989045262336731, 0.9983989000320435, 0.9983989000320435, 0.9989045262336731, 0.9987360239028931], "val_loss": [0.26928213238716125, 0.1857401430606842, 0.37301748991012573, 0.25114014744758606, 0.16571775078773499, 0.19569116830825806, 0.15484938025474548, 0.20311787724494934, 0.17953187227249146, 0.33992820978164673], "val_accuracy": [0.9928826093673706, 0.995932936668396, 0.991865873336792, 0.9949162006378174, 0.9954245686531067, 0.9944077730178833, 0.9949162006378174, 0.9954245686531067, 0.9964413642883301, 0.9949162006378174]}