{"loss": [0.686350405216217, 0.6706657409667969, 0.6546264290809631, 0.6327863335609436, 0.6053363680839539, 0.572520911693573, 0.5348405838012695, 0.49317407608032227, 0.4498073160648346, 0.40745294094085693], "accuracy": [0.5170848965644836, 0.5184054374694824, 0.5619016289710999, 0.6611093282699585, 0.7661769986152649, 0.8368273973464966, 0.8845328688621521, 0.9111918807029724, 0.9288544654846191, 0.9413173198699951], "val_loss": [0.6772521734237671, 0.6630585193634033, 0.6436406373977661, 0.6182559132575989, 0.5874480605125427, 0.5513865351676941, 0.5109564661979675, 0.4674687683582306, 0.4243651330471039, 0.38330236077308655], "val_accuracy": [0.5134865045547485, 0.5339660048484802, 0.6183816194534302, 0.7562437057495117, 0.8301697969436646, 0.8806193470954895, 0.9070928692817688, 0.923076868057251, 0.9295703768730164, 0.9385614395141602]}