{"accuracy": [0.63, 0.83, 0.85, 0.85, 0.83, 0.83, 0.86, 0.84, 0.87, 0.87], "val_accuracy": [0.747, 0.785, 0.785, 0.792, 0.793, 0.799, 0.804, 0.795, 0.807, 0.821], "loss": [94.30400000000006, 50.66, 46.135999999999996, 46.380000000000024, 44.69599999999999, 43.94800000000003, 44.16800000000001, 42.519999999999996, 40.88399999999998, 41.41200000000001], "val_loss": [693.4960000000001, 595.8440000000003, 585.1360000000003, 575.0400000000005, 573.676000000001, 558.3120000000001, 558.0280000000009, 554.9360000000013, 535.436000000001, 521.536000000001]}