{"loss": [2.7841615676879883, 2.5007667541503906, 2.2264785766601562, 1.955446481704712, 1.6835376024246216, 1.4187275171279907, 1.1568173170089722, 0.8956115245819092, 0.6674739718437195, 0.5858092904090881], "accuracy": [0.705119788646698, 0.705119788646698, 0.705119788646698, 0.705119788646698, 0.705119788646698, 0.7050377726554871, 0.7047095894813538, 0.7044634222984314, 0.6970791220664978, 0.6787003874778748], "val_loss": [1.6155866384506226, 1.4681779146194458, 1.3244398832321167, 1.1819754838943481, 1.03982675075531, 0.9023206830024719, 0.7670685648918152, 0.6343645453453064, 0.5555583238601685, 0.5556062459945679], "val_accuracy": [0.7250996232032776, 0.7250996232032776, 0.7250996232032776, 0.7250996232032776, 0.7250996232032776, 0.7241036295890808, 0.7241036295890808, 0.7211155891418457, 0.7051793336868286, 0.705677330493927]}