{"loss": [0.7766841053962708, 0.7072979807853699, 0.6869447231292725, 0.6685556769371033, 0.6410055756568909, 0.6047148704528809, 0.5632120966911316, 0.51966392993927, 0.4761764109134674, 0.43448224663734436], "accuracy": [0.49715355038642883, 0.49715355038642883, 0.4974084794521332, 0.6064236760139465, 0.7337072491645813, 0.8064406514167786, 0.85487300157547, 0.8960829377174377, 0.9067040681838989, 0.9206389784812927], "val_loss": [0.7242223024368286, 0.6942054629325867, 0.6770157217979431, 0.6523562073707581, 0.6159100532531738, 0.5732999444007874, 0.5276644825935364, 0.48006007075309753, 0.43567508459091187, 0.3927512764930725], "val_accuracy": [0.5041407942771912, 0.5041407942771912, 0.510869562625885, 0.7639751434326172, 0.8157349824905396, 0.8856107592582703, 0.922877848148346, 0.9233954548835754, 0.9389234185218811, 0.9415113925933838]}