{"loss": [0.7085516452789307, 0.6698796153068542, 0.6459192037582397, 0.6133556365966797, 0.5701181292533875, 0.5199092626571655, 0.46884676814079285, 0.42168280482292175, 0.3804556727409363, 0.3453716039657593], "accuracy": [0.5219154953956604, 0.5220918655395508, 0.6002293229103088, 0.6820707321166992, 0.789752185344696, 0.8510450720787048, 0.885968804359436, 0.900873064994812, 0.9094276428222656, 0.9157773852348328], "val_loss": [0.6808478236198425, 0.6557095646858215, 0.6265203356742859, 0.5853191018104553, 0.5345995426177979, 0.4797113537788391, 0.42785120010375977, 0.3819062411785126, 0.3434249758720398, 0.31125250458717346], "val_accuracy": [0.5178378224372864, 0.5302702784538269, 0.6324324607849121, 0.7724324464797974, 0.8318918943405151, 0.8810811042785645, 0.8940540552139282, 0.9129729866981506, 0.9200000166893005, 0.9259459972381592]}