{"loss": [61.749847412109375, 3.2472004890441895, 1.293980360031128, 0.8929151892662048, 0.6881192326545715, 0.5420315265655518, 0.4617666006088257, 0.40778064727783203, 0.35902702808380127, 0.31294724345207214], "accuracy": [0.7040532827377319, 0.9477542638778687, 0.9766579866409302, 0.9835678935050964, 0.9870228171348572, 0.9898879528045654, 0.9912362098693848, 0.9927530288696289, 0.9934271574020386, 0.993679940700531], "val_loss": [6.3336687088012695, 1.949337124824524, 1.4864128828048706, 1.2097405195236206, 1.029171347618103, 0.9098396897315979, 0.8195441365242004, 0.7595606446266174, 0.7068096995353699, 0.6410220265388489], "val_accuracy": [0.912048876285553, 0.9710219502449036, 0.9822064638137817, 0.9857652187347412, 0.9872903823852539, 0.9883071184158325, 0.9903407096862793, 0.9903407096862793, 0.9903407096862793, 0.9913574457168579]}