{"loss": [0.8272674679756165, 0.6665835976600647, 0.5549679398536682, 0.47252193093299866, 0.41023197770118713, 0.36200180649757385, 0.32372671365737915, 0.2927316427230835, 0.2672792971134186, 0.24603459239006042], "accuracy": [0.39680516719818115, 0.6461042165756226, 0.8586965799331665, 0.9236978888511658, 0.9412015080451965, 0.9470643401145935, 0.954881489276886, 0.9575155377388, 0.9609143137931824, 0.9625287055969238], "val_loss": [0.7267377376556396, 0.5920846462249756, 0.4941762089729309, 0.4212283194065094, 0.36574432253837585, 0.3231428563594818, 0.28879430890083313, 0.2614262104034424, 0.2382887899875641, 0.21952496469020844], "val_accuracy": [0.4870600402355194, 0.8571428656578064, 0.9342650175094604, 0.9435818195343018, 0.9492753744125366, 0.957556962966919, 0.9596273303031921, 0.9637681245803833, 0.9637681245803833, 0.9642857313156128]}