{"loss": [0.8237583041191101, 0.16796956956386566, 0.06634840369224548, 0.052851155400276184, 0.0476243831217289, 0.027495281770825386, 0.021975010633468628, 0.029351210221648216, 0.014863448217511177, 0.02773035503923893], "accuracy": [0.9830964207649231, 0.9954186677932739, 0.9972354173660278, 0.9981833100318909, 0.9980252981185913, 0.9985782504081726, 0.9985782504081726, 0.9987362027168274, 0.9988152384757996, 0.9987362027168274], "val_loss": [0.31317517161369324, 0.22908945381641388, 0.20049095153808594, 0.25085338950157166, 0.1600920408964157, 0.1968613862991333, 0.22915565967559814, 0.21418273448944092, 0.19562089443206787, 0.27374061942100525], "val_accuracy": [0.9947444200515747, 0.9952221512794495, 0.9952221512794495, 0.995699942111969, 0.9976111054420471, 0.9942666292190552, 0.9961777329444885, 0.995699942111969, 0.9961777329444885, 0.995699942111969]}