{"loss": [0.6647151708602905, 0.6383851766586304, 0.6035782694816589, 0.5614314079284668, 0.5149747133255005, 0.46745699644088745, 0.42163506150245667, 0.3794981837272644, 0.3415311574935913, 0.3082961440086365], "accuracy": [0.7816375494003296, 0.8975709676742554, 0.9358757138252258, 0.9403771758079529, 0.9408017992973328, 0.9382538199424744, 0.9409716725349426, 0.9443690180778503, 0.9449635148048401, 0.9492101669311523], "val_loss": [0.6523403525352478, 0.6225733757019043, 0.5846149325370789, 0.5406355261802673, 0.4939812421798706, 0.4474226236343384, 0.40361690521240234, 0.36353474855422974, 0.32763633131980896, 0.2962437570095062], "val_accuracy": [0.873080849647522, 0.9344933032989502, 0.9498464465141296, 0.9442169666290283, 0.9411463737487793, 0.9447287321090698, 0.9452404975891113, 0.9416581392288208, 0.9483111500740051, 0.9477993845939636]}