{"loss": [8.493022918701172, 2.7521331310272217, 1.7204475402832031, 1.2811532020568848, 1.0492855310440063, 0.9414558410644531, 0.8174769282341003, 0.7415807843208313, 0.65915447473526, 0.6034981608390808], "accuracy": [0.8928542137145996, 0.9561789631843567, 0.9676321744918823, 0.9716988801956177, 0.9749357104301453, 0.975516676902771, 0.9768445491790771, 0.978089451789856, 0.9783384799957275, 0.9793344140052795], "val_loss": [3.2007765769958496, 1.7397232055664062, 1.1962023973464966, 1.036702275276184, 0.9203940033912659, 0.854238748550415, 0.8031408190727234, 0.7702479362487793, 0.6684647798538208, 0.7574520707130432], "val_accuracy": [0.9507114291191101, 0.9629065990447998, 0.9720529317855835, 0.9751017093658447, 0.9766260981559753, 0.9776423573493958, 0.9756098389625549, 0.9756098389625549, 0.9751017093658447, 0.9771342277526855]}