{"loss": [0.6874688863754272, 0.6813681125640869, 0.6744132041931152, 0.6652806401252747, 0.6546726822853088, 0.6428666114807129, 0.6307141780853271, 0.6188318133354187, 0.6076191663742065, 0.5976770520210266], "accuracy": [0.6172505021095276, 0.6866254210472107, 0.6912052035331726, 0.7012128233909607, 0.7001951336860657, 0.7029090523719788, 0.7038419842720032, 0.7043508291244507, 0.7029090523719788, 0.704605221748352], "val_loss": [0.6828314661979675, 0.6756694316864014, 0.6666889190673828, 0.6556453704833984, 0.6431320905685425, 0.6300197839736938, 0.6167958378791809, 0.6043952703475952, 0.5936150550842285, 0.5841436386108398], "val_accuracy": [0.6544449925422668, 0.6976393461227417, 0.7132094502449036, 0.7046710252761841, 0.7112004160881042, 0.710698127746582, 0.710698127746582, 0.710698127746582, 0.7152184844017029, 0.7127071619033813]}