{"loss": [14.907144546508789, 8.934889793395996, 7.680840015411377, 6.811655044555664, 5.937867641448975, 5.007064342498779, 3.986391544342041, 2.885727882385254, 1.7188502550125122, 0.5205193161964417], "accuracy": [0.9236177206039429, 0.9554502964019775, 0.9615324139595032, 0.9632701873779297, 0.9646130204200745, 0.9657978415489197, 0.9670616388320923, 0.9673776030540466, 0.967456579208374, 0.970221221446991], "val_loss": [7.856923580169678, 6.016051292419434, 5.209280967712402, 4.654435157775879, 4.060814380645752, 3.38645339012146, 2.604090690612793, 1.7487972974777222, 0.8359205722808838, 0.0623234361410141], "val_accuracy": [0.9569995403289795, 0.9646440744400024, 0.9713330268859863, 0.9727663993835449, 0.9732441306114197, 0.9746775031089783, 0.9751552939414978, 0.9751552939414978, 0.9751552939414978, 0.9784997701644897]}