{"loss": [0.44097450375556946, 0.3069232106208801, 0.24777454137802124, 0.19940999150276184, 0.18153592944145203, 0.14954029023647308, 0.1343230903148651, 0.11785849183797836, 0.09872858226299286, 0.09411679953336716], "accuracy": [0.9205596446990967, 0.9682565927505493, 0.9701383113861084, 0.9761106371879578, 0.9583572149276733, 0.9691565036773682, 0.9660476446151733, 0.9727563261985779, 0.9767651557922363, 0.9770105481147766], "val_loss": [0.3675866425037384, 0.2759835422039032, 0.22514945268630981, 0.1876826137304306, 0.16712833940982819, 0.15694890916347504, 0.13182024657726288, 0.1224595233798027, 0.11332301050424576, 0.10961857438087463], "val_accuracy": [0.9383495450019836, 0.9631068110466003, 0.9699029326438904, 0.9708738327026367, 0.9665048718452454, 0.9533980488777161, 0.9723300933837891, 0.9679611921310425, 0.9699029326438904, 0.968932032585144]}