{"loss": [78.14600372314453, 8.638581275939941, 2.9794397354125977, 1.8097401857376099, 1.3673722743988037, 1.1412640810012817, 1.0155738592147827, 0.9270745515823364, 0.8532654047012329, 0.7880664467811584], "accuracy": [0.6878575682640076, 0.9250635504722595, 0.9705181121826172, 0.9801334738731384, 0.9850603938102722, 0.9872059226036072, 0.9891131520271301, 0.9895104765892029, 0.99054354429245, 0.9913381934165955], "val_loss": [18.71341323852539, 4.448333740234375, 2.18498158454895, 1.2112926244735718, 0.8219356536865234, 0.5699270963668823, 0.4653526544570923, 0.39899182319641113, 0.34447094798088074, 0.28714457154273987], "val_accuracy": [0.8568729758262634, 0.9584317803382874, 0.9711856842041016, 0.9820501208305359, 0.9863014221191406, 0.9914974570274353, 0.9924421906471252, 0.9929145574569702, 0.9933869242668152, 0.9929145574569702]}