{"accuracy": [0.82, 0.86, 0.87, 0.87, 0.87], "val_accuracy": [0.862, 0.868, 0.866, 0.872, 0.864], "loss": [14.092271211193735, 6.764328474948595, 6.0532719270117665, 5.740348079563375, 5.887388824112261], "val_loss": [87.10204967212782, 47.19671079018849, 42.501781471608744, 42.91926724080044, 41.794498240700094]}