{"loss": [0.7294908761978149, 0.5102106332778931, 0.3993384540081024, 0.3281978666782379, 0.2794080674648285, 0.24411725997924805, 0.21756798028945923, 0.19681721925735474, 0.18028001487255096, 0.16674701869487762], "accuracy": [0.6204396486282349, 0.9452367424964905, 0.9377511143684387, 0.9418485164642334, 0.9477581977844238, 0.9548498392105103, 0.9566621780395508, 0.9598928093910217, 0.9639114141464233, 0.9671420454978943], "val_loss": [0.5858792662620544, 0.44580575823783875, 0.35762307047843933, 0.2982352674007416, 0.25593820214271545, 0.22441914677619934, 0.19982273876667023, 0.1802683174610138, 0.16449198126792908, 0.15135180950164795], "val_accuracy": [0.9897387623786926, 0.9407649040222168, 0.9435634016990662, 0.9500932693481445, 0.9575559496879578, 0.9561566710472107, 0.9631529450416565, 0.9659514427185059, 0.9682835340499878, 0.9692164063453674]}