{"loss": [23.272705078125, 6.52350378036499, 3.829451560974121, 2.6806585788726807, 1.955426812171936, 1.4481927156448364, 1.1160470247268677, 0.8752021193504333, 0.695509135723114, 0.5237917304039001], "accuracy": [0.881649911403656, 0.953274130821228, 0.9684621095657349, 0.9766785502433777, 0.9796663522720337, 0.9826541543006897, 0.9844800233840942, 0.9842310547828674, 0.9845630526542664, 0.9838991165161133], "val_loss": [8.475048065185547, 3.8825201988220215, 2.5348269939422607, 1.9154993295669556, 1.4226852655410767, 1.070909023284912, 0.8107690215110779, 0.650986909866333, 0.4950515329837799, 0.3433358073234558], "val_accuracy": [0.9451220035552979, 0.965955376625061, 0.9756098389625549, 0.9791667461395264, 0.9817073941230774, 0.983231782913208, 0.983231782913208, 0.9842480421066284, 0.9842480421066284, 0.9852643013000488]}