{"loss": [0.7782076001167297, 0.6993599534034729, 0.6855534911155701, 0.6763497591018677, 0.6643842458724976, 0.6475404500961304, 0.6242200136184692, 0.5942174196243286, 0.5600735545158386, 0.5252889394760132], "accuracy": [0.5016840696334839, 0.5016840696334839, 0.5844560265541077, 0.7414112687110901, 0.7697877883911133, 0.7489053606987, 0.7648198008537292, 0.7896597981452942, 0.8113843202590942, 0.8298248648643494], "val_loss": [0.7090144753456116, 0.689156174659729, 0.6817985773086548, 0.6724089980125427, 0.6589919328689575, 0.6403522491455078, 0.615614116191864, 0.5855742692947388, 0.5534147620201111, 0.5221418738365173], "val_accuracy": [0.5185929536819458, 0.5185929536819458, 0.72160804271698, 0.741708517074585, 0.7075376510620117, 0.7125627994537354, 0.745728611946106, 0.7633165717124939, 0.8015075325965881, 0.8135678172111511]}