{"loss": [0.7068315148353577, 0.6850706338882446, 0.6613953113555908, 0.6299591660499573, 0.5874672532081604, 0.5350267291069031, 0.47773614525794983, 0.4214414954185486, 0.37025079131126404, 0.3261244297027588], "accuracy": [0.3485232889652252, 0.5604189038276672, 0.8110120296478271, 0.920232355594635, 0.9451035261154175, 0.9494395852088928, 0.9523030519485474, 0.9535302519798279, 0.9538574814796448, 0.9541029334068298], "val_loss": [0.6965505480766296, 0.6749728322029114, 0.6480680704116821, 0.6112897396087646, 0.5632943511009216, 0.507195770740509, 0.4497985243797302, 0.3955499529838562, 0.3481895923614502, 0.3078722655773163], "val_accuracy": [0.3975728154182434, 0.6985437273979187, 0.8975728154182434, 0.9378641247749329, 0.9480582475662231, 0.9504854679107666, 0.9509708881378174, 0.9548543691635132, 0.9533980488777161, 0.9538835287094116]}