{"loss": [0.7166724801063538, 0.6863918900489807, 0.6615304350852966, 0.603905200958252, 0.5186878442764282, 0.4304851293563843, 0.3538176119327545, 0.2917673885822296, 0.2425415813922882, 0.2036636471748352], "accuracy": [0.48596981167793274, 0.6221693754196167, 0.777321994304657, 0.8600262999534607, 0.9288644790649414, 0.9597144722938538, 0.9732524156570435, 0.9789137244224548, 0.9817033410072327, 0.9842468500137329], "val_loss": [0.6941156983375549, 0.677173912525177, 0.638027012348175, 0.5614769458770752, 0.47026461362838745, 0.3864240050315857, 0.3168081045150757, 0.26167967915534973, 0.21820667386054993, 0.1836874932050705], "val_accuracy": [0.48804783821105957, 0.843625545501709, 0.880976140499115, 0.9213147759437561, 0.9501992464065552, 0.9696215391159058, 0.9775896668434143, 0.981573760509491, 0.9845618009567261, 0.9855577945709229]}