{"loss": [0.4943520724773407, 0.3313479423522949, 0.2381485104560852, 0.1830081343650818, 0.14912289381027222, 0.1274428814649582, 0.11322750151157379, 0.1036515161395073, 0.09711498767137527, 0.09261811524629593], "accuracy": [0.9414692521095276, 0.9781991243362427, 0.9770932793617249, 0.9770142436027527, 0.9769352674484253, 0.9768562912940979, 0.9768562912940979, 0.9768562912940979, 0.9768562912940979, 0.9768562912940979], "val_loss": [0.3926147222518921, 0.26812905073165894, 0.1948532611131668, 0.1502211093902588, 0.12164874374866486, 0.10273335874080658, 0.08983524143695831, 0.08082265406847, 0.07443586736917496, 0.06980863213539124], "val_accuracy": [0.9866220951080322, 0.9856665134429932, 0.9851887226104736, 0.9851887226104736, 0.9847109317779541, 0.9847109317779541, 0.9847109317779541, 0.9847109317779541, 0.9847109317779541, 0.9847109317779541]}