{"loss": [0.7098519802093506, 0.6726988554000854, 0.6160345673561096, 0.5293541550636292, 0.44134727120399475, 0.36864838004112244, 0.311726838350296, 0.26792559027671814, 0.23460082709789276, 0.20936733484268188], "accuracy": [0.46254462003707886, 0.6627314686775208, 0.8453372120857239, 0.8748089671134949, 0.8957873582839966, 0.9136232733726501, 0.9274673461914062, 0.9385935664176941, 0.9458978176116943, 0.9497197866439819], "val_loss": [0.6896042227745056, 0.6488779783248901, 0.5729385018348694, 0.48111966252326965, 0.4003429114818573, 0.3358471393585205, 0.28525254130363464, 0.24633930623531342, 0.2163972407579422, 0.1936139017343521], "val_accuracy": [0.5424769520759583, 0.8060388565063477, 0.856192409992218, 0.8833162784576416, 0.9089047908782959, 0.9237461686134338, 0.9401227831840515, 0.9472876191139221, 0.9524053335189819, 0.9570112228393555]}