{"loss": [0.6878880858421326, 0.6636427640914917, 0.6151685118675232, 0.5506207942962646, 0.48705220222473145, 0.43119916319847107, 0.38567081093788147, 0.34970080852508545, 0.3216250240802765, 0.29973694682121277], "accuracy": [0.5190738439559937, 0.5190738439559937, 0.5758516788482666, 0.7720901370048523, 0.8325053453445435, 0.8629347085952759, 0.8797019124031067, 0.8947835564613342, 0.9035663604736328, 0.9108410477638245], "val_loss": [0.6789104342460632, 0.6442385315895081, 0.5840290784835815, 0.5179532766342163, 0.4571693539619446, 0.4053977429866791, 0.3640376031398773, 0.33122682571411133, 0.30546462535858154, 0.2849447727203369], "val_accuracy": [0.5219721794128418, 0.5219721794128418, 0.6956056356430054, 0.809217631816864, 0.8622722625732422, 0.8783494830131531, 0.8965702652931213, 0.9051447510719299, 0.9110397100448608, 0.9163987636566162]}