{"loss": [0.7397543787956238, 0.6928725838661194, 0.6788043975830078, 0.6629459857940674, 0.6382424235343933, 0.6014787554740906, 0.5532389879226685, 0.4979299008846283, 0.4412896931171417, 0.3879697620868683], "accuracy": [0.48793116211891174, 0.5203374028205872, 0.8227679133415222, 0.8455691933631897, 0.9065397381782532, 0.8768061399459839, 0.9140565991401672, 0.9265012741088867, 0.9417856931686401, 0.9503048658370972], "val_loss": [0.7051852345466614, 0.685316801071167, 0.671180784702301, 0.6499643325805664, 0.6165652275085449, 0.5704764127731323, 0.5141472220420837, 0.454424649477005, 0.3963838219642639, 0.34462326765060425], "val_accuracy": [0.49297192692756653, 0.6912651062011719, 0.881024181842804, 0.9226908087730408, 0.8674699664115906, 0.9116466641426086, 0.9226908087730408, 0.947289228439331, 0.9578313827514648, 0.9653615355491638]}