{"loss": [0.6950160264968872, 0.6681442260742188, 0.6363793015480042, 0.587411105632782, 0.5252426266670227, 0.4595392346382141, 0.3982236087322235, 0.3450982868671417, 0.30092906951904297, 0.26475968956947327], "accuracy": [0.5237318873405457, 0.5850229263305664, 0.8574535846710205, 0.9167249798774719, 0.9296978712081909, 0.9432922005653381, 0.947020947933197, 0.9498174786567688, 0.9537792801856995, 0.9555659294128418], "val_loss": [0.6779714822769165, 0.6523531675338745, 0.6098209619522095, 0.5503745675086975, 0.4830855429172516, 0.4159001111984253, 0.35749900341033936, 0.3085685968399048, 0.2685518264770508, 0.23495976626873016], "val_accuracy": [0.5291375517845154, 0.8116549849510193, 0.9310023188591003, 0.9468531608581543, 0.9575757384300232, 0.9594405293464661, 0.961771547794342, 0.9636363387107849, 0.9655011892318726, 0.9673659801483154]}