{"accuracy": [0.56, 0.53, 0.53, 0.52, 0.56, 0.57, 0.6, 0.59, 0.6, 0.59], "val_accuracy": [0.583, 0.593, 0.602, 0.606, 0.602, 0.601, 0.598, 0.599, 0.605, 0.607], "loss": [104.00399999999999, 91.39200000000001, 91.41999999999996, 90.99199999999999, 89.33200000000002, 89.44800000000002, 88.50000000000001, 88.30800000000002, 87.59200000000003, 87.728], "val_loss": [913.0079999999995, 898.6879999999996, 900.6760000000008, 880.912, 878.148, 864.7919999999997, 876.7439999999997, 861.7199999999996, 851.7040000000009, 851.7079999999997]}