{"loss": [152.43557739257812, 50.72074508666992, 19.29279899597168, 9.682560920715332, 5.7072367668151855, 3.689995765686035, 2.5333478450775146, 1.8625046014785767, 1.5729244947433472, 1.4019314050674438], "accuracy": [0.6023451685905457, 0.7620018720626831, 0.8709321618080139, 0.9216586351394653, 0.9467244744300842, 0.9603195190429688, 0.9683066010475159, 0.9732348322868347, 0.9742544293403625, 0.973574697971344], "val_loss": [83.22052764892578, 28.61022186279297, 13.845701217651367, 7.86956262588501, 4.801816463470459, 3.1673645973205566, 2.256340265274048, 1.7761213779449463, 1.5583962202072144, 1.384001612663269], "val_accuracy": [0.7023809552192688, 0.8457556962966919, 0.9052795171737671, 0.9332298040390015, 0.9528985619544983, 0.9622153639793396, 0.9679089188575745, 0.9741200804710388, 0.9741200804710388, 0.9730849266052246]}