{"loss": [0.7004502415657043, 0.6865246295928955, 0.667335033416748, 0.6307879090309143, 0.5769405364990234, 0.5129594206809998, 0.44742563366889954, 0.3862208425998688, 0.3322630226612091, 0.2864168882369995], "accuracy": [0.5158824920654297, 0.5977578163146973, 0.7255818247795105, 0.9482759237289429, 0.9708680510520935, 0.9728215336799622, 0.9742653965950012, 0.9731612801551819, 0.9734160304069519, 0.972991406917572], "val_loss": [0.691402792930603, 0.6783362030982971, 0.6503748297691345, 0.6032875776290894, 0.5416299700737, 0.47426488995552063, 0.40958371758461, 0.350875586271286, 0.30082055926322937, 0.2585572600364685], "val_accuracy": [0.5829068422317505, 0.6049129962921143, 0.9181166887283325, 0.9687819480895996, 0.9744114279747009, 0.9769703149795532, 0.9769703149795532, 0.9785056114196777, 0.9779938459396362, 0.9785056114196777]}