{"loss": [0.6763389706611633, 0.5737394690513611, 0.5136352777481079, 0.46839722990989685, 0.4326122999191284, 0.40347108244895935, 0.37947365641593933, 0.35951995849609375, 0.342772513628006, 0.328724205493927], "accuracy": [0.5470389127731323, 0.8436442017555237, 0.945403516292572, 0.9486247897148132, 0.9478814005851746, 0.9481291770935059, 0.9479640126228333, 0.9472206234931946, 0.9483769536018372, 0.9481291770935059], "val_loss": [0.6140893697738647, 0.5400838255882263, 0.48847800493240356, 0.4480055570602417, 0.415397971868515, 0.3884959816932678, 0.36609992384910583, 0.34727221727371216, 0.3312840163707733, 0.31773895025253296], "val_accuracy": [0.6930348873138428, 0.9333333969116211, 0.9507462978363037, 0.9502487778663635, 0.9507462978363037, 0.9492537975311279, 0.9492537975311279, 0.9497513175010681, 0.9487562775611877, 0.9497513175010681]}