{"loss": [0.6093570590019226, 0.3759610056877136, 0.29087841510772705, 0.23544345796108246, 0.196259006857872, 0.16780781745910645, 0.14673280715942383, 0.130878284573555, 0.11879641562700272, 0.10943382233381271], "accuracy": [0.5613044500350952, 0.9753939509391785, 0.9903935194015503, 0.9914047122001648, 0.9911519289016724, 0.9911519289016724, 0.9912362098693848, 0.9912362098693848, 0.9913204908370972, 0.9911519289016724], "val_loss": [0.43349599838256836, 0.3192465603351593, 0.2561901807785034, 0.21276885271072388, 0.18178263306617737, 0.15918317437171936, 0.14263461530208588, 0.12989026308059692, 0.12050912529230118, 0.1127622127532959], "val_accuracy": [0.8861210346221924, 0.9862735867500305, 0.9872903823852539, 0.9877987504005432, 0.9877987504005432, 0.9888155460357666, 0.9888155460357666, 0.9898322820663452, 0.9888155460357666, 0.9888155460357666]}