{"loss": [0.6036005020141602, 0.564046323299408, 0.5354397892951965, 0.5108168721199036, 0.4889272451400757, 0.46922194957733154, 0.45118990540504456, 0.43468302488327026, 0.41955330967903137, 0.405672162771225], "accuracy": [0.5576514601707458, 0.6659019589424133, 0.7670150399208069, 0.8319313526153564, 0.8661738634109497, 0.8806186318397522, 0.8934489488601685, 0.9017758965492249, 0.9085733890533447, 0.9143512845039368], "val_loss": [0.5649989247322083, 0.5348822474479675, 0.5088361501693726, 0.4854266345500946, 0.4642917811870575, 0.44534358382225037, 0.42776888608932495, 0.411868155002594, 0.39704039692878723, 0.3835386633872986], "val_accuracy": [0.6480331420898438, 0.7815735340118408, 0.8649068474769592, 0.8887163996696472, 0.9052795171737671, 0.9171842932701111, 0.922877848148346, 0.9285714626312256, 0.9290890693664551, 0.9296066164970398]}