{"loss": [0.7000545263290405, 0.6950762867927551, 0.6928858160972595, 0.6902256011962891, 0.6853933930397034, 0.6762839555740356, 0.660780131816864, 0.6381186246871948, 0.6090133190155029, 0.5757874846458435], "accuracy": [0.4714406728744507, 0.4211864471435547, 0.49152541160583496, 0.5383898615837097, 0.5959321856498718, 0.6605084538459778, 0.7811017036437988, 0.808728814125061, 0.8400847315788269, 0.8496609926223755], "val_loss": [0.6969314217567444, 0.6937363147735596, 0.6912577748298645, 0.6874963045120239, 0.680145263671875, 0.6667687892913818, 0.6451595425605774, 0.616112470626831, 0.581516444683075, 0.5435662865638733], "val_accuracy": [0.4433962106704712, 0.47467726469039917, 0.5218470692634583, 0.6002979278564453, 0.7219463586807251, 0.794438898563385, 0.8003972172737122, 0.8346573710441589, 0.8421052694320679, 0.8594835996627808]}