{"loss": [0.6893591284751892, 0.5905371308326721, 0.5155065655708313, 0.45796847343444824, 0.41288864612579346, 0.37677887082099915, 0.347330242395401, 0.3227618932723999, 0.3018385171890259, 0.28376737236976624], "accuracy": [0.5465576648712158, 0.692171573638916, 0.7887418866157532, 0.8705654144287109, 0.9106766581535339, 0.9374736547470093, 0.9590461254119873, 0.9636808037757874, 0.9678099155426025, 0.9687368273735046], "val_loss": [0.6381508708000183, 0.5466935038566589, 0.47702768445014954, 0.4240838587284088, 0.38219746947288513, 0.3482958972454071, 0.3211607336997986, 0.2979510426521301, 0.27861228585243225, 0.2612496316432953], "val_accuracy": [0.639552652835846, 0.7336045503616333, 0.83477383852005, 0.8774784803390503, 0.9222166538238525, 0.9552618861198425, 0.9613625407218933, 0.9659380316734314, 0.9669548273086548, 0.9679716229438782]}