{"loss": [16.57171630859375, 2.645205497741699, 0.7064664363861084, 0.7013116478919983, 0.6967235803604126, 0.6949081420898438, 0.6933395862579346, 0.692808985710144, 0.6900070309638977, 0.6836557388305664], "accuracy": [0.47901976108551025, 0.4975317418575287, 0.5190409421920776, 0.5163081884384155, 0.5164844989776611, 0.517983078956604, 0.5193935036659241, 0.5221262574195862, 0.5204513669013977, 0.5291784405708313], "val_loss": [7.029444694519043, 0.7076181173324585, 0.7012990713119507, 0.696803629398346, 0.6968220472335815, 0.6928945183753967, 0.6942355036735535, 0.6916493773460388, 0.6884890794754028, 0.6777102947235107], "val_accuracy": [0.502136766910553, 0.5235043168067932, 0.5235043168067932, 0.5235043168067932, 0.5235043168067932, 0.5235043168067932, 0.5235043168067932, 0.5235043168067932, 0.5235043168067932, 0.5176282525062561]}