{"loss": [0.7101582288742065, 0.6764708757400513, 0.6274362206459045, 0.5419715046882629, 0.43774810433387756, 0.34273838996887207, 0.26897525787353516, 0.21495839953422546, 0.17588107287883759, 0.1470947414636612], "accuracy": [0.416429728269577, 0.6325435042381287, 0.7578199505805969, 0.8388625979423523, 0.9263823628425598, 0.974802553653717, 0.9821485280990601, 0.9847551584243774, 0.9853081107139587, 0.9854660630226135], "val_loss": [0.6984474062919617, 0.6646305322647095, 0.5980096459388733, 0.49483823776245117, 0.3865636885166168, 0.29737013578414917, 0.2325294464826584, 0.18541637063026428, 0.1519903838634491, 0.12721727788448334], "val_accuracy": [0.47204968333244324, 0.6641184687614441, 0.7792642116546631, 0.8810319900512695, 0.9569995403289795, 0.9818442463874817, 0.9856665134429932, 0.9866220951080322, 0.9861443042755127, 0.9866220951080322]}