{"loss": [0.6861326098442078, 0.6737769842147827, 0.6557550430297852, 0.6287051439285278, 0.59376060962677, 0.5544606447219849, 0.5138022899627686, 0.4745687246322632, 0.4381743371486664, 0.40543171763420105], "accuracy": [0.5582183003425598, 0.7640782594680786, 0.8508764505386353, 0.8640866875648499, 0.8906766176223755, 0.8981285095214844, 0.8994834423065186, 0.9022778868675232, 0.9036328196525574, 0.9057498574256897], "val_loss": [0.6789077520370483, 0.6636351943016052, 0.6401830315589905, 0.6071343421936035, 0.5686233639717102, 0.528099775314331, 0.4878585636615753, 0.4526577889919281, 0.4162888526916504, 0.38996991515159607], "val_accuracy": [0.7263210415840149, 0.7921236157417297, 0.7981057167053223, 0.8310070037841797, 0.8474576473236084, 0.8519442081451416, 0.8649052977561951, 0.8639082908630371, 0.875373899936676, 0.8743768930435181]}