{"loss": [0.7081239223480225, 0.6829857230186462, 0.6647794842720032, 0.6425170302391052, 0.6127416491508484, 0.5745002627372742, 0.5279331207275391, 0.4747193455696106, 0.41910603642463684, 0.3656651973724365], "accuracy": [0.5010949969291687, 0.5899595618247986, 0.901954174041748, 0.8924359679222107, 0.9483658671379089, 0.9592317938804626, 0.9633591175079346, 0.9652964472770691, 0.970013439655304, 0.9712769389152527], "val_loss": [0.6906667947769165, 0.6727504730224609, 0.652402937412262, 0.6257779598236084, 0.5908147096633911, 0.5474035739898682, 0.4961142838001251, 0.439543753862381, 0.38348937034606934, 0.3329501152038574], "val_accuracy": [0.5072901248931885, 0.819507360458374, 0.7737557291984558, 0.9185521006584167, 0.9386627078056335, 0.9472097158432007, 0.9527401328086853, 0.9638009667396545, 0.9663147926330566, 0.9617899060249329]}