{"loss": [0.6931779980659485, 0.6931650638580322, 0.693159282207489, 0.6931660771369934, 0.693169355392456, 0.6931677460670471, 0.6931742429733276, 0.6931566596031189, 0.6931774616241455, 0.6931613683700562], "accuracy": [0.5006372928619385, 0.5008072257041931, 0.5001274943351746, 0.5028464794158936, 0.5028464794158936, 0.4965587854385376, 0.5028464794158936, 0.4989379048347473, 0.5009771585464478, 0.5028464794158936], "val_loss": [0.6931940317153931, 0.6932201981544495, 0.6932756304740906, 0.693240225315094, 0.6931823492050171, 0.6932098865509033, 0.6932030916213989, 0.6932339668273926, 0.6932298541069031, 0.6932343244552612], "val_accuracy": [0.4958592355251312, 0.4958592355251312, 0.4958592355251312, 0.4958592355251312, 0.4958592355251312, 0.4958592355251312, 0.4958592355251312, 0.4958592355251312, 0.4958592355251312, 0.4958592355251312]}