{"loss": [20.976133346557617, 5.7236809730529785, 0.5804154276847839, 0.3879414200782776, 0.3815615475177765, 0.37700873613357544, 0.3702753186225891, 0.365519255399704, 0.3619513213634491, 0.3587679862976074], "accuracy": [0.6405510902404785, 0.7060337066650391, 0.8720225691795349, 0.8709436655044556, 0.8717736005783081, 0.8706116676330566, 0.8715246319770813, 0.8726035356521606, 0.8715246319770813, 0.8708606362342834], "val_loss": [12.626545906066895, 1.4364720582962036, 0.38359612226486206, 0.3746418058872223, 0.36781013011932373, 0.3587770164012909, 0.3605881929397583, 0.35628873109817505, 0.35225918889045715, 0.35360413789749146], "val_accuracy": [0.6514227986335754, 0.8633130788803101, 0.8836382627487183, 0.8856707811355591, 0.8739838004112244, 0.8760163187980652, 0.8683943748474121, 0.8760163187980652, 0.8714431524276733, 0.8689025044441223]}