{"loss": [0.7159166932106018, 0.681962251663208, 0.6556803584098816, 0.6169731020927429, 0.5574944615364075, 0.4817977845668793, 0.4059027135372162, 0.3404877781867981, 0.2877090871334076, 0.24606046080589294], "accuracy": [0.5003848075866699, 0.5316855907440186, 0.7545539736747742, 0.8526468276977539, 0.9429572820663452, 0.9730607867240906, 0.9770802855491638, 0.9779354929924011, 0.9783630967140198, 0.9781920313835144], "val_loss": [0.69535231590271, 0.6689921617507935, 0.6370831727981567, 0.5860199928283691, 0.5125808715820312, 0.43096956610679626, 0.35731926560401917, 0.29726266860961914, 0.25032901763916016, 0.21310487389564514], "val_accuracy": [0.49795499444007874, 0.6186093688011169, 0.8062372207641602, 0.9279140830039978, 0.9790388345718384, 0.9826175570487976, 0.9831287860870361, 0.9836400747299194, 0.984151303768158, 0.984151303768158]}