{"loss": [0.7011273503303528, 0.6653427481651306, 0.625589907169342, 0.5686253309249878, 0.49755018949508667, 0.4187232255935669, 0.34657397866249084, 0.289743036031723, 0.2471909373998642, 0.21552053093910217], "accuracy": [0.49852707982063293, 0.5665348172187805, 0.790421724319458, 0.9080044031143188, 0.948068380355835, 0.9569901823997498, 0.9580001831054688, 0.9573268294334412, 0.9575793743133545, 0.9582526683807373], "val_loss": [0.6814807057380676, 0.6498299837112427, 0.5998702645301819, 0.5339527130126953, 0.45461779832839966, 0.37495237588882446, 0.30868613719940186, 0.25872892141342163, 0.2218027412891388, 0.19422326982021332], "val_accuracy": [0.4870775640010834, 0.5834990739822388, 0.8807157874107361, 0.9398608803749084, 0.9602386355400085, 0.9627237319946289, 0.9637177586555481, 0.9637177586555481, 0.9642148017883301, 0.9657058119773865]}