{"loss": [58.489830017089844, 2.3903815746307373, 1.1192638874053955, 0.716031014919281, 0.5209084749221802, 0.40820303559303284, 0.3348378539085388, 0.28221121430397034, 0.2532527446746826, 0.22429034113883972], "accuracy": [0.5850285887718201, 0.8904958367347717, 0.908137321472168, 0.9162428379058838, 0.9380164742469788, 0.9473934769630432, 0.9467577338218689, 0.9457247257232666, 0.9468372464179993, 0.9468372464179993], "val_loss": [4.383507251739502, 1.2448928356170654, 0.6053497791290283, 0.31315043568611145, 0.22802434861660004, 0.1825743168592453, 0.15325471758842468, 0.13024099171161652, 0.10501157492399216, 0.09684555977582932], "val_accuracy": [0.8667926788330078, 0.9083608984947205, 0.9178082346916199, 0.9258384704589844, 0.9504015445709229, 0.9527633786201477, 0.9518186450004578, 0.9513462781906128, 0.9527633786201477, 0.9532357454299927]}