{"loss": [0.7008044719696045, 0.6006019115447998, 0.5231868624687195, 0.44346883893013, 0.37044912576675415, 0.30857768654823303, 0.2580990791320801, 0.21758322417736053, 0.18522173166275024, 0.15933570265769958], "accuracy": [0.5088388919830322, 0.6101751327514648, 0.8477051854133606, 0.9305336475372314, 0.9591667652130127, 0.9673001766204834, 0.9726948142051697, 0.9759316444396973, 0.978504478931427, 0.979085385799408], "val_loss": [0.6365693211555481, 0.5608697533607483, 0.4794670343399048, 0.4006744921207428, 0.3318136930465698, 0.2754516303539276, 0.2301602065563202, 0.1939932405948639, 0.16496333479881287, 0.1419014185667038], "val_accuracy": [0.5132114291191101, 0.7896342277526855, 0.9192073941230774, 0.9578253030776978, 0.9710366725921631, 0.978150486946106, 0.9801830053329468, 0.9822155237197876, 0.983231782913208, 0.9842480421066284]}