{"loss": [0.782111406326294, 0.5960159301757812, 0.47901275753974915, 0.399932861328125, 0.3438962996006012, 0.30232474207878113, 0.2702672779560089, 0.24485653638839722, 0.2241697460412979, 0.20700301229953766], "accuracy": [0.5088388919830322, 0.7143331170082092, 0.8945140838623047, 0.9280438423156738, 0.9379201531410217, 0.942318856716156, 0.9485434293746948, 0.9531911611557007, 0.9558469653129578, 0.9580048322677612], "val_loss": [0.6683791875839233, 0.5164927244186401, 0.4164860248565674, 0.3474191725254059, 0.29809191823005676, 0.26118651032447815, 0.23260094225406647, 0.209239199757576, 0.19051223993301392, 0.17500241100788116], "val_accuracy": [0.5132114291191101, 0.9054878950119019, 0.9385163187980652, 0.9420732259750366, 0.9496951699256897, 0.9588415622711182, 0.9613822102546692, 0.9613822102546692, 0.9618903398513794, 0.9649391174316406]}