{"loss": [0.6735170483589172, 0.6625739336013794, 0.6531999707221985, 0.6434287428855896, 0.6335819363594055, 0.623555600643158, 0.6142182946205139, 0.6056268811225891, 0.5980364680290222, 0.5914905667304993], "accuracy": [0.5401662588119507, 0.6192867159843445, 0.6638677716255188, 0.6842105388641357, 0.6904432773590088, 0.6996191740036011, 0.7013504505157471, 0.7051593065261841, 0.7070637345314026, 0.708189070224762], "val_loss": [0.6664745211601257, 0.6568935513496399, 0.6472342014312744, 0.637938380241394, 0.627386748790741, 0.6183750033378601, 0.6091604232788086, 0.6010911464691162, 0.5940849781036377, 0.5882059335708618], "val_accuracy": [0.5678233504295349, 0.6440589427947998, 0.6666666865348816, 0.672450065612793, 0.687171459197998, 0.6887487173080444, 0.6892744898796082, 0.6898002624511719, 0.6929548382759094, 0.6976866722106934]}