{"loss": [0.7051404118537903, 0.6754704713821411, 0.6044144034385681, 0.4862361252307892, 0.3749648332595825, 0.2915581464767456, 0.23158910870552063, 0.1881285011768341, 0.15601743757724762, 0.13176646828651428], "accuracy": [0.46915000677108765, 0.7493436336517334, 0.9766983985900879, 0.9881851077079773, 0.9908927083015442, 0.9912208914756775, 0.9905645251274109, 0.9908106327056885, 0.9909747838973999, 0.9908106327056885], "val_loss": [0.6928753852844238, 0.6498490571975708, 0.5468274354934692, 0.42352280020713806, 0.3256952166557312, 0.25531089305877686, 0.20459310710430145, 0.16751717031002045, 0.13971562683582306, 0.11857406049966812], "val_accuracy": [0.49551793932914734, 0.9377490282058716, 0.9865537881851196, 0.9895418882369995, 0.9895418882369995, 0.988545835018158, 0.9895418882369995, 0.9895418882369995, 0.9900398850440979, 0.9900398850440979]}