{"loss": [0.4591900110244751, 0.34771743416786194, 0.28170403838157654, 0.22891713678836823, 0.19792765378952026, 0.16499578952789307, 0.14758001267910004, 0.1543024778366089, 0.11612480878829956, 0.10051517933607101], "accuracy": [0.9171552658081055, 0.9711955785751343, 0.9743394255638123, 0.9815617799758911, 0.9690713286399841, 0.9784179329872131, 0.9763786792755127, 0.9696661233901978, 0.9786728024482727, 0.9847056269645691], "val_loss": [0.38175714015960693, 0.3235982358455658, 0.24831728637218475, 0.23930878937244415, 0.18365304172039032, 0.1592170000076294, 0.13269206881523132, 0.13103431463241577, 0.10264711827039719, 0.10394523292779922], "val_accuracy": [0.9699792861938477, 0.9622153639793396, 0.9818840622901917, 0.9715321063995361, 0.9808489084243774, 0.979296088218689, 0.9813664555549622, 0.9860248565673828, 0.9849896430969238, 0.9730849266052246]}