{"loss": [5.069362640380859, 1.028679609298706, 0.4307398796081543, 0.41938522458076477, 0.4080926477909088, 0.39352893829345703, 0.3703194558620453, 0.332415908575058, 0.2620226740837097, 0.17911696434020996], "accuracy": [0.7533175945281982, 0.7969984412193298, 0.800947904586792, 0.805766224861145, 0.8139020800590515, 0.8257504105567932, 0.8424960970878601, 0.8667457103729248, 0.9105055928230286, 0.9531596302986145], "val_loss": [1.5424079895019531, 0.405702143907547, 0.39490529894828796, 0.3859178423881531, 0.3730335831642151, 0.35655462741851807, 0.32782334089279175, 0.2776581346988678, 0.19224223494529724, 0.13797669112682343], "val_accuracy": [0.8069756627082825, 0.8208313584327698, 0.8236980438232422, 0.8279981017112732, 0.8351648449897766, 0.8480649590492249, 0.8681318759918213, 0.9001433253288269, 0.948877215385437, 0.9698996543884277]}