{"loss": [0.6790251135826111, 0.6546393632888794, 0.6107128858566284, 0.5506879687309265, 0.4842551350593567, 0.42033034563064575, 0.36359381675720215, 0.31523776054382324, 0.27504199743270874, 0.24174967408180237], "accuracy": [0.6908509731292725, 0.9297197461128235, 0.9507617354393005, 0.9569060206413269, 0.9609460830688477, 0.9616194367408752, 0.9627135992050171, 0.9638077616691589, 0.9638077616691589, 0.9651544690132141], "val_loss": [0.668520987033844, 0.6324277520179749, 0.5767736434936523, 0.5091145634651184, 0.440765917301178, 0.37844014167785645, 0.32469621300697327, 0.28007620573043823, 0.2423490732908249, 0.21165084838867188], "val_accuracy": [0.9005964994430542, 0.9597415924072266, 0.9652088284492493, 0.969184935092926, 0.97017902135849, 0.9706760048866272, 0.9721670746803284, 0.9746521711349487, 0.9751491546630859, 0.9756461977958679]}