{"loss": [0.626989483833313, 0.4858669936656952, 0.37174490094184875, 0.29054492712020874, 0.23170062899589539, 0.1878494769334793, 0.1550714671611786, 0.1303943395614624, 0.11151017248630524, 0.09682579338550568], "accuracy": [0.8147647380828857, 0.8609344959259033, 0.9050381183624268, 0.9400031566619873, 0.9634456038475037, 0.975286066532135, 0.9811665415763855, 0.9840273261070251, 0.9863318204879761, 0.9878416657447815], "val_loss": [0.5545493364334106, 0.4216022789478302, 0.3235670030117035, 0.25416508316993713, 0.2027880698442459, 0.16439731419086456, 0.13548508286476135, 0.11376098543405533, 0.09657754004001617, 0.08304038643836975], "val_accuracy": [0.8346717357635498, 0.8748229146003723, 0.9248937368392944, 0.9565423130989075, 0.9697685837745667, 0.9825224876403809, 0.9886632561683655, 0.9914974570274353, 0.9929145574569702, 0.9929145574569702]}