{"loss": [0.5959329009056091, 0.5324949026107788, 0.4921894669532776, 0.4588550627231598, 0.430425226688385, 0.4057873785495758, 0.3840538263320923, 0.3647635877132416, 0.34761449694633484, 0.3322579860687256], "accuracy": [0.5918939709663391, 0.8088198304176331, 0.9171552658081055, 0.9407766461372375, 0.9495284557342529, 0.9520775079727173, 0.9518226385116577, 0.9510579109191895, 0.9516527056694031, 0.9505481123924255], "val_loss": [0.5596529841423035, 0.5096270442008972, 0.47110652923583984, 0.43852198123931885, 0.41050243377685547, 0.3866616487503052, 0.3653380870819092, 0.34677502512931824, 0.3296566903591156, 0.31479698419570923], "val_accuracy": [0.6583850979804993, 0.8773292303085327, 0.9197722673416138, 0.9440994262695312, 0.9477226138114929, 0.9472050070762634, 0.9461697936058044, 0.9466874003410339, 0.9461697936058044, 0.945652186870575]}