{"loss": [0.7600164413452148, 0.6336462497711182, 0.5732872486114502, 0.5085722804069519, 0.4414837956428528, 0.38097214698791504, 0.3304823338985443, 0.29012390971183777, 0.2583281993865967, 0.2337479293346405], "accuracy": [0.4874417185783386, 0.5651640295982361, 0.7631514668464661, 0.8508549928665161, 0.8985519409179688, 0.921868622303009, 0.9304589629173279, 0.9354496002197266, 0.9396220445632935, 0.941094696521759], "val_loss": [0.6627460718154907, 0.5962752103805542, 0.5350459814071655, 0.46632659435272217, 0.4012555181980133, 0.3460707664489746, 0.3016330599784851, 0.2665959894657135, 0.23962295055389404, 0.21875037252902985], "val_accuracy": [0.5009709000587463, 0.7247573137283325, 0.8422330021858215, 0.885922372341156, 0.9121359586715698, 0.9203883409500122, 0.9300971031188965, 0.9388349652290344, 0.9422330260276794, 0.9432039260864258]}