{"accuracy": [0.59, 0.74, 0.77, 0.76, 0.81, 0.82, 0.82, 0.82, 0.83, 0.82], "val_accuracy": [0.659, 0.778, 0.796, 0.798, 0.819, 0.817, 0.821, 0.819, 0.832, 0.833], "loss": [102.744, 67.67199999999998, 58.99199999999998, 55.564, 53.328000000000024, 53.52000000000003, 53.06399999999999, 51.152, 52.428000000000004, 51.920000000000016], "val_loss": [730.1439999999999, 594.2120000000015, 560.532000000001, 563.0120000000005, 550.6959999999998, 553.0240000000007, 549.8480000000003, 555.0600000000009, 533.8560000000009, 521.3120000000006]}