{"loss": [10.419900894165039, 2.5922467708587646, 1.577551245689392, 1.2065809965133667, 0.9767054915428162, 0.8405596017837524, 0.7159119844436646, 0.6138039827346802, 0.5584409832954407, 0.4707379937171936], "accuracy": [0.8614822626113892, 0.9472155570983887, 0.9586687684059143, 0.9650593400001526, 0.969541072845459, 0.9692090749740601, 0.9724458456039429, 0.9711179733276367, 0.9710349440574646, 0.9729438424110413], "val_loss": [3.347660779953003, 1.635164499282837, 1.1908522844314575, 0.9318116307258606, 0.9435448050498962, 0.6706709861755371, 0.6064141392707825, 0.5722178816795349, 0.7124860286712646, 0.4461115002632141], "val_accuracy": [0.9339431524276733, 0.9563009142875671, 0.9629065990447998, 0.9684960246086121, 0.9618903398513794, 0.9740854501724243, 0.9695122838020325, 0.9695122838020325, 0.9593496918678284, 0.9725610613822937]}