{"loss": [0.6712478995323181, 0.6503035426139832, 0.6208297610282898, 0.5820446014404297, 0.5376400351524353, 0.4917137622833252, 0.447786808013916, 0.4081065058708191, 0.373159795999527, 0.3430941104888916], "accuracy": [0.5834987759590149, 0.6800603866577148, 0.805447518825531, 0.8496783971786499, 0.8775510191917419, 0.893115222454071, 0.8999444246292114, 0.9056618809700012, 0.910347044467926, 0.9149527549743652], "val_loss": [0.6598587036132812, 0.633003294467926, 0.5959711670875549, 0.5505090355873108, 0.5018388628959656, 0.4542865753173828, 0.4104507863521576, 0.37144386768341064, 0.338413268327713, 0.30889955163002014], "val_accuracy": [0.6899004578590393, 0.8302513360977173, 0.8819345831871033, 0.898530125617981, 0.9084874391555786, 0.9122807383537292, 0.9198672771453857, 0.9246088266372681, 0.9236605167388916, 0.9260313510894775]}