{"loss": [318.6273193359375, 108.69257354736328, 1.567426323890686, 0.07481193542480469, 0.07099801301956177, 0.06949803978204727, 0.06476429849863052, 0.0639427974820137, 0.0653914213180542, 0.07052811235189438], "accuracy": [0.23230521380901337, 0.3974849283695221, 0.9289659857749939, 0.9785028696060181, 0.979352593421936, 0.9776532053947449, 0.9785878658294678, 0.9777381420135498, 0.9779930710792542, 0.976293683052063], "val_loss": [236.2571258544922, 22.765159606933594, 0.07886544615030289, 0.07479041814804077, 0.06610076129436493, 0.06538435816764832, 0.06180873140692711, 0.05835587903857231, 0.06330239027738571, 0.057608939707279205], "val_accuracy": [0.24689441919326782, 0.5636646151542664, 0.9767081141471863, 0.97826087474823, 0.980331301689148, 0.9777432680130005, 0.9808489084243774, 0.980331301689148, 0.9767081141471863, 0.9818840622901917]}