{"loss": [0.638610303401947, 0.6092965602874756, 0.5817670822143555, 0.5559905171394348, 0.5320762991905212, 0.5097726583480835, 0.48892316222190857, 0.4693605601787567, 0.45094457268714905, 0.433623731136322], "accuracy": [0.5905054211616516, 0.7077766060829163, 0.8012283444404602, 0.8685368299484253, 0.8992447853088379, 0.9149307012557983, 0.9285417795181274, 0.9395800828933716, 0.9449747204780579, 0.9486264586448669], "val_loss": [0.6177489757537842, 0.5878446102142334, 0.559659481048584, 0.5333384871482849, 0.509062647819519, 0.4864376485347748, 0.4653831720352173, 0.44541969895362854, 0.42670968174934387, 0.4092453718185425], "val_accuracy": [0.6849594116210938, 0.813008189201355, 0.8846545219421387, 0.9080285429954529, 0.9273374676704407, 0.9364838004112244, 0.9507114291191101, 0.9552846550941467, 0.9598578214645386, 0.9618903398513794]}