{"accuracy": [0.55, 0.67, 0.69, 0.9, 0.96, 0.97, 0.96, 0.96, 0.97, 0.95], "val_accuracy": [0.564, 0.637, 0.76, 0.907, 0.923, 0.931, 0.939, 0.931, 0.927, 0.932], "loss": [107.28000000000002, 75.316, 67.02000000000002, 47.012, 28.776000000000018, 26.844, 24.627999999999993, 24.787999999999997, 24.208000000000002, 24.700000000000003], "val_loss": [901.3839999999999, 800.692000000001, 650.8720000000002, 415.0560000000013, 368.1880000000003, 299.95200000000006, 297.6400000000004, 305.48000000000036, 307.3000000000005, 300.92000000000024]}