{"loss": [0.7033635377883911, 0.693013608455658, 0.683968722820282, 0.6740022301673889, 0.6623282432556152, 0.6484372615814209, 0.6318427920341492, 0.6124134063720703, 0.590060830116272, 0.565257728099823], "accuracy": [0.4199223518371582, 0.5174692273139954, 0.5448914170265198, 0.6538366079330444, 0.711819589138031, 0.7406458854675293, 0.7725282907485962, 0.7944990396499634, 0.8157264590263367, 0.834723711013794], "val_loss": [0.6985170245170593, 0.6889311671257019, 0.6788386106491089, 0.667579710483551, 0.6542671322822571, 0.638068437576294, 0.6194629073143005, 0.598158597946167, 0.5738831162452698, 0.5481467247009277], "val_accuracy": [0.5114427804946899, 0.5114427804946899, 0.6009950637817383, 0.6527363657951355, 0.7084577679634094, 0.7447761297225952, 0.7611940503120422, 0.7776119709014893, 0.7965174317359924, 0.807462751865387]}