{"loss": [0.6978705525398254, 0.6918307542800903, 0.6851586699485779, 0.6720535159111023, 0.6522217392921448, 0.6257944703102112, 0.593975305557251, 0.5581346750259399, 0.5197658538818359, 0.4797598719596863], "accuracy": [0.5003779530525208, 0.49962207674980164, 0.5008818507194519, 0.5437977910041809, 0.6927857398986816, 0.7952464818954468, 0.8796505928039551, 0.9267657399177551, 0.9438145756721497, 0.9536406993865967], "val_loss": [0.6932013034820557, 0.6886503100395203, 0.6775388717651367, 0.6596307754516602, 0.6339378952980042, 0.6022492051124573, 0.5656064748764038, 0.5259525179862976, 0.48433977365493774, 0.44206708669662476], "val_accuracy": [0.5056345462799072, 0.5056345462799072, 0.5061244964599609, 0.6570309400558472, 0.7525722980499268, 0.8446840643882751, 0.9196472764015198, 0.9318962097167969, 0.953944206237793, 0.95688396692276]}