{"loss": [0.6790964007377625, 0.4697151780128479, 0.35035961866378784, 0.2700188159942627, 0.21365298330783844, 0.17360368371009827, 0.14440065622329712, 0.12279331684112549, 0.1064639687538147, 0.09398900717496872], "accuracy": [0.534676194190979, 0.8733018040657043, 0.9388626217842102, 0.9658768177032471, 0.9761453866958618, 0.9804897904396057, 0.9828594326972961, 0.983965277671814, 0.9847551584243774, 0.9857820272445679], "val_loss": [0.5513736009597778, 0.3941926062107086, 0.29669272899627686, 0.22827893495559692, 0.1808100789785385, 0.14713871479034424, 0.12126825004816055, 0.10250727087259293, 0.08796770125627518, 0.07680876553058624], "val_accuracy": [0.7763975262641907, 0.9254658222198486, 0.9569995403289795, 0.9741997122764587, 0.9818442463874817, 0.9832776188850403, 0.9885331988334656, 0.9899665713310242, 0.9904443621635437, 0.9909221529960632]}