{"accuracy": [0.78, 0.98, 0.98, 0.99, 0.99, 0.99, 0.99, 0.99, 0.99, 0.99], "val_accuracy": [0.943, 0.961, 0.963, 0.964, 0.966, 0.967, 0.972, 0.97, 0.967, 0.972], "loss": [66.46399999999998, 19.764, 19.040000000000003, 18.580000000000005, 18.267999999999986, 18.308, 17.392000000000007, 18.463999999999995, 18.020000000000003, 18.079999999999995], "val_loss": [259.032, 219.5600000000003, 213.46400000000025, 211.63599999999997, 226.80400000000003, 228.51200000000017, 218.68400000000008, 231.952, 224.35600000000076, 216.764]}