{"loss": [2.720783233642578, 0.4680669605731964, 0.2977601885795593, 0.20417828857898712, 0.14178819954395294, 0.10912228375673294, 0.09256116300821304, 0.07055402547121048, 0.06067604944109917, 0.05991349741816521], "accuracy": [0.9350711107254028, 0.9830964207649231, 0.9883096814155579, 0.9915482401847839, 0.9919431805610657, 0.9931280016899109, 0.9946287870407104, 0.9951817393302917, 0.9942338466644287, 0.9957346320152283], "val_loss": [0.7191144824028015, 0.39828944206237793, 0.23206056654453278, 0.2294318675994873, 0.23611682653427124, 0.1805286854505539, 0.2279614955186844, 0.19997814297676086, 0.2143145054578781, 0.1871485859155655], "val_accuracy": [0.9732441306114197, 0.9827998280525208, 0.991399884223938, 0.9899665713310242, 0.9870998859405518, 0.9928332567214966, 0.9899665713310242, 0.9890109896659851, 0.9937888383865356, 0.992355465888977]}