{"loss": [0.6908502578735352, 0.6802983283996582, 0.6644580364227295, 0.6394774913787842, 0.6046048998832703, 0.5627457499504089, 0.5179241299629211, 0.47382470965385437, 0.43266481161117554, 0.39579159021377563], "accuracy": [0.5002111792564392, 0.7486699223518372, 0.8703657388687134, 0.9042311310768127, 0.9056668281555176, 0.9050756096839905, 0.9079470038414001, 0.9101427793502808, 0.9136897921562195, 0.9158010482788086], "val_loss": [0.6861536502838135, 0.6744452714920044, 0.655413806438446, 0.626650869846344, 0.5892080068588257, 0.5471694469451904, 0.5042631030082703, 0.46313953399658203, 0.4255005419254303, 0.39207884669303894], "val_accuracy": [0.5056759715080261, 0.6888545155525208, 0.8869969248771667, 0.8931888937950134, 0.8911249041557312, 0.8942208886146545, 0.8962848782539368, 0.898348867893219, 0.9009288549423218, 0.9081527590751648]}