{"loss": [5.58743953704834, 1.91681969165802, 1.4302548170089722, 1.124543309211731, 0.9329282641410828, 0.8226947784423828, 0.7215378880500793, 0.6945667862892151, 0.6687576770782471, 0.7045145034790039], "accuracy": [0.9087221026420593, 0.9596965909004211, 0.9659581780433655, 0.9710732698440552, 0.9701032042503357, 0.9706323146820068, 0.9740718007087708, 0.9737190008163452, 0.9741599559783936, 0.9730135202407837], "val_loss": [2.0930373668670654, 1.772229790687561, 1.4280009269714355, 0.9480924010276794, 0.9604809880256653, 1.3589102029800415, 1.1884158849716187, 1.2689028978347778, 0.98753422498703, 0.9823830723762512], "val_accuracy": [0.9583783745765686, 0.9632432460784912, 0.9664865136146545, 0.9708108305931091, 0.9702702760696411, 0.9681081175804138, 0.9697297811508179, 0.9637838006019592, 0.976756751537323, 0.9756757020950317]}