{"loss": [0.6757727265357971, 0.6310524344444275, 0.5615357756614685, 0.47177353501319885, 0.38693109154701233, 0.31740203499794006, 0.2629859745502472, 0.22081519663333893, 0.18805748224258423, 0.16256700456142426], "accuracy": [0.499702513217926, 0.6997874975204468, 0.8708882331848145, 0.9349766373634338, 0.9566510915756226, 0.9666808247566223, 0.9723756909370422, 0.9770506024360657, 0.9797704815864563, 0.9816404581069946], "val_loss": [0.6552615165710449, 0.6000229716300964, 0.5130704045295715, 0.4197101593017578, 0.3398863971233368, 0.27694839239120483, 0.22826319932937622, 0.19059690833091736, 0.16115660965442657, 0.13814406096935272], "val_accuracy": [0.5331295132637024, 0.8042814135551453, 0.9235474467277527, 0.9576963186264038, 0.9719674587249756, 0.9796127080917358, 0.9836902022361755, 0.9872579574584961, 0.9882773160934448, 0.9898064136505127]}