{"accuracy": [0.73, 0.84, 0.9, 0.9, 0.9], "val_accuracy": [0.892, 0.916, 0.934, 0.93, 0.93], "loss": [18.621515556046017, 10.08573892217038, 8.782892083181117, 8.5372837909336, 8.600381890296196], "val_loss": [22.074066625244264, 20.674934180182905, 22.018203536275536, 22.329251636303514, 21.996030830022125]}