{"loss": [0.48545485734939575, 0.3475959300994873, 0.26840972900390625, 0.21671399474143982, 0.18115755915641785, 0.15592116117477417, 0.1372680813074112, 0.12343593686819077, 0.11315326392650604, 0.1053929328918457], "accuracy": [0.8295522332191467, 0.930325448513031, 0.9559860825538635, 0.9697510600090027, 0.9749341607093811, 0.9769734144210815, 0.9783329367637634, 0.979437530040741, 0.979437530040741, 0.9792675971984863], "val_loss": [0.3930317163467407, 0.2955503463745117, 0.23294059932231903, 0.19255433976650238, 0.16459162533283234, 0.14204883575439453, 0.1271536499261856, 0.11489631980657578, 0.10672152042388916, 0.09939513355493546], "val_accuracy": [0.9363354444503784, 0.9580745697021484, 0.968426525592804, 0.9761905074119568, 0.9767081141471863, 0.9767081141471863, 0.977225661277771, 0.9767081141471863, 0.97826087474823, 0.977225661277771]}