{"loss": [0.5626141428947449, 0.4145054817199707, 0.34011706709861755, 0.2917711138725281, 0.257270485162735, 0.2311660498380661, 0.21068961918354034, 0.19407206773757935, 0.18040400743484497, 0.1688821166753769], "accuracy": [0.7272870540618896, 0.9765187501907349, 0.9657236933708191, 0.9643054008483887, 0.9659600853919983, 0.9694271087646484, 0.970057487487793, 0.9723425507545471, 0.9744700789451599, 0.9756519794464111], "val_loss": [0.46646371483802795, 0.36999401450157166, 0.3099246919155121, 0.267943799495697, 0.2365705966949463, 0.2122231125831604, 0.19224794209003448, 0.17583613097667694, 0.1621626764535904, 0.15041489899158478], "val_accuracy": [0.9925373196601868, 0.9720149040222168, 0.9678171277046204, 0.96875, 0.9724813103675842, 0.9706156253814697, 0.9752798080444336, 0.9757462739944458, 0.9771454930305481, 0.9799439907073975]}