{"loss": [19.652503967285156, 4.77479887008667, 2.59214186668396, 1.8021976947784424, 1.4008324146270752, 1.1259211301803589, 0.9126049876213074, 0.7524653673171997, 0.6363174915313721, 0.5475136041641235], "accuracy": [0.8722716569900513, 0.955716609954834, 0.9747852683067322, 0.9814829230308533, 0.9853439331054688, 0.9868410229682922, 0.9883381724357605, 0.9893624782562256, 0.9891261458396912, 0.9891261458396912], "val_loss": [7.808549880981445, 3.1247167587280273, 1.7984215021133423, 1.173136830329895, 0.8519483208656311, 0.6473304629325867, 0.5844144821166992, 0.5223855376243591, 0.47479885816574097, 0.41371166706085205], "val_accuracy": [0.9449626803398132, 0.9724813103675842, 0.9822760820388794, 0.9874066710472107, 0.9911380410194397, 0.9920708537101746, 0.9925373196601868, 0.9920708537101746, 0.9925373196601868, 0.9911380410194397]}