{"loss": [0.450216680765152, 0.20138749480247498, 0.13746552169322968, 0.11479584872722626, 0.10432381927967072, 0.09855488687753677, 0.09456835687160492, 0.09118296951055527, 0.08828676491975784, 0.08544541150331497], "accuracy": [0.8853846788406372, 0.9682961106300354, 0.9736907482147217, 0.9774255156517029, 0.9795003533363342, 0.9803303480148315, 0.9808282852172852, 0.9809942841529846, 0.9821562170982361, 0.9819072484970093], "val_loss": [0.24723848700523376, 0.13229110836982727, 0.09874686598777771, 0.08487936854362488, 0.07715791463851929, 0.07354503870010376, 0.06969589740037918, 0.06730782985687256, 0.06518707424402237, 0.06301798671483994], "val_accuracy": [0.9705285429954529, 0.9715448021888733, 0.978150486946106, 0.9847561717033386, 0.9847561717033386, 0.9862805604934692, 0.9862805604934692, 0.9862805604934692, 0.9862805604934692, 0.9862805604934692]}