{"loss": [0.683663010597229, 0.6719026565551758, 0.6550397276878357, 0.6309305429458618, 0.599250853061676, 0.562498927116394, 0.5232803225517273, 0.4845699667930603, 0.4488261342048645, 0.4169386029243469], "accuracy": [0.6970360279083252, 0.8219939470291138, 0.8562647104263306, 0.8702424764633179, 0.8795048594474792, 0.8821994066238403, 0.88531494140625, 0.8851464986801147, 0.8869147896766663, 0.887251615524292], "val_loss": [0.676220715045929, 0.6614530086517334, 0.6405236721038818, 0.6115498542785645, 0.5754415392875671, 0.5360801219940186, 0.49550628662109375, 0.45710742473602295, 0.42215293645858765, 0.39150291681289673], "val_accuracy": [0.8175879120826721, 0.8462311625480652, 0.8758794069290161, 0.8869346380233765, 0.8884422183036804, 0.8959798812866211, 0.8944723606109619, 0.9030150771141052, 0.9045225977897644, 0.9065326452255249]}