{"loss": [7.889895439147949, 1.5300233364105225, 0.9824783205986023, 0.6518377065658569, 0.49245744943618774, 0.393117219209671, 0.3344048261642456, 0.29849034547805786, 0.2619871497154236, 0.23753811419010162], "accuracy": [0.818141758441925, 0.9244534969329834, 0.937940776348114, 0.9439351558685303, 0.9497532248497009, 0.951604425907135, 0.9531911611557007, 0.9561001658439636, 0.9577750563621521, 0.955923855304718], "val_loss": [2.070319652557373, 1.1539363861083984, 0.6618247032165527, 0.45632272958755493, 0.5043265223503113, 0.32254916429519653, 0.2951703667640686, 0.2538062036037445, 0.23434646427631378, 0.2123773843050003], "val_accuracy": [0.9075855016708374, 0.9300214052200317, 0.9455128908157349, 0.9572650194168091, 0.9460470676422119, 0.9594017863273621, 0.9615384936332703, 0.9636752605438232, 0.9636752605438232, 0.9690171480178833]}