{"loss": [0.6032816171646118, 0.4079434871673584, 0.3047643303871155, 0.24204625189304352, 0.20193609595298767, 0.1749701350927353, 0.15611694753170013, 0.14268584549427032, 0.1329779028892517, 0.1256226748228073], "accuracy": [0.714081346988678, 0.969167172908783, 0.9842656850814819, 0.9862523674964905, 0.9857755899429321, 0.9853782057762146, 0.9849808812141418, 0.9855371713638306, 0.9849808812141418, 0.9849808812141418], "val_loss": [0.47993016242980957, 0.34538182616233826, 0.2630724608898163, 0.2108461856842041, 0.17640425264835358, 0.1518634855747223, 0.13446968793869019, 0.12205173820257187, 0.11232585459947586, 0.10512512177228928], "val_accuracy": [0.9508739113807678, 0.9858290553092957, 0.9900803565979004, 0.9905527234077454, 0.9891356229782104, 0.9896079897880554, 0.9900803565979004, 0.9905527234077454, 0.9891356229782104, 0.9891356229782104]}