{"loss": [0.3321404755115509, 0.22200258076190948, 0.16895173490047455, 0.13186724483966827, 0.10496708750724792, 0.08520445972681046, 0.07354704290628433, 0.06879547983407974, 0.06682373583316803, 0.04898812994360924], "accuracy": [0.9438764452934265, 0.98792964220047, 0.98923659324646, 0.9910817742347717, 0.993003785610199, 0.9940032958984375, 0.9933882355690002, 0.9866995215415955, 0.9823941588401794, 0.9926962852478027], "val_loss": [0.2587675154209137, 0.19822192192077637, 0.15381769835948944, 0.12040150165557861, 0.10031708329916, 0.08629340678453445, 0.07170697301626205, 0.0714402049779892, 0.06390736252069473, 0.04941266402602196], "val_accuracy": [0.98613041639328, 0.9815071821212769, 0.9852057695388794, 0.9926028847694397, 0.9907535910606384, 0.9898290038108826, 0.9912159442901611, 0.9828941822052002, 0.9810448884963989, 0.9926028847694397]}