{"loss": [0.4122510552406311, 0.29544797539711, 0.23266401886940002, 0.18881426751613617, 0.1547224223613739, 0.1335700899362564, 0.11233235895633698, 0.09329123049974442, 0.08383534848690033, 0.07212809473276138], "accuracy": [0.9420492649078369, 0.980424165725708, 0.9850074052810669, 0.9858618974685669, 0.9871048331260681, 0.9852404594421387, 0.9862503409385681, 0.9902898073196411, 0.9865610599517822, 0.9901344180107117], "val_loss": [0.32581251859664917, 0.2485683262348175, 0.1943364143371582, 0.16559070348739624, 0.12911555171012878, 0.10524389892816544, 0.0933859571814537, 0.07474842667579651, 0.07911509275436401, 0.06231454759836197], "val_accuracy": [0.9804195761680603, 0.9920746088027954, 0.9934731721878052, 0.9832167625427246, 0.9916083812713623, 0.9944055676460266, 0.9939393997192383, 0.995337963104248, 0.9846153855323792, 0.9920746088027954]}