{"loss": [0.709997832775116, 0.6693963408470154, 0.6545727849006653, 0.6330172419548035, 0.6014536023139954, 0.5614762902259827, 0.516828179359436, 0.47092604637145996, 0.4267813563346863, 0.3861756920814514], "accuracy": [0.49246689677238464, 0.5649006962776184, 0.7336920499801636, 0.7924668788909912, 0.8405629396438599, 0.8764073252677917, 0.9063742160797119, 0.9200331568717957, 0.9331953525543213, 0.9375], "val_loss": [0.6741729974746704, 0.6583873629570007, 0.6395483613014221, 0.6102250814437866, 0.5706642866134644, 0.5245494246482849, 0.4763737618923187, 0.4283910393714905, 0.38494035601615906, 0.3448719382286072], "val_accuracy": [0.49975234270095825, 0.6527984142303467, 0.7736502885818481, 0.8335809707641602, 0.870728075504303, 0.901931643486023, 0.9103516340255737, 0.929668128490448, 0.9341257810592651, 0.9460128545761108]}