{"loss": [0.6904650330543518, 0.6688184142112732, 0.6066945791244507, 0.5250353217124939, 0.4471164643764496, 0.3830145001411438, 0.33373570442199707, 0.29636022448539734, 0.26807403564453125, 0.24676315486431122], "accuracy": [0.5072380304336548, 0.75035160779953, 0.9287782907485962, 0.9342377781867981, 0.9351477026939392, 0.9356440305709839, 0.9363057613372803, 0.9358094334602356, 0.9372156858444214, 0.9376292824745178], "val_loss": [0.6866238117218018, 0.6438193321228027, 0.5661462545394897, 0.48368674516677856, 0.4107852280139923, 0.3551182150840759, 0.3111463189125061, 0.2783255875110626, 0.25284433364868164, 0.23450522124767303], "val_accuracy": [0.4946131110191345, 0.9064642190933228, 0.9294808506965637, 0.9265425801277161, 0.9348677396774292, 0.9324191808700562, 0.9378060698509216, 0.937316358089447, 0.9382957816123962, 0.9387854933738708]}