{"loss": [0.7753188014030457, 0.688920795917511, 0.6208380460739136, 0.564210057258606, 0.516358494758606, 0.4753807783126831, 0.44001662731170654, 0.4094429910182953, 0.3826278746128082, 0.35893791913986206], "accuracy": [0.32684358954429626, 0.6385886669158936, 0.9844246506690979, 0.9827558398246765, 0.9769548177719116, 0.9730610251426697, 0.9725841879844666, 0.9701207876205444, 0.9724252820014954, 0.9704385995864868], "val_loss": [0.728023886680603, 0.6536158919334412, 0.5922772288322449, 0.5408843159675598, 0.4969547688961029, 0.459017813205719, 0.42624005675315857, 0.39762449264526367, 0.3723755180835724, 0.3498438000679016], "val_accuracy": [0.29192253947257996, 0.9858290553092957, 0.9858290553092957, 0.980633020401001, 0.9787435531616211, 0.9773264527320862, 0.9726027846336365, 0.9721304178237915, 0.9716580510139465, 0.9730751514434814]}