{"loss": [7.070415019989014, 1.7012512683868408, 0.8722320199012756, 0.6066938042640686, 0.48130348324775696, 0.4017365574836731, 0.34701064229011536, 0.3015972971916199, 0.2587505578994751, 0.2251589000225067], "accuracy": [0.9066267013549805, 0.9686391353607178, 0.9774643182754517, 0.9803797602653503, 0.9809313416481018, 0.9812465310096741, 0.9795129895210266, 0.9782522916793823, 0.9772279262542725, 0.9758883714675903], "val_loss": [2.1573121547698975, 0.8005359172821045, 0.5630989074707031, 0.49138787388801575, 0.41270801424980164, 0.41314324736595154, 0.3395138382911682, 0.2928461730480194, 0.2752862274646759, 0.23636268079280853], "val_accuracy": [0.9566231369972229, 0.9706156253814697, 0.9729477167129517, 0.9748134016990662, 0.9743469953536987, 0.9724813103675842, 0.9715484976768494, 0.9710820913314819, 0.9696828126907349, 0.9664179086685181]}