{"loss": [0.7183111310005188, 0.6961160898208618, 0.6788765788078308, 0.6540830731391907, 0.6206784248352051, 0.5801834464073181, 0.5360183119773865, 0.4911891222000122, 0.448238343000412, 0.4090735912322998], "accuracy": [0.5066225528717041, 0.5011589527130127, 0.5211092829704285, 0.6056291460990906, 0.6942880749702454, 0.8088576197624207, 0.8712748289108276, 0.8988410830497742, 0.9168046712875366, 0.928228497505188], "val_loss": [0.7033947110176086, 0.6871973276138306, 0.6652219891548157, 0.6341900825500488, 0.5938237309455872, 0.5479393005371094, 0.5003301501274109, 0.45341596007347107, 0.4097785949707031, 0.37178856134414673], "val_accuracy": [0.4952946901321411, 0.5027241110801697, 0.5324417948722839, 0.6151559948921204, 0.7994056344032288, 0.8702327609062195, 0.9049034118652344, 0.9252104759216309, 0.9375928640365601, 0.9405646324157715]}