{"loss": [0.5108886361122131, 0.3869481384754181, 0.31211212277412415, 0.2620466351509094, 0.22610768675804138, 0.19897282123565674, 0.1777598261833191, 0.1607699692249298, 0.14677199721336365, 0.1350919008255005], "accuracy": [0.6833235025405884, 0.9676413536071777, 0.9900564551353455, 0.9898879528045654, 0.9895508885383606, 0.9888767004013062, 0.9891295433044434, 0.9889609813690186, 0.9891295433044434, 0.9886239171028137], "val_loss": [0.42476901412010193, 0.3310747444629669, 0.270932137966156, 0.23024174571037292, 0.20025311410427094, 0.1771966516971588, 0.15966270864009857, 0.1452244073152542, 0.13374246656894684, 0.12363595515489578], "val_accuracy": [0.9267921447753906, 0.9862735867500305, 0.9867819547653198, 0.9857652187347412, 0.9857652187347412, 0.9857652187347412, 0.9857652187347412, 0.9862735867500305, 0.9857652187347412, 0.9857652187347412]}