{"accuracy": [0.55, 0.99, 0.99, 0.99, 0.99, 0.99, 0.99, 0.98, 1.0, 0.99], "val_accuracy": [0.967, 0.973, 0.978, 0.972, 0.974, 0.975, 0.976, 0.973, 0.978, 0.967], "loss": [111.77200000000005, 14.348000000000006, 13.62000000000001, 14.612000000000004, 13.871999999999998, 13.492000000000006, 13.788, 14.580000000000002, 15.079999999999997, 14.068], "val_loss": [205.43999999999997, 189.48399999999995, 174.84400000000016, 183.57600000000056, 170.1120000000003, 177.17600000000004, 180.75599999999994, 171.6600000000003, 178.35200000000003, 197.4160000000004]}