{"loss": [0.8235977292060852, 0.5918774604797363, 0.45860207080841064, 0.37613773345947266, 0.32109391689300537, 0.28173214197158813, 0.25205686688423157, 0.22884857654571533, 0.2101285308599472, 0.1946612149477005], "accuracy": [0.47871193289756775, 0.7867043018341064, 0.9359282851219177, 0.9344344139099121, 0.9359282851219177, 0.9389991164207458, 0.9432318210601807, 0.9474645256996155, 0.9497883915901184, 0.9528591632843018], "val_loss": [0.6807624101638794, 0.49849972128868103, 0.3898066580295563, 0.31975916028022766, 0.27206581830978394, 0.23734880983829498, 0.21088652312755585, 0.18955180048942566, 0.17252857983112335, 0.15839891135692596], "val_accuracy": [0.48678866028785706, 0.960874080657959, 0.9532520771026611, 0.9507114291191101, 0.9532520771026611, 0.9568090438842773, 0.9593496918678284, 0.9603659510612488, 0.96341472864151, 0.9639228582382202]}