{"loss": [108.01081085205078, 5.136604309082031, 1.267661213874817, 0.7909229397773743, 0.5764027237892151, 0.46846723556518555, 0.40467607975006104, 0.37074264883995056, 0.3424905240535736, 0.3189006745815277], "accuracy": [0.42314377427101135, 0.7689573764801025, 0.8283571004867554, 0.8424960970878601, 0.8589258193969727, 0.8663507699966431, 0.8706161379814148, 0.8744866251945496, 0.8781201243400574, 0.8814376592636108], "val_loss": [13.860684394836426, 1.4937381744384766, 0.6738003492355347, 0.4697112441062927, 0.3495541512966156, 0.2975039482116699, 0.291469544172287, 0.27026695013046265, 0.2613508403301239, 0.2543807029724121], "val_accuracy": [0.6980410814285278, 0.8174868822097778, 0.8404204845428467, 0.8461538553237915, 0.8695652484893799, 0.8705207705497742, 0.8752986192703247, 0.8805542588233948, 0.8824653625488281, 0.8877210021018982]}