{"loss": [7.2408294677734375, 1.1783742904663086, 0.8900166153907776, 0.7037642002105713, 0.5768170356750488, 0.46628332138061523, 0.3738063871860504, 0.328251451253891, 0.27885380387306213, 0.2578904628753662], "accuracy": [0.8400886058807373, 0.9297670125961304, 0.9396127462387085, 0.9472432136535645, 0.9484739303588867, 0.9517558217048645, 0.9556941390037537, 0.9575812816619873, 0.9595503807067871, 0.9591401815414429], "val_loss": [1.2059378623962402, 0.8149038553237915, 0.5974029898643494, 0.4765300154685974, 0.39533743262290955, 0.33633244037628174, 0.33460503816604614, 0.26334255933761597, 0.24067912995815277, 0.21798564493656158], "val_accuracy": [0.9322709441184998, 0.9432271122932434, 0.9526892900466919, 0.9561753273010254, 0.9606574177742004, 0.9631474614143372, 0.9606574177742004, 0.9646414518356323, 0.9661355018615723, 0.962649405002594]}