{"loss": [0.766047477722168, 0.698306143283844, 0.6862025260925293, 0.680321991443634, 0.6726322174072266, 0.660784125328064, 0.642252504825592, 0.6158537864685059, 0.582775890827179, 0.5453155040740967], "accuracy": [0.4764038920402527, 0.4731523096561432, 0.6555057764053345, 0.6605150103569031, 0.7531417608261108, 0.8117585182189941, 0.8460321426391602, 0.8741541504859924, 0.8941910266876221, 0.9098339080810547], "val_loss": [0.7164274454116821, 0.6888094544410706, 0.6812505125999451, 0.6743350028991699, 0.6642242670059204, 0.6482834815979004, 0.6239758133888245, 0.5914076566696167, 0.5530363321304321, 0.5114288330078125], "val_accuracy": [0.4636174738407135, 0.5483368039131165, 0.6720374226570129, 0.7162162065505981, 0.7744283080101013, 0.8295218348503113, 0.8737006187438965, 0.9028066396713257, 0.9137214422225952, 0.9324324131011963]}