{"loss": [18.663843154907227, 2.808955430984497, 1.5633734464645386, 1.0950464010238647, 0.8598528504371643, 0.7322953343391418, 0.6409294009208679, 0.5686335563659668, 0.5079371929168701, 0.45834705233573914], "accuracy": [0.8741046786308289, 0.9588775634765625, 0.9777534604072571, 0.9836521744728088, 0.9872756600379944, 0.9885396361351013, 0.9889609813690186, 0.989045262336731, 0.9891295433044434, 0.9884553551673889], "val_loss": [4.672785758972168, 2.5572121143341064, 1.8875806331634521, 1.5578737258911133, 1.3534926176071167, 1.2231593132019043, 1.1433696746826172, 1.0890110731124878, 1.009224534034729, 0.9064040184020996], "val_accuracy": [0.9522115588188171, 0.9730554819107056, 0.978139340877533, 0.9837316274642944, 0.9832232594490051, 0.9857652187347412, 0.9857652187347412, 0.9852567911148071, 0.9847484230995178, 0.9847484230995178]}