{"loss": [97.12683868408203, 21.586002349853516, 5.920513153076172, 2.9927735328674316, 1.8787297010421753, 1.2737689018249512, 0.8834478855133057, 0.595477283000946, 0.43191713094711304, 0.3705056607723236], "accuracy": [0.7192498445510864, 0.8389409780502319, 0.9176581501960754, 0.9468126893043518, 0.9588684439659119, 0.9646205902099609, 0.9683239459991455, 0.9725789427757263, 0.9751004576683044, 0.9757307767868042], "val_loss": [33.90196990966797, 6.919190883636475, 2.641765594482422, 1.5805145502090454, 1.052725911140442, 0.7332332730293274, 0.5013062953948975, 0.3287654519081116, 0.27396079897880554, 0.23617741465568542], "val_accuracy": [0.8157649040222168, 0.9090484976768494, 0.9547574520111084, 0.9668843150138855, 0.9715484976768494, 0.9752798080444336, 0.9771454930305481, 0.978078305721283, 0.9822760820388794, 0.9813432693481445]}