{"loss": [0.6273327469825745, 0.5010309815406799, 0.4286603033542633, 0.37640470266342163, 0.33624324202537537, 0.3042328953742981, 0.27795523405075073, 0.25587767362594604, 0.23706889152526855, 0.22095315158367157], "accuracy": [0.6001580357551575, 0.9707741141319275, 0.9782781004905701, 0.9731438159942627, 0.971169114112854, 0.9722749590873718, 0.9714060425758362, 0.9741706848144531, 0.9745656251907349, 0.9767773151397705], "val_loss": [0.5389472246170044, 0.4510248899459839, 0.390348345041275, 0.34474417567253113, 0.30880969762802124, 0.27985861897468567, 0.2546091079711914, 0.23417195677757263, 0.21610307693481445, 0.20103824138641357], "val_accuracy": [0.8944099545478821, 0.9875776767730713, 0.9761108756065369, 0.9689441323280334, 0.9689441323280334, 0.9684663414955139, 0.9770663976669312, 0.9770663976669312, 0.9789775609970093, 0.9789775609970093]}