{"loss": [0.6310679912567139, 0.3733099699020386, 0.23007845878601074, 0.16369830071926117, 0.1317930817604065, 0.11475261300802231, 0.10482892394065857, 0.09878955036401749, 0.095058374106884, 0.09263908863067627], "accuracy": [0.66292804479599, 0.9772283434867859, 0.9750191569328308, 0.9754440188407898, 0.9769734144210815, 0.9781630039215088, 0.9797773957252502, 0.979352593421936, 0.979352593421936, 0.9799473285675049], "val_loss": [0.4752546548843384, 0.2661963701248169, 0.16837088763713837, 0.12565483152866364, 0.1028333231806755, 0.09088321775197983, 0.08358688652515411, 0.07880927622318268, 0.07452084869146347, 0.07256205379962921], "val_accuracy": [0.9461697936058044, 0.9787784814834595, 0.9761905074119568, 0.9787784814834595, 0.9787784814834595, 0.97826087474823, 0.9798136949539185, 0.980331301689148, 0.979296088218689, 0.979296088218689]}