{"loss": [15.293981552124023, 2.201281785964966, 1.2818492650985718, 1.0885212421417236, 0.9808754324913025, 0.8966320157051086, 0.8257805109024048, 0.769822359085083, 0.7030195593833923, 0.6454464197158813], "accuracy": [0.8600561022758484, 0.9270966649055481, 0.9355935454368591, 0.9355085492134094, 0.933384358882904, 0.9283711910247803, 0.9250574111938477, 0.9259920716285706, 0.9259920716285706, 0.9233580231666565], "val_loss": [4.464596271514893, 1.9087355136871338, 1.3545926809310913, 1.1101443767547607, 0.941448986530304, 0.8348398804664612, 0.7850287556648254, 0.6937611699104309, 0.6380842924118042, 0.5912480354309082], "val_accuracy": [0.9104555249214172, 0.9378882050514221, 0.9420289993286133, 0.9420289993286133, 0.9378882050514221, 0.9363354444503784, 0.9363354444503784, 0.9342650175094604, 0.9321946501731873, 0.9327122569084167]}