{"loss": [0.5863775610923767, 0.4500727951526642, 0.36527591943740845, 0.3084624111652374, 0.26810669898986816, 0.23785121738910675, 0.2142324596643448, 0.1953478753566742, 0.17988713085651398, 0.1670847237110138], "accuracy": [0.698982834815979, 0.8879529237747192, 0.9195803999900818, 0.9362682700157166, 0.9475524425506592, 0.9546248912811279, 0.9615384340286255, 0.965670645236969, 0.970756471157074, 0.9727431535720825], "val_loss": [0.5077298283576965, 0.4030902087688446, 0.33420389890670776, 0.2866286039352417, 0.2513788640499115, 0.2240779846906662, 0.20242933928966522, 0.1848272979259491, 0.17029933631420135, 0.15799042582511902], "val_accuracy": [0.8587624430656433, 0.9050543904304504, 0.9296174049377441, 0.9428436756134033, 0.9522910118103027, 0.9593765139579773, 0.9659896492958069, 0.9692962169647217, 0.9697685837745667, 0.9749646186828613]}