{"loss": [0.7714858055114746, 0.6885479688644409, 0.6445065140724182, 0.5836871862411499, 0.5066304206848145, 0.4287547767162323, 0.3599037230014801, 0.30295273661613464, 0.2573314607143402, 0.2213587462902069], "accuracy": [0.48253077268600464, 0.502106249332428, 0.7697200179100037, 0.9008011817932129, 0.9392087459564209, 0.9585363864898682, 0.9659700989723206, 0.9696043729782104, 0.9705955386161804, 0.9706781506538391], "val_loss": [0.7115409970283508, 0.6651301383972168, 0.6144999861717224, 0.5412060022354126, 0.45974233746528625, 0.3841930329799652, 0.3206624686717987, 0.26931288838386536, 0.228846937417984, 0.19714130461215973], "val_accuracy": [0.48855724930763245, 0.6000000238418579, 0.8781095147132874, 0.9358209371566772, 0.9592040181159973, 0.9706467986106873, 0.974626898765564, 0.9761194586753845, 0.9761194586753845, 0.9761194586753845]}