{"accuracy": [0.72, 0.93, 0.95, 0.95, 0.95, 0.95, 0.95, 0.95, 0.94, 0.96], "val_accuracy": [0.887, 0.924, 0.945, 0.949, 0.947, 0.946, 0.953, 0.951, 0.943, 0.949], "loss": [73.25599999999996, 30.976, 26.752000000000002, 25.56000000000001, 24.708000000000002, 26.228, 25.812000000000005, 25.240000000000013, 25.99199999999999, 24.996000000000006], "val_loss": [388.5000000000005, 312.59200000000055, 266.0480000000004, 270.43600000000055, 277.5240000000005, 259.52000000000044, 261.80000000000024, 258.38000000000045, 271.61600000000055, 260.6680000000005]}