{"loss": [0.6594875454902649, 0.5537156462669373, 0.43881210684776306, 0.33915120363235474, 0.26622259616851807, 0.21487680077552795, 0.17866434156894684, 0.15264762938022614, 0.13364729285240173, 0.11957695335149765], "accuracy": [0.67386794090271, 0.9557161927223206, 0.9684785604476929, 0.9697855710983276, 0.9718613624572754, 0.9731683135032654, 0.9743215441703796, 0.9751672744750977, 0.9757823348045349, 0.9763973951339722], "val_loss": [0.6059749126434326, 0.49570876359939575, 0.38519546389579773, 0.3003486096858978, 0.2403833419084549, 0.19858448207378387, 0.16905929148197174, 0.1476326584815979, 0.13167664408683777, 0.11996055394411087], "val_accuracy": [0.9010633826255798, 0.9634766578674316, 0.9671752452850342, 0.9694868326187134, 0.9694868326187134, 0.970411479473114, 0.9708738327026367, 0.9713361263275146, 0.9708738327026367, 0.9722607731819153]}