{"loss": [0.7050004601478577, 0.6795358061790466, 0.6686091423034668, 0.6539676785469055, 0.6344645619392395, 0.6107388734817505, 0.5841972231864929, 0.5567563772201538, 0.5295544266700745, 0.5036342740058899], "accuracy": [0.5125582814216614, 0.5125582814216614, 0.5267937779426575, 0.6181788444519043, 0.685592770576477, 0.7327988147735596, 0.77198725938797, 0.7962039113044739, 0.8088849186897278, 0.8188660740852356], "val_loss": [0.6879129409790039, 0.6759368181228638, 0.663138210773468, 0.6457167863845825, 0.6231714487075806, 0.5968976616859436, 0.5687220096588135, 0.540230929851532, 0.5136331915855408, 0.4871648848056793], "val_accuracy": [0.49902912974357605, 0.5009709000587463, 0.5849514603614807, 0.6742718815803528, 0.737864077091217, 0.7820388674736023, 0.813592255115509, 0.8218446969985962, 0.8383495211601257, 0.8393204212188721]}