{"accuracy": [0.53, 0.75, 0.92, 0.93, 0.95, 0.95, 0.96, 0.97, 0.97, 0.97], "val_accuracy": [0.766, 0.869, 0.899, 0.938, 0.931, 0.948, 0.95, 0.96, 0.967, 0.972], "loss": [109.98, 55.01199999999999, 40.17199999999999, 29.73600000000001, 28.092000000000017, 25.248, 24.407999999999994, 22.21600000000002, 22.77999999999999, 21.096000000000007], "val_loss": [554.6360000000001, 474.49200000000036, 351.96000000000066, 312.0640000000006, 305.63600000000025, 297.6160000000005, 286.24800000000045, 265.39600000000013, 272.62400000000025, 251.38000000000025]}