{"loss": [356.56976318359375, 105.04512023925781, 0.8633499145507812, 0.16583740711212158, 0.15666081011295319, 0.14067330956459045, 0.12521588802337646, 0.10336339473724365, 0.08642851561307907, 0.07281341403722763], "accuracy": [0.24292472004890442, 0.42053282260894775, 0.9477134943008423, 0.9774255156517029, 0.977093517780304, 0.9769275784492493, 0.9768445491790771, 0.9768445491790771, 0.9750186800956726, 0.9765955805778503], "val_loss": [226.9641571044922, 7.408949851989746, 0.1664634346961975, 0.1471787691116333, 0.13343912363052368, 0.12394505739212036, 0.10121099650859833, 0.07862188667058945, 0.0744682028889656, 0.08248066902160645], "val_accuracy": [0.2809959650039673, 0.7510163187980652, 0.9791667461395264, 0.9791667461395264, 0.9801830053329468, 0.9791667461395264, 0.9771342277526855, 0.9776423573493958, 0.9756098389625549, 0.9710366725921631]}