{"accuracy": [0.66, 0.67, 0.67, 0.74, 0.77], "val_accuracy": [0.646, 0.646, 0.669, 0.706, 0.773], "loss": [93.16000000000001, 78.73199999999996, 75.60799999999999, 74.05600000000001, 66.25200000000002], "val_loss": [809.9800000000001, 797.7159999999998, 761.0040000000008, 699.4879999999997, 643.5119999999991]}