{"loss": [0.7773529887199402, 0.6440662741661072, 0.5430123209953308, 0.46654072403907776, 0.4080156981945038, 0.36208653450012207, 0.3252203166484833, 0.2950834035873413, 0.26993489265441895, 0.248604878783226], "accuracy": [0.4500158727169037, 0.5734265446662903, 0.8303400874137878, 0.9164811968803406, 0.9442943334579468, 0.9594722986221313, 0.9686903953552246, 0.971789538860321, 0.975842297077179, 0.9767164587974548], "val_loss": [0.7045372128486633, 0.5893864035606384, 0.5019196271896362, 0.4355611801147461, 0.3838305175304413, 0.3425613343715668, 0.3090713918209076, 0.28123781085014343, 0.25775137543678284, 0.23751378059387207], "val_accuracy": [0.46386396884918213, 0.7430326342582703, 0.8809636831283569, 0.9333963394165039, 0.9617383480072021, 0.9730751514434814, 0.9763817191123962, 0.9815777540206909, 0.9834672212600708, 0.9853566884994507]}