{"loss": [0.632439911365509, 0.5495889186859131, 0.4841941297054291, 0.4318610429763794, 0.3896107077598572, 0.35495316982269287, 0.32593676447868347, 0.3013380765914917, 0.2803010046482086, 0.26214155554771423], "accuracy": [0.5889200568199158, 0.7931005358695984, 0.8564873933792114, 0.8817232251167297, 0.8966777324676514, 0.9069589972496033, 0.9184297919273376, 0.9265018701553345, 0.9349138140678406, 0.9414563775062561], "val_loss": [0.5787365436553955, 0.500190019607544, 0.43813034892082214, 0.3885814845561981, 0.3485647737979889, 0.31624364852905273, 0.28887924551963806, 0.2661269009113312, 0.24634525179862976, 0.2297235131263733], "val_accuracy": [0.8095238208770752, 0.8861283659934998, 0.9104555249214172, 0.9202898740768433, 0.9280538558959961, 0.9353002309799194, 0.9394410252571106, 0.9440994262695312, 0.9461697936058044, 0.9503105878829956]}