{"loss": [33.254981994628906, 0.7302714586257935, 0.5077743530273438, 0.40950286388397217, 0.3504657745361328, 0.30194586515426636, 0.2684633135795593, 0.24167218804359436, 0.21784254908561707, 0.1983357071876526], "accuracy": [0.7193523049354553, 0.9657978415489197, 0.9785940647125244, 0.9845182299613953, 0.9860979914665222, 0.9889416098594666, 0.9901264309883118, 0.9903634190559387, 0.9909952878952026, 0.9912322759628296], "val_loss": [0.9167385101318359, 0.4619218409061432, 0.391556054353714, 0.3510449528694153, 0.25900253653526306, 0.251626193523407, 0.2256634533405304, 0.2659260332584381, 0.2080126702785492, 0.1578184962272644], "val_accuracy": [0.9569995403289795, 0.9737219214439392, 0.9799331426620483, 0.9861443042755127, 0.9890109896659851, 0.9885331988334656, 0.9894887804985046, 0.9875776767730713, 0.9890109896659851, 0.9909221529960632]}