{"loss": [0.6942064166069031, 0.6871517300605774, 0.6709365248680115, 0.631612241268158, 0.5713180303573608, 0.5035642981529236, 0.43849384784698486, 0.3809429705142975, 0.3318210244178772, 0.29058337211608887], "accuracy": [0.5090426802635193, 0.6255185604095459, 0.8356562852859497, 0.9323046803474426, 0.9505558609962463, 0.9537083506584167, 0.9565290212631226, 0.9571097493171692, 0.9588518738746643, 0.9592666625976562], "val_loss": [0.689964771270752, 0.680924117565155, 0.6533316373825073, 0.5998285412788391, 0.5312647223472595, 0.46146896481513977, 0.3982343375682831, 0.34347274899482727, 0.29772838950157166, 0.2593102753162384], "val_accuracy": [0.5653266310691833, 0.7748743891716003, 0.9251255989074707, 0.9613065123558044, 0.9628140330314636, 0.9648240804672241, 0.9633165597915649, 0.9653266072273254, 0.9663316607475281, 0.9698492288589478]}