{"loss": [0.6931896209716797, 0.693178653717041, 0.6931830048561096, 0.6931718587875366, 0.6931857466697693, 0.6931791305541992, 0.6931840181350708, 0.6931778192520142, 0.693171501159668, 0.6931704878807068], "accuracy": [0.49633437395095825, 0.49970507621765137, 0.4970927834510803, 0.5000421404838562, 0.4970927834510803, 0.4935535490512848, 0.5002949237823486, 0.49625009298324585, 0.4991151988506317, 0.49945226311683655], "val_loss": [0.6931651830673218, 0.6931950449943542, 0.693099856376648, 0.6931592226028442, 0.6931013464927673, 0.6930928826332092, 0.6931443810462952, 0.6931136846542358, 0.6931384801864624, 0.693037211894989], "val_accuracy": [0.4870361387729645, 0.4870361387729645, 0.5129639506340027, 0.4870361387729645, 0.5129639506340027, 0.5129639506340027, 0.5129639506340027, 0.5129639506340027, 0.5129639506340027, 0.5129639506340027]}