{"loss": [1.4548238515853882, 0.2546345591545105, 0.16557526588439941, 0.13881896436214447, 0.1269305944442749, 0.1058322861790657, 0.08834148943424225, 0.06957899779081345, 0.05844772234559059, 0.07109624892473221], "accuracy": [0.970298707485199, 0.9938464164733887, 0.9955694675445557, 0.9961437582969666, 0.9959796667098999, 0.9967181086540222, 0.9971283674240112, 0.9971283674240112, 0.9979488253593445, 0.9981949925422668], "val_loss": [0.41697001457214355, 0.5958355069160461, 0.27071133255958557, 0.31726738810539246, 0.6306812167167664, 0.27072346210479736, 0.4023013710975647, 0.41245242953300476, 0.44843509793281555, 0.5628072023391724], "val_accuracy": [0.9905378818511963, 0.988545835018158, 0.9945219159126282, 0.9925299286842346, 0.988545835018158, 0.9955179691314697, 0.9925299286842346, 0.9935259222984314, 0.9910358786582947, 0.9905378818511963]}