{"loss": [0.6940048336982727, 0.6926143765449524, 0.6925935745239258, 0.6925708651542664, 0.6925897002220154, 0.6925727725028992, 0.6925716400146484, 0.6925709843635559, 0.6925841569900513, 0.6925789713859558], "accuracy": [0.4987197518348694, 0.5174692273139954, 0.5174692273139954, 0.5174692273139954, 0.5174692273139954, 0.5174692273139954, 0.5174692273139954, 0.5174692273139954, 0.5174692273139954, 0.5174692273139954], "val_loss": [0.6928905844688416, 0.6929113864898682, 0.6929611563682556, 0.6929485201835632, 0.6929723620414734, 0.6929444670677185, 0.6929318904876709, 0.6929306387901306, 0.6929333209991455, 0.6929198503494263], "val_accuracy": [0.5114427804946899, 0.5114427804946899, 0.5114427804946899, 0.5114427804946899, 0.5114427804946899, 0.5114427804946899, 0.5114427804946899, 0.5114427804946899, 0.5114427804946899, 0.5114427804946899]}