{"loss": [1.1451878547668457, 0.2286861538887024, 0.16655784845352173, 0.1324908584356308, 0.12833410501480103, 0.12405923753976822, 0.08330327272415161, 0.081727534532547, 0.06925880163908005, 0.07721442729234695], "accuracy": [0.976124107837677, 0.994092583656311, 0.9950771331787109, 0.9959796667098999, 0.9955694675445557, 0.995897650718689, 0.9977026581764221, 0.9975385665893555, 0.9978668093681335, 0.9974565505981445], "val_loss": [0.4939938485622406, 0.3933393657207489, 0.38326582312583923, 0.4636951982975006, 0.3181592524051666, 0.24932792782783508, 0.273470938205719, 0.36476966738700867, 0.4624750316143036, 0.32422831654548645], "val_accuracy": [0.9880478382110596, 0.9910358786582947, 0.9915338754653931, 0.9905378818511963, 0.9950199723243713, 0.9945219159126282, 0.9960159659385681, 0.9925299286842346, 0.9925299286842346, 0.9960159659385681]}