{"loss": [0.691165566444397, 0.66496342420578, 0.6310408115386963, 0.5813395380973816, 0.5191434621810913, 0.4555928409099579, 0.39942580461502075, 0.35305094718933105, 0.3159043490886688, 0.28627511858940125], "accuracy": [0.565481960773468, 0.8377282023429871, 0.873269259929657, 0.9081047773361206, 0.9140135645866394, 0.918599545955658, 0.9211570620536804, 0.9243319630622864, 0.9266248941421509, 0.9290060997009277], "val_loss": [0.6758127212524414, 0.6467199325561523, 0.6020060777664185, 0.5411847829818726, 0.47273358702659607, 0.4095756411552429, 0.35702669620513916, 0.31454983353614807, 0.2812023460865021, 0.2554709017276764], "val_accuracy": [0.815675675868988, 0.8578378558158875, 0.908108115196228, 0.9140540957450867, 0.9205405712127686, 0.9248648881912231, 0.9275676012039185, 0.931351363658905, 0.9340540766716003, 0.9356756806373596]}