{"loss": [0.682696521282196, 0.6509354710578918, 0.6115392446517944, 0.5636472702026367, 0.5092560052871704, 0.4528387784957886, 0.39920350909233093, 0.35084986686706543, 0.3084852397441864, 0.2722092568874359], "accuracy": [0.6321597099304199, 0.7709736824035645, 0.8611017465591431, 0.8958052396774292, 0.9155154824256897, 0.9267182946205139, 0.934467613697052, 0.9415431022644043, 0.9473550915718079, 0.9527459144592285], "val_loss": [0.6676210165023804, 0.6305169463157654, 0.5850995779037476, 0.5312451720237732, 0.4730103611946106, 0.415449857711792, 0.3625628352165222, 0.3161078989505768, 0.2757079601287842, 0.241507887840271], "val_accuracy": [0.6782302856445312, 0.8305681943893433, 0.8763198256492615, 0.9135244488716125, 0.9311212301254272, 0.9401710033416748, 0.9492207765579224, 0.9567622542381287, 0.9587733149528503, 0.9638009667396545]}