{"loss": [0.7670416235923767, 0.7042186260223389, 0.6954597234725952, 0.6919263601303101, 0.6882187724113464, 0.6841120719909668, 0.6789944171905518, 0.673052191734314, 0.6659961342811584, 0.6580479145050049], "accuracy": [0.5045374035835266, 0.5045374035835266, 0.5030956268310547, 0.5270969867706299, 0.5842592120170593, 0.5624629259109497, 0.6203884482383728, 0.6213213801383972, 0.6517683267593384, 0.6634721755981445], "val_loss": [0.7159478664398193, 0.6981033682823181, 0.6938921809196472, 0.6901232004165649, 0.6856116056442261, 0.6803701519966125, 0.6740433573722839, 0.6666804552078247, 0.6582075357437134, 0.6487321257591248], "val_accuracy": [0.5067805051803589, 0.5087895393371582, 0.5178302526473999, 0.5685585141181946, 0.5570065379142761, 0.6187845468521118, 0.6152687072753906, 0.6614766716957092, 0.6760421991348267, 0.6951280832290649]}