{"loss": [4.542799949645996, 1.0202592611312866, 0.6673671007156372, 0.46805307269096375, 0.36042678356170654, 0.27959927916526794, 0.2204788774251938, 0.18661467730998993, 0.153577521443367, 0.1294839084148407], "accuracy": [0.8951780200004578, 0.956261932849884, 0.9647274017333984, 0.9699560403823853, 0.9728608131408691, 0.975516676902771, 0.9760146141052246, 0.9769275784492493, 0.9786704182624817, 0.9776744842529297], "val_loss": [1.0909366607666016, 0.6501779556274414, 0.4650314748287201, 0.39703741669654846, 0.3293501138687134, 0.3021292984485626, 0.31476029753685, 0.2065402716398239, 0.21509188413619995, 0.1727895587682724], "val_accuracy": [0.9563009142875671, 0.9690041542053223, 0.9715448021888733, 0.9745935797691345, 0.9756098389625549, 0.9735773205757141, 0.9700204133987427, 0.9776423573493958, 0.9761179685592651, 0.978150486946106]}