{"loss": [5.0750298500061035, 0.6052366495132446, 0.4158742129802704, 0.32535022497177124, 0.2751708924770355, 0.2258017361164093, 0.1939922422170639, 0.17306992411613464, 0.15053044259548187, 0.12476667016744614], "accuracy": [0.8409091234207153, 0.9602068066596985, 0.9702166318893433, 0.9737446904182434, 0.9763702154159546, 0.9766983985900879, 0.9781752824783325, 0.9787496328353882, 0.9800623655319214, 0.9812930822372437], "val_loss": [0.7921485900878906, 0.37812304496765137, 0.294363409280777, 0.24908095598220825, 0.22455339133739471, 0.21505461633205414, 0.18731524050235748, 0.16643066704273224, 0.1553954780101776, 0.1539846956729889], "val_accuracy": [0.9477092027664185, 0.9696215391159058, 0.9736056327819824, 0.9741036295890808, 0.9780876636505127, 0.9770916700363159, 0.981573760509491, 0.981573760509491, 0.9780876636505127, 0.9795817136764526]}