{"loss": [7.963465690612793, 6.68781042098999, 5.425560474395752, 4.170081615447998, 2.9425225257873535, 1.7483044862747192, 0.5688502788543701, 0.08543849736452103, 0.08526670187711716, 0.08419691771268845], "accuracy": [0.9682451486587524, 0.9682451486587524, 0.9682451486587524, 0.9682451486587524, 0.9683239459991455, 0.9682451486587524, 0.967930018901825, 0.9684027433395386, 0.9684815406799316, 0.9685603380203247], "val_loss": [5.464955806732178, 4.53084659576416, 3.5805130004882812, 2.6581742763519287, 1.756646752357483, 0.8660365343093872, 0.07213243842124939, 0.07179462909698486, 0.06989246606826782, 0.07052174210548401], "val_accuracy": [0.9715484976768494, 0.9715484976768494, 0.9715484976768494, 0.9720149040222168, 0.9720149040222168, 0.9715484976768494, 0.9715484976768494, 0.9710820913314819, 0.9710820913314819, 0.9710820913314819]}