{"loss": [0.692578911781311, 0.6922710537910461, 0.6922180652618408, 0.6922260522842407, 0.6922189593315125, 0.6922277212142944, 0.6922212243080139, 0.6922258734703064, 0.6922407150268555, 0.6922073364257812], "accuracy": [0.5215627551078796, 0.5219154953956604, 0.5219154953956604, 0.5219154953956604, 0.5219154953956604, 0.5219154953956604, 0.5219154953956604, 0.5219154953956604, 0.5219154953956604, 0.5219154953956604], "val_loss": [0.6925312280654907, 0.6925170421600342, 0.6925243139266968, 0.6925243735313416, 0.6925197839736938, 0.692522406578064, 0.6925699710845947, 0.6925704479217529, 0.692557692527771, 0.6925385594367981], "val_accuracy": [0.5178378224372864, 0.5178378224372864, 0.5178378224372864, 0.5178378224372864, 0.5178378224372864, 0.5178378224372864, 0.5178378224372864, 0.5178378224372864, 0.5178378224372864, 0.5178378224372864]}