{"loss": [0.75833660364151, 0.687466561794281, 0.6529086232185364, 0.6030856966972351, 0.5404780507087708, 0.47510671615600586, 0.41307443380355835, 0.3572341799736023, 0.30924883484840393, 0.2687965929508209], "accuracy": [0.5032312870025635, 0.5032312870025635, 0.5859693884849548, 0.7946428656578064, 0.8913265466690063, 0.9230442047119141, 0.9428571462631226, 0.9519557952880859, 0.9621598720550537, 0.9656462669372559], "val_loss": [0.70989990234375, 0.6721027493476868, 0.6327361464500427, 0.5758489966392517, 0.5119213461875916, 0.4486723840236664, 0.39027735590934753, 0.33888840675354004, 0.29511311650276184, 0.258352130651474], "val_accuracy": [0.4938144385814667, 0.4938144385814667, 0.6628866195678711, 0.8489691019058228, 0.8979381918907166, 0.9278351068496704, 0.9443299174308777, 0.9582474827766418, 0.9587629437446594, 0.9644330143928528]}