{"loss": [0.7216906547546387, 0.6975085139274597, 0.6913382411003113, 0.6840406656265259, 0.6664747595787048, 0.6317074298858643, 0.5832988023757935, 0.527751624584198, 0.47096672654151917, 0.4171135723590851], "accuracy": [0.49715355038642883, 0.47404199838638306, 0.5604554414749146, 0.7370210289955139, 0.8063557147979736, 0.8818081617355347, 0.9197893142700195, 0.9422211050987244, 0.9491885900497437, 0.9559860825538635], "val_loss": [0.7027875781059265, 0.6949650049209595, 0.6892055869102478, 0.6782450079917908, 0.650439441204071, 0.6043835878372192, 0.5475921034812927, 0.4860479235649109, 0.42725270986557007, 0.3730042278766632], "val_accuracy": [0.5041407942771912, 0.4627329409122467, 0.6195652484893799, 0.7261905074119568, 0.8649068474769592, 0.9218426942825317, 0.9472050070762634, 0.9534161686897278, 0.957556962966919, 0.9627329111099243]}