{"loss": [2.5990705490112305, 0.29619473218917847, 0.17381611466407776, 0.13198521733283997, 0.08809183537960052, 0.06164764240384102, 0.05991004407405853, 0.05400523543357849, 0.04580123350024223, 0.030974309891462326], "accuracy": [0.9648499488830566, 0.9921011328697205, 0.9943918585777283, 0.9948657751083374, 0.9958926439285278, 0.9966825246810913, 0.9966035485267639, 0.9966825246810913, 0.997314453125, 0.9981043338775635], "val_loss": [0.4469813108444214, 0.30759984254837036, 0.27269574999809265, 0.24508415162563324, 0.21827460825443268, 0.1596945971250534, 0.18109452724456787, 0.1644076406955719, 0.13611513376235962, 0.16298308968544006], "val_accuracy": [0.9890109896659851, 0.9899665713310242, 0.9909221529960632, 0.991399884223938, 0.9928332567214966, 0.9947444200515747, 0.9928332567214966, 0.9937888383865356, 0.9947444200515747, 0.9947444200515747]}