{"loss": [0.7078111171722412, 0.6775035262107849, 0.6458728909492493, 0.6018255352973938, 0.5440016984939575, 0.47779837250709534, 0.4108695685863495, 0.34944838285446167, 0.2963515520095825, 0.2520536780357361], "accuracy": [0.4956226050853729, 0.6040799021720886, 0.7912452220916748, 0.9250319004058838, 0.954271137714386, 0.9620909690856934, 0.9709307551383972, 0.9759455919265747, 0.9795154929161072, 0.9830853939056396], "val_loss": [0.6899787783622742, 0.6614487171173096, 0.6231697797775269, 0.5699860453605652, 0.505449652671814, 0.4361795485019684, 0.37070363759994507, 0.31338390707969666, 0.2641032338142395, 0.22520217299461365], "val_accuracy": [0.5086646676063538, 0.7344546914100647, 0.9016310572624207, 0.9495413303375244, 0.9531091451644897, 0.9668706059455872, 0.97247713804245, 0.974006175994873, 0.9791030287742615, 0.9780836701393127]}