{"loss": [0.6925429701805115, 0.6753659844398499, 0.6561734676361084, 0.6279602646827698, 0.5921258330345154, 0.5513496398925781, 0.5086928606033325, 0.4666054844856262, 0.42719072103500366, 0.39159533381462097], "accuracy": [0.5739145874977112, 0.6714019179344177, 0.7677350640296936, 0.8530586957931519, 0.8984284996986389, 0.910947322845459, 0.9160081744194031, 0.9192044734954834, 0.9213353395462036, 0.9235550165176392], "val_loss": [0.6815307140350342, 0.6650131940841675, 0.6398914456367493, 0.6057908535003662, 0.5650174021720886, 0.5212183594703674, 0.4768357574939728, 0.43460613489151, 0.3961641788482666, 0.36173754930496216], "val_accuracy": [0.7604055404663086, 0.6995730996131897, 0.8239060640335083, 0.9060832262039185, 0.9103521704673767, 0.9124866127967834, 0.9188900589942932, 0.9226253628730774, 0.9242262244224548, 0.9263607263565063]}