{"loss": [0.5736422538757324, 0.4097678065299988, 0.3391377925872803, 0.2865709960460663, 0.24167004227638245, 0.21688787639141083, 0.2027098685503006, 0.17356975376605988, 0.1710643619298935, 0.1525266021490097], "accuracy": [0.8492674827575684, 0.9318316578865051, 0.9430942535400391, 0.9498687386512756, 0.9595223665237427, 0.956050455570221, 0.9591836929321289, 0.9629943370819092, 0.9611313343048096, 0.9646032452583313], "val_loss": [0.4446547031402588, 0.37206727266311646, 0.3291023075580597, 0.26033762097358704, 0.22713877260684967, 0.2169191837310791, 0.18031415343284607, 0.16212613880634308, 0.16876129806041718, 0.15408143401145935], "val_accuracy": [0.946660041809082, 0.9401794672012329, 0.9322034120559692, 0.957128643989563, 0.957128643989563, 0.9586241245269775, 0.9606181383132935, 0.9670987129211426, 0.9556331038475037, 0.958125650882721]}