{"accuracy": [0.73, 0.76, 0.78, 0.79, 0.8], "val_accuracy": [0.808, 0.794, 0.768, 0.758, 0.764], "loss": [49.093472508991105, 30.38898993212335, 26.14539267834225, 23.66877070149739, 22.866278792571812], "val_loss": [137.49647158892992, 120.78024815332559, 108.76028378169248, 100.24311402307035, 94.02256689590915]}