{"loss": [0.6796357035636902, 0.6530241966247559, 0.6237151622772217, 0.588790774345398, 0.5511229038238525, 0.5151074528694153, 0.48330238461494446, 0.4569937586784363, 0.4362262487411499, 0.42011675238609314], "accuracy": [0.5933066606521606, 0.8224002718925476, 0.8336671590805054, 0.8366717100143433, 0.8372558951377869, 0.8393423557281494, 0.8406776785850525, 0.8409280776977539, 0.8424303531646729, 0.842597246170044], "val_loss": [0.6645742058753967, 0.6371285915374756, 0.6031455397605896, 0.5641223788261414, 0.5245778560638428, 0.4890669584274292, 0.4569445550441742, 0.4326770603656769, 0.41304126381874084, 0.3983137011528015], "val_accuracy": [0.7893145084381104, 0.8457661271095276, 0.84375, 0.8477822542190552, 0.8477822542190552, 0.8477822542190552, 0.8477822542190552, 0.8518145084381104, 0.8518145084381104, 0.8528225421905518]}