{"loss": [0.8242576718330383, 0.6949051022529602, 0.5998889207839966, 0.5238791704177856, 0.4627417325973511, 0.4132639467716217, 0.3726332187652588, 0.3388534188270569, 0.31052592396736145, 0.2865025997161865], "accuracy": [0.14249299466609955, 0.42747899889945984, 0.7468774318695068, 0.8864814639091492, 0.9242076873779297, 0.9362732768058777, 0.9544566869735718, 0.9637182950973511, 0.9751041531562805, 0.9806271195411682], "val_loss": [0.7565357089042664, 0.6431150436401367, 0.5535752177238464, 0.481682687997818, 0.42369794845581055, 0.3770263195037842, 0.33818572759628296, 0.30614084005355835, 0.2787075638771057, 0.2557062804698944], "val_accuracy": [0.04244306683540344, 0.6635611057281494, 0.9016563296318054, 0.9399586319923401, 0.9539337754249573, 0.9679089188575745, 0.9756729006767273, 0.9844720959663391, 0.9849896430969238, 0.9849896430969238]}