{"loss": [0.7118876576423645, 0.6754315495491028, 0.6236844062805176, 0.5568394660949707, 0.4869909882545471, 0.4232479929924011, 0.3697483539581299, 0.32607588171958923, 0.29054105281829834, 0.26136019825935364], "accuracy": [0.41856586933135986, 0.535376787185669, 0.6683077812194824, 0.9061383605003357, 0.9329786896705627, 0.941237211227417, 0.9456047415733337, 0.9484634399414062, 0.9490193128585815, 0.9479870200157166], "val_loss": [0.6926431655883789, 0.6513808369636536, 0.5872228741645813, 0.5151142477989197, 0.4448726177215576, 0.3840906322002411, 0.33362603187561035, 0.29222363233566284, 0.2586834728717804, 0.230519101023674], "val_accuracy": [0.5381697416305542, 0.5381697416305542, 0.8885728120803833, 0.935514509677887, 0.9464201331138611, 0.9473684430122375, 0.9521100521087646, 0.9544808268547058, 0.9530583620071411, 0.9554291367530823]}