{"loss": [0.6963101625442505, 0.6847536563873291, 0.6721901893615723, 0.651265025138855, 0.6210888624191284, 0.5842970013618469, 0.5448199510574341, 0.5059650540351868, 0.46901631355285645, 0.4349900186061859], "accuracy": [0.5189558863639832, 0.5385776162147522, 0.5501198768615723, 0.6005504727363586, 0.6813459992408752, 0.7584124803543091, 0.8158572316169739, 0.8532362580299377, 0.8733019828796387, 0.8826245069503784], "val_loss": [0.6863151788711548, 0.675820529460907, 0.6579942107200623, 0.6292340159416199, 0.5914338827133179, 0.5497439503669739, 0.5097912549972534, 0.4703775942325592, 0.43361973762512207, 0.40360933542251587], "val_accuracy": [0.5368196368217468, 0.5784417986869812, 0.6547491550445557, 0.7161152362823486, 0.7833511233329773, 0.8479188680648804, 0.8751333951950073, 0.8911418914794922, 0.897545337677002, 0.898078978061676]}