{"loss": [0.6930806636810303, 0.6655888557434082, 0.6425228714942932, 0.6090860962867737, 0.5657176971435547, 0.5169811248779297, 0.46748554706573486, 0.42010730504989624, 0.3770257532596588, 0.3392442762851715], "accuracy": [0.5024829506874084, 0.7280532121658325, 0.8383132815361023, 0.8793872594833374, 0.897230863571167, 0.9084252119064331, 0.9160845279693604, 0.921639621257782, 0.9261847138404846, 0.929972231388092], "val_loss": [0.6759658455848694, 0.6558316946029663, 0.6266807317733765, 0.5863529443740845, 0.5378804206848145, 0.48685958981513977, 0.4365621507167816, 0.3900119662284851, 0.3487478792667389, 0.3134215772151947], "val_accuracy": [0.5422465801239014, 0.7972167730331421, 0.8777336478233337, 0.8951292634010315, 0.912524938583374, 0.9199801683425903, 0.9219682812690735, 0.9289265275001526, 0.9363817572593689, 0.9378728270530701]}