{"loss": [0.5913040041923523, 0.5211614370346069, 0.4611995816230774, 0.41270747780799866, 0.37500810623168945, 0.3456025719642639, 0.32298722863197327, 0.30579879879951477, 0.29263392090797424, 0.2826782464981079], "accuracy": [0.7674072980880737, 0.8185347318649292, 0.8651193380355835, 0.8919633626937866, 0.9037746787071228, 0.9088131189346313, 0.9120343923568726, 0.9146774411201477, 0.9158338308334351, 0.9160816073417664], "val_loss": [0.549502432346344, 0.4816739857196808, 0.42478054761886597, 0.3791905641555786, 0.3432137668132782, 0.3145841956138611, 0.2925224006175995, 0.2751833200454712, 0.26135095953941345, 0.2507264316082001], "val_accuracy": [0.7960199117660522, 0.8517413139343262, 0.8975124955177307, 0.9154229164123535, 0.9233831167221069, 0.9263681769371033, 0.93034827709198, 0.9313433170318604, 0.9313433170318604, 0.9313433170318604]}