{"loss": [0.7631419897079468, 0.6987294554710388, 0.6847344636917114, 0.6765994429588318, 0.6648193001747131, 0.6468135118484497, 0.6225096583366394, 0.5925912261009216, 0.5584297776222229, 0.520987331867218], "accuracy": [0.4456959664821625, 0.46929213404655457, 0.5534818768501282, 0.5543040633201599, 0.5912193059921265, 0.7663405537605286, 0.8793061375617981, 0.891391932964325, 0.8974759578704834, 0.9039710760116577], "val_loss": [0.7164710760116577, 0.6896242499351501, 0.6803337931632996, 0.6704156398773193, 0.6544979214668274, 0.6313028931617737, 0.6017659902572632, 0.5669803619384766, 0.5280991196632385, 0.4864221215248108], "val_accuracy": [0.4380858242511749, 0.5594474673271179, 0.5599408149719238, 0.5599408149719238, 0.6882091760635376, 0.8904785513877869, 0.91317218542099, 0.9136654734611511, 0.9230389595031738, 0.9274790287017822]}