{"loss": [0.6657067537307739, 0.5704048275947571, 0.49665120244026184, 0.4382804334163666, 0.39150577783584595, 0.35320454835891724, 0.3212641179561615, 0.294252872467041, 0.2710309624671936, 0.25087496638298035], "accuracy": [0.508423388004303, 0.8742848038673401, 0.9545454382896423, 0.9728226065635681, 0.9766369462013245, 0.9787825345993042, 0.9814844131469727, 0.9821996092796326, 0.983709454536438, 0.983709454536438], "val_loss": [0.6129626035690308, 0.5305547118186951, 0.465410977602005, 0.4136869013309479, 0.37150776386260986, 0.33649903535842896, 0.3070695400238037, 0.28187498450279236, 0.26008719205856323, 0.24090561270713806], "val_accuracy": [0.6386396288871765, 0.9508739113807678, 0.9707133173942566, 0.9749646186828613, 0.9829948544502258, 0.9867737889289856, 0.9872461557388306, 0.9877185225486755, 0.9877185225486755, 0.9891356229782104]}