{"loss": [0.6153956055641174, 0.5233245491981506, 0.42669931054115295, 0.3449556231498718, 0.28217431902885437, 0.2356906682252884, 0.20156024396419525, 0.17647112905979156, 0.15773439407348633, 0.14357836544513702], "accuracy": [0.9075508117675781, 0.9536947011947632, 0.9639399647712708, 0.9664407968521118, 0.9680541753768921, 0.9699903130531311, 0.9699096083641052, 0.9705550074577332, 0.9705550074577332, 0.9711197018623352], "val_loss": [0.5733655691146851, 0.47328606247901917, 0.38237977027893066, 0.31011471152305603, 0.2562142312526703, 0.21686865389347076, 0.18757499754428864, 0.1665678173303604, 0.15058043599128723, 0.13865499198436737], "val_accuracy": [0.9425907731056213, 0.9612365365028381, 0.964180588722229, 0.965652585029602, 0.9661432504653931, 0.9666339755058289, 0.9671246409416199, 0.9666339755058289, 0.9671246409416199, 0.9671246409416199]}