{"accuracy": [0.63, 0.86, 0.91, 0.94, 0.93, 0.93, 0.92, 0.93, 0.93, 0.93], "val_accuracy": [0.875, 0.902, 0.901, 0.9, 0.904, 0.891, 0.903, 0.903, 0.904, 0.9], "loss": [88.24400000000003, 38.272000000000006, 31.348, 24.636000000000006, 25.812000000000005, 25.124000000000002, 24.616, 25.896, 23.876000000000005, 25.016000000000005], "val_loss": [391.03200000000055, 331.50400000000093, 315.9560000000001, 317.69200000000063, 298.6720000000003, 338.9080000000012, 305.0080000000004, 305.8440000000006, 309.99600000000027, 295.7440000000006]}