{"loss": [11.735599517822266, 3.1075191497802734, 2.130056858062744, 1.8135637044906616, 1.572613000869751, 1.365106225013733, 1.2083042860031128, 1.0684219598770142, 0.9507535099983215, 0.8296688199043274], "accuracy": [0.8258294463157654, 0.9363349676132202, 0.957188069820404, 0.962638258934021, 0.9657188653945923, 0.9669826626777649, 0.9679305553436279, 0.9689573645591736, 0.9682465195655823, 0.9685624241828918], "val_loss": [4.462977886199951, 2.361741781234741, 1.9556763172149658, 1.5940896272659302, 1.3616483211517334, 1.1726499795913696, 1.0136499404907227, 0.876043438911438, 0.7612766623497009, 0.6480185985565186], "val_accuracy": [0.9101768136024475, 0.9536550641059875, 0.9589106440544128, 0.9675107598304749, 0.9698996543884277, 0.9722886085510254, 0.9741997122764587, 0.9761108756065369, 0.9761108756065369, 0.9765886664390564]}