{"accuracy": [0.78, 0.87, 0.86, 0.85, 0.86, 0.86, 0.85, 0.85, 0.84, 0.84], "val_accuracy": [0.8104838709677419, 0.8054435483870968, 0.8109879032258065, 0.827116935483871, 0.8251008064516129, 0.8371975806451613, 0.8170362903225806, 0.8316532258064516, 0.829133064516129, 0.8336693548387096], "loss": [58.211999999999996, 47.712000000000025, 47.01200000000002, 45.944000000000024, 44.87200000000002, 44.50800000000003, 44.464000000000006, 44.864000000000004, 44.82000000000001, 45.42800000000001], "val_loss": [1095.8919999999996, 1033.1639999999993, 1009.3839999999992, 981.7999999999985, 971.2159999999978, 960.872, 1024.1640000000002, 987.4559999999984, 973.651999999998, 980.5599999999985]}