{"loss": [0.5837891101837158, 0.5033660531044006, 0.4426754117012024, 0.3917485177516937, 0.3559691309928894, 0.3164992332458496, 0.2931295931339264, 0.264870285987854, 0.24393752217292786, 0.21578490734100342], "accuracy": [0.9039238691329956, 0.9536039233207703, 0.9638767242431641, 0.9675816893577576, 0.963624119758606, 0.9692657589912415, 0.9658976197242737, 0.967750072479248, 0.9678342938423157, 0.9744863510131836], "val_loss": [0.5346484780311584, 0.4619094729423523, 0.40495529770851135, 0.36204928159713745, 0.32530874013900757, 0.31720155477523804, 0.28470274806022644, 0.2398071140050888, 0.22281037271022797, 0.20433881878852844], "val_accuracy": [0.94321608543396, 0.9698492288589478, 0.9778894186019897, 0.9763818979263306, 0.9758793711662292, 0.9572864174842834, 0.9587939381599426, 0.9778894186019897, 0.9748743772506714, 0.9753768444061279]}