{"loss": [0.6873939037322998, 0.6642317771911621, 0.6342352032661438, 0.5910159945487976, 0.5357747077941895, 0.47532185912132263, 0.41649478673934937, 0.3639831244945526, 0.319344162940979, 0.28232917189598083], "accuracy": [0.530472457408905, 0.5633858442306519, 0.7113385796546936, 0.8421260118484497, 0.9037008285522461, 0.9263779520988464, 0.9359842538833618, 0.9421259760856628, 0.9445669651031494, 0.9475590586662292], "val_loss": [0.6752927899360657, 0.6488910913467407, 0.6104706525802612, 0.5576849579811096, 0.4963555335998535, 0.4345545172691345, 0.3784011900424957, 0.33090654015541077, 0.291324645280838, 0.25958094000816345], "val_accuracy": [0.528380274772644, 0.6686663627624512, 0.8098754286766052, 0.8975542783737183, 0.9164744019508362, 0.9266266822814941, 0.9344716668128967, 0.93585604429245, 0.9413936734199524, 0.9409322142601013]}