{"loss": [0.6840308308601379, 0.6379407644271851, 0.5743282437324524, 0.4903925955295563, 0.40651267766952515, 0.333946168422699, 0.27492696046829224, 0.2281678169965744, 0.191280335187912, 0.1619737595319748], "accuracy": [0.4965575933456421, 0.5952401161193848, 0.8492137789726257, 0.9394814968109131, 0.969910740852356, 0.9807054996490479, 0.98436039686203, 0.985805332660675, 0.9880152940750122, 0.9886952638626099], "val_loss": [0.6592925786972046, 0.6101771593093872, 0.5323340892791748, 0.4446389973163605, 0.36467236280441284, 0.29794976115226746, 0.24450664222240448, 0.20229743421077728, 0.16874057054519653, 0.14202465116977692], "val_accuracy": [0.5005097389221191, 0.7563710808753967, 0.8985729217529297, 0.9648318886756897, 0.985728919506073, 0.9887869954109192, 0.9898064136505127, 0.9933741688728333, 0.9938838481903076, 0.9954128861427307]}