{"loss": [0.7647828459739685, 0.7241347432136536, 0.6916501522064209, 0.660748302936554, 0.6313208341598511, 0.6035147309303284, 0.5775157809257507, 0.5533207654953003, 0.5308544039726257, 0.5099776387214661], "accuracy": [0.38980379700660706, 0.2767315208911896, 0.5585060119628906, 0.8082104921340942, 0.826727569103241, 0.8542273640632629, 0.8528878688812256, 0.8593491315841675, 0.8736900091171265, 0.8805452585220337], "val_loss": [0.742138683795929, 0.7075070738792419, 0.6757526993751526, 0.645480215549469, 0.6167726516723633, 0.5896992087364197, 0.5645382404327393, 0.5410541296005249, 0.5192983150482178, 0.4989905059337616], "val_accuracy": [0.3330223858356476, 0.22947759926319122, 0.7784515023231506, 0.8120335340499878, 0.8386194109916687, 0.8386194109916687, 0.8526118993759155, 0.8642723560333252, 0.8694029450416565, 0.8801305890083313]}