{"loss": [0.7086507081985474, 0.6954610347747803, 0.691720724105835, 0.687986433506012, 0.6825550198554993, 0.6739711761474609, 0.6606124043464661, 0.6413524746894836, 0.6163192391395569, 0.5867871642112732], "accuracy": [0.5232189893722534, 0.5232189893722534, 0.5232189893722534, 0.5232189893722534, 0.5232189893722534, 0.5232189893722534, 0.528847873210907, 0.6016710996627808, 0.679771363735199, 0.7788918614387512], "val_loss": [0.6970987319946289, 0.6927258372306824, 0.6891934871673584, 0.6842728853225708, 0.6771113276481628, 0.665607213973999, 0.6485488414764404, 0.6249900460243225, 0.5959473848342896, 0.5634480714797974], "val_accuracy": [0.5307732820510864, 0.5307732820510864, 0.5307732820510864, 0.5307732820510864, 0.5307732820510864, 0.5307732820510864, 0.5481325387954712, 0.6075749397277832, 0.7364544868469238, 0.7780115604400635]}