{"loss": [0.7210513949394226, 0.674531877040863, 0.6547151207923889, 0.6276165843009949, 0.5914937257766724, 0.5478160977363586, 0.4989236295223236, 0.4476928412914276, 0.3968503773212433, 0.34861183166503906], "accuracy": [0.5013061165809631, 0.5134406089782715, 0.627201497554779, 0.7412151098251343, 0.8927277326583862, 0.956012487411499, 0.9841577410697937, 0.9889609813690186, 0.9920789003372192, 0.9922474026679993], "val_loss": [0.6763936877250671, 0.6581517457962036, 0.634712278842926, 0.601498544216156, 0.559486985206604, 0.5110809206962585, 0.45995691418647766, 0.4075925052165985, 0.35791680216789246, 0.3125340938568115], "val_accuracy": [0.5129639506340027, 0.5963396430015564, 0.6975089311599731, 0.8581597208976746, 0.9156075716018677, 0.9649212956428528, 0.9715303182601929, 0.9842400550842285, 0.9867819547653198, 0.9877987504005432]}