{"loss": [0.5427660346031189, 0.42571693658828735, 0.3479063808917999, 0.2879069447517395, 0.24284009635448456, 0.20912793278694153, 0.1837003529071808, 0.16443496942520142, 0.14962653815746307, 0.13818559050559998], "accuracy": [0.9501203298568726, 0.9550170302391052, 0.9648933410644531, 0.9698730111122131, 0.9716988801956177, 0.9721968770027161, 0.9718648791313171, 0.9718648791313171, 0.9717819094657898, 0.9716988801956177], "val_loss": [0.4575555920600891, 0.36793845891952515, 0.2984725832939148, 0.24632684886455536, 0.20754851400852203, 0.17873205244541168, 0.15697956085205078, 0.14034289121627808, 0.12728814780712128, 0.1171138659119606], "val_accuracy": [0.9532520771026611, 0.9654472470283508, 0.9705285429954529, 0.9735773205757141, 0.9751017093658447, 0.9756098389625549, 0.9751017093658447, 0.9745935797691345, 0.9745935797691345, 0.9740854501724243]}