{"loss": [150.4475555419922, 15.690956115722656, 0.8561105728149414, 0.5613133311271667, 0.49160417914390564, 0.4451031982898712, 0.4043254852294922, 0.3600711226463318, 0.33746132254600525, 0.3254316747188568], "accuracy": [0.1578989028930664, 0.6073459982872009, 0.8545814156532288, 0.8710110783576965, 0.8773302435874939, 0.882622480392456, 0.8880727291107178, 0.8982622623443604, 0.9024487137794495, 0.9065561294555664], "val_loss": [52.740020751953125, 1.1620986461639404, 0.5069703459739685, 0.43880218267440796, 0.39755508303642273, 0.36202460527420044, 0.3283570110797882, 0.29708099365234375, 0.28319743275642395, 0.2704676389694214], "val_accuracy": [0.22838032245635986, 0.8781653046607971, 0.9082656502723694, 0.9135212898254395, 0.9187768697738647, 0.9221213459968567, 0.9259436130523682, 0.9292880892753601, 0.932632565498352, 0.9350215196609497]}