{"loss": [4.163867473602295, 1.4207534790039062, 0.15061695873737335, 0.1505909562110901, 0.15072530508041382, 0.15112745761871338, 0.15064220130443573, 0.1508667916059494, 0.15076392889022827, 0.15074189007282257], "accuracy": [0.9376327991485596, 0.9381425976753235, 0.9399269819259644, 0.9404367804527283, 0.9401818513870239, 0.9397570490837097, 0.9402668476104736, 0.9395021200180054, 0.9395021200180054, 0.9399269819259644], "val_loss": [2.9706013202667236, 0.14862844347953796, 0.14900389313697815, 0.1497088223695755, 0.15787146985530853, 0.15298664569854736, 0.15073004364967346, 0.14989294111728668, 0.15639330446720123, 0.1501704752445221], "val_accuracy": [0.9342650175094604, 0.9399586319923401, 0.9399586319923401, 0.9378882050514221, 0.9394410252571106, 0.9399586319923401, 0.9389234185218811, 0.9378882050514221, 0.9368529915809631, 0.9378882050514221]}