{"loss": [0.4990966022014618, 0.4359383285045624, 0.39435264468193054, 0.3613288700580597, 0.33394142985343933, 0.3108333945274353, 0.29111820459365845, 0.27406659722328186, 0.2591177821159363, 0.2459374964237213], "accuracy": [0.7999494671821594, 0.9394960999488831, 0.9566866159439087, 0.9626696109771729, 0.9638493061065674, 0.9640178680419922, 0.966040313243866, 0.9656189680099487, 0.9669672250747681, 0.9667144417762756], "val_loss": [0.45591863989830017, 0.4049413204193115, 0.36627137660980225, 0.3357366919517517, 0.31013840436935425, 0.2883215546607971, 0.2702309489250183, 0.25412076711654663, 0.24040386080741882, 0.22781436145305634], "val_accuracy": [0.9079817533493042, 0.9506863951683044, 0.960854172706604, 0.9613625407218933, 0.9639045000076294, 0.9654296636581421, 0.9654296636581421, 0.9654296636581421, 0.9654296636581421, 0.9679716229438782]}