{"loss": [0.8162809610366821, 0.5679981708526611, 0.4391065239906311, 0.35995790362358093, 0.3069326877593994, 0.2690224349498749, 0.2405441254377365, 0.21840785443782806, 0.20067092776298523, 0.18613141775131226], "accuracy": [0.4911611080169678, 0.8731845021247864, 0.9386671185493469, 0.938335120677948, 0.9411569237709045, 0.9438957571983337, 0.9483774900436401, 0.9544360637664795, 0.9578388333320618, 0.9600796699523926], "val_loss": [0.6574885845184326, 0.4784190058708191, 0.37431445717811584, 0.30707842111587524, 0.26126572489738464, 0.2280096411705017, 0.20290955901145935, 0.1827145516872406, 0.16685886681079865, 0.1538669466972351], "val_accuracy": [0.48678866028785706, 0.9603659510612488, 0.9527439475059509, 0.9491870403289795, 0.9532520771026611, 0.9588415622711182, 0.9629065990447998, 0.9629065990447998, 0.9649391174316406, 0.9674797654151917]}