{"loss": [4.465665340423584, 1.165648102760315, 0.9564836621284485, 0.803264856338501, 0.6888130307197571, 0.5874719619750977, 0.5731838941574097, 0.4887810945510864, 0.5135582089424133, 0.5671790242195129], "accuracy": [0.9309767484664917, 0.9726728200912476, 0.9770804047584534, 0.9776093363761902, 0.9806064963340759, 0.9816643595695496, 0.9812235832214355, 0.9822813868522644, 0.9829866290092468, 0.9806064963340759], "val_loss": [1.4779460430145264, 0.7112712860107422, 0.40285471081733704, 0.3218064606189728, 0.6050431132316589, 0.3730472922325134, 0.540458619594574, 0.4917016625404358, 0.621307909488678, 0.5255574584007263], "val_accuracy": [0.9647436141967773, 0.9770299792289734, 0.9866453409194946, 0.9871795177459717, 0.9834402203559875, 0.9866453409194946, 0.9780983328819275, 0.9780983328819275, 0.9823718667030334, 0.9813034534454346]}