{"loss": [0.679324746131897, 0.6638105511665344, 0.640771210193634, 0.6082450747489929, 0.5670638084411621, 0.520676851272583, 0.47383594512939453, 0.42940813302993774, 0.38916015625, 0.3541131615638733], "accuracy": [0.5457854270935059, 0.8006452322006226, 0.8635123372077942, 0.8913061618804932, 0.9104971885681152, 0.9171974658966064, 0.9224915504455566, 0.9241459369659424, 0.926379382610321, 0.9282819628715515], "val_loss": [0.6708513498306274, 0.6512355208396912, 0.6223839521408081, 0.5838397145271301, 0.5373733043670654, 0.490766704082489, 0.4446772336959839, 0.40093210339546204, 0.3650752604007721, 0.33497822284698486], "val_accuracy": [0.7967678308486938, 0.8780606985092163, 0.9030362367630005, 0.9133202433586121, 0.9142996668815613, 0.9098922610282898, 0.9113613963127136, 0.9162585735321045, 0.9147893786430359, 0.9142996668815613]}