{"loss": [0.6797085404396057, 0.6483856439590454, 0.6037279367446899, 0.5420002937316895, 0.47217831015586853, 0.40503332018852234, 0.346268892288208, 0.2974976599216461, 0.25804102420806885, 0.22656132280826569], "accuracy": [0.535759687423706, 0.6345359086990356, 0.822234570980072, 0.9102828502655029, 0.9385727643966675, 0.9467577338218689, 0.953909695148468, 0.9571678042411804, 0.9613795280456543, 0.9629688262939453], "val_loss": [0.6628277897834778, 0.6239756941795349, 0.5656272768974304, 0.4938482940196991, 0.42087322473526, 0.3563888669013977, 0.3026050627231598, 0.25983926653862, 0.22614555060863495, 0.19918560981750488], "val_accuracy": [0.5370808243751526, 0.7742088437080383, 0.8970241546630859, 0.9385923743247986, 0.9527633786201477, 0.9631554484367371, 0.9659896492958069, 0.9664620161056519, 0.9655172824859619, 0.964100182056427]}