{"loss": [0.635806143283844, 0.5343021154403687, 0.4314229190349579, 0.341484010219574, 0.2710745632648468, 0.21836836636066437, 0.17923852801322937, 0.14991554617881775, 0.12764319777488708, 0.11049161851406097], "accuracy": [0.6240916848182678, 0.9551343321800232, 0.9857030510902405, 0.9876777529716492, 0.9877567887306213, 0.9871248602867126, 0.9870458841323853, 0.9871248602867126, 0.9873617887496948, 0.9875198006629944], "val_loss": [0.5868354439735413, 0.4823961853981018, 0.3808857500553131, 0.29810628294944763, 0.23568706214427948, 0.18948213756084442, 0.15562444925308228, 0.13004733622074127, 0.11064942181110382, 0.09575045853853226], "val_accuracy": [0.8633540272712708, 0.9837554097175598, 0.9861443042755127, 0.9875776767730713, 0.9870998859405518, 0.9870998859405518, 0.9875776767730713, 0.9885331988334656, 0.9885331988334656, 0.9885331988334656]}