{"accuracy": [0.72, 0.95, 0.98, 0.98, 1.0, 0.98, 0.99, 1.0, 0.98, 0.99], "val_accuracy": [0.904, 0.937, 0.956, 0.967, 0.967, 0.975, 0.974, 0.981, 0.978, 0.979], "loss": [66.22400000000002, 24.72800000000001, 22.080000000000005, 20.96, 20.344, 20.535999999999998, 19.65600000000001, 18.979999999999993, 19.560000000000006, 19.764000000000003], "val_loss": [327.5000000000006, 281.0640000000005, 249.08800000000056, 236.93999999999994, 222.91200000000018, 215.2160000000005, 212.16400000000027, 198.96400000000023, 202.42800000000022, 211.2440000000002]}