{"loss": [0.6941769123077393, 0.6180927157402039, 0.5498319268226624, 0.4814257323741913, 0.4176202714443207, 0.36015570163726807, 0.30994701385498047, 0.2670601010322571, 0.23124808073043823, 0.20174351334571838], "accuracy": [0.4911611080169678, 0.6031206250190735, 0.8910282850265503, 0.9420698881149292, 0.9630674719810486, 0.9707859754562378, 0.9759316444396973, 0.977093517780304, 0.9783384799957275, 0.9794173836708069], "val_loss": [0.6435934901237488, 0.5728538632392883, 0.500362753868103, 0.4314587116241455, 0.36966973543167114, 0.3149399757385254, 0.2681635916233063, 0.22928091883659363, 0.19706879556179047, 0.17056883871555328], "val_accuracy": [0.48678866028785706, 0.8343496322631836, 0.9288618564605713, 0.9639228582382202, 0.9730691909790039, 0.9771342277526855, 0.980691134929657, 0.9817073941230774, 0.9822155237197876, 0.983231782913208]}