{"loss": [0.744075357913971, 0.685065507888794, 0.6715408563613892, 0.6577518582344055, 0.6403785347938538, 0.6190938949584961, 0.5942988991737366, 0.5667151212692261, 0.5369595885276794, 0.5050110220909119], "accuracy": [0.5170848965644836, 0.5170848965644836, 0.5334268808364868, 0.5935952663421631, 0.6741499304771423, 0.7589964270591736, 0.8242819905281067, 0.8657147884368896, 0.8894850015640259, 0.9068999886512756], "val_loss": [0.696419358253479, 0.6767463088035583, 0.6642969846725464, 0.6488741040229797, 0.6295497417449951, 0.6065463423728943, 0.5805227160453796, 0.5523201823234558, 0.522067666053772, 0.4895074963569641], "val_accuracy": [0.5134865045547485, 0.5144854784011841, 0.5784215331077576, 0.6733266711235046, 0.7172827124595642, 0.7877122759819031, 0.8371627926826477, 0.8591408133506775, 0.8891108632087708, 0.8971028923988342]}