{"loss": [3.483022451400757, 1.068935513496399, 0.7938362956047058, 0.6863031387329102, 0.5951106548309326, 0.5703794360160828, 0.49867209792137146, 0.45064160227775574, 0.4661004841327667, 0.44122204184532166], "accuracy": [0.9301525950431824, 0.9693976640701294, 0.9709851145744324, 0.9746891260147095, 0.9761002063751221, 0.9781285524368286, 0.9777758121490479, 0.9792750477790833, 0.9784813523292542, 0.9804215431213379], "val_loss": [1.3399373292922974, 1.251762866973877, 1.3924192190170288, 1.0222736597061157, 1.335545301437378, 0.9102667570114136, 0.9942357540130615, 0.907621443271637, 1.1029973030090332, 1.0989216566085815], "val_accuracy": [0.9686486721038818, 0.9702702760696411, 0.9670270681381226, 0.9735135436058044, 0.9702702760696411, 0.9735135436058044, 0.9751351475715637, 0.977297306060791, 0.9729729890823364, 0.9729729890823364]}