{"loss": [0.660295844078064, 0.6089096665382385, 0.5569654107093811, 0.5053342580795288, 0.4589090943336487, 0.4211791455745697, 0.3923238515853882, 0.3709307909011841, 0.3551473319530487, 0.34361758828163147], "accuracy": [0.6542760729789734, 0.7887686491012573, 0.8505145311355591, 0.8655961751937866, 0.8708303570747375, 0.8732256889343262, 0.8735805749893188, 0.8743789792060852, 0.8759759068489075, 0.8758871555328369], "val_loss": [0.6401038765907288, 0.5892561674118042, 0.5371699929237366, 0.4872404634952545, 0.4444827735424042, 0.4111933708190918, 0.38621124625205994, 0.3679828941822052, 0.3548089563846588, 0.3445991277694702], "val_accuracy": [0.7320472002029419, 0.8156484961509705, 0.8569132089614868, 0.8654876947402954, 0.8724545240402222, 0.8735263347625732, 0.8745981454849243, 0.8740622401237488, 0.8745981454849243, 0.8762058615684509]}