{"loss": [0.6207730174064636, 0.5164185166358948, 0.4506048560142517, 0.40225303173065186, 0.36478912830352783, 0.3347725570201874, 0.31002211570739746, 0.2891553044319153, 0.2712751030921936, 0.2558031380176544], "accuracy": [0.6278831362724304, 0.7644550204277039, 0.8886256217956543, 0.9476304054260254, 0.961295485496521, 0.967456579208374, 0.9672196507453918, 0.968641459941864, 0.9687204360961914, 0.9685624241828918], "val_loss": [0.557995080947876, 0.4722200334072113, 0.4129413664340973, 0.36885640025138855, 0.3342413306236267, 0.3064712882041931, 0.2823878824710846, 0.26289841532707214, 0.2456952929496765, 0.2312970608472824], "val_accuracy": [0.6650740504264832, 0.8303869962692261, 0.9331103563308716, 0.953177273273468, 0.9632107019424438, 0.9670329689979553, 0.9698996543884277, 0.9698996543884277, 0.9732441306114197, 0.9732441306114197]}