{"loss": [0.6900182366371155, 0.6559068560600281, 0.5767116546630859, 0.47898438572883606, 0.40239495038986206, 0.34820497035980225, 0.3100324869155884, 0.28273144364356995, 0.2630358338356018, 0.24869424104690552], "accuracy": [0.5073207020759583, 0.6607660055160522, 0.8581355214118958, 0.8913888931274414, 0.9033005833625793, 0.9075192809104919, 0.9114898443222046, 0.9148813486099243, 0.9176110625267029, 0.920009970664978], "val_loss": [0.678974986076355, 0.6228950619697571, 0.5187950730323792, 0.42456668615341187, 0.35737237334251404, 0.3100968301296234, 0.2765638530254364, 0.2521480917930603, 0.23433811962604523, 0.22091446816921234], "val_accuracy": [0.5210577845573425, 0.79529869556427, 0.8971596360206604, 0.9128305315971375, 0.9211556911468506, 0.9250734448432922, 0.9280117154121399, 0.9275220036506653, 0.9285014271736145, 0.9314397573471069]}