{"loss": [0.7056413888931274, 0.6042429804801941, 0.5033133029937744, 0.3991813063621521, 0.30799540877342224, 0.23835796117782593, 0.18739423155784607, 0.14999744296073914, 0.12218623608350754, 0.10126999765634537], "accuracy": [0.5171961188316345, 0.8515143990516663, 0.9479603171348572, 0.9705327153205872, 0.9805467128753662, 0.9838299751281738, 0.9854716062545776, 0.9863744974136353, 0.9883444309234619, 0.9894936084747314], "val_loss": [0.6546990275382996, 0.5579730272293091, 0.45313000679016113, 0.35179299116134644, 0.27102741599082947, 0.21182388067245483, 0.1688624620437622, 0.13736870884895325, 0.11396244913339615, 0.09631457179784775], "val_accuracy": [0.7014098763465881, 0.922457218170166, 0.9677743911743164, 0.9838871955871582, 0.9864048361778259, 0.9874118566513062, 0.9874118566513062, 0.9869083762168884, 0.9879153966903687, 0.9884189367294312]}