{"loss": [0.6991982460021973, 0.35523736476898193, 0.31470486521720886, 0.2818939685821533, 0.2509547173976898, 0.2218955159187317, 0.20049545168876648, 0.17707443237304688, 0.164765864610672, 0.14273272454738617], "accuracy": [0.9034755825996399, 0.9182465076446533, 0.9348341822624207, 0.9460505843162537, 0.951184868812561, 0.9578989148139954, 0.9641390442848206, 0.9673776030540466, 0.9707741141319275, 0.972748875617981], "val_loss": [0.3815706968307495, 0.3382886052131653, 0.2910400331020355, 0.2616984248161316, 0.24551115930080414, 0.22955644130706787, 0.19641295075416565, 0.184280127286911, 0.1530669927597046, 0.14698375761508942], "val_accuracy": [0.9015766978263855, 0.9202102422714233, 0.9316770434379578, 0.9440993666648865, 0.947921633720398, 0.9569995403289795, 0.9632107019424438, 0.9675107598304749, 0.9698996543884277, 0.9718108177185059]}