{"loss": [0.6265419721603394, 0.6029238700866699, 0.580639660358429, 0.5592784285545349, 0.5391714572906494, 0.5203374028205872, 0.502471387386322, 0.4855042099952698, 0.4693470597267151, 0.4539996087551117, 0.43946707248687744, 0.4256019592285156, 0.4124642610549927, 0.39996805787086487, 0.38804954290390015], "accuracy": [0.7320619225502014, 0.760882556438446, 0.7975711822509766, 0.8227999210357666, 0.85127854347229, 0.8678696155548096, 0.8782176971435547, 0.8881381750106812, 0.8953219652175903, 0.9034464955329895, 0.9076370000839233, 0.9125117063522339, 0.9161036014556885, 0.9194389581680298, 0.9220045804977417], "val_loss": [0.6081463694572449, 0.5852592587471008, 0.5629096627235413, 0.5414503216743469, 0.5218178033828735, 0.5033515691757202, 0.485595166683197, 0.46886685490608215, 0.45267611742019653, 0.4374300241470337, 0.42310890555381775, 0.4097713530063629, 0.39674681425094604, 0.38437381386756897, 0.372791051864624], "val_accuracy": [0.7305725812911987, 0.7530674934387207, 0.7857872843742371, 0.8139058947563171, 0.8312883377075195, 0.8461145162582397, 0.861963152885437, 0.8701431155204773, 0.8839468359947205, 0.8931492567062378, 0.9013292193412781, 0.9038854837417603, 0.9105316996574402, 0.9125766754150391, 0.9151328802108765]}