{"loss": [0.6525158286094666, 0.5558250546455383, 0.4865867495536804, 0.4328588843345642, 0.39035528898239136, 0.355766236782074, 0.3269692361354828, 0.30255621671676636, 0.28144651651382446, 0.26292505860328674], "accuracy": [0.5630959868431091, 0.7451525330543518, 0.8838207125663757, 0.9431818127632141, 0.960584819316864, 0.9697234034538269, 0.9738556742668152, 0.9757628440856934, 0.9783852100372314, 0.9788620471954346], "val_loss": [0.5991863012313843, 0.5205686688423157, 0.45984628796577454, 0.41240596771240234, 0.3740123510360718, 0.3421752154827118, 0.31540781259536743, 0.292319118976593, 0.27217942476272583, 0.2542574405670166], "val_accuracy": [0.6490316987037659, 0.8271138668060303, 0.931034505367279, 0.9541804790496826, 0.9688238501548767, 0.9759093523025513, 0.980633020401001, 0.9839395880699158, 0.9853566884994507, 0.9858290553092957]}