{"loss": [0.6768122315406799, 0.6181790828704834, 0.5405680537223816, 0.4544621407985687, 0.3761063516139984, 0.31241023540496826, 0.263129860162735, 0.22528554499149323, 0.1961708962917328, 0.17349344491958618], "accuracy": [0.6832288503646851, 0.904754102230072, 0.9649224877357483, 0.9723506569862366, 0.974414050579071, 0.9756520986557007, 0.9754045009613037, 0.9753219485282898, 0.9754869937896729, 0.9760647416114807], "val_loss": [0.648727536201477, 0.5782520174980164, 0.4908130168914795, 0.40527820587158203, 0.333018958568573, 0.2774563431739807, 0.23554383218288422, 0.20406574010849, 0.178947314620018, 0.1612888127565384], "val_accuracy": [0.9000998735427856, 0.9540459513664246, 0.9665334224700928, 0.9690309166908264, 0.9710289239883423, 0.9715284705162048, 0.969530463218689, 0.9690309166908264, 0.9710289239883423, 0.9680319428443909]}