{"accuracy": [0.46, 0.94, 0.93, 0.93, 0.93, 0.92, 0.93, 0.92, 0.92, 0.91], "val_accuracy": [0.926, 0.934, 0.928, 0.934, 0.927, 0.926, 0.921, 0.928, 0.926, 0.917], "loss": [136.08399999999997, 29.263999999999996, 27.81600000000001, 25.343999999999998, 26.583999999999993, 26.11200000000001, 25.108000000000004, 25.928, 26.495999999999995, 26.02], "val_loss": [336.0520000000007, 283.48800000000006, 286.2520000000004, 273.6120000000005, 281.7520000000002, 282.2000000000002, 286.7400000000003, 275.62800000000044, 264.2160000000006, 290.3560000000006]}