{"loss": [0.46740761399269104, 0.3425372242927551, 0.2725132703781128, 0.22642241418361664, 0.1933918446302414, 0.16847258806228638, 0.14898128807544708, 0.13333876430988312, 0.12043304741382599, 0.10967526584863663], "accuracy": [0.8639925718307495, 0.993679940700531, 0.9931743741035461, 0.9926687479019165, 0.9925844669342041, 0.9928373098373413, 0.9927530288696289, 0.9928373098373413, 0.9927530288696289, 0.9927530288696289], "val_loss": [0.3764741122722626, 0.28607216477394104, 0.23086021840572357, 0.1947878748178482, 0.1685725450515747, 0.14846348762512207, 0.1336936503648758, 0.12124409526586533, 0.11168595403432846, 0.10309239476919174], "val_accuracy": [0.9898322820663452, 0.9893239140510559, 0.9883071184158325, 0.9883071184158325, 0.9883071184158325, 0.9883071184158325, 0.9888155460357666, 0.9883071184158325, 0.9888155460357666, 0.9883071184158325]}