{"loss": [0.6784768104553223, 0.6622821092605591, 0.6401307582855225, 0.6123307943344116, 0.5811601877212524, 0.5494414567947388, 0.5194893479347229, 0.49252545833587646, 0.46918344497680664, 0.44923102855682373], "accuracy": [0.6018193960189819, 0.7230846285820007, 0.7725755572319031, 0.791019856929779, 0.8046236038208008, 0.8122183680534363, 0.8168085813522339, 0.8196461796760559, 0.8227341175079346, 0.8264897465705872], "val_loss": [0.6723818778991699, 0.6533581614494324, 0.6288501620292664, 0.5991540551185608, 0.5687654614448547, 0.5382723212242126, 0.5094988942146301, 0.4846586287021637, 0.46436071395874023, 0.44761309027671814], "val_accuracy": [0.6557459235191345, 0.727318525314331, 0.7575604319572449, 0.7832661271095276, 0.7903225421905518, 0.8009072542190552, 0.8130040168762207, 0.8185483813285828, 0.8200604319572449, 0.8190523982048035]}