{"loss": [0.6819682717323303, 0.5327696204185486, 0.44881001114845276, 0.39079031348228455, 0.3464227318763733, 0.3109029233455658, 0.28176993131637573, 0.2574107050895691, 0.2367856204509735, 0.2190660834312439], "accuracy": [0.5548025965690613, 0.7555747628211975, 0.8840122818946838, 0.944606363773346, 0.9739972949028015, 0.9841619729995728, 0.9903868436813354, 0.9914112091064453, 0.9914900064468384, 0.9908596277236938], "val_loss": [0.589157223701477, 0.4811585247516632, 0.4122313857078552, 0.36122724413871765, 0.32102084159851074, 0.2884197533130646, 0.2612786591053009, 0.2383946031332016, 0.2190253883600235, 0.20227201282978058], "val_accuracy": [0.6133395433425903, 0.875, 0.9379664063453674, 0.9654850363731384, 0.983208954334259, 0.9911380410194397, 0.9906716346740723, 0.9916044473648071, 0.9925373196601868, 0.9944029450416565]}