{"loss": [5.471630573272705, 0.4331660866737366, 0.3480224013328552, 0.3062254786491394, 0.28399720788002014, 0.2665921747684479, 0.2488979548215866, 0.2194644957780838, 0.19151873886585236, 0.1664263904094696], "accuracy": [0.7285867929458618, 0.8177087903022766, 0.8478566408157349, 0.8585116267204285, 0.8650367856025696, 0.8695796132087708, 0.8740398287773132, 0.8824647068977356, 0.8927893042564392, 0.9335095286369324], "val_loss": [0.5697207450866699, 0.37569910287857056, 0.3199162483215332, 0.2927781641483307, 0.2670537233352661, 0.24413582682609558, 0.2171386182308197, 0.1892770528793335, 0.1567952036857605, 0.1408860683441162], "val_accuracy": [0.7840796113014221, 0.8388060331344604, 0.8577114939689636, 0.8636816143989563, 0.8711442947387695, 0.8786070346832275, 0.8855721950531006, 0.8930348753929138, 0.9074627161026001, 0.9512438178062439]}