{"loss": [0.5240204334259033, 0.3718251585960388, 0.28675711154937744, 0.2296907603740692, 0.1898975372314453, 0.16126634180545807, 0.13971813023090363, 0.12360796332359314, 0.11148121953010559, 0.10212567448616028], "accuracy": [0.8406831622123718, 0.9211488366127014, 0.9515677094459534, 0.9645679593086243, 0.9723001718521118, 0.9773982763290405, 0.9799473285675049, 0.9812219142913818, 0.982581377029419, 0.9827513098716736], "val_loss": [0.41779619455337524, 0.3156248927116394, 0.24670463800430298, 0.20081427693367004, 0.16828913986682892, 0.1427047848701477, 0.12466749548912048, 0.11045534163713455, 0.10001868009567261, 0.09172026813030243], "val_accuracy": [0.9275362491607666, 0.9539337754249573, 0.9679089188575745, 0.9746376872062683, 0.9787784814834595, 0.9787784814834595, 0.9818840622901917, 0.9824016690254211, 0.9813664555549622, 0.9824016690254211]}