{"loss": [0.7126192450523376, 0.6834074258804321, 0.6639612317085266, 0.6377807259559631, 0.6015198826789856, 0.5554417371749878, 0.5022010207176208, 0.44609877467155457, 0.39145627617836, 0.34100162982940674], "accuracy": [0.5013061165809631, 0.5967810153961182, 0.8254824280738831, 0.9055363535881042, 0.9416870474815369, 0.9619954824447632, 0.9712648391723633, 0.9778376817703247, 0.9821353554725647, 0.9848318696022034], "val_loss": [0.6897182464599609, 0.6718117594718933, 0.6489015817642212, 0.617055356502533, 0.5744536519050598, 0.5232313871383667, 0.46780896186828613, 0.4115375876426697, 0.3584391176700592, 0.313477098941803], "val_accuracy": [0.5129639506340027, 0.7732588052749634, 0.8362990021705627, 0.9084901809692383, 0.9491612315177917, 0.9583122134208679, 0.9654296636581421, 0.9735638499259949, 0.978647768497467, 0.9796645641326904]}