{"accuracy": [0.74, 0.86, 0.93, 0.93, 0.93, 0.94, 0.94, 0.94, 0.94, 0.95], "val_accuracy": [0.804, 0.905, 0.921, 0.927, 0.923, 0.927, 0.934, 0.955, 0.957, 0.956], "loss": [81.46400000000001, 40.41200000000001, 34.24000000000001, 33.58400000000002, 33.272000000000006, 32.123999999999995, 31.076, 29.108000000000008, 28.707999999999995, 27.86399999999999], "val_loss": [567.5000000000011, 319.40000000000043, 295.6280000000007, 306.57600000000065, 314.3040000000007, 321.0360000000005, 302.25200000000046, 305.10799999999966, 294.60800000000006, 303.0040000000001]}