{"loss": [0.6740201115608215, 0.6292214393615723, 0.5872197151184082, 0.5361170768737793, 0.47876256704330444, 0.4209866523742676, 0.3675512969493866, 0.3205629289150238, 0.28026047348976135, 0.24621693789958954], "accuracy": [0.6396659016609192, 0.7376881241798401, 0.8546213507652283, 0.922858715057373, 0.9461823105812073, 0.9613898992538452, 0.965566098690033, 0.9692695140838623, 0.9709242582321167, 0.9725001454353333], "val_loss": [0.6402825713157654, 0.5976704955101013, 0.5467976927757263, 0.4867311120033264, 0.4256163537502289, 0.366545170545578, 0.3140859007835388, 0.27043530344963074, 0.23508624732494354, 0.20481029152870178], "val_accuracy": [0.7672574520111084, 0.8787313103675842, 0.9463618993759155, 0.9664179086685181, 0.9715484976768494, 0.9748134016990662, 0.9757462739944458, 0.9743469953536987, 0.9762126803398132, 0.9762126803398132]}