{"loss": [69.08546447753906, 10.56534194946289, 0.8503110408782959, 0.7436696290969849, 0.6793873906135559, 0.6354512572288513, 0.6004937887191772, 0.5704056620597839, 0.5446247458457947, 0.519846498966217], "accuracy": [0.4308139979839325, 0.3798394799232483, 0.5367316603660583, 0.5332921743392944, 0.5314401388168335, 0.5646000504493713, 0.6700767278671265, 0.695123016834259, 0.7094981670379639, 0.7222859263420105], "val_loss": [26.98713493347168, 0.9956442713737488, 0.801988959312439, 0.713857114315033, 0.6625944375991821, 0.6237649321556091, 0.5941079258918762, 0.5641379952430725, 0.540348470211029, 0.5155520439147949], "val_accuracy": [0.42918920516967773, 0.5378378629684448, 0.5362162590026855, 0.5340540409088135, 0.5324324369430542, 0.6491892337799072, 0.6713513731956482, 0.6951351761817932, 0.7091891765594482, 0.7178378701210022]}