{"accuracy": [0.54, 0.77, 0.85, 0.86, 0.85, 0.84, 0.86, 0.85, 0.85, 0.84], "val_accuracy": [0.819, 0.86, 0.877, 0.876, 0.879, 0.884, 0.875, 0.874, 0.869, 0.872], "loss": [112.452, 57.712, 45.38800000000001, 40.67599999999999, 40.812000000000005, 41.036, 39.756, 42.019999999999996, 41.036, 41.68], "val_loss": [567.3680000000004, 448.28400000000045, 404.2360000000008, 397.3600000000011, 410.2280000000009, 398.03600000000074, 409.9480000000002, 408.1240000000005, 423.06400000000065, 407.63200000000074]}