{"loss": [0.5797815918922424, 0.5434994101524353, 0.5102047920227051, 0.4797574579715729, 0.45186761021614075, 0.4261491000652313, 0.4023503363132477, 0.3803556263446808, 0.3599878251552582, 0.34107694029808044, 0.32352250814437866, 0.3072280287742615, 0.29210954904556274, 0.2780179977416992, 0.26484107971191406], "accuracy": [0.9601583480834961, 0.9669811129570007, 0.9709399938583374, 0.9711927175521851, 0.973045825958252, 0.9725404381752014, 0.9732984900474548, 0.9732142686843872, 0.973045825958252, 0.973045825958252, 0.9731300473213196, 0.9732984900474548, 0.9733827114105225, 0.9732984900474548, 0.9732984900474548], "val_loss": [0.5556023716926575, 0.5198467969894409, 0.48745274543762207, 0.457538366317749, 0.430430144071579, 0.40525683760643005, 0.3821924924850464, 0.3610629737377167, 0.34146183729171753, 0.3228634297847748, 0.3061045706272125, 0.2900306284427643, 0.2755396366119385, 0.2620144486427307, 0.24891111254692078], "val_accuracy": [0.9532428979873657, 0.9612871408462524, 0.9612871408462524, 0.9653092622756958, 0.9668175578117371, 0.9673203229904175, 0.9668175578117371, 0.9658120274543762, 0.9658120274543762, 0.9673203229904175, 0.9678230881690979, 0.9683258533477783, 0.9683258533477783, 0.9683258533477783, 0.9693313837051392]}