{"loss": [0.6935739517211914, 0.6759836673736572, 0.658374011516571, 0.6289291977882385, 0.5869507193565369, 0.5367353558540344, 0.48394420742988586, 0.4333285689353943, 0.3875093162059784, 0.3475368618965149], "accuracy": [0.5276490449905396, 0.7114238739013672, 0.826572835445404, 0.9024834632873535, 0.9278146028518677, 0.9394040107727051, 0.9427152276039124, 0.9465231895446777, 0.9471854567527771, 0.9477649331092834], "val_loss": [0.6829507350921631, 0.6690603494644165, 0.6444358229637146, 0.6054400205612183, 0.5552118420600891, 0.4990706145763397, 0.44354209303855896, 0.3927117884159088, 0.3479287326335907, 0.3097975552082062], "val_accuracy": [0.6245666146278381, 0.7558196783065796, 0.8593363165855408, 0.9281822443008423, 0.9455175399780273, 0.9484893083572388, 0.9514610767364502, 0.9524517059326172, 0.9519563913345337, 0.9524517059326172]}