{"loss": [0.7244410514831543, 0.628373920917511, 0.5531755685806274, 0.4941968023777008, 0.447440505027771, 0.409475713968277, 0.37829262018203735, 0.35246211290359497, 0.33082252740859985, 0.3126443922519684], "accuracy": [0.3924176096916199, 0.8242339491844177, 0.9200462698936462, 0.9394565224647522, 0.9430081844329834, 0.9452382922172546, 0.9456512928009033, 0.946394681930542, 0.9478814005851746, 0.9477161765098572], "val_loss": [0.6715258955955505, 0.5875251889228821, 0.5216148495674133, 0.46947965025901794, 0.42747893929481506, 0.3930146396160126, 0.36447519063949585, 0.3405929207801819, 0.32034239172935486, 0.3032645583152771], "val_accuracy": [0.48855724930763245, 0.9159204363822937, 0.9452736973762512, 0.946766197681427, 0.9482587575912476, 0.9487562775611877, 0.9497513175010681, 0.9492537975311279, 0.9492537975311279, 0.9492537975311279]}