{"loss": [3.227703809738159, 1.074562907218933, 0.8343783020973206, 0.6772817969322205, 0.5615082383155823, 0.5530691146850586, 0.49766600131988525, 0.47534698247909546, 0.5366005301475525, 0.4460828900337219], "accuracy": [0.9306817054748535, 0.9679865837097168, 0.9708086848258972, 0.9755710363388062, 0.9779521822929382, 0.9762765765190125, 0.9787459373474121, 0.9797160029411316, 0.9792750477790833, 0.9797160029411316], "val_loss": [1.1648871898651123, 1.1650547981262207, 1.1538105010986328, 0.9088721871376038, 1.042232871055603, 0.9731643795967102, 1.0068161487579346, 1.6005313396453857, 0.7384048104286194, 1.1076860427856445], "val_accuracy": [0.9659459590911865, 0.9648649096488953, 0.9724324345588684, 0.978378415107727, 0.9702702760696411, 0.9735135436058044, 0.9740540981292725, 0.9567567706108093, 0.978378415107727, 0.9735135436058044]}