{"loss": [0.6969897150993347, 0.6829288005828857, 0.6654621958732605, 0.6389769911766052, 0.6007996797561646, 0.5518821477890015, 0.4980852007865906, 0.4445810914039612, 0.3952380418777466, 0.35192134976387024], "accuracy": [0.5323854684829712, 0.5326224565505981, 0.582859456539154, 0.6939178705215454, 0.8651659488677979, 0.9020537734031677, 0.9166666865348816, 0.9262243509292603, 0.9327804446220398, 0.9375987648963928], "val_loss": [0.6901354193687439, 0.6734793782234192, 0.6490067839622498, 0.613305926322937, 0.5633679628372192, 0.5052015781402588, 0.44613751769065857, 0.3905532658100128, 0.3417881727218628, 0.3006615936756134], "val_accuracy": [0.542283833026886, 0.5618728995323181, 0.6531294584274292, 0.8987100124359131, 0.9288103580474854, 0.9374104142189026, 0.9450549483299255, 0.948877215385437, 0.9517439007759094, 0.953177273273468]}