{"accuracy": [0.53, 0.89, 0.91, 0.92, 0.91, 0.92, 0.93, 0.93, 0.94, 0.94], "val_accuracy": [0.878, 0.878, 0.9, 0.899, 0.896, 0.895, 0.893, 0.905, 0.898, 0.901], "loss": [114.79999999999997, 42.30399999999998, 36.408, 37.28400000000001, 37.412000000000006, 36.632, 36.908, 36.464, 36.992, 35.864000000000004], "val_loss": [526.2920000000003, 417.9280000000007, 381.77200000000033, 382.13200000000074, 396.50000000000057, 387.05600000000095, 394.1720000000004, 377.8120000000004, 380.03600000000114, 371.0640000000005]}