{"loss": [0.6772305369377136, 0.5788570642471313, 0.5023595094680786, 0.4411413371562958, 0.3919156789779663, 0.3517957925796509, 0.31864291429519653, 0.29090142250061035, 0.26741284132003784, 0.24731099605560303], "accuracy": [0.47248736023902893, 0.7432152032852173, 0.8731845021247864, 0.9384181499481201, 0.95427006483078, 0.964561402797699, 0.9718648791313171, 0.978504478931427, 0.9815752506256104, 0.9833181500434875], "val_loss": [0.6170220971107483, 0.5262144207954407, 0.4542437791824341, 0.39680612087249756, 0.3508007824420929, 0.31333476305007935, 0.28237226605415344, 0.2562989890575409, 0.23431240022182465, 0.2155812531709671], "val_accuracy": [0.6976626515388489, 0.8612805604934692, 0.9390244483947754, 0.9557927846908569, 0.9664635062217712, 0.9745935797691345, 0.9796748757362366, 0.9822155237197876, 0.9852643013000488, 0.985772430896759]}