{"accuracy": [0.62, 0.71, 0.78, 0.79, 0.78, 0.81, 0.81, 0.82, 0.88, 0.93], "val_accuracy": [0.64, 0.7, 0.693, 0.71, 0.704, 0.715, 0.719, 0.749, 0.874, 0.873], "loss": [103.34, 63.92399999999999, 56.87200000000002, 54.56799999999998, 55.86, 55.455999999999996, 53.58800000000003, 47.908000000000015, 38.56000000000001, 32.211999999999996], "val_loss": [831.6720000000009, 705.832, 687.8159999999999, 677.2359999999991, 691.3039999999995, 669.496, 651.240000000001, 579.7120000000002, 444.2559999999999, 394.9680000000006]}