{"loss": [0.7030254006385803, 0.6822611689567566, 0.6689399480819702, 0.6504184603691101, 0.6259565949440002, 0.5974724292755127, 0.5682274103164673, 0.5398703813552856, 0.5139667987823486, 0.4906337857246399], "accuracy": [0.4954695403575897, 0.5969175696372986, 0.6644085049629211, 0.6987043619155884, 0.742145836353302, 0.7739012241363525, 0.7990515828132629, 0.8159878253936768, 0.8261495232582092, 0.8330934047698975], "val_loss": [0.6912059187889099, 0.6793556213378906, 0.6655209064483643, 0.6460685729980469, 0.621715784072876, 0.5951010584831238, 0.5686363577842712, 0.5436110496520996, 0.5215865969657898, 0.5021410584449768], "val_accuracy": [0.4855433702468872, 0.6316052079200745, 0.6674975156784058, 0.7088733911514282, 0.7462612390518188, 0.7866401076316833, 0.805084764957428, 0.8105683326721191, 0.8220338821411133, 0.8260219693183899]}