{"loss": [0.7046475410461426, 0.6944040060043335, 0.6877450942993164, 0.6597844362258911, 0.5969046354293823, 0.5333298444747925, 0.4858676791191101, 0.4526214897632599, 0.4299466013908386, 0.4144380986690521], "accuracy": [0.2606409788131714, 0.4606075882911682, 0.5443999171257019, 0.8048740029335022, 0.81614089012146, 0.8198965191841125, 0.8242363929748535, 0.8284093141555786, 0.8306626677513123, 0.8331664204597473], "val_loss": [0.6975707411766052, 0.6917601823806763, 0.6790289878845215, 0.6267369985580444, 0.5538949370384216, 0.4950333833694458, 0.4542383551597595, 0.42574208974838257, 0.4069329798221588, 0.39394310116767883], "val_accuracy": [0.38558465242385864, 0.5090725421905518, 0.7847781777381897, 0.8205645084381104, 0.8245967626571655, 0.8261088728904724, 0.8336693048477173, 0.8361895084381104, 0.8361895084381104, 0.8402217626571655]}