{"loss": [0.37755098938941956, 0.2581329941749573, 0.19690145552158356, 0.15939249098300934, 0.13011635839939117, 0.10436637699604034, 0.08826860785484314, 0.07397028803825378, 0.06455773860216141, 0.05667494609951973], "accuracy": [0.9446997046470642, 0.9898260831832886, 0.9927797913551331, 0.9898260831832886, 0.9888415336608887, 0.9935182332992554, 0.9925336837768555, 0.9935182332992554, 0.9916311502456665, 0.9934362173080444], "val_loss": [0.29576969146728516, 0.2212216705083847, 0.17444953322410583, 0.14028765261173248, 0.11621420085430145, 0.10016440600156784, 0.09064742922782898, 0.07389882206916809, 0.06641194224357605, 0.06427564471960068], "val_accuracy": [0.9865537881851196, 0.9940239191055298, 0.9910358786582947, 0.9905378818511963, 0.9940239191055298, 0.9905378818511963, 0.9865537881851196, 0.9925299286842346, 0.9925299286842346, 0.988545835018158]}