{"accuracy": [0.58, 0.87, 0.86, 0.87, 0.85, 0.87, 0.88, 0.89, 0.89, 0.88], "val_accuracy": [0.834, 0.861, 0.865, 0.863, 0.864, 0.856, 0.857, 0.859, 0.858, 0.865], "loss": [110.472, 45.85599999999998, 39.788, 38.656, 38.28400000000001, 37.66000000000001, 37.532, 37.03999999999997, 36.48400000000001, 37.548], "val_loss": [621.2280000000013, 428.7720000000008, 428.5280000000008, 420.96000000000043, 423.6520000000005, 421.4120000000006, 424.4400000000006, 424.36400000000083, 425.2080000000007, 417.3920000000008]}