{"loss": [0.7004300951957703, 0.6638614535331726, 0.6030542254447937, 0.511698305606842, 0.41877415776252747, 0.34114909172058105, 0.2809891104698181, 0.23558583855628967, 0.20140594244003296, 0.17557601630687714], "accuracy": [0.4810490906238556, 0.5543040633201599, 0.7073090672492981, 0.9099729061126709, 0.9422839879989624, 0.9559319615364075, 0.9626737236976624, 0.9671956300735474, 0.9691688418388367, 0.9704842567443848], "val_loss": [0.6810020208358765, 0.6378574967384338, 0.5551920533180237, 0.4560067057609558, 0.36748746037483215, 0.29741209745407104, 0.24418461322784424, 0.20417819917201996, 0.1738477200269699, 0.1506582349538803], "val_accuracy": [0.5599408149719238, 0.5599408149719238, 0.8830784559249878, 0.9388258457183838, 0.9560927152633667, 0.9674395322799683, 0.9703996181488037, 0.9738529920578003, 0.9738529920578003, 0.9743462800979614]}