{"loss": [0.6465244889259338, 0.47604769468307495, 0.33981966972351074, 0.2556508779525757, 0.20164355635643005, 0.16507834196090698, 0.13908714056015015, 0.12022782862186432, 0.1062624529004097, 0.09566737711429596], "accuracy": [0.594167172908783, 0.8919262290000916, 0.9760807156562805, 0.988636314868927, 0.9897488355636597, 0.990384578704834, 0.9903051257133484, 0.9901461601257324, 0.9901461601257324, 0.9900667071342468], "val_loss": [0.56532222032547, 0.3980799913406372, 0.2910401523113251, 0.2233932912349701, 0.17868372797966003, 0.1468355506658554, 0.1239931732416153, 0.10733848810195923, 0.09441650658845901, 0.0843430683016777], "val_accuracy": [0.778932511806488, 0.9574870467185974, 0.9896079897880554, 0.9919698238372803, 0.9929145574569702, 0.9929145574569702, 0.9929145574569702, 0.9929145574569702, 0.9929145574569702, 0.9929145574569702]}