{"loss": [0.7511734962463379, 0.6851170063018799, 0.6429406404495239, 0.5767266750335693, 0.492977499961853, 0.40868791937828064, 0.334671288728714, 0.274143248796463, 0.22647635638713837, 0.18936939537525177], "accuracy": [0.4986938536167145, 0.4986938536167145, 0.6827336549758911, 0.8715766668319702, 0.9372208714485168, 0.9619954824447632, 0.9730344414710999, 0.9780905246734619, 0.9800286293029785, 0.9828937649726868], "val_loss": [0.7067586183547974, 0.6674850583076477, 0.6158444881439209, 0.5392223000526428, 0.45349758863449097, 0.37343829870224, 0.3060607612133026, 0.2522139549255371, 0.2101093828678131, 0.1775260716676712], "val_accuracy": [0.4870361387729645, 0.4870361387729645, 0.8210473656654358, 0.9288256764411926, 0.9562786817550659, 0.9664464592933655, 0.9720386862754822, 0.9755974411964417, 0.9776309728622437, 0.9801729321479797]}