{"loss": [107.25394439697266, 0.15939182043075562, 0.15209035575389862, 0.15121757984161377, 0.15053033828735352, 0.15006311237812042, 0.14955738186836243, 0.14936041831970215, 0.1492387354373932, 0.14942815899848938], "accuracy": [0.06262214481830597, 0.9355085492134094, 0.9378877282142639, 0.9383975267410278, 0.9391622543334961, 0.939247190952301, 0.93967205286026, 0.940096914768219, 0.9399269819259644, 0.93967205286026], "val_loss": [0.9654054641723633, 0.14788340032100677, 0.14779572188854218, 0.14734956622123718, 0.14737200736999512, 0.14777353405952454, 0.14848016202449799, 0.14869365096092224, 0.14884576201438904, 0.15030118823051453], "val_accuracy": [0.06107660382986069, 0.9342650175094604, 0.9347826242446899, 0.9363354444503784, 0.9384058117866516, 0.9394410252571106, 0.9394410252571106, 0.9394410252571106, 0.9389234185218811, 0.9399586319923401]}