{"loss": [0.42923566699028015, 0.30038055777549744, 0.2443455457687378, 0.2019454538822174, 0.17469339072704315, 0.153102308511734, 0.13605177402496338, 0.12033277004957199, 0.11644114553928375, 0.10485293716192245], "accuracy": [0.90627121925354, 0.9613559246063232, 0.9665254354476929, 0.9711864590644836, 0.9665254354476929, 0.9692372679710388, 0.9714406728744507, 0.971101701259613, 0.9688982963562012, 0.9722881317138672], "val_loss": [0.33705151081085205, 0.26954659819602966, 0.2165759950876236, 0.18413938581943512, 0.17049264907836914, 0.1438790261745453, 0.12304867804050446, 0.13037824630737305, 0.11056270450353622, 0.10890236496925354], "val_accuracy": [0.9576399326324463, 0.9586485028266907, 0.9717599749565125, 0.9702470898628235, 0.9707514047622681, 0.9732728004455566, 0.9747856855392456, 0.9601613879203796, 0.9682299494743347, 0.964699923992157]}