{"loss": [0.7457631826400757, 0.685041069984436, 0.6729792952537537, 0.6656503677368164, 0.6580677032470703, 0.6503379940986633, 0.6430432200431824, 0.636828601360321, 0.6318767070770264, 0.6281245350837708], "accuracy": [0.487064003944397, 0.50998854637146, 0.6022596955299377, 0.6151956915855408, 0.6241198778152466, 0.6322252750396729, 0.6351727247238159, 0.6386114358901978, 0.6450794339179993, 0.6483543515205383], "val_loss": [0.6945236921310425, 0.6749427914619446, 0.6675023436546326, 0.6596220135688782, 0.6511445641517639, 0.6425560116767883, 0.6348252296447754, 0.628375232219696, 0.623351514339447, 0.6194641590118408], "val_accuracy": [0.4953363239765167, 0.585665225982666, 0.6107020378112793, 0.625429630279541, 0.6411389708518982, 0.6406480669975281, 0.648502767086029, 0.6597938537597656, 0.6612666249275208, 0.6651939749717712]}