{"loss": [2.666902780532837, 0.4848412573337555, 0.31437748670578003, 0.22823256254196167, 0.18569307029247284, 0.17574791610240936, 0.14214448630809784, 0.11865276843309402, 0.10145855695009232, 0.09758470207452774], "accuracy": [0.9352642297744751, 0.9771907329559326, 0.983344316482544, 0.9860518574714661, 0.9870364665985107, 0.987446665763855, 0.9876108169555664, 0.988267183303833, 0.9899081587791443, 0.9899901747703552], "val_loss": [0.6878823041915894, 0.4455907940864563, 0.28407782316207886, 0.25415492057800293, 0.23605228960514069, 0.18828590214252472, 0.16657352447509766, 0.16889214515686035, 0.1914709061384201, 0.20504878461360931], "val_accuracy": [0.9741036295890808, 0.980079710483551, 0.9870518445968628, 0.9860557913780212, 0.9865537881851196, 0.9860557913780212, 0.9880478382110596, 0.9855577945709229, 0.9865537881851196, 0.9840637445449829]}