{"loss": [0.9219951629638672, 0.7889631986618042, 0.6991826295852661, 0.6324559450149536, 0.5821824669837952, 0.5437315702438354, 0.5141722559928894, 0.4912678897380829, 0.4733169376850128, 0.4591200649738312], "accuracy": [0.3735029399394989, 0.30387380719184875, 0.4913686215877533, 0.8185347318649292, 0.8876683115959167, 0.8955150246620178, 0.8928719162940979, 0.8865945339202881, 0.8874205350875854, 0.8846122026443481], "val_loss": [0.843669056892395, 0.7390082478523254, 0.6637830138206482, 0.6077243685722351, 0.5654539465904236, 0.5334175229072571, 0.5088385939598083, 0.489947110414505, 0.47504085302352905, 0.4633578360080719], "val_accuracy": [0.33034828305244446, 0.30895525217056274, 0.7099502682685852, 0.858706533908844, 0.8930348753929138, 0.886567234992981, 0.8805970549583435, 0.8805970549583435, 0.8786070346832275, 0.8781095147132874]}