{"loss": [0.7383251786231995, 0.6190564632415771, 0.5255640745162964, 0.4521322548389435, 0.39368242025375366, 0.346506804227829, 0.3079626262187958, 0.2759316861629486, 0.24887356162071228, 0.22572466731071472], "accuracy": [0.4986938536167145, 0.6380719542503357, 0.8151175379753113, 0.9062947630882263, 0.9426982402801514, 0.9546641707420349, 0.9633437395095825, 0.9707592725753784, 0.9799444079399109, 0.9833993315696716], "val_loss": [0.6805322170257568, 0.5729513168334961, 0.4880415201187134, 0.42141100764274597, 0.3674772083759308, 0.3235040307044983, 0.28770554065704346, 0.2573043406009674, 0.23180821537971497, 0.2094496488571167], "val_accuracy": [0.4870361387729645, 0.7198780179023743, 0.8723945617675781, 0.9364514946937561, 0.960854172706604, 0.9700051546096802, 0.9750890135765076, 0.9801729321479797, 0.9862735867500305, 0.9913574457168579]}