{"loss": [0.7096429467201233, 0.6514964699745178, 0.617177426815033, 0.5736048817634583, 0.520038902759552, 0.4601248800754547, 0.399032324552536, 0.3411027789115906, 0.28935328125953674, 0.24493637681007385], "accuracy": [0.5323331952095032, 0.5323331952095032, 0.552309513092041, 0.7156731486320496, 0.8672720193862915, 0.9484406113624573, 0.9855507612228394, 0.9940782189369202, 0.9950256943702698, 0.9950256943702698], "val_loss": [0.6625308394432068, 0.6269612312316895, 0.5857009291648865, 0.5331590175628662, 0.47191715240478516, 0.40778103470802307, 0.3458085060119629, 0.28986600041389465, 0.24210160970687866, 0.20212404429912567], "val_accuracy": [0.5366430282592773, 0.5366430282592773, 0.659101665019989, 0.852482259273529, 0.9470449090003967, 0.9914893507957458, 0.9976359009742737, 0.9981087446212769, 0.9976359009742737, 0.9971631169319153]}