{"loss": [0.5717452764511108, 0.3895605802536011, 0.3049588203430176, 0.2552303969860077, 0.22281138598918915, 0.20012632012367249, 0.18342620134353638, 0.17066985368728638, 0.1608513742685318, 0.1530451476573944], "accuracy": [0.6760982275009155, 0.9754440188407898, 0.9683915972709656, 0.9666922092437744, 0.9667771458625793, 0.9671170115470886, 0.9691562652587891, 0.9694111943244934, 0.9708556532859802, 0.9711955785751343], "val_loss": [0.4455527663230896, 0.3256373703479767, 0.26062437891960144, 0.2200922966003418, 0.19274230301380157, 0.17403757572174072, 0.15945051610469818, 0.14926135540008545, 0.13995389640331268, 0.13347652554512024], "val_accuracy": [0.9715321063995361, 0.9746376872062683, 0.9715321063995361, 0.9689441323280334, 0.968426525592804, 0.9715321063995361, 0.9715321063995361, 0.9725673198699951, 0.9720497131347656, 0.9730849266052246]}