{"accuracy": [0.88, 0.92, 0.95, 0.95, 0.92, 0.95, 0.95, 0.97, 0.93, 0.96], "val_accuracy": [0.9025773195876289, 0.9036082474226804, 0.9134020618556701, 0.9123711340206185, 0.9149484536082474, 0.9139175257731958, 0.9149484536082474, 0.9154639175257732, 0.9144329896907216, 0.9149484536082474], "loss": [43.416000000000004, 31.587999999999994, 29.53200000000001, 29.211999999999993, 27.235999999999994, 27.424000000000003, 26.724000000000014, 26.328, 27.480000000000008, 26.776000000000007], "val_loss": [695.5719999999999, 668.5079999999996, 690.5720000000014, 652.4600000000005, 656.4959999999994, 648.1560000000018, 659.8199999999993, 662.1920000000009, 651.1000000000005, 662.3600000000005]}