{"loss": [0.9115166664123535, 0.7132475972175598, 0.5933646559715271, 0.5080390572547913, 0.4429270029067993, 0.39122143387794495, 0.3491057753562927, 0.31406524777412415, 0.2845662832260132, 0.2594878375530243], "accuracy": [0.5325434803962708, 0.5325434803962708, 0.7144550085067749, 0.8818325996398926, 0.9293839335441589, 0.9577409625053406, 0.9784360527992249, 0.9819115996360779, 0.9848341941833496, 0.98720383644104], "val_loss": [0.7862613797187805, 0.6375156044960022, 0.5358600616455078, 0.46025416254997253, 0.4012083113193512, 0.353814959526062, 0.3143170177936554, 0.2818266451358795, 0.2541225850582123, 0.23089785873889923], "val_accuracy": [0.542283833026886, 0.542283833026886, 0.8915432691574097, 0.940277099609375, 0.9737219214439392, 0.9851887226104736, 0.9861443042755127, 0.9894887804985046, 0.9899665713310242, 0.991399884223938]}