{"loss": [0.42770254611968994, 0.30269062519073486, 0.2502790093421936, 0.1982564777135849, 0.16233164072036743, 0.1542181521654129, 0.11943747848272324, 0.1040956899523735, 0.09753528982400894, 0.08893942087888718], "accuracy": [0.9315714240074158, 0.9754229784011841, 0.9655753374099731, 0.973571240901947, 0.9794630408287048, 0.9702045321464539, 0.9826614260673523, 0.9849339723587036, 0.9801363945007324, 0.9849339723587036], "val_loss": [0.3421720266342163, 0.27721571922302246, 0.21246542036533356, 0.18670322000980377, 0.2298841029405594, 0.13036248087882996, 0.11719334125518799, 0.09560622274875641, 0.08425886183977127, 0.0798766240477562], "val_accuracy": [0.9771372675895691, 0.9622266888618469, 0.9811133742332458, 0.9666998982429504, 0.9184891581535339, 0.9786282777786255, 0.9855865240097046, 0.9855865240097046, 0.9860835671424866, 0.9840955138206482]}