{"loss": [0.6873106956481934, 0.6571751236915588, 0.6083045601844788, 0.5481562614440918, 0.4850776493549347, 0.42481720447540283, 0.37068402767181396, 0.3241424858570099, 0.28478363156318665, 0.2517946660518646], "accuracy": [0.5186895132064819, 0.5193110108375549, 0.688182532787323, 0.8460446000099182, 0.8791618347167969, 0.9050874710083008, 0.9221343994140625, 0.933321475982666, 0.9419337511062622, 0.9507235884666443], "val_loss": [0.6736962199211121, 0.6320614218711853, 0.5741152763366699, 0.5096306800842285, 0.44587433338165283, 0.38684189319610596, 0.3357306122779846, 0.2923421859741211, 0.2559222877025604, 0.22554685175418854], "val_accuracy": [0.5240128040313721, 0.54429030418396, 0.8036285638809204, 0.8735325336456299, 0.9108858108520508, 0.9247598648071289, 0.9322304725646973, 0.9439700841903687, 0.9541088342666626, 0.9594449996948242]}