{"accuracy": [0.73, 0.99, 1.0, 0.98, 0.98, 0.99, 0.98, 0.98, 0.98, 0.99], "val_accuracy": [0.9649390243902439, 0.9705284552845529, 0.9705284552845529, 0.9654471544715447, 0.970020325203252, 0.970020325203252, 0.9639227642276422, 0.9639227642276422, 0.9730691056910569, 0.9695121951219512], "loss": [66.03199999999998, 21.112000000000002, 19.692000000000004, 19.272000000000002, 18.57600000000001, 20.06400000000001, 19.168, 17.967999999999996, 18.532000000000004, 17.98], "val_loss": [556.3680000000013, 526.8840000000017, 455.42000000000223, 468.0320000000018, 470.77600000000166, 467.0680000000029, 467.8000000000017, 450.3640000000027, 486.3560000000015, 440.88800000000253]}