{"loss": [0.8097402453422546, 0.7141305208206177, 0.6923829317092896, 0.6796839237213135, 0.6652911901473999, 0.6470239162445068, 0.6241359710693359, 0.5966553688049316, 0.565403163433075, 0.5313297510147095], "accuracy": [0.4829151928424835, 0.483245313167572, 0.5422582030296326, 0.7518157958984375, 0.9118521213531494, 0.9455265998840332, 0.9522119760513306, 0.9489105939865112, 0.9568340182304382, 0.9582371115684509], "val_loss": [0.7343111038208008, 0.6980516910552979, 0.6848205327987671, 0.6717122197151184, 0.6551329493522644, 0.6341134905815125, 0.6082790493965149, 0.5781998038291931, 0.5448051691055298, 0.5093222260475159], "val_accuracy": [0.4865134656429291, 0.4925074875354767, 0.6588411331176758, 0.8661338686943054, 0.9320679306983948, 0.9460539221763611, 0.9400599002838135, 0.9490509033203125, 0.948051929473877, 0.949550449848175]}