{"loss": [0.7452374696731567, 0.677122175693512, 0.6565994024276733, 0.6355235576629639, 0.6076988577842712, 0.5721676349639893, 0.5298478603363037, 0.48355376720428467, 0.4372096359729767, 0.39332711696624756], "accuracy": [0.5002111792564392, 0.5002111792564392, 0.5548518300056458, 0.7561861872673035, 0.8592180013656616, 0.9088760018348694, 0.9331982731819153, 0.945443868637085, 0.9511021375656128, 0.9532134532928467], "val_loss": [0.6911925673484802, 0.6650997996330261, 0.6464744806289673, 0.6223213076591492, 0.5903536677360535, 0.5508093237876892, 0.5059210658073425, 0.45988112688064575, 0.41374048590660095, 0.3723014295101166], "val_accuracy": [0.5056759715080261, 0.5056759715080261, 0.7012383937835693, 0.8431373238563538, 0.8942208886146545, 0.9200206995010376, 0.9385965466499329, 0.9504644274711609, 0.951496422290802, 0.956140398979187]}