{"loss": [0.5024502277374268, 0.4388522803783417, 0.390288770198822, 0.3518892824649811, 0.3205702006816864, 0.2944597899913788, 0.27242061495780945, 0.2534971535205841, 0.2371571660041809, 0.22280696034431458], "accuracy": [0.8824363350868225, 0.904026448726654, 0.9262469410896301, 0.9377511143684387, 0.9466550946235657, 0.9563469886779785, 0.9580016732215881, 0.9615474939346313, 0.9672208428382874, 0.9697422981262207], "val_loss": [0.46826595067977905, 0.41281747817993164, 0.3692849278450012, 0.3340267539024353, 0.30485546588897705, 0.2804234027862549, 0.2593131363391876, 0.241127610206604, 0.22541393339633942, 0.21143603324890137], "val_accuracy": [0.8922574520111084, 0.920708954334259, 0.9379664063453674, 0.9491603970527649, 0.9589552283287048, 0.9575559496879578, 0.9659514427185059, 0.9692164063453674, 0.9701492190361023, 0.9720149040222168]}