{"loss": [0.666062593460083, 0.6329718828201294, 0.5852238535881042, 0.514809250831604, 0.4373168349266052, 0.36734917759895325, 0.3099468946456909, 0.26440665125846863, 0.22854502499103546, 0.2002318799495697], "accuracy": [0.5237318873405457, 0.6009477376937866, 0.8378777503967285, 0.9322613477706909, 0.9523809552192688, 0.9574303030967712, 0.9612367153167725, 0.9634895324707031, 0.9646547436714172, 0.9665191173553467], "val_loss": [0.6465851664543152, 0.60966557264328, 0.5477287173271179, 0.4699951708316803, 0.39410600066185, 0.32984498143196106, 0.2785148024559021, 0.23773667216300964, 0.20574788749217987, 0.18010109663009644], "val_accuracy": [0.5291375517845154, 0.6918414831161499, 0.9151515364646912, 0.95058274269104, 0.9571095705032349, 0.9613053798675537, 0.9645687341690063, 0.9659673571586609, 0.9673659801483154, 0.9687645435333252]}