{"loss": [0.6387818455696106, 0.5155382752418518, 0.4386347532272339, 0.38376423716545105, 0.3424314260482788, 0.3100617825984955, 0.28403589129447937, 0.2625877559185028, 0.24470007419586182, 0.22951838374137878], "accuracy": [0.6473878622055054, 0.9756519794464111, 0.9617838859558105, 0.9554014205932617, 0.9541407227516174, 0.9575289487838745, 0.95689857006073, 0.9586320519447327, 0.9626506567001343, 0.9646205902099609], "val_loss": [0.5644663572311401, 0.47105032205581665, 0.4060259163379669, 0.3576515316963196, 0.320032000541687, 0.2900145649909973, 0.2651534378528595, 0.24428261816501617, 0.2267533391714096, 0.21162863075733185], "val_accuracy": [0.9724813103675842, 0.9692164063453674, 0.9603544473648071, 0.9608208537101746, 0.9636193513870239, 0.9594216346740723, 0.9636193513870239, 0.9668843150138855, 0.9673507213592529, 0.9673507213592529]}