{"loss": [0.7299075722694397, 0.6899769306182861, 0.674206018447876, 0.6562260389328003, 0.6315053105354309, 0.5989767909049988, 0.5594177842140198, 0.5159347653388977, 0.4723832905292511, 0.4310750365257263], "accuracy": [0.5075331330299377, 0.5075331330299377, 0.507698655128479, 0.5394039750099182, 0.6563741564750671, 0.7859271764755249, 0.8560430407524109, 0.8952814936637878, 0.9212748408317566, 0.9319536685943604], "val_loss": [0.7014256715774536, 0.6808544397354126, 0.6640920042991638, 0.6417437791824341, 0.6112010478973389, 0.5723206996917725, 0.5276275277137756, 0.4805128872394562, 0.43578389286994934, 0.39496535062789917], "val_accuracy": [0.5002476572990417, 0.5002476572990417, 0.5002476572990417, 0.6002971529960632, 0.7657256126403809, 0.8325904011726379, 0.8791480660438538, 0.9271916747093201, 0.9361069798469543, 0.9395740032196045]}