{"loss": [0.6874228119850159, 0.6662802696228027, 0.636741578578949, 0.5930241942405701, 0.5374890565872192, 0.4775707721710205, 0.41909199953079224, 0.36609530448913574, 0.3201373815536499, 0.28143423795700073], "accuracy": [0.5599800944328308, 0.8007301092147827, 0.9073337316513062, 0.9324706196784973, 0.9420109987258911, 0.9492285251617432, 0.9536253809928894, 0.9565290212631226, 0.9594326019287109, 0.9609258770942688], "val_loss": [0.6776154637336731, 0.6528730392456055, 0.6153962016105652, 0.5630108118057251, 0.5022557973861694, 0.4403504431247711, 0.38261207938194275, 0.33171430230140686, 0.2883918881416321, 0.25228431820869446], "val_accuracy": [0.651256263256073, 0.8854271173477173, 0.9281406998634338, 0.9396984577178955, 0.9522612690925598, 0.9542713761329651, 0.9613065123558044, 0.9623115658760071, 0.9643216133117676, 0.9658291339874268]}