{"loss": [0.6070569753646851, 0.4508460760116577, 0.34094229340553284, 0.26388517022132874, 0.20995520055294037, 0.17178383469581604, 0.1438325196504593, 0.12318173795938492, 0.10764508694410324, 0.0958297923207283], "accuracy": [0.6187204122543335, 0.8718010187149048, 0.9253554940223694, 0.9541074633598328, 0.9710111021995544, 0.9776461720466614, 0.9811217188835144, 0.9828594326972961, 0.9836493134498596, 0.9845972061157227], "val_loss": [0.5199609994888306, 0.38312479853630066, 0.28915345668792725, 0.22297146916389465, 0.17711074650287628, 0.14445053040981293, 0.11949508637189865, 0.10142894834280014, 0.08749797940254211, 0.07686787098646164], "val_accuracy": [0.8060200810432434, 0.9135212898254395, 0.9460105299949646, 0.9694218635559082, 0.9804108738899231, 0.9832776188850403, 0.9894887804985046, 0.9909221529960632, 0.9918776750564575, 0.992355465888977]}