{"loss": [0.6890040636062622, 0.6684324145317078, 0.646866500377655, 0.6193649172782898, 0.5858471989631653, 0.5475899577140808, 0.5066289305686951, 0.46496957540512085, 0.4245127737522125, 0.3866705596446991], "accuracy": [0.5235961079597473, 0.610862135887146, 0.6860883831977844, 0.8948062062263489, 0.9332981705665588, 0.9363740086555481, 0.9373407363891602, 0.9367255568504333, 0.9365497827529907, 0.9387468099594116], "val_loss": [0.6751253604888916, 0.6549178957939148, 0.6299216747283936, 0.5986554026603699, 0.5615119934082031, 0.5209710597991943, 0.47850778698921204, 0.43683451414108276, 0.3971613347530365, 0.3609577715396881], "val_accuracy": [0.5374220609664917, 0.5639293193817139, 0.855509340763092, 0.9116424322128296, 0.9209979176521301, 0.927234947681427, 0.9339916706085205, 0.9355509281158447, 0.937110185623169, 0.9376299381256104]}