{"loss": [0.712641716003418, 0.5418111085891724, 0.4360080361366272, 0.3664957582950592, 0.317984402179718, 0.28225353360176086, 0.25485265254974365, 0.23308870196342468, 0.2153623402118683, 0.2007416933774948], "accuracy": [0.4857030212879181, 0.9174566268920898, 0.9804108142852783, 0.9740126729011536, 0.9712480902671814, 0.9713270664215088, 0.969984233379364, 0.9728278517723083, 0.9726698994636536, 0.9742496609687805], "val_loss": [0.6070137023925781, 0.472027987241745, 0.38610613346099854, 0.3277377784252167, 0.28541579842567444, 0.2534666359424591, 0.22719937562942505, 0.20681925117969513, 0.18924440443515778, 0.17511168122291565], "val_accuracy": [0.6708074808120728, 0.992355465888977, 0.9813664555549622, 0.9741997122764587, 0.9718108177185059, 0.9689441323280334, 0.9775441884994507, 0.9775441884994507, 0.9799331426620483, 0.9799331426620483]}