{"loss": [0.6924387812614441, 0.6855759024620056, 0.6736984252929688, 0.6505866646766663, 0.613379955291748, 0.5642527341842651, 0.5084877610206604, 0.4527771770954132, 0.4005284607410431, 0.3540545403957367], "accuracy": [0.5087093114852905, 0.7759368419647217, 0.7950548529624939, 0.9323647022247314, 0.936613142490387, 0.9536919593811035, 0.958025336265564, 0.9603195190429688, 0.9620189070701599, 0.9632934331893921], "val_loss": [0.6884916424751282, 0.680040717124939, 0.6615020036697388, 0.6282832622528076, 0.5806137919425964, 0.523041844367981, 0.46215954422950745, 0.40517643094062805, 0.3545070290565491, 0.31081295013427734], "val_accuracy": [0.6242235898971558, 0.8555901050567627, 0.9373705983161926, 0.9585921764373779, 0.9648033380508423, 0.9689441323280334, 0.9679089188575745, 0.9704968929290771, 0.9710144996643066, 0.9710144996643066]}