{"accuracy": [0.78, 0.92, 0.94, 0.95, 0.94, 0.94, 0.94, 0.94, 0.95, 0.93], "val_accuracy": [0.854, 0.9, 0.903, 0.906, 0.903, 0.898, 0.901, 0.898, 0.905, 0.903], "loss": [67.44400000000003, 31.432000000000002, 29.992, 31.692000000000007, 30.264000000000014, 30.643999999999988, 29.051999999999992, 29.06800000000001, 28.139999999999997, 29.82399999999999], "val_loss": [432.7120000000008, 377.5000000000005, 358.78800000000064, 365.7600000000013, 379.0359999999998, 374.32000000000085, 360.6760000000009, 380.9040000000004, 366.4800000000007, 366.8760000000008]}