{"loss": [223.63824462890625, 80.91132354736328, 18.20408058166504, 0.30797913670539856, 0.22735954821109772, 0.20015674829483032, 0.18142560124397278, 0.1681104600429535, 0.15855541825294495, 0.15156197547912598], "accuracy": [0.20447561144828796, 0.20613032579421997, 0.21936805546283722, 0.9242770075798035, 0.9555590152740479, 0.9572925567626953, 0.9573713541030884, 0.9583168625831604, 0.9587896466255188, 0.9591048359870911], "val_loss": [126.41426086425781, 38.32820510864258, 0.7862541675567627, 0.22078244388103485, 0.18674521148204803, 0.16326448321342468, 0.14615260064601898, 0.1334744691848755, 0.124099500477314, 0.11698251217603683], "val_accuracy": [0.20382462441921234, 0.21035447716712952, 0.5293843150138855, 0.9696828126907349, 0.9715484976768494, 0.9724813103675842, 0.9729477167129517, 0.9734141826629639, 0.9729477167129517, 0.9734141826629639]}