{"loss": [0.4821571409702301, 0.4047366976737976, 0.3539653718471527, 0.314754843711853, 0.2831971049308777, 0.2572210133075714, 0.23551739752292633, 0.21707966923713684, 0.2012815773487091, 0.18753156065940857], "accuracy": [0.8151445388793945, 0.9781734943389893, 0.9903080463409424, 0.9908596277236938, 0.9908596277236938, 0.9912536144256592, 0.9908596277236938, 0.9909384250640869, 0.99101722240448, 0.991096019744873], "val_loss": [0.43454447388648987, 0.3741840422153473, 0.3288969099521637, 0.29295459389686584, 0.2636886239051819, 0.23966170847415924, 0.21921351552009583, 0.20177869498729706, 0.18699494004249573, 0.17402401566505432], "val_accuracy": [0.9528917670249939, 0.9883395433425903, 0.9906716346740723, 0.9916044473648071, 0.9916044473648071, 0.9916044473648071, 0.9916044473648071, 0.9916044473648071, 0.9916044473648071, 0.9916044473648071]}