{"loss": [0.7839083075523376, 0.6879968643188477, 0.659607470035553, 0.6377702951431274, 0.6106511354446411, 0.5757060647010803, 0.5331990718841553, 0.4854156970977783, 0.43542367219924927, 0.38602161407470703], "accuracy": [0.4986938536167145, 0.4986938536167145, 0.514283299446106, 0.6984073519706726, 0.8620544672012329, 0.9149742722511292, 0.9551697969436646, 0.9776691794395447, 0.9865172505378723, 0.9907305836677551], "val_loss": [0.7187702059745789, 0.6718155145645142, 0.6492882370948792, 0.6247568726539612, 0.5930118560791016, 0.5530868768692017, 0.5068970918655396, 0.4570695757865906, 0.40685173869132996, 0.35780420899391174], "val_accuracy": [0.4870361387729645, 0.4870361387729645, 0.6365023255348206, 0.8759533166885376, 0.9359431266784668, 0.9689883589744568, 0.9862735867500305, 0.9923742413520813, 0.9928826093673706, 0.9928826093673706]}