{"loss": [0.7060803174972534, 0.6824039220809937, 0.6596726775169373, 0.6285228133201599, 0.585030734539032, 0.5312362909317017, 0.4719730019569397, 0.41239896416664124, 0.3566966652870178, 0.3072488307952881], "accuracy": [0.4918772578239441, 0.5782737135887146, 0.7216935157775879, 0.8435346484184265, 0.9103216528892517, 0.943879246711731, 0.9595503807067871, 0.9677551984786987, 0.9729242324829102, 0.9765343070030212], "val_loss": [0.6934113502502441, 0.6714929342269897, 0.6441609859466553, 0.6053531765937805, 0.5542829036712646, 0.4955488443374634, 0.4342474341392517, 0.37529364228248596, 0.32244014739990234, 0.2762536406517029], "val_accuracy": [0.4875498116016388, 0.6588645577430725, 0.7783864736557007, 0.8640438318252563, 0.918326735496521, 0.9387450218200684, 0.9506972432136536, 0.9616534113883972, 0.9656375050544739, 0.9691235423088074]}