{"loss": [0.6923125386238098, 0.6816328167915344, 0.667937159538269, 0.6437318921089172, 0.6069836616516113, 0.5598146915435791, 0.5073444843292236, 0.454124391078949, 0.40356430411338806, 0.35802412033081055], "accuracy": [0.5174692273139954, 0.5174692273139954, 0.5210208892822266, 0.5488560199737549, 0.658214271068573, 0.823820948600769, 0.9027835130691528, 0.9505245089530945, 0.9646485447883606, 0.9696869850158691], "val_loss": [0.6863192915916443, 0.6760560274124146, 0.657818078994751, 0.6272606253623962, 0.5842748880386353, 0.5335650444030762, 0.4792557656764984, 0.42650386691093445, 0.3781481683254242, 0.33526477217674255], "val_accuracy": [0.5114427804946899, 0.5114427804946899, 0.5159204006195068, 0.5636816024780273, 0.7228856086730957, 0.8472636938095093, 0.9442786574363708, 0.9616915583610535, 0.9706467986106873, 0.9721393585205078]}