{"loss": [0.6958354115486145, 0.5963746309280396, 0.5250173807144165, 0.4684675931930542, 0.4227486252784729, 0.3850672245025635, 0.3535591661930084, 0.3267354667186737, 0.3036464750766754, 0.28347262740135193], "accuracy": [0.561027467250824, 0.9648569226264954, 0.9331809878349304, 0.9313686490058899, 0.9352296590805054, 0.9448427557945251, 0.9450003504753113, 0.9498857259750366, 0.9547710418701172, 0.9583956599235535], "val_loss": [0.6386589407920837, 0.5585274696350098, 0.4956965446472168, 0.4451709985733032, 0.4037072956562042, 0.3691931366920471, 0.33979496359825134, 0.3145267069339752, 0.2926087975502014, 0.2732563614845276], "val_accuracy": [0.9458954930305481, 0.9398320913314819, 0.9309701323509216, 0.9384328126907349, 0.9477611780166626, 0.9430969953536987, 0.9538245797157288, 0.9575559496879578, 0.9598880410194397, 0.9617537260055542]}