{"accuracy": [0.52, 0.68, 0.74, 0.74, 0.81, 0.86, 0.88, 0.9, 0.87, 0.88], "val_accuracy": [0.737, 0.749, 0.774, 0.813, 0.825, 0.836, 0.817, 0.814, 0.814, 0.81], "loss": [116.45600000000005, 67.86800000000002, 64.03999999999998, 60.15200000000001, 56.212, 51.20799999999999, 49.836, 49.62000000000001, 46.612000000000016, 46.99600000000001], "val_loss": [683.776, 645.7440000000001, 603.2119999999999, 591.5600000000006, 580.3240000000002, 565.2479999999995, 559.1720000000005, 568.3359999999998, 558.0880000000006, 565.604]}