{"loss": [8.441760063171387, 1.5744343996047974, 0.890326738357544, 0.645730197429657, 0.5109371542930603, 0.41756823658943176, 0.3528890609741211, 0.3149620294570923, 0.2809535562992096, 0.2567397356033325], "accuracy": [0.7500661611557007, 0.8227356672286987, 0.8196489810943604, 0.8177087903022766, 0.8328776955604553, 0.857394814491272, 0.877237856388092, 0.8909956812858582, 0.9100449681282043, 0.9174530506134033], "val_loss": [2.195908784866333, 1.0545376539230347, 0.7388940453529358, 0.5948646068572998, 0.5079717636108398, 0.42879000306129456, 0.3988051414489746, 0.34838148951530457, 0.32000014185905457, 0.2884741425514221], "val_accuracy": [0.8302702903747559, 0.8329730033874512, 0.8075675964355469, 0.8172973394393921, 0.8378378748893738, 0.8708108067512512, 0.8767567873001099, 0.9010810852050781, 0.9124324321746826, 0.9135135412216187]}