{"loss": [0.7880631685256958, 0.6911881566047668, 0.6121892333030701, 0.5472803711891174, 0.49396589398384094, 0.44981274008750916, 0.412732869386673, 0.38110628724098206, 0.35384321212768555, 0.3301680386066437], "accuracy": [0.020300159230828285, 0.5151659250259399, 0.8141390681266785, 0.8683254718780518, 0.9033175706863403, 0.9283570647239685, 0.9344392418861389, 0.9484202861785889, 0.9521327614784241, 0.9581359028816223], "val_loss": [0.7382838129997253, 0.6483114957809448, 0.5743895769119263, 0.5138397812843323, 0.4637913703918457, 0.4220498502254486, 0.3860025107860565, 0.35558509826660156, 0.32876402139663696, 0.3056831657886505], "val_accuracy": [0.028666986152529716, 0.7587195634841919, 0.838031530380249, 0.8795986771583557, 0.9159101843833923, 0.932632565498352, 0.9503105878829956, 0.9536550641059875, 0.9598662257194519, 0.9627329111099243]}