{"loss": [2.067394256591797, 0.2406134158372879, 0.1338394284248352, 0.08273826539516449, 0.07410218566656113, 0.04775282368063927, 0.045427195727825165, 0.04077959060668945, 0.03953644260764122, 0.030078360810875893], "accuracy": [0.9533175826072693, 0.9902843832969666, 0.9945498108863831, 0.9949447512626648, 0.99612957239151, 0.997077465057373, 0.997314453125, 0.9974724054336548, 0.997077465057373, 0.9977093935012817], "val_loss": [0.24466994404792786, 0.18526145815849304, 0.13489489257335663, 0.1521567851305008, 0.17346329987049103, 0.17420728504657745, 0.1471008062362671, 0.15717719495296478, 0.15851789712905884, 0.21243685483932495], "val_accuracy": [0.9899665713310242, 0.991399884223938, 0.995699942111969, 0.9942666292190552, 0.9933110475540161, 0.9947444200515747, 0.9937888383865356, 0.9952221512794495, 0.9952221512794495, 0.9937888383865356]}