{"loss": [0.6890684366226196, 0.6246935129165649, 0.5493646860122681, 0.46283936500549316, 0.3840658366680145, 0.32019951939582825, 0.2704172730445862, 0.23188592493534088, 0.20187203586101532, 0.1782640814781189], "accuracy": [0.5381852388381958, 0.7604549527168274, 0.880355715751648, 0.9251688718795776, 0.9417600035667419, 0.9506542086601257, 0.9553578495979309, 0.9584366679191589, 0.9605746865272522, 0.9625416398048401], "val_loss": [0.6525063514709473, 0.5875610113143921, 0.502556324005127, 0.4182075560092926, 0.347067654132843, 0.29083549976348877, 0.24686478078365326, 0.2125031054019928, 0.1853100061416626, 0.1634848564863205], "val_accuracy": [0.6682003736495972, 0.8466257452964783, 0.9120654463768005, 0.9376277923583984, 0.9463189840316772, 0.9529651999473572, 0.9601227045059204, 0.9647238850593567, 0.9672801494598389, 0.9693251252174377]}