{"loss": [0.6672849655151367, 0.6040412783622742, 0.575201690196991, 0.5469605326652527, 0.5191035866737366, 0.49214375019073486, 0.4664177894592285, 0.44201725721359253, 0.4188871681690216, 0.3971170485019684, 0.37663403153419495, 0.35732796788215637, 0.3392029106616974, 0.3222273290157318, 0.30619487166404724], "accuracy": [0.5218673944473267, 0.8579253554344177, 0.9196932911872864, 0.9367152452468872, 0.9463217258453369, 0.9562652707099915, 0.9646077156066895, 0.9679784178733826, 0.9721918106079102, 0.9744670391082764, 0.9764894247055054, 0.9787646532058716, 0.9802814722061157, 0.9813769459724426, 0.9829779863357544], "val_loss": [0.6160140037536621, 0.5805662274360657, 0.5515473484992981, 0.5222853422164917, 0.49415937066078186, 0.46718159317970276, 0.44130468368530273, 0.4173080027103424, 0.3944150507450104, 0.3736640214920044, 0.3532223105430603, 0.33445146679878235, 0.31664541363716125, 0.3004409074783325, 0.2851144075393677], "val_accuracy": [0.6049822568893433, 0.9339095950126648, 0.9532283544540405, 0.9618709683418274, 0.9730554819107056, 0.978647768497467, 0.9796645641326904, 0.9822064638137817, 0.9827148914337158, 0.9832232594490051, 0.9842400550842285, 0.9847484230995178, 0.9852567911148071, 0.9857652187347412, 0.9862735867500305]}