{"loss": [0.6852895021438599, 0.6617889404296875, 0.6047199964523315, 0.517017662525177, 0.4252453148365021, 0.3453514575958252, 0.28162670135498047, 0.23219943046569824, 0.19411157071590424, 0.16453798115253448], "accuracy": [0.5473978519439697, 0.5543040633201599, 0.6928389668464661, 0.9602894186973572, 0.9838033318519592, 0.9852832555770874, 0.9847077131271362, 0.9844610691070557, 0.9849544167518616, 0.9847899675369263], "val_loss": [0.6748305559158325, 0.6369553804397583, 0.5576169490814209, 0.4617473781108856, 0.37255799770355225, 0.29973500967025757, 0.24302656948566437, 0.19951336085796356, 0.16596883535385132, 0.13987338542938232], "val_accuracy": [0.5599408149719238, 0.5599408149719238, 0.9013320207595825, 0.985693097114563, 0.9901331663131714, 0.9930932521820068, 0.9930932521820068, 0.9930932521820068, 0.9930932521820068, 0.9930932521820068]}