{"loss": [0.3582712709903717, 0.21903730928897858, 0.16877274215221405, 0.14075662195682526, 0.11562720686197281, 0.10623466968536377, 0.09673993289470673, 0.07654885947704315, 0.07880540937185287, 0.06852684170007706], "accuracy": [0.9157615303993225, 0.9715213775634766, 0.9813563227653503, 0.9787907004356384, 0.9848626852035522, 0.9813563227653503, 0.9751132726669312, 0.9849482178688049, 0.9792183041572571, 0.986487627029419], "val_loss": [0.25612112879753113, 0.18978141248226166, 0.1571793258190155, 0.12818889319896698, 0.10461552441120148, 0.09137757867574692, 0.0789107009768486, 0.0704183429479599, 0.07077183574438095, 0.0860854908823967], "val_accuracy": [0.9601227045059204, 0.9805725812911987, 0.9759713411331177, 0.9800613522529602, 0.9856850504875183, 0.9861962795257568, 0.9867075681686401, 0.9867075681686401, 0.9810838103294373, 0.9882413148880005]}