{"loss": [0.6917460560798645, 0.6792353391647339, 0.654511570930481, 0.6136265993118286, 0.5579559206962585, 0.49323931336402893, 0.427623987197876, 0.3663713335990906, 0.3124854266643524, 0.26659324765205383], "accuracy": [0.5612409710884094, 0.72443687915802, 0.8910326957702637, 0.9454313516616821, 0.971865713596344, 0.9793455004692078, 0.9841904044151306, 0.9851253628730774, 0.9855503439903259, 0.9864853620529175], "val_loss": [0.6864936947822571, 0.6686611771583557, 0.6352744698524475, 0.5851245522499084, 0.5222586989402771, 0.45442554354667664, 0.3888232707977295, 0.32979655265808105, 0.27897995710372925, 0.23620499670505524], "val_accuracy": [0.6590214371681213, 0.7772681713104248, 0.893476128578186, 0.9704384207725525, 0.9841998815536499, 0.994393527507782, 0.9923548102378845, 0.9938838481903076, 0.9938838481903076, 0.9938838481903076]}