{"loss": [0.615942120552063, 0.5304699540138245, 0.46978574991226196, 0.42273780703544617, 0.38619062304496765, 0.35113129019737244, 0.31935858726501465, 0.29383695125579834, 0.271846741437912, 0.24620388448238373], "accuracy": [0.8471874594688416, 0.9354031085968018, 0.9449173808097839, 0.9471707940101624, 0.945751965045929, 0.949090301990509, 0.9531797766685486, 0.9545150995254517, 0.9567685127258301, 0.9621933102607727], "val_loss": [0.5630877017974854, 0.5021076798439026, 0.43794652819633484, 0.4255967438220978, 0.3750733733177185, 0.35310089588165283, 0.3022232949733734, 0.2767709493637085, 0.25739234685897827, 0.24902813136577606], "val_accuracy": [0.9324596524238586, 0.9369959235191345, 0.9546370506286621, 0.9163306355476379, 0.9415322542190552, 0.9364919066429138, 0.9571572542190552, 0.9591733813285828, 0.9596773982048035, 0.9556451439857483]}