{"accuracy": [0.69, 0.82, 0.84, 0.83, 0.86, 0.87, 0.89, 0.91, 0.92, 0.93], "val_accuracy": [0.715, 0.737, 0.766, 0.771, 0.788, 0.82, 0.847, 0.862, 0.878, 0.894], "loss": [82.14399999999998, 57.903999999999996, 51.65200000000002, 48.98800000000002, 47.956, 43.907999999999994, 41.61599999999999, 40.172000000000004, 37.96400000000001, 37.144], "val_loss": [727.7720000000007, 654.019999999999, 607.0360000000003, 574.4760000000006, 550.9200000000004, 511.45600000000024, 474.1840000000008, 442.2120000000002, 413.54800000000023, 391.47200000000095]}