{"loss": [0.6890591382980347, 0.6398704051971436, 0.5753954648971558, 0.5040962100028992, 0.4381159245967865, 0.38208484649658203, 0.33550843596458435, 0.2963481843471527, 0.26287007331848145, 0.23452940583229065], "accuracy": [0.5270388722419739, 0.7736043930053711, 0.8415786623954773, 0.8815215229988098, 0.9166997671127319, 0.9332963228225708, 0.9431430101394653, 0.9495751857757568, 0.9506869316101074, 0.9500516653060913], "val_loss": [0.6638181805610657, 0.6056671142578125, 0.5325769782066345, 0.45967936515808105, 0.39616477489471436, 0.34318920969963074, 0.2985799014568329, 0.26142433285713196, 0.22924426198005676, 0.20240356028079987], "val_accuracy": [0.7354196310043335, 0.8264580368995667, 0.8719772696495056, 0.9146515130996704, 0.9350403547286987, 0.9497392177581787, 0.9577999114990234, 0.9577999114990234, 0.9573257565498352, 0.9559032917022705]}