{"loss": [0.7118367552757263, 0.6631520390510559, 0.6364516615867615, 0.6044675707817078, 0.5663804411888123, 0.5237938165664673, 0.47917166352272034, 0.4346374571323395, 0.39195385575294495, 0.352662593126297], "accuracy": [0.4945950210094452, 0.5339625477790833, 0.6787673234939575, 0.7812197208404541, 0.8313165307044983, 0.8812519907951355, 0.9035172462463379, 0.9178767204284668, 0.9286866784095764, 0.935947060585022], "val_loss": [0.6768462061882019, 0.6495964527130127, 0.6197793483734131, 0.5833352208137512, 0.5416228771209717, 0.4963827133178711, 0.4505353569984436, 0.4060254991054535, 0.3646649718284607, 0.32687050104141235], "val_accuracy": [0.4955839216709137, 0.6437684297561646, 0.7487733364105225, 0.8066732287406921, 0.8729146122932434, 0.8935230374336243, 0.9097154140472412, 0.9244357347488403, 0.9367026686668396, 0.9376839995384216]}