{"loss": [0.6879851222038269, 0.6778127551078796, 0.6632837653160095, 0.6395530104637146, 0.600837230682373, 0.5487576723098755, 0.4911269545555115, 0.4347133934497833, 0.38374781608581543, 0.3398146629333496], "accuracy": [0.5543040633201599, 0.5543040633201599, 0.5543040633201599, 0.5569349527359009, 0.7208747863769531, 0.8662337064743042, 0.9135904312133789, 0.93439120054245, 0.9394886493682861, 0.9430239200592041], "val_loss": [0.6814298033714294, 0.669241726398468, 0.6499341726303101, 0.6181483268737793, 0.5694224834442139, 0.511947512626648, 0.4531000554561615, 0.3972475230693817, 0.3502993881702423, 0.3092767298221588], "val_accuracy": [0.5599408149719238, 0.5599408149719238, 0.5599408149719238, 0.6191415786743164, 0.8406512141227722, 0.9264923334121704, 0.9467192888259888, 0.9477059245109558, 0.9442525506019592, 0.9442525506019592]}