{"loss": [0.6844655871391296, 0.6517728567123413, 0.6198078393936157, 0.5771530270576477, 0.525202214717865, 0.46772098541259766, 0.40935230255126953, 0.3543088734149933, 0.3049708306789398, 0.2622888684272766], "accuracy": [0.5835103988647461, 0.9096472859382629, 0.9637058973312378, 0.9736506342887878, 0.9787505269050598, 0.980365514755249, 0.9810454845428467, 0.9837654232978821, 0.9827454090118408, 0.9845303893089294], "val_loss": [0.6647637486457825, 0.6367970705032349, 0.5984796285629272, 0.5493029356002808, 0.49235963821411133, 0.4320673942565918, 0.3732175827026367, 0.31963640451431274, 0.27236348390579224, 0.23215731978416443], "val_accuracy": [0.817023515701294, 0.9617737531661987, 0.9750255346298218, 0.9877676367759705, 0.9882773160934448, 0.9913354516029358, 0.9913354516029358, 0.9898064136505127, 0.9923548102378845, 0.9923548102378845]}