{"loss": [0.6928482055664062, 0.5913072824478149, 0.5146991014480591, 0.45312410593032837, 0.40344148874282837, 0.36292245984077454, 0.329488605260849, 0.30157342553138733, 0.2780095934867859, 0.2579297423362732], "accuracy": [0.48344260454177856, 0.7521786093711853, 0.8648020625114441, 0.9236451387405396, 0.9419869184494019, 0.95427006483078, 0.9629845023155212, 0.9706199765205383, 0.9746037125587463, 0.9785874485969543], "val_loss": [0.6314985752105713, 0.5405411124229431, 0.46855393052101135, 0.41101381182670593, 0.3649883568286896, 0.3276314437389374, 0.29696014523506165, 0.27126938104629517, 0.2497672438621521, 0.2316250056028366], "val_accuracy": [0.7251017093658447, 0.8587399125099182, 0.9283537268638611, 0.9446138739585876, 0.9522358179092407, 0.9639228582382202, 0.9705285429954529, 0.9720529317855835, 0.9761179685592651, 0.9776423573493958]}