{"loss": [338.6656799316406, 106.84344482421875, 0.8033440709114075, 0.019596468657255173, 0.018487857654690742, 0.01914774253964424, 0.019496804103255272, 0.019352177157998085, 0.018211394548416138, 0.019953258335590363], "accuracy": [0.10828347504138947, 0.28836268186569214, 0.9523890018463135, 0.9950282573699951, 0.9951967597007751, 0.9945226311683655, 0.9944383502006531, 0.9945226311683655, 0.9946069121360779, 0.9952810406684875], "val_loss": [215.40733337402344, 12.924602508544922, 0.033126186579465866, 0.026885760948061943, 0.02586880326271057, 0.02560609020292759, 0.025483785197138786, 0.02516278624534607, 0.02536003477871418, 0.031170964241027832], "val_accuracy": [0.17386884987354279, 0.5587189197540283, 0.991865873336792, 0.9944077730178833, 0.9949162006378174, 0.9933910369873047, 0.9928826093673706, 0.9944077730178833, 0.9944077730178833, 0.9898322820663452]}