{"accuracy": [0.85, 0.92, 0.93, 0.93, 0.93, 0.95, 0.92, 0.95, 0.95, 0.95], "val_accuracy": [0.881, 0.917, 0.926, 0.922, 0.92, 0.928, 0.931, 0.938, 0.943, 0.936], "loss": [62.42000000000002, 34.912, 30.619999999999997, 30.50000000000001, 29.712, 28.020000000000014, 27.383999999999997, 25.02400000000001, 25.592000000000002, 26.880000000000003], "val_loss": [426.5440000000009, 322.58800000000076, 310.74400000000077, 311.5800000000007, 310.05600000000044, 299.5520000000001, 300.36000000000075, 288.50000000000006, 270.908, 272.7040000000002]}