{"loss": [0.78372722864151, 0.69078129529953, 0.6604819297790527, 0.6314581036567688, 0.5908388495445251, 0.5371636152267456, 0.4754536747932434, 0.4136901795864105, 0.3575153052806854, 0.3090291917324066], "accuracy": [0.48596981167793274, 0.48596981167793274, 0.5921398401260376, 0.8309813141822815, 0.9117164611816406, 0.9508533477783203, 0.9641450643539429, 0.9673449397087097, 0.9669347405433655, 0.9668526649475098], "val_loss": [0.7155523300170898, 0.6721790432929993, 0.6453717350959778, 0.6099862456321716, 0.560458242893219, 0.49933475255966187, 0.434347540140152, 0.37303295731544495, 0.3192683160305023, 0.27377647161483765], "val_accuracy": [0.48804783821105957, 0.48804783821105957, 0.7589641809463501, 0.8769920468330383, 0.9387450218200684, 0.960159420967102, 0.9651394486427307, 0.9696215391159058, 0.9701195359230042, 0.9701195359230042]}