{"accuracy": [0.55, 0.63, 0.74, 0.82, 0.93, 0.95, 0.98, 0.97, 0.97, 0.96], "val_accuracy": [0.647, 0.795, 0.829, 0.906, 0.944, 0.95, 0.956, 0.927, 0.936, 0.947], "loss": [109.204, 82.33599999999998, 70.33200000000002, 50.632000000000005, 36.004000000000005, 31.44, 29.068000000000012, 28.492, 26.300000000000004, 26.23600000000001], "val_loss": [839.3760000000005, 676.7279999999994, 541.4439999999998, 402.8520000000003, 358.9280000000003, 367.02400000000046, 352.04800000000057, 382.5240000000004, 362.5400000000003, 352.33600000000075]}