{"loss": [0.4572388231754303, 0.3243085443973541, 0.2519662082195282, 0.2085205614566803, 0.16718941926956177, 0.15285737812519073, 0.12699823081493378, 0.11077022552490234, 0.10000947117805481, 0.08792513608932495], "accuracy": [0.9149252772331238, 0.9705129265785217, 0.9769554734230042, 0.972082257270813, 0.9807549715042114, 0.9738994240760803, 0.9801767468452454, 0.9823243021965027, 0.9758817553520203, 0.9851325750350952], "val_loss": [0.367637574672699, 0.28430473804473877, 0.22148121893405914, 0.1805737316608429, 0.1532067358493805, 0.1352531462907791, 0.13215100765228271, 0.09712238609790802, 0.08522230386734009, 0.08225415647029877], "val_accuracy": [0.9681592583656311, 0.974626898765564, 0.981592059135437, 0.9835821390151978, 0.9850746989250183, 0.9825870990753174, 0.9766169786453247, 0.9880597591400146, 0.9875622391700745, 0.9870647192001343]}