{"accuracy": [0.58, 0.84, 0.88, 0.88, 0.87, 0.88, 0.91, 0.9, 0.91, 0.92], "val_accuracy": [0.748, 0.773, 0.812, 0.823, 0.832, 0.833, 0.834, 0.837, 0.836, 0.844], "loss": [100.86800000000002, 56.239999999999995, 43.90000000000001, 38.108, 36.928, 35.792, 34.368, 35.22399999999999, 34.587999999999994, 34.64000000000001], "val_loss": [664.5479999999994, 580.3680000000005, 485.5400000000008, 462.8760000000007, 455.5200000000001, 457.804000000001, 448.16400000000067, 452.08800000000076, 451.2840000000013, 453.91200000000094]}