{"loss": [0.5675065517425537, 0.488496333360672, 0.42740029096603394, 0.3797124922275543, 0.3418523073196411, 0.31112387776374817, 0.28570425510406494, 0.2643718123435974, 0.24614645540714264, 0.23035988211631775], "accuracy": [0.6228732466697693, 0.7792348265647888, 0.8411486744880676, 0.8676238656044006, 0.8873765468597412, 0.9019835591316223, 0.9189144372940063, 0.9344344139099121, 0.9424018859863281, 0.9503693580627441], "val_loss": [0.5042484402656555, 0.4318253695964813, 0.3756873607635498, 0.3315482437610626, 0.29668787121772766, 0.26835867762565613, 0.244984969496727, 0.2249707579612732, 0.20802682638168335, 0.19337832927703857], "val_accuracy": [0.7881098389625549, 0.8643293380737305, 0.8963415622711182, 0.9120935797691345, 0.9273374676704407, 0.9364838004112244, 0.9461382627487183, 0.9532520771026611, 0.958333432674408, 0.960874080657959]}