{"loss": [0.7141966819763184, 0.6740269660949707, 0.654914379119873, 0.629619836807251, 0.594903826713562, 0.5505875945091248, 0.4992518723011017, 0.4454944133758545, 0.3931218683719635, 0.34440937638282776], "accuracy": [0.5014746785163879, 0.5352658629417419, 0.6614140272140503, 0.7348108291625977, 0.7838543653488159, 0.860369086265564, 0.9160698056221008, 0.9468273520469666, 0.9661245346069336, 0.9794387817382812], "val_loss": [0.6782280206680298, 0.6605214476585388, 0.638251543045044, 0.6064956784248352, 0.5651308298110962, 0.5150213241577148, 0.4609144926071167, 0.4075379967689514, 0.3571266829967499, 0.3115423917770386], "val_accuracy": [0.5165226459503174, 0.6690391898155212, 0.7203864455223083, 0.7508897185325623, 0.8393493294715881, 0.8973056077957153, 0.9227250218391418, 0.9405186176300049, 0.9583122134208679, 0.9700051546096802]}