{"loss": [0.6221268177032471, 0.5110940933227539, 0.4311021864414215, 0.3756585121154785, 0.3375132083892822, 0.3111919164657593, 0.29246771335601807, 0.2795279622077942, 0.2702690064907074, 0.2636711597442627], "accuracy": [0.6744032502174377, 0.8201040625572205, 0.8734616637229919, 0.898818850517273, 0.9106302261352539, 0.9159989953041077, 0.9185594916343689, 0.9201288819313049, 0.9209548234939575, 0.9215329885482788], "val_loss": [0.5587311387062073, 0.4593929946422577, 0.38990914821624756, 0.3416348695755005, 0.30765265226364136, 0.28303417563438416, 0.26622912287712097, 0.25302135944366455, 0.24398167431354523, 0.2381497025489807], "val_accuracy": [0.7781094908714294, 0.86069655418396, 0.9019901156425476, 0.9203980565071106, 0.9308457970619202, 0.9338309168815613, 0.9338309168815613, 0.9333333969116211, 0.9333333969116211, 0.9333333969116211]}