{"loss": [19.525236129760742, 1.6723136901855469, 1.127241611480713, 0.8784838318824768, 0.727351188659668, 0.6237185597419739, 0.555869460105896, 0.49375903606414795, 0.44786709547042847, 0.40771839022636414], "accuracy": [0.7793731689453125, 0.9589760899543762, 0.9712011814117432, 0.9776009321212769, 0.980226457118988, 0.9836724996566772, 0.9842468500137329, 0.9854775667190552, 0.9855595827102661, 0.9859698414802551], "val_loss": [1.713748574256897, 0.7999796867370605, 0.5655903220176697, 0.48061254620552063, 0.43379345536231995, 0.41152894496917725, 0.43333718180656433, 0.396484911441803, 0.2941194474697113, 0.2791150212287903], "val_accuracy": [0.9516932368278503, 0.9731075763702393, 0.9845618009567261, 0.9865537881851196, 0.9870518445968628, 0.9895418882369995, 0.9890438318252563, 0.988545835018158, 0.9910358786582947, 0.9915338754653931]}