{"loss": [0.6942473649978638, 0.5953443050384521, 0.5206210017204285, 0.46256861090660095, 0.41615134477615356, 0.3781001567840576, 0.3464057445526123, 0.31946608424186707, 0.2963744103908539, 0.2762531638145447], "accuracy": [0.5600818991661072, 0.7225592732429504, 0.8175872564315796, 0.8568276166915894, 0.8877944946289062, 0.9230162501335144, 0.9368056058883667, 0.9499645233154297, 0.959026038646698, 0.9658812880516052], "val_loss": [0.6423722505569458, 0.5571634769439697, 0.4910692572593689, 0.43853214383125305, 0.39575543999671936, 0.36029279232025146, 0.3300710916519165, 0.3042030930519104, 0.2818939983844757, 0.2622421681880951], "val_accuracy": [0.6553171277046204, 0.7765858173370361, 0.8353544473648071, 0.8745335340499878, 0.9183768630027771, 0.9291044473648071, 0.9528917670249939, 0.9603544473648071, 0.9668843150138855, 0.96875]}