{"loss": [0.7004111409187317, 0.6379552483558655, 0.545764684677124, 0.45013847947120667, 0.3689367175102234, 0.3057049810886383, 0.2578903138637543, 0.22190041840076447, 0.1946811079978943, 0.17390966415405273], "accuracy": [0.5170848965644836, 0.581710159778595, 0.8422747254371643, 0.941895067691803, 0.9619511961936951, 0.9657478332519531, 0.966490626335144, 0.9673159718513489, 0.9685540199279785, 0.9687191247940063], "val_loss": [0.6700278520584106, 0.5935672521591187, 0.4968680739402771, 0.4089260697364807, 0.33844664692878723, 0.2848453223705292, 0.24457284808158875, 0.21446526050567627, 0.19188262522220612, 0.17476513981819153], "val_accuracy": [0.5134865045547485, 0.726773202419281, 0.9220778942108154, 0.949550449848175, 0.9545454382896423, 0.9555444121360779, 0.9560439586639404, 0.957042932510376, 0.9575424194335938, 0.9585414528846741]}