{"accuracy": [0.4, 0.65, 0.8, 0.81, 0.84, 0.86, 0.85, 0.85, 0.84, 0.83], "val_accuracy": [0.606, 0.741, 0.777, 0.823, 0.853, 0.872, 0.88, 0.88, 0.88, 0.88], "loss": [131.44400000000002, 77.68800000000002, 65.28, 57.13599999999999, 51.98399999999997, 49.152, 46.73600000000001, 43.908000000000015, 45.419999999999995, 44.14800000000001], "val_loss": [880.4920000000001, 723.2039999999993, 613.3720000000002, 554.2880000000002, 491.2200000000005, 446.40800000000036, 420.9520000000006, 443.8640000000005, 411.5800000000006, 417.64399999999995]}