{"loss": [217.7146453857422, 35.959896087646484, 1.508985161781311, 0.43156111240386963, 0.32080379128456116, 0.25963661074638367, 0.21921692788600922, 0.19073821604251862, 0.16961443424224854, 0.1526201367378235], "accuracy": [0.11706161499023438, 0.27630332112312317, 0.4571090340614319, 0.8928120732307434, 0.9726698994636536, 0.9732227921485901, 0.9738547205924988, 0.9738547205924988, 0.9740126729011536, 0.9742496609687805], "val_loss": [103.63785552978516, 4.622325897216797, 0.605068564414978, 0.41091808676719666, 0.31981971859931946, 0.25690045952796936, 0.21565373241901398, 0.1847173571586609, 0.1643185019493103, 0.14015041291713715], "val_accuracy": [0.13569039106369019, 0.4400382339954376, 0.45293837785720825, 0.9718108177185059, 0.9727663993835449, 0.9751552939414978, 0.9737219214439392, 0.9751552939414978, 0.9751552939414978, 0.9770663976669312]}