{"accuracy": [0.46, 0.8, 0.83, 0.81, 0.84, 0.83, 0.84, 0.84, 0.85, 0.87], "val_accuracy": [0.789, 0.829, 0.835, 0.845, 0.842, 0.85, 0.85, 0.86, 0.855, 0.866], "loss": [117.54000000000002, 59.504000000000005, 51.54, 51.03200000000001, 48.83600000000001, 49.61199999999998, 49.180000000000014, 48.012, 46.036, 45.68799999999998], "val_loss": [647.2360000000006, 468.81600000000026, 466.6680000000005, 443.50400000000064, 455.328, 442.6200000000013, 429.9200000000007, 426.06400000000093, 447.8800000000008, 417.1280000000015]}