{"loss": [0.5052179098129272, 0.37450695037841797, 0.2975429892539978, 0.24269108474254608, 0.20066292583942413, 0.17369131743907928, 0.14711534976959229, 0.13697406649589539, 0.12274781614542007, 0.11857229471206665], "accuracy": [0.9058774709701538, 0.9657285213470459, 0.9670529961585999, 0.9694536328315735, 0.9736754894256592, 0.9756622910499573, 0.9778146147727966, 0.9671357870101929, 0.9766556620597839, 0.9662252068519592], "val_loss": [0.4231433570384979, 0.3330097496509552, 0.2695191204547882, 0.22028259932994843, 0.1837024837732315, 0.16032396256923676, 0.14699487388134003, 0.1335233449935913, 0.1281493902206421, 0.11036159843206406], "val_accuracy": [0.9623575806617737, 0.9692916870117188, 0.971272885799408, 0.9737493395805359, 0.9777117371559143, 0.9772164225578308, 0.9757305383682251, 0.9772164225578308, 0.9806835055351257, 0.9772164225578308]}