{"loss": [22.718650817871094, 11.281991004943848, 6.079916954040527, 2.984930992126465, 1.3246173858642578, 0.5347304344177246, 0.34470298886299133, 0.3454436659812927, 0.34169089794158936, 0.3312396705150604], "accuracy": [0.6855144500732422, 0.7778714299201965, 0.8214375972747803, 0.8222802877426147, 0.8097244501113892, 0.8313811421394348, 0.8604533672332764, 0.8587679862976074, 0.8608747124671936, 0.8632341623306274], "val_loss": [16.152830123901367, 8.514942169189453, 4.37153959274292, 1.8774470090866089, 0.7758540511131287, 0.3515774607658386, 0.31954798102378845, 0.3097202181816101, 0.34124571084976196, 0.30406445264816284], "val_accuracy": [0.7320793867111206, 0.8215557336807251, 0.8357906341552734, 0.8337570428848267, 0.8139299154281616, 0.834265410900116, 0.8723945617675781, 0.8795120120048523, 0.8383325338363647, 0.8825623393058777]}