{"loss": [0.556124746799469, 0.4488464295864105, 0.3931601941585541, 0.37013646960258484, 0.32808348536491394, 0.31493493914604187, 0.30213597416877747, 0.2960875630378723, 0.2693345248699188, 0.2508646845817566], "accuracy": [0.8055358529090881, 0.9071149826049805, 0.9312455654144287, 0.927696943283081, 0.9423350095748901, 0.936036229133606, 0.9338183403015137, 0.9287615418434143, 0.9402058124542236, 0.9457061886787415], "val_loss": [0.4596730172634125, 0.4069318175315857, 0.3728543519973755, 0.34169846773147583, 0.3249661922454834, 0.29138168692588806, 0.32909783720970154, 0.28931328654289246, 0.2642036974430084, 0.24391455948352814], "val_accuracy": [0.9174705743789673, 0.9356913566589355, 0.93515545129776, 0.9410504102706909, 0.9335477352142334, 0.9464094638824463, 0.906216561794281, 0.9292604923248291, 0.9394426941871643, 0.9464094638824463]}