{"loss": [20.164140701293945, 6.396999835968018, 4.113503456115723, 3.0310089588165283, 2.3375163078308105, 1.8548688888549805, 1.5056443214416504, 1.2660655975341797, 1.0611801147460938, 0.8773928880691528], "accuracy": [0.753433883190155, 0.8905367851257324, 0.921631395816803, 0.934271514415741, 0.9420241117477417, 0.9480913281440735, 0.9507879018783569, 0.9528103470802307, 0.9548327326774597, 0.9569393992424011], "val_loss": [7.183328151702881, 4.091162204742432, 2.877868413925171, 2.4961419105529785, 1.9233049154281616, 1.6815334558486938, 1.3925057649612427, 1.2568814754486084, 1.0569826364517212, 0.8798977732658386], "val_accuracy": [0.8612100481987, 0.9084901809692383, 0.9308592677116394, 0.9364514946937561, 0.9445857405662537, 0.947636067867279, 0.949669599533081, 0.9527199268341064, 0.9527199268341064, 0.9552618861198425]}