{"accuracy": [0.73, 0.86, 0.95, 0.98, 0.99, 0.98, 0.98, 0.98, 0.98, 0.98], "val_accuracy": [0.739, 0.862, 0.904, 0.958, 0.96, 0.961, 0.966, 0.962, 0.968, 0.971], "loss": [79.43200000000004, 43.403999999999996, 35.007999999999996, 26.480000000000004, 22.080000000000002, 20.08, 21.123999999999995, 20.284000000000002, 19.136000000000006, 19.584000000000003], "val_loss": [635.9599999999997, 470.64399999999966, 374.912000000001, 327.4960000000005, 283.5840000000009, 271.91200000000043, 277.34400000000045, 262.2360000000006, 245.9839999999999, 253.60400000000016]}