{"loss": [0.8461352586746216, 0.7850721478462219, 0.7452213168144226, 0.7101542353630066, 0.67619389295578, 0.6431439518928528, 0.6113811135292053, 0.580989420413971, 0.5520896315574646, 0.5246890187263489], "accuracy": [0.38425886631011963, 0.07002612203359604, 0.1676076501607895, 0.49405914545059204, 0.5013061165809631, 0.6181848645210266, 0.7820004820823669, 0.888430118560791, 0.9199460744857788, 0.9493553638458252], "val_loss": [0.8168520331382751, 0.76686030626297, 0.7275861501693726, 0.6913465261459351, 0.6560497879981995, 0.6221216320991516, 0.5898688435554504, 0.5590953826904297, 0.5300734043121338, 0.5024977326393127], "val_accuracy": [0.18505339324474335, 0.038129132241010666, 0.40721914172172546, 0.5129639506340027, 0.5231317281723022, 0.7478393912315369, 0.8866294622421265, 0.9206914901733398, 0.9435689449310303, 0.9471276998519897]}