{"loss": [0.6833474040031433, 0.6660882234573364, 0.6477705240249634, 0.626570999622345, 0.6016520857810974, 0.572936475276947, 0.5408835411071777, 0.5066097974777222, 0.4717560410499573, 0.43753963708877563], "accuracy": [0.5195773839950562, 0.6127141714096069, 0.7523750066757202, 0.815058171749115, 0.8607831001281738, 0.8816478848457336, 0.8969191312789917, 0.9046435356140137, 0.9118351936340332, 0.917428731918335], "val_loss": [0.6714408993721008, 0.6519595980644226, 0.6298274397850037, 0.6041383743286133, 0.5746028423309326, 0.5414766073226929, 0.5053843855857849, 0.46856552362442017, 0.4313206970691681, 0.3973250687122345], "val_accuracy": [0.5320170521736145, 0.7331910133361816, 0.8175026774406433, 0.860192060470581, 0.8996797800064087, 0.9210245013237, 0.9274279475212097, 0.9295623898506165, 0.9364994168281555, 0.9354321956634521]}