{"loss": [0.6873784065246582, 0.641623854637146, 0.5535480976104736, 0.4554270803928375, 0.3761669993400574, 0.31748199462890625, 0.27453985810279846, 0.24296656250953674, 0.21951313316822052, 0.20218198001384735], "accuracy": [0.5467561483383179, 0.7818048000335693, 0.8746625185012817, 0.9116420149803162, 0.9262047410011292, 0.9337314963340759, 0.9387220740318298, 0.9397038817405701, 0.9424036741256714, 0.9413400888442993], "val_loss": [0.6688210964202881, 0.6015361547470093, 0.49803048372268677, 0.40610525012016296, 0.3372952342033386, 0.28725647926330566, 0.2509496510028839, 0.22399574518203735, 0.20462217926979065, 0.18955104053020477], "val_accuracy": [0.6912621259689331, 0.8495146036148071, 0.9024271965026855, 0.9203883409500122, 0.9330097436904907, 0.9393203854560852, 0.9393203854560852, 0.9422330260276794, 0.9436893463134766, 0.9456310868263245]}