{"accuracy": [0.45, 0.6, 0.66, 0.66, 0.7, 0.68, 0.69, 0.68, 0.69, 0.7], "val_accuracy": [0.483, 0.629, 0.615, 0.628, 0.623, 0.635, 0.63, 0.617, 0.613, 0.613], "loss": [120.948, 90.724, 80.78799999999997, 80.16399999999999, 79.7, 78.40800000000004, 75.98800000000001, 76.53999999999999, 77.15599999999998, 74.66399999999999], "val_loss": [1002.7800000000002, 881.9159999999999, 886.9440000000002, 875.3000000000023, 866.727999999999, 842.6199999999993, 842.2119999999998, 845.972, 851.6239999999996, 845.6439999999996]}