{"loss": [40.06137466430664, 7.4113569259643555, 4.9347825050354, 3.9645018577575684, 3.234079360961914, 2.4904403686523438, 1.7227580547332764, 0.967714786529541, 0.397931843996048, 0.277344673871994], "accuracy": [0.5233603715896606, 0.7978667616844177, 0.8469675779342651, 0.8668018579483032, 0.8739421963691711, 0.8803772926330566, 0.8841678500175476, 0.889633297920227, 0.907175600528717, 0.9154619574546814], "val_loss": [10.394417762756348, 5.52660608291626, 4.051360607147217, 3.2139792442321777, 2.5081188678741455, 1.7205407619476318, 1.215145230293274, 0.48607444763183594, 0.24973833560943604, 0.282200425863266], "val_accuracy": [0.7302350997924805, 0.8311966061592102, 0.8595085740089417, 0.8728632926940918, 0.8808761239051819, 0.8830128908157349, 0.8931624293327332, 0.9070513248443604, 0.9145299792289734, 0.8995726704597473]}