{"loss": [0.5321524739265442, 0.4005148112773895, 0.33558544516563416, 0.29259318113327026, 0.24998782575130463, 0.2209068238735199, 0.20162278413772583, 0.1906103789806366, 0.18213431537151337, 0.1648464947938919], "accuracy": [0.868385910987854, 0.9312301874160767, 0.9369888305664062, 0.9441662430763245, 0.9450008273124695, 0.9526790380477905, 0.952261745929718, 0.9556835293769836, 0.951427161693573, 0.9560173749923706], "val_loss": [0.432431697845459, 0.3453075885772705, 0.2918657660484314, 0.2546790540218353, 0.27214446663856506, 0.2002534121274948, 0.1807066947221756, 0.17223131656646729, 0.18407297134399414, 0.15628692507743835], "val_accuracy": [0.9369959235191345, 0.9501007795333862, 0.9490926861763, 0.9430443048477173, 0.9153225421905518, 0.9601814150810242, 0.9627015590667725, 0.9611895084381104, 0.9627015590667725, 0.9606854319572449]}