{"loss": [20.1867618560791, 4.067053318023682, 2.144551992416382, 1.4722530841827393, 1.1186755895614624, 0.883370041847229, 0.7279358506202698, 0.6019431948661804, 0.4834342300891876, 0.38074228167533875], "accuracy": [0.8629737496376038, 0.9583168625831604, 0.9753367900848389, 0.9819557070732117, 0.9853439331054688, 0.9868410229682922, 0.987786591053009, 0.9880229830741882, 0.988968551158905, 0.9890473484992981], "val_loss": [5.139005184173584, 1.895737886428833, 1.1138967275619507, 0.8586340546607971, 0.7104653716087341, 0.6273768544197083, 0.5587875843048096, 0.4832632541656494, 0.40536677837371826, 0.28661078214645386], "val_accuracy": [0.9454290866851807, 0.9771454930305481, 0.985541045665741, 0.9883395433425903, 0.9902052283287048, 0.9892723560333252, 0.9906716346740723, 0.9916044473648071, 0.9911380410194397, 0.9906716346740723]}