{"loss": [1.4643241167068481, 0.17596252262592316, 0.1102207601070404, 0.09522705525159836, 0.09174977988004684, 0.03490882366895676, 0.054559413343667984, 0.02207786776125431, 0.05212479457259178, 0.01804899424314499], "accuracy": [0.9697480201721191, 0.9952810406684875, 0.9964607954025269, 0.9972192049026489, 0.997387707233429, 0.9989045262336731, 0.998146116733551, 0.9986517429351807, 0.997977614402771, 0.9992415904998779], "val_loss": [0.26414063572883606, 0.15206831693649292, 0.15010501444339752, 0.25014352798461914, 0.09556331485509872, 0.12530925869941711, 0.1484760046005249, 0.3184640407562256, 0.1738121062517166, 0.22709575295448303], "val_accuracy": [0.9903407096862793, 0.993899405002594, 0.9923742413520813, 0.9944077730178833, 0.9964413642883301, 0.995932936668396, 0.9954245686531067, 0.991865873336792, 0.9954245686531067, 0.9949162006378174]}