{"accuracy": [0.91, 0.95, 0.96, 0.95, 0.97, 0.97, 0.97, 0.97, 0.97, 0.97], "val_accuracy": [0.895, 0.913, 0.923, 0.949, 0.948, 0.943, 0.945, 0.954, 0.952, 0.95], "loss": [40.19600000000001, 29.763999999999992, 26.948, 21.264, 19.436000000000007, 18.424000000000003, 17.552, 17.348000000000006, 18.516000000000012, 17.624], "val_loss": [419.92400000000066, 373.87600000000066, 340.66799999999995, 258.2160000000001, 257.0759999999999, 254.86399999999998, 245.87200000000036, 238.9360000000007, 243.54400000000035, 241.86400000000023]}