{"loss": [0.6963310837745667, 0.6816123127937317, 0.6607707738876343, 0.6295578479766846, 0.5900517106056213, 0.5456210374832153, 0.49903184175491333, 0.45280811190605164, 0.4089393615722656, 0.36919981241226196], "accuracy": [0.5003848075866699, 0.5003848075866699, 0.5794919729232788, 0.7824339270591736, 0.8604292869567871, 0.8974599838256836, 0.9166167378425598, 0.922859787940979, 0.9309843182563782, 0.9332078695297241], "val_loss": [0.6884326338768005, 0.6722139716148376, 0.6452369093894958, 0.6081786751747131, 0.5647596716880798, 0.5176820158958435, 0.46990859508514404, 0.4242226779460907, 0.381643682718277, 0.344390332698822], "val_accuracy": [0.49795499444007874, 0.4989774823188782, 0.7704498767852783, 0.8655418753623962, 0.9023517370223999, 0.9233128428459167, 0.9294478297233582, 0.9366052746772766, 0.9376277923583984, 0.9360940456390381]}