{"loss": [0.6760812401771545, 0.6640738844871521, 0.6533316373825073, 0.6437236070632935, 0.6357919573783875, 0.6297937035560608, 0.6256352663040161, 0.622801661491394, 0.6209009885787964, 0.6196730732917786], "accuracy": [0.5811364054679871, 0.6418044567108154, 0.6495005488395691, 0.647944986820221, 0.6490093469619751, 0.6506468057632446, 0.6520386338233948, 0.6535123586654663, 0.6542491912841797, 0.6549041867256165], "val_loss": [0.668134868144989, 0.6560536026954651, 0.6446789503097534, 0.634838879108429, 0.6272059082984924, 0.6214461922645569, 0.617501437664032, 0.6148725748062134, 0.6131495833396912, 0.6117928624153137], "val_accuracy": [0.6529210209846497, 0.6647030711174011, 0.6745213866233826, 0.6651939749717712, 0.6671576499938965, 0.670103132724762, 0.6671576499938965, 0.6686304211616516, 0.6651939749717712, 0.6651939749717712]}