{"accuracy": [0.64, 0.9, 0.91, 0.94, 0.93, 0.94, 0.94, 0.95, 0.94, 0.93], "val_accuracy": [0.847, 0.908, 0.929, 0.941, 0.94, 0.947, 0.938, 0.951, 0.944, 0.944], "loss": [92.19200000000006, 38.36, 33.756, 31.080000000000002, 30.71599999999999, 31.79200000000001, 30.776, 31.035999999999994, 31.18, 30.608], "val_loss": [474.33600000000024, 341.140000000001, 310.564000000001, 313.7480000000008, 320.58400000000063, 328.22400000000073, 323.748, 296.7200000000005, 325.4040000000004, 334.76400000000024]}