{"loss": [378.8961486816406, 120.87907409667969, 0.7031593918800354, 0.12400427460670471, 0.11296160519123077, 0.10037670284509659, 0.08480986207723618, 0.0741042047739029, 0.07058581709861755, 0.07337476313114166], "accuracy": [0.20443539321422577, 0.34191522002220154, 0.9420511722564697, 0.9746792912483215, 0.9747642278671265, 0.9745093584060669, 0.9752740859985352, 0.9746792912483215, 0.9751041531562805, 0.9724701046943665], "val_loss": [267.16534423828125, 10.866043090820312, 0.14930042624473572, 0.1369050294160843, 0.11738275736570358, 0.1031266525387764, 0.08284997195005417, 0.07372225821018219, 0.06922631710767746, 0.06520579755306244], "val_accuracy": [0.22981366515159607, 0.6061076521873474, 0.9720497131347656, 0.9746376872062683, 0.9736024737358093, 0.9736024737358093, 0.9756729006767273, 0.9756729006767273, 0.9746376872062683, 0.9756729006767273]}