{"loss": [0.477445125579834, 0.31643006205558777, 0.23471026122570038, 0.18546314537525177, 0.1522911787033081, 0.12833870947360992, 0.11029030382633209, 0.09625605493783951, 0.08502335846424103, 0.07589486986398697], "accuracy": [0.883963942527771, 0.9949439764022827, 0.9951967597007751, 0.9948596954345703, 0.9948596954345703, 0.9948596954345703, 0.9948596954345703, 0.9948596954345703, 0.9948596954345703, 0.9947754144668579], "val_loss": [0.37292051315307617, 0.26230278611183167, 0.20021748542785645, 0.16175289452075958, 0.13471029698848724, 0.11451989412307739, 0.10003935545682907, 0.08813675493001938, 0.07914794981479645, 0.07134852558374405], "val_accuracy": [0.9923742413520813, 0.9933910369873047, 0.9944077730178833, 0.993899405002594, 0.9944077730178833, 0.9944077730178833, 0.9944077730178833, 0.9944077730178833, 0.9944077730178833, 0.9944077730178833]}