{"loss": [0.7274491786956787, 0.6778551936149597, 0.6662718057632446, 0.6514196991920471, 0.6269019842147827, 0.5898650884628296, 0.5419960021972656, 0.48937979340553284, 0.43794140219688416, 0.3911953568458557], "accuracy": [0.5014729499816895, 0.5270600318908691, 0.8059927821159363, 0.8743371963500977, 0.8995875716209412, 0.9167578816413879, 0.924080491065979, 0.9278680682182312, 0.931908130645752, 0.9341806173324585], "val_loss": [0.6844446063041687, 0.6708490252494812, 0.6591379046440125, 0.6397566795349121, 0.6082921624183655, 0.5637949705123901, 0.5110891461372375, 0.4571051001548767, 0.406747967004776, 0.3622357249259949], "val_accuracy": [0.5129225254058838, 0.7077535390853882, 0.8663022518157959, 0.8976143598556519, 0.9194831848144531, 0.924950361251831, 0.9294235110282898, 0.9368788003921509, 0.9398608803749084, 0.9418489933013916]}