{"loss": [0.7382616996765137, 0.6926659941673279, 0.687099814414978, 0.682995617389679, 0.6782825589179993, 0.6730448603630066, 0.6677047610282898, 0.6624763607978821, 0.6575780510902405, 0.653213620185852], "accuracy": [0.5129359364509583, 0.5129359364509583, 0.5440478324890137, 0.5971835255622864, 0.628131628036499, 0.6350089907646179, 0.6404945254325867, 0.643441915512085, 0.646553099155426, 0.6472080945968628], "val_loss": [0.6999696493148804, 0.6874397993087769, 0.6828170418739319, 0.6777037978172302, 0.671829342842102, 0.6654794812202454, 0.6591559052467346, 0.6531411409378052, 0.6475444436073303, 0.642683207988739], "val_accuracy": [0.5046637654304504, 0.5046637654304504, 0.6008837223052979, 0.6426117420196533, 0.6426117420196533, 0.6494845747947693, 0.6597938537597656, 0.6691213250160217, 0.6676485538482666, 0.6637212038040161]}