{"loss": [0.6831561326980591, 0.6488302946090698, 0.6160457730293274, 0.5763989090919495, 0.5324110984802246, 0.48788392543792725, 0.4460001289844513, 0.4085063338279724, 0.37636762857437134, 0.34943142533302307], "accuracy": [0.5991714000701904, 0.7373061180114746, 0.7883462905883789, 0.8193759322166443, 0.8443230390548706, 0.8629231452941895, 0.8788787126541138, 0.8893688321113586, 0.8958921432495117, 0.8995945453643799], "val_loss": [0.6614177823066711, 0.6314839124679565, 0.594256579875946, 0.5506858825683594, 0.5045888423919678, 0.4596688151359558, 0.41821593046188354, 0.38231462240219116, 0.3518281877040863, 0.3263208568096161], "val_accuracy": [0.7291666865348816, 0.761752188205719, 0.8060897588729858, 0.8440171480178833, 0.8696581721305847, 0.8904914855957031, 0.8947650194168091, 0.9022436141967773, 0.9059829711914062, 0.9129273891448975]}