{"loss": [0.43539878726005554, 0.3170776069164276, 0.24898876249790192, 0.1947910338640213, 0.1582178771495819, 0.12670166790485382, 0.10271070152521133, 0.08627565950155258, 0.07445122301578522, 0.06122957915067673], "accuracy": [0.9547730684280396, 0.9918739199638367, 0.9932693243026733, 0.9958138465881348, 0.9958959221839905, 0.995731770992279, 0.9972913265228271, 0.9967167377471924, 0.9974554777145386, 0.9969630241394043], "val_loss": [0.36112725734710693, 0.2880750000476837, 0.21833324432373047, 0.1817103922367096, 0.1450984627008438, 0.12230496108531952, 0.09765709191560745, 0.08270587027072906, 0.0714716985821724, 0.05841045081615448], "val_accuracy": [0.9889224767684937, 0.9904330372810364, 0.9949647784233093, 0.9924471378326416, 0.9939576983451843, 0.9929506778717041, 0.9969788789749146, 0.995468258857727, 0.995468258857727, 0.996475338935852]}