{"loss": [0.6658391356468201, 0.5857653021812439, 0.4771716296672821, 0.373795747756958, 0.2924269437789917, 0.2329762578010559, 0.1903560906648636, 0.15963323414325714, 0.13722912967205048, 0.12068774551153183], "accuracy": [0.5732152462005615, 0.9328051209449768, 0.9800357818603516, 0.9824439287185669, 0.982754647731781, 0.9832984209060669, 0.9832206964492798, 0.9832206964492798, 0.9835314750671387, 0.9833760857582092], "val_loss": [0.6299594044685364, 0.5278413891792297, 0.41392815113067627, 0.319053053855896, 0.24848373234272003, 0.19800692796707153, 0.16191218793392181, 0.13576999306678772, 0.11663132160902023, 0.1024198979139328], "val_accuracy": [0.8354312181472778, 0.9822843670845032, 0.9850815534591675, 0.9869464039802551, 0.9874125719070435, 0.9869464039802551, 0.9869464039802551, 0.9869464039802551, 0.9874125719070435, 0.9869464039802551]}