{"loss": [23.593137741088867, 6.793059825897217, 4.077441215515137, 2.87343692779541, 2.2054669857025146, 1.8083696365356445, 1.476829171180725, 1.2556997537612915, 1.0750967264175415, 0.9221841096878052], "accuracy": [0.7374547719955444, 0.8805891275405884, 0.909868597984314, 0.9179821610450745, 0.9233618378639221, 0.9252138733863831, 0.9271540641784668, 0.928124189376831, 0.9256548285484314, 0.9259194135665894], "val_loss": [10.173065185546875, 5.042024612426758, 3.3682198524475098, 2.484602212905884, 1.9299849271774292, 1.608574628829956, 1.3577040433883667, 1.231096863746643, 1.1812107563018799, 0.8340075612068176], "val_accuracy": [0.8502702713012695, 0.8945946097373962, 0.9167567491531372, 0.9297297596931458, 0.9329729676246643, 0.9340540766716003, 0.9378378391265869, 0.9351351857185364, 0.9248648881912231, 0.9297297596931458]}