{"loss": [17.282487869262695, 5.6549835205078125, 3.2303175926208496, 2.062547445297241, 1.3965613842010498, 1.0344836711883545, 0.7674745321273804, 0.6027828454971313, 0.48968252539634705, 0.41169366240501404], "accuracy": [0.7759150266647339, 0.9029794931411743, 0.9306166768074036, 0.9464685916900635, 0.9543530941009521, 0.9598307013511658, 0.964561402797699, 0.9674661755561829, 0.9677151441574097, 0.9682131409645081], "val_loss": [6.338596343994141, 3.140454053878784, 2.0358731746673584, 1.4834308624267578, 1.2231371402740479, 0.8901325464248657, 0.758891224861145, 0.6251814365386963, 0.5035567879676819, 0.3906663954257965], "val_accuracy": [0.8882114291191101, 0.9308943748474121, 0.9466463923454285, 0.9568090438842773, 0.9588415622711182, 0.9674797654151917, 0.9674797654151917, 0.9690041542053223, 0.9674797654151917, 0.9700204133987427]}