{"loss": [0.676217257976532, 0.6088277101516724, 0.5107592344284058, 0.41581249237060547, 0.3368009030818939, 0.27475112676620483, 0.22707657516002655, 0.1906341314315796, 0.16261927783489227, 0.14088855683803558], "accuracy": [0.535759687423706, 0.5861411094665527, 0.8427367806434631, 0.9350762367248535, 0.964081346988678, 0.9723458290100098, 0.9783852100372314, 0.9800540208816528, 0.9813254475593567, 0.983550488948822], "val_loss": [0.6485024094581604, 0.5570228099822998, 0.4547536373138428, 0.3655945956707001, 0.2942293882369995, 0.23896966874599457, 0.19657345116138458, 0.16402757167816162, 0.13887186348438263, 0.11903455853462219], "val_accuracy": [0.5361360907554626, 0.7331129312515259, 0.9215871691703796, 0.964572548866272, 0.9792159199714661, 0.9834672212600708, 0.9858290553092957, 0.9877185225486755, 0.9886632561683655, 0.9891356229782104]}