{"loss": [0.7967709302902222, 0.5422728061676025, 0.40553712844848633, 0.3257633149623871, 0.2747495770454407, 0.2395981401205063, 0.21392913162708282, 0.19442546367645264, 0.17908093333244324, 0.16668519377708435], "accuracy": [0.4431903064250946, 0.8353390693664551, 0.9145987033843994, 0.9306996464729309, 0.9385841488838196, 0.9428998231887817, 0.9484604597091675, 0.9540210962295532, 0.957589864730835, 0.9614905714988708], "val_loss": [0.6355735659599304, 0.44283947348594666, 0.33649587631225586, 0.2713605463504791, 0.22884996235370636, 0.19907961785793304, 0.17707455158233643, 0.15974809229373932, 0.14640474319458008, 0.13549450039863586], "val_accuracy": [0.6377032995223999, 0.9339431524276733, 0.9471545219421387, 0.9496951699256897, 0.9522358179092407, 0.9557927846908569, 0.960874080657959, 0.9623984694480896, 0.9644309878349304, 0.9690041542053223]}