{"accuracy": [0.55, 0.9, 0.91, 0.88, 0.89, 0.89, 0.9, 0.89, 0.89, 0.9], "val_accuracy": [0.84, 0.87, 0.876, 0.89, 0.888, 0.902, 0.902, 0.907, 0.911, 0.908], "loss": [111.93199999999997, 42.731999999999985, 40.01599999999999, 37.028, 37.395999999999994, 35.43199999999999, 34.58, 32.172, 32.768, 32.343999999999994], "val_loss": [552.4159999999998, 448.85600000000136, 405.60400000000055, 394.6760000000007, 385.67200000000093, 372.98800000000034, 370.31199999999984, 365.59600000000023, 357.800000000001, 360.8360000000001]}