{"loss": [0.7510184049606323, 0.6857699155807495, 0.6664670705795288, 0.6480410099029541, 0.6233615279197693, 0.5908089876174927, 0.551618218421936, 0.5085989236831665, 0.465040385723114, 0.42336922883987427], "accuracy": [0.5003848075866699, 0.5003848075866699, 0.5159497261047363, 0.6602240204811096, 0.7280424237251282, 0.8289574980735779, 0.8883947134017944, 0.9119130969047546, 0.9232873916625977, 0.9309843182563782], "val_loss": [0.7029327154159546, 0.6745890974998474, 0.6572515964508057, 0.6355051398277283, 0.6060193777084351, 0.5686130523681641, 0.5258051753044128, 0.48072102665901184, 0.43666890263557434, 0.3953123092651367], "val_accuracy": [0.49795499444007874, 0.49795499444007874, 0.6017382144927979, 0.6605316996574402, 0.8210633993148804, 0.8870142698287964, 0.9110429286956787, 0.9406952857971191, 0.9463189840316772, 0.9498977065086365]}