{"loss": [0.7217077016830444, 0.6881594657897949, 0.6782979369163513, 0.6655941009521484, 0.6476863026618958, 0.6247266530990601, 0.5987721681594849, 0.571969747543335, 0.5454708337783813, 0.518915593624115], "accuracy": [0.5045304298400879, 0.5161317586898804, 0.6818528175354004, 0.7396053671836853, 0.7601829171180725, 0.7812685370445251, 0.8004064559936523, 0.8172580003738403, 0.8305529356002808, 0.8381742835044861], "val_loss": [0.6935399174690247, 0.6835408210754395, 0.674041211605072, 0.6598796248435974, 0.6407002806663513, 0.6177387237548828, 0.5928471684455872, 0.5679903626441956, 0.5436692237854004, 0.519303023815155], "val_accuracy": [0.5144566297531128, 0.5982053875923157, 0.6799601316452026, 0.7038883566856384, 0.7407776713371277, 0.776669979095459, 0.794616162776947, 0.8035892248153687, 0.8125623464584351, 0.8290129899978638]}