{"loss": [0.7571369409561157, 0.695155918598175, 0.6731340289115906, 0.6459259390830994, 0.6087579727172852, 0.5630197525024414, 0.5118449330329895, 0.4583752751350403, 0.40611502528190613, 0.35718584060668945], "accuracy": [0.4816637337207794, 0.5020374059677124, 0.78573077917099, 0.8774506449699402, 0.9295763969421387, 0.950488269329071, 0.9651726484298706, 0.9699392914772034, 0.9717075824737549, 0.9714000821113586], "val_loss": [0.7101122736930847, 0.6817073822021484, 0.6570066213607788, 0.6223471164703369, 0.5777471661567688, 0.525864839553833, 0.4708852469921112, 0.41654229164123535, 0.36512577533721924, 0.31850308179855347], "val_accuracy": [0.47526586055755615, 0.6828479170799255, 0.8552936315536499, 0.91169673204422, 0.932963490486145, 0.9620897173881531, 0.9685621857643127, 0.9708738327026367, 0.9717984795570374, 0.9713361263275146]}