{"loss": [63.79042053222656, 36.7702751159668, 10.187992095947266, 0.7306020855903625, 0.723856508731842, 0.7193984389305115, 0.7133331298828125, 0.7081980109214783, 0.704960286617279, 0.7016944289207458], "accuracy": [0.5121766328811646, 0.5119238495826721, 0.5038341879844666, 0.49195247888565063, 0.4979354441165924, 0.4927951395511627, 0.49127835035324097, 0.4970927834510803, 0.4948175549507141, 0.49844107031822205], "val_loss": [49.39723587036133, 22.791927337646484, 0.7187433242797852, 0.7141080498695374, 0.709255039691925, 0.7052733898162842, 0.7130528092384338, 0.6971015930175781, 0.694568395614624, 0.6982504725456238], "val_accuracy": [0.5414336919784546, 0.5434672236442566, 0.5073716640472412, 0.5180478096008301, 0.5068632960319519, 0.5175394415855408, 0.4870361387729645, 0.5175394415855408, 0.5190646052360535, 0.4870361387729645]}