{"loss": [0.7285672426223755, 0.6851658225059509, 0.6403045654296875, 0.5601899027824402, 0.4622729420661926, 0.3755151629447937, 0.3076925277709961, 0.25673773884773254, 0.21872644126415253, 0.19030803442001343], "accuracy": [0.3315280079841614, 0.5677883625030518, 0.7641836404800415, 0.9250643849372864, 0.9568498730659485, 0.9649294018745422, 0.9679481387138367, 0.969901442527771, 0.9698126912117004, 0.9700790047645569], "val_loss": [0.703482449054718, 0.6663184762001038, 0.6028270125389099, 0.5043796896934509, 0.4068717658519745, 0.3283078372478485, 0.268710196018219, 0.22436749935150146, 0.19112125039100647, 0.16594333946704865], "val_accuracy": [0.29082176089286804, 0.6627534627914429, 0.8906083106994629, 0.9541088342666626, 0.9685165286064148, 0.9759871959686279, 0.9807897210121155, 0.9781216382980347, 0.9802561402320862, 0.979188859462738]}