{"accuracy": [0.9, 0.94, 0.96, 0.96, 0.96, 0.96, 0.97, 0.98, 0.98, 0.96], "val_accuracy": [0.908, 0.928, 0.931, 0.93, 0.935, 0.936, 0.934, 0.94, 0.939, 0.939], "loss": [48.99600000000001, 34.651999999999994, 26.391999999999992, 22.712000000000007, 21.380000000000003, 20.06799999999999, 20.612000000000002, 20.56000000000001, 20.492000000000004, 20.8], "val_loss": [459.8999999999999, 418.6880000000008, 260.2800000000006, 258.30400000000003, 251.7840000000005, 251.9920000000005, 268.24400000000054, 266.1400000000002, 256.9479999999999, 253.26000000000082]}