{"loss": [0.6428422331809998, 0.541193962097168, 0.4644804894924164, 0.4044768810272217, 0.35690587759017944, 0.3185243010520935, 0.287020742893219, 0.26066258549690247, 0.23834623396396637, 0.21926985681056976], "accuracy": [0.746366560459137, 0.9757504463195801, 0.9867299199104309, 0.9892575740814209, 0.9905213713645935, 0.9908373355865479, 0.9906003475189209, 0.9911532998085022, 0.9912322759628296, 0.9916272163391113], "val_loss": [0.5852472186088562, 0.49424660205841064, 0.4238168001174927, 0.36868909001350403, 0.3246592581272125, 0.2890849709510803, 0.2587994635105133, 0.23412248492240906, 0.21275433897972107, 0.19492389261722565], "val_accuracy": [0.9761108756065369, 0.9875776767730713, 0.9909221529960632, 0.9928332567214966, 0.9933110475540161, 0.9933110475540161, 0.9942666292190552, 0.9942666292190552, 0.9942666292190552, 0.9942666292190552]}