{"loss": [0.6781457662582397, 0.6626338362693787, 0.6394739747047424, 0.6069071888923645, 0.5671543478965759, 0.5235893130302429, 0.47943446040153503, 0.4368894696235657, 0.3971457779407501, 0.3613670766353607], "accuracy": [0.6084836721420288, 0.9340630769729614, 0.9332934021949768, 0.940819263458252, 0.936714231967926, 0.9368852972984314, 0.9359445571899414, 0.93731290102005, 0.9383391737937927, 0.9391088485717773], "val_loss": [0.6703717112541199, 0.6510235071182251, 0.6218766570091248, 0.5838512182235718, 0.5403309464454651, 0.49512434005737305, 0.45064404606819153, 0.40875422954559326, 0.37091130018234253, 0.3367743492126465], "val_accuracy": [0.8675869107246399, 0.9130879044532776, 0.9473415017127991, 0.9417177438735962, 0.9376277923583984, 0.9340490698814392, 0.9340490698814392, 0.9345602989196777, 0.9360940456390381, 0.9386503100395203]}