{"loss": [0.6792243123054504, 0.6467523574829102, 0.5879419445991516, 0.5057727098464966, 0.42145827412605286, 0.3494030237197876, 0.29230669140815735, 0.24817639589309692, 0.21400970220565796, 0.18725420534610748], "accuracy": [0.5676777958869934, 0.8359249234199524, 0.9444302916526794, 0.967371940612793, 0.9747642278671265, 0.9779080748558044, 0.9784179329872131, 0.9775682091712952, 0.9777381420135498, 0.9777381420135498], "val_loss": [0.663486659526825, 0.6159625053405762, 0.5377140045166016, 0.4467630088329315, 0.3645348846912384, 0.2988695502281189, 0.24843841791152954, 0.2097424566745758, 0.17989490926265717, 0.15658964216709137], "val_accuracy": [0.8566252589225769, 0.944616973400116, 0.9720497131347656, 0.97826087474823, 0.9829192757606506, 0.9818840622901917, 0.9798136949539185, 0.979296088218689, 0.979296088218689, 0.9787784814834595]}