{"loss": [78.59324645996094, 7.690226078033447, 2.4892914295196533, 0.797594428062439, 0.19046030938625336, 0.17225751280784607, 0.16602887213230133, 0.15837758779525757, 0.15127810835838318, 0.14225012063980103], "accuracy": [0.4889291524887085, 0.8111259937286377, 0.9155306816101074, 0.9236466288566589, 0.9203372001647949, 0.9235678315162659, 0.9261681437492371, 0.9301866888999939, 0.9341264963150024, 0.9390906691551208], "val_loss": [24.010787963867188, 2.944962978363037, 1.1778268814086914, 0.2418186068534851, 0.15958300232887268, 0.15587164461612701, 0.1487281173467636, 0.14289604127407074, 0.133914515376091, 0.12397351861000061], "val_accuracy": [0.49766790866851807, 0.9239738583564758, 0.9300373196601868, 0.9277052283287048, 0.9300373196601868, 0.9291044473648071, 0.9333022236824036, 0.9347014427185059, 0.9379664063453674, 0.9449626803398132]}