{"loss": [21.73607635498047, 9.653494834899902, 5.832485198974609, 3.9631738662719727, 2.965592861175537, 2.3926658630371094, 1.984825849533081, 1.656241774559021, 1.324102759361267, 0.9784654378890991], "accuracy": [0.8396393656730652, 0.9147214889526367, 0.9404230117797852, 0.9537372589111328, 0.9606471657752991, 0.9632594585418701, 0.9629223942756653, 0.9633437395095825, 0.9635122418403625, 0.9627538323402405], "val_loss": [13.502955436706543, 7.562522888183594, 4.983450889587402, 3.587050199508667, 2.8316197395324707, 2.3324663639068604, 1.9556370973587036, 1.6026723384857178, 1.2344740629196167, 0.8510897159576416], "val_accuracy": [0.8917133212089539, 0.927808940410614, 0.9486528635025024, 0.9567870497703552, 0.9613625407218933, 0.9644128680229187, 0.9664464592933655, 0.9679716229438782, 0.9669548273086548, 0.9679716229438782]}