{"loss": [90.86734771728516, 1.5870754718780518, 0.9270263314247131, 0.8450905680656433, 0.7477365732192993, 0.6380909085273743, 0.5125479102134705, 0.4242219030857086, 0.4273538887500763, 0.428315669298172], "accuracy": [0.5473693013191223, 0.7551829814910889, 0.7628644704818726, 0.7593954205513, 0.7536962032318115, 0.7476666569709778, 0.7395721673965454, 0.7371768355369568, 0.7342033386230469, 0.7361030578613281], "val_loss": [5.559978485107422, 1.2697843313217163, 1.1232446432113647, 1.0200499296188354, 0.8483335971832275, 0.6800053715705872, 0.4843592643737793, 0.4563277065753937, 0.4620465338230133, 0.44700711965560913], "val_accuracy": [0.6835821270942688, 0.7432836294174194, 0.7412935495376587, 0.7383084893226624, 0.7333333492279053, 0.7263681888580322, 0.7179104685783386, 0.7109453082084656, 0.711940348148346, 0.7159204483032227]}