{"loss": [0.46963661909103394, 0.31896933913230896, 0.2518242597579956, 0.20503555238246918, 0.16494078934192657, 0.13747435808181763, 0.11398503929376602, 0.09583352506160736, 0.08817167580127716, 0.07246221601963043], "accuracy": [0.914979100227356, 0.9891261458396912, 0.9909384250640869, 0.9904656410217285, 0.9928295016288757, 0.9925931692123413, 0.9924355745315552, 0.9933810830116272, 0.99101722240448, 0.9915688037872314], "val_loss": [0.35428377985954285, 0.27821022272109985, 0.24101364612579346, 0.17707699537277222, 0.14389455318450928, 0.12215545773506165, 0.10577460378408432, 0.08718160539865494, 0.07402782142162323, 0.061566002666950226], "val_accuracy": [0.9911380410194397, 0.9939365386962891, 0.9682835340499878, 0.9944029450416565, 0.9953358173370361, 0.9948693513870239, 0.9930037260055542, 0.9939365386962891, 0.9944029450416565, 0.9944029450416565]}