{"loss": [0.6937126517295837, 0.6757012605667114, 0.6605280041694641, 0.6366299390792847, 0.6030408143997192, 0.5618319511413574, 0.5170257687568665, 0.47282546758651733, 0.4319252371788025, 0.39559629559516907], "accuracy": [0.49652543663978577, 0.7404237389564514, 0.8907627463340759, 0.9146610498428345, 0.9161016941070557, 0.915508508682251, 0.9153389930725098, 0.9145762920379639, 0.9144067764282227, 0.9153389930725098], "val_loss": [0.6811398863792419, 0.6675042510032654, 0.646981418132782, 0.6159589290618896, 0.575110137462616, 0.5284397602081299, 0.4807000458240509, 0.4353014826774597, 0.3947509527206421, 0.35929760336875916], "val_accuracy": [0.5148957371711731, 0.9041708111763, 0.9210526347160339, 0.9245283007621765, 0.9270108938217163, 0.9255213737487793, 0.9255213737487793, 0.9255213737487793, 0.9250248074531555, 0.9255213737487793]}