{"accuracy": [0.62, 0.82, 0.89, 0.88, 0.89, 0.88, 0.9, 0.89, 0.89, 0.89], "val_accuracy": [0.834, 0.865, 0.864, 0.841, 0.857, 0.862, 0.875, 0.867, 0.873, 0.872], "loss": [96.324, 49.69200000000001, 42.4, 35.428000000000004, 35.09599999999999, 34.392, 34.40799999999999, 34.07200000000002, 33.62800000000001, 33.831999999999994], "val_loss": [517.2480000000005, 446.0360000000009, 450.64800000000105, 440.6600000000017, 428.78800000000035, 428.752, 405.4840000000005, 411.58400000000023, 394.8200000000012, 412.18400000000116]}