{"loss": [0.7022109031677246, 0.5813813805580139, 0.5085487365722656, 0.45607632398605347, 0.41468968987464905, 0.3808576166629791, 0.35269811749458313, 0.32882922887802124, 0.3083943724632263, 0.2906549274921417], "accuracy": [0.46875736117362976, 0.6783547401428223, 0.8435111045837402, 0.8996138572692871, 0.9312110543251038, 0.9461035132408142, 0.9494129419326782, 0.9528011679649353, 0.9579228758811951, 0.9613111019134521], "val_loss": [0.6286242604255676, 0.5390145182609558, 0.4781380593776703, 0.43127959966659546, 0.39329826831817627, 0.36182868480682373, 0.33514896035194397, 0.3122084438800812, 0.29242193698883057, 0.2750515341758728], "val_accuracy": [0.4706156551837921, 0.8008395433425903, 0.8656716346740723, 0.9323694109916687, 0.950559675693512, 0.9533581733703613, 0.9584887623786926, 0.9640858173370361, 0.965018630027771, 0.9664179086685181]}