{"loss": [0.6990297436714172, 0.6891704797744751, 0.6851426959037781, 0.681086540222168, 0.6769399642944336, 0.6726717352867126, 0.6683906316757202, 0.6638742089271545, 0.6595399975776672, 0.6553040146827698], "accuracy": [0.50998854637146, 0.5607499480247498, 0.573030948638916, 0.6059439778327942, 0.6303422451019287, 0.6365646123886108, 0.638120174407959, 0.6467168927192688, 0.6478630900382996, 0.6506468057632446], "val_loss": [0.6924071311950684, 0.6881842613220215, 0.683648407459259, 0.679081916809082, 0.6745333075523376, 0.6698388457298279, 0.6651169061660767, 0.6601719260215759, 0.6556916832923889, 0.6509835124015808], "val_accuracy": [0.5360825061798096, 0.5532646775245667, 0.6121748089790344, 0.6396661996841431, 0.6573392748832703, 0.6681394577026367, 0.6583211421966553, 0.6661757826805115, 0.6656848788261414, 0.6676485538482666]}