{"loss": [0.7066855430603027, 0.6835676431655884, 0.66083163022995, 0.6195633411407471, 0.5611969828605652, 0.49263399839401245, 0.4230634570121765, 0.3593722879886627, 0.30459529161453247, 0.25899791717529297], "accuracy": [0.48584094643592834, 0.5029959678649902, 0.6640400886535645, 0.9141426682472229, 0.9642945528030396, 0.9797258973121643, 0.9830091595649719, 0.9825166463851929, 0.9816137552261353, 0.9817779064178467], "val_loss": [0.6913240551948547, 0.6739973425865173, 0.6415697336196899, 0.5892452597618103, 0.5227104425430298, 0.450731098651886, 0.38248252868652344, 0.3226623237133026, 0.27272433042526245, 0.23161324858665466], "val_accuracy": [0.4859012961387634, 0.5579053163528442, 0.8751258850097656, 0.9506545662879944, 0.9833836555480957, 0.9859012961387634, 0.9869083762168884, 0.9843907356262207, 0.9838871955871582, 0.981873095035553]}