{"accuracy": [0.56, 0.74, 0.79, 0.81, 0.85, 0.87, 0.88, 0.88, 0.87, 0.88], "val_accuracy": [0.729, 0.757, 0.765, 0.771, 0.79, 0.783, 0.795, 0.809, 0.789, 0.797], "loss": [109.82399999999998, 65.852, 60.04400000000001, 56.135999999999996, 52.49200000000002, 51.336, 51.01199999999999, 49.984000000000016, 48.28399999999998, 48.14799999999999], "val_loss": [698.6599999999994, 674.376, 646.2000000000004, 624.5200000000002, 608.1600000000004, 608.7200000000001, 605.2640000000005, 576.2960000000002, 588.7760000000009, 580.9160000000005]}