{"loss": [0.666934609413147, 0.6067979335784912, 0.5275073051452637, 0.44162893295288086, 0.3637697994709015, 0.29898640513420105, 0.24740715324878693, 0.20683519542217255, 0.17510053515434265, 0.1502598375082016], "accuracy": [0.531400203704834, 0.778346836566925, 0.9586320519447327, 0.9742336869239807, 0.9777795076370239, 0.9796705842018127, 0.9807737469673157, 0.9815617203712463, 0.9825860261917114, 0.9836891889572144], "val_loss": [0.6371212005615234, 0.5651976466178894, 0.47644245624542236, 0.39108210802078247, 0.3181911110877991, 0.25961416959762573, 0.213806614279747, 0.17830249667167664, 0.1500549465417862, 0.1282862275838852], "val_accuracy": [0.5335820913314819, 0.9449626803398132, 0.9804103970527649, 0.985541045665741, 0.9869402647018433, 0.9869402647018433, 0.9883395433425903, 0.9888059496879578, 0.9897387623786926, 0.9902052283287048]}