{"loss": [0.693139910697937, 0.6581742167472839, 0.6205630302429199, 0.5750544667243958, 0.5239061117172241, 0.4696604907512665, 0.41655194759368896, 0.3674341142177582, 0.3239598870277405, 0.2864316701889038], "accuracy": [0.48253077268600464, 0.6420252919197083, 0.8689188361167908, 0.9121169447898865, 0.9297927021980286, 0.9461468458175659, 0.9541587829589844, 0.9601883292198181, 0.9626662135124207, 0.9656397104263306], "val_loss": [0.6736200451850891, 0.6402990818023682, 0.5980826616287231, 0.5492677092552185, 0.49620458483695984, 0.4420216977596283, 0.39123350381851196, 0.34522107243537903, 0.30555224418640137, 0.2718701660633087], "val_accuracy": [0.48855724930763245, 0.8442786335945129, 0.9029850959777832, 0.9223880767822266, 0.939801037311554, 0.9452736973762512, 0.9507462978363037, 0.9552239179611206, 0.9577114582061768, 0.9606965780258179]}