{"loss": [17.02159309387207, 3.4163296222686768, 2.4251949787139893, 1.989013910293579, 1.6889978647232056, 1.5267595052719116, 1.3288050889968872, 1.1862610578536987, 1.0326745510101318, 0.8789587616920471], "accuracy": [0.8133454918861389, 0.9378371834754944, 0.953274130821228, 0.9590007662773132, 0.9646443724632263, 0.965225338935852, 0.9668852090835571, 0.9670512080192566, 0.9688770771026611, 0.967549204826355], "val_loss": [3.886861562728882, 2.4003515243530273, 1.9151780605316162, 1.6160266399383545, 1.3755261898040771, 1.2055776119232178, 1.081223964691162, 0.9132199287414551, 0.8055605888366699, 0.6603169441223145], "val_accuracy": [0.9293699860572815, 0.9629065990447998, 0.9644309878349304, 0.9720529317855835, 0.9720529317855835, 0.9735773205757141, 0.9730691909790039, 0.9725610613822937, 0.9710366725921631, 0.9710366725921631]}