{"loss": [0.6600415706634521, 0.614746630191803, 0.5607825517654419, 0.5020343661308289, 0.4457872807979584, 0.39803871512413025, 0.3601093888282776, 0.3309870958328247, 0.3088623583316803, 0.29209011793136597], "accuracy": [0.6681156754493713, 0.778477668762207, 0.8555713295936584, 0.8760645985603333, 0.8857345581054688, 0.8924769163131714, 0.8993967175483704, 0.9021469354629517, 0.9063165187835693, 0.9096877574920654], "val_loss": [0.6357569694519043, 0.5862826704978943, 0.5287216901779175, 0.46991562843322754, 0.41708213090896606, 0.37367191910743713, 0.3398992121219635, 0.31374379992485046, 0.2936515212059021, 0.2781890630722046], "val_accuracy": [0.7390139698982239, 0.8413719534873962, 0.8729904294013977, 0.8869239687919617, 0.8938907384872437, 0.9024652242660522, 0.9051447510719299, 0.9078242778778076, 0.9137192368507385, 0.9190782904624939]}