{"accuracy": [0.67, 0.94, 0.97, 0.97, 0.98, 0.99, 0.98, 0.98, 0.98, 0.98], "val_accuracy": [0.892, 0.932, 0.948, 0.951, 0.947, 0.95, 0.949, 0.951, 0.952, 0.949], "loss": [80.58800000000001, 28.567999999999987, 22.783999999999992, 19.932000000000002, 20.864000000000004, 21.471999999999998, 21.195999999999994, 19.892, 20.876000000000005, 21.984000000000005], "val_loss": [403.8120000000005, 313.28799999999995, 260.7040000000004, 257.3640000000003, 264.18800000000016, 257.1560000000005, 262.6840000000006, 259.97200000000015, 288.1520000000008, 262.5880000000002]}