{"loss": [0.6254053711891174, 0.5053204298019409, 0.3905161917209625, 0.30463096499443054, 0.24244700372219086, 0.19684743881225586, 0.1631384938955307, 0.13782033324241638, 0.11850715428590775, 0.10354167968034744], "accuracy": [0.6931279897689819, 0.948894202709198, 0.9760664105415344, 0.9817535877227783, 0.9832543730735779, 0.9845972061157227, 0.9852291345596313, 0.9858610033988953, 0.9857820272445679, 0.986255943775177], "val_loss": [0.5601692795753479, 0.4339708983898163, 0.333510160446167, 0.26139962673187256, 0.20878300070762634, 0.16973543167114258, 0.1408257633447647, 0.11900116503238678, 0.10250797122716904, 0.08945794403553009], "val_accuracy": [0.9149546027183533, 0.9784997701644897, 0.9847109317779541, 0.9851887226104736, 0.9861443042755127, 0.9870998859405518, 0.9866220951080322, 0.9870998859405518, 0.988055408000946, 0.9875776767730713]}