{"accuracy": [0.52, 0.58, 0.65, 0.77, 0.81, 0.81, 0.81, 0.82, 0.84, 0.84], "val_accuracy": [0.704, 0.726, 0.762, 0.808, 0.801, 0.768, 0.79, 0.798, 0.804, 0.798], "loss": [107.12400000000001, 79.988, 71.54400000000001, 63.55999999999999, 57.48000000000002, 54.656000000000006, 54.81600000000001, 52.15999999999999, 51.312000000000005, 49.876], "val_loss": [724.656, 641.3159999999995, 604.7120000000002, 579.2560000000011, 570.8480000000002, 607.923999999999, 572.8439999999994, 568.8, 563.7240000000013, 570.0200000000008]}