{"loss": [0.6945682168006897, 0.6762105226516724, 0.6488259434700012, 0.6042173504829407, 0.5476750731468201, 0.487607479095459, 0.43083155155181885, 0.3807831108570099, 0.33859387040138245, 0.3031931519508362], "accuracy": [0.5165104866027832, 0.7180981636047363, 0.8451144695281982, 0.9062579870223999, 0.9289756417274475, 0.9358162879943848, 0.9398699998855591, 0.9413056969642639, 0.9418968558311462, 0.9423190951347351], "val_loss": [0.6846640110015869, 0.6646904945373535, 0.6279014348983765, 0.5748429298400879, 0.5156524777412415, 0.4566863179206848, 0.40448197722435, 0.358797162771225, 0.3233160972595215, 0.2917262613773346], "val_accuracy": [0.6357069611549377, 0.7445820569992065, 0.8699690699577332, 0.9169247150421143, 0.9189887046813965, 0.9220846891403198, 0.9262126088142395, 0.9277606010437012, 0.9298245906829834, 0.9318885803222656]}