{"loss": [0.6939747333526611, 0.6913651823997498, 0.6861768364906311, 0.674318253993988, 0.6536167860031128, 0.6254852414131165, 0.5917561650276184, 0.5557692050933838, 0.5198538303375244, 0.4852682650089264], "accuracy": [0.48825377225875854, 0.5546603798866272, 0.6546518802642822, 0.7437028884887695, 0.8136714696884155, 0.8443728685379028, 0.8676109313964844, 0.882113516330719, 0.8916122913360596, 0.8979730606079102], "val_loss": [0.6925132274627686, 0.6892476677894592, 0.6814393997192383, 0.6652679443359375, 0.6406840682029724, 0.6095870137214661, 0.5745407342910767, 0.5385802388191223, 0.5035592913627625, 0.4705568552017212], "val_accuracy": [0.5308889746665955, 0.5991963744163513, 0.7096936106681824, 0.8066298365592957, 0.8307383060455322, 0.8648920059204102, 0.8774484992027283, 0.8869914412498474, 0.8935208320617676, 0.8975389003753662]}