{"loss": [0.6703099012374878, 0.6496503949165344, 0.6249131560325623, 0.5934860110282898, 0.5568456053733826, 0.5174781680107117, 0.47795578837394714, 0.4398835301399231, 0.4049423933029175, 0.37393519282341003], "accuracy": [0.5445351600646973, 0.7262243032455444, 0.8394251465797424, 0.8987757563591003, 0.9157204031944275, 0.9191802740097046, 0.9212207198143005, 0.9201561212539673, 0.9229063391685486, 0.9225514531135559], "val_loss": [0.6563182473182678, 0.6342905163764954, 0.604819118976593, 0.5688392519950867, 0.5289418697357178, 0.48826512694358826, 0.447842538356781, 0.41021260619163513, 0.37716078758239746, 0.34723496437072754], "val_accuracy": [0.6559485793113708, 0.8354769945144653, 0.9163987636566162, 0.9239014387130737, 0.9330118298530579, 0.9276527762413025, 0.927116870880127, 0.9276527762413025, 0.9239014387130737, 0.9239014387130737]}