{"loss": [0.5991345643997192, 0.3819102942943573, 0.27961716055870056, 0.2204446941614151, 0.18162110447883606, 0.15410149097442627, 0.13357071578502655, 0.11769343167543411, 0.10499121993780136, 0.0946798101067543], "accuracy": [0.6561894416809082, 0.9930900931358337, 0.9933428764343262, 0.9925844669342041, 0.9925844669342041, 0.9928373098373413, 0.9927530288696289, 0.9930900931358337, 0.9930058121681213, 0.9931743741035461], "val_loss": [0.44903770089149475, 0.3058982193470001, 0.23089952766895294, 0.18663232028484344, 0.15665319561958313, 0.13504846394062042, 0.11977610737085342, 0.10724478960037231, 0.0980345606803894, 0.08987965434789658], "val_accuracy": [0.9715303182601929, 0.9888155460357666, 0.9872903823852539, 0.9888155460357666, 0.9888155460357666, 0.9877987504005432, 0.9883071184158325, 0.9883071184158325, 0.9883071184158325, 0.9883071184158325]}