{"loss": [8.11710262298584, 1.5401525497436523, 0.8142174482345581, 0.5803433060646057, 0.47562021017074585, 0.4067571461200714, 0.35646653175354004, 0.3176155686378479, 0.29130271077156067, 0.27795088291168213], "accuracy": [0.6806241273880005, 0.8268688321113586, 0.8641573190689087, 0.8761460185050964, 0.8888399600982666, 0.9036495089530945, 0.9107017517089844, 0.9137870669364929, 0.9175776243209839, 0.9174894690513611], "val_loss": [2.0214927196502686, 0.8141133189201355, 0.5510528087615967, 0.4642467200756073, 0.4309738576412201, 0.37753334641456604, 0.33686697483062744, 0.31646355986595154, 0.2849076986312866, 0.2907717823982239], "val_accuracy": [0.7879273891448975, 0.8493590354919434, 0.8723291158676147, 0.8782051801681519, 0.8963675498962402, 0.9166666865348816, 0.9182692766189575, 0.9246795177459717, 0.9273504614830017, 0.9246795177459717]}