{"loss": [18.45498275756836, 5.129105567932129, 3.510946273803711, 2.6209611892700195, 2.0389437675476074, 1.6194671392440796, 1.2936891317367554, 1.042525291442871, 0.8562592267990112, 0.7193688750267029], "accuracy": [0.7347496747970581, 0.8975670337677002, 0.9204866290092468, 0.9295663237571716, 0.9330924153327942, 0.9345909953117371, 0.9357370138168335, 0.9364421963691711, 0.9377644658088684, 0.9373237490653992], "val_loss": [5.294299602508545, 3.000361919403076, 2.3650248050689697, 1.6573023796081543, 1.4160761833190918, 0.9884807467460632, 1.0697932243347168, 0.6277332305908203, 0.5622754096984863, 0.5184260010719299], "val_accuracy": [0.894230842590332, 0.9278846383094788, 0.9391025900840759, 0.944978654384613, 0.947115421295166, 0.9481838345527649, 0.9385684132575989, 0.949252188205719, 0.9476495981216431, 0.9439103007316589]}