{"loss": [0.5648932456970215, 0.27185505628585815, 0.16086861491203308, 0.12189556658267975, 0.10388726741075516, 0.09393541514873505, 0.08766189217567444, 0.08349934220314026, 0.08068764209747314, 0.07867583632469177], "accuracy": [0.824454128742218, 0.9567508101463318, 0.9742544293403625, 0.9786728024482727, 0.9802872538566589, 0.9808819890022278, 0.981646716594696, 0.9808819890022278, 0.9817317128181458, 0.981646716594696], "val_loss": [0.3701203167438507, 0.179714635014534, 0.12142667174339294, 0.09926754981279373, 0.08738598972558975, 0.08022008836269379, 0.0771518126130104, 0.07346352189779282, 0.07110456377267838, 0.06947771459817886], "val_accuracy": [0.9492753744125366, 0.9741200804710388, 0.9798136949539185, 0.980331301689148, 0.9798136949539185, 0.9798136949539185, 0.9818840622901917, 0.9813664555549622, 0.9813664555549622, 0.9813664555549622]}