{"loss": [62.9284782409668, 36.536991119384766, 15.374646186828613, 1.8766902685165405, 0.39806056022644043, 0.3947112262248993, 0.3907284140586853, 0.38531574606895447, 0.3837275505065918, 0.38038697838783264], "accuracy": [0.4565602242946625, 0.4807449281215668, 0.5841408967971802, 0.7580686211585999, 0.8351731896400452, 0.8331507444381714, 0.8370270729064941, 0.839218020439148, 0.8387123942375183, 0.8406505584716797], "val_loss": [54.343666076660156, 27.066850662231445, 7.5982770919799805, 0.3778659701347351, 0.3727128505706787, 0.3716399073600769, 0.36483335494995117, 0.36412253975868225, 0.3619801700115204, 0.35796836018562317], "val_accuracy": [0.44280633330345154, 0.4855109751224518, 0.6024402976036072, 0.8530758023262024, 0.8474835157394409, 0.8434164524078369, 0.8474835157394409, 0.8540925979614258, 0.852059006690979, 0.8556177616119385]}