{"accuracy": [0.79, 0.96, 0.98, 0.99, 0.99, 0.99, 0.99, 0.99, 0.99, 0.99], "val_accuracy": [0.916, 0.949, 0.966, 0.972, 0.973, 0.967, 0.968, 0.97, 0.965, 0.967], "loss": [65.20799999999998, 26.09199999999999, 20.996000000000002, 18.164, 18.044, 18.08, 17.472, 17.932000000000006, 17.42, 17.419999999999998], "val_loss": [325.2920000000005, 267.88400000000007, 213.99600000000075, 216.18399999999988, 225.7800000000002, 220.02400000000006, 220.5880000000002, 215.5560000000003, 219.30800000000008, 214.19600000000025]}