{"accuracy": [0.76, 0.92, 0.98, 0.98, 0.99, 0.98, 0.99, 0.99, 0.99, 0.99], "val_accuracy": [0.847, 0.952, 0.966, 0.972, 0.971, 0.972, 0.978, 0.976, 0.978, 0.979], "loss": [71.588, 31.212000000000007, 18.115999999999996, 17.39200000000001, 17.684, 17.487999999999992, 16.17600000000001, 17.460000000000004, 17.411999999999995, 17.395999999999987], "val_loss": [510.4560000000006, 268.48800000000017, 229.59200000000013, 221.3920000000001, 229.79199999999994, 216.77600000000035, 227.99200000000053, 210.26000000000008, 242.2640000000001, 221.88000000000034]}