{"loss": [0.7022461295127869, 0.6842133402824402, 0.669805109500885, 0.6479185819625854, 0.6179596781730652, 0.5812469720840454, 0.5395037531852722, 0.4944172203540802, 0.4483467936515808, 0.40368008613586426], "accuracy": [0.4945950210094452, 0.5587286353111267, 0.6365762948989868, 0.780574381351471, 0.8344627022743225, 0.8810099959373474, 0.905372679233551, 0.9165859818458557, 0.9307841062545776, 0.938044548034668], "val_loss": [0.6909213066101074, 0.6787163615226746, 0.6604194641113281, 0.6338378190994263, 0.5994901061058044, 0.5590335130691528, 0.5144184827804565, 0.4677318334579468, 0.4210188686847687, 0.3770256042480469], "val_accuracy": [0.4955839216709137, 0.5392541885375977, 0.7546614408493042, 0.8223748803138733, 0.8738960027694702, 0.8940137624740601, 0.9082433581352234, 0.9283611178398132, 0.9337586164474487, 0.9386653900146484]}