{"loss": [0.6990056037902832, 0.6759148836135864, 0.6537405252456665, 0.6196261048316956, 0.5755001902580261, 0.5255886316299438, 0.4742034673690796, 0.42486903071403503, 0.3796651363372803, 0.3394272029399872], "accuracy": [0.4691338539123535, 0.80614173412323, 0.8748031854629517, 0.8993700742721558, 0.9185039401054382, 0.928818941116333, 0.9381889700889587, 0.9435433149337769, 0.9470078945159912, 0.9481102228164673], "val_loss": [0.6840609908103943, 0.66797935962677, 0.641201376914978, 0.6028056144714355, 0.5564166307449341, 0.5064941048622131, 0.45709407329559326, 0.4106462001800537, 0.368150919675827, 0.3312372863292694], "val_accuracy": [0.5089986324310303, 0.8454084396362305, 0.8800184726715088, 0.9021689295768738, 0.9173973798751831, 0.9238579273223877, 0.9252423048019409, 0.9275496602058411, 0.9321643114089966, 0.9321643114089966]}