{"loss": [0.6822940707206726, 0.6425108909606934, 0.6064660549163818, 0.5604537129402161, 0.5017960071563721, 0.4318770468235016, 0.370368093252182, 0.3236464262008667, 0.28930309414863586, 0.2641349732875824], "accuracy": [0.5233948826789856, 0.6072119474411011, 0.7797713279724121, 0.861829400062561, 0.9202287197113037, 0.9307827949523926, 0.9301671385765076, 0.9299032688140869, 0.9299032688140869, 0.9298153519630432], "val_loss": [0.6555715203285217, 0.6244526505470276, 0.5826000571250916, 0.5309460759162903, 0.4630490243434906, 0.3932158052921295, 0.33716481924057007, 0.2955354154109955, 0.26491230726242065, 0.2420826107263565], "val_accuracy": [0.540768027305603, 0.7222514748573303, 0.8295633792877197, 0.9084692597389221, 0.9347711801528931, 0.9442398548126221, 0.9400315880775452, 0.9416096806526184, 0.9410836696624756, 0.942135751247406]}