{"loss": [0.7298062443733215, 0.6975536942481995, 0.6695041656494141, 0.6239054203033447, 0.5509933233261108, 0.464084267616272, 0.3837003707885742, 0.3182755410671234, 0.2673022150993347, 0.2277858853340149], "accuracy": [0.1733490526676178, 0.419642835855484, 0.7571597099304199, 0.9714453816413879, 0.979784369468689, 0.9773416519165039, 0.9773416519165039, 0.9779312610626221, 0.9776785373687744, 0.9785208702087402], "val_loss": [0.7125203013420105, 0.6859471201896667, 0.651835560798645, 0.5915510058403015, 0.5067643523216248, 0.4191459119319916, 0.344934344291687, 0.2863836884498596, 0.24122504889965057, 0.20623286068439484], "val_accuracy": [0.2146807610988617, 0.5359477400779724, 0.9467069506645203, 0.9808949828147888, 0.9808949828147888, 0.9788839221000671, 0.9788839221000671, 0.9783811569213867, 0.9783811569213867, 0.9783811569213867]}