{"loss": [0.6970629692077637, 0.682995080947876, 0.6649240255355835, 0.6271036267280579, 0.5730687379837036, 0.511816143989563, 0.45096656680107117, 0.39479494094848633, 0.3452185094356537, 0.30284157395362854], "accuracy": [0.49852707982063293, 0.5096372365951538, 0.5635889172554016, 0.8070027828216553, 0.8904132843017578, 0.9381365180015564, 0.9558117985725403, 0.9623769521713257, 0.9649861454963684, 0.9670061469078064], "val_loss": [0.6884142756462097, 0.6768863797187805, 0.648527204990387, 0.5999742746353149, 0.539156973361969, 0.475588321685791, 0.41512614488601685, 0.3606562912464142, 0.31401702761650085, 0.27372080087661743], "val_accuracy": [0.4870775640010834, 0.4925447702407837, 0.745029866695404, 0.8757455945014954, 0.9408549666404724, 0.9582505822181702, 0.969184935092926, 0.9716700315475464, 0.9726640582084656, 0.9731611013412476]}