{"loss": [0.6924673914909363, 0.6447480320930481, 0.5098167657852173, 0.38419193029403687, 0.2947746217250824, 0.232887864112854, 0.18923793733119965, 0.15767286717891693, 0.1342625916004181, 0.11656984686851501], "accuracy": [0.49917954206466675, 0.8799639344215393, 0.9784214496612549, 0.9836724996566772, 0.9844929575920105, 0.9841647744178772, 0.9841647744178772, 0.9844109416007996, 0.9844929575920105, 0.9845750331878662], "val_loss": [0.6858266592025757, 0.5811019539833069, 0.4372156262397766, 0.3286631107330322, 0.25332990288734436, 0.20050407946109772, 0.1625724881887436, 0.13455453515052795, 0.11354045569896698, 0.0973992645740509], "val_accuracy": [0.5642430186271667, 0.9736056327819824, 0.9855577945709229, 0.9890438318252563, 0.9905378818511963, 0.9905378818511963, 0.9910358786582947, 0.9915338754653931, 0.9920319318771362, 0.9920319318771362]}