{"loss": [0.6671063899993896, 0.6357458829879761, 0.5894120931625366, 0.5300853848457336, 0.46481433510780334, 0.4024837017059326, 0.3480774462223053, 0.3024362623691559, 0.2650754451751709, 0.2345767766237259], "accuracy": [0.6558688879013062, 0.7754214406013489, 0.8353142738342285, 0.9025091528892517, 0.925114631652832, 0.9372329711914062, 0.9448458552360535, 0.9505943059921265, 0.9533131718635559, 0.9560320377349854], "val_loss": [0.6503152847290039, 0.6095564961433411, 0.5547928214073181, 0.48822569847106934, 0.42171555757522583, 0.36304086446762085, 0.3127780556678772, 0.27132800221443176, 0.23942086100578308, 0.21146902441978455], "val_accuracy": [0.7361305356025696, 0.8177156448364258, 0.9128205180168152, 0.9347319602966309, 0.9510489702224731, 0.9575757384300232, 0.9594405293464661, 0.9613053798675537, 0.9636363387107849, 0.9650349617004395]}