{"loss": [0.5567731261253357, 0.4724343419075012, 0.41108211874961853, 0.36256805062294006, 0.32367902994155884, 0.29184767603874207, 0.2653617262840271, 0.24301780760288239, 0.22390855848789215, 0.20737043023109436], "accuracy": [0.9355963468551636, 0.9085401296615601, 0.9290397763252258, 0.9534401297569275, 0.9638974070549011, 0.9696240425109863, 0.9755996465682983, 0.9818242192268372, 0.9836500883102417, 0.9865549206733704], "val_loss": [0.49527427554130554, 0.4216538667678833, 0.36486825346946716, 0.3197503387928009, 0.2837585210800171, 0.2542971968650818, 0.2298598289489746, 0.2089921087026596, 0.19127631187438965, 0.17600804567337036], "val_accuracy": [0.9349594116210938, 0.9420732259750366, 0.958333432674408, 0.965955376625061, 0.9715448021888733, 0.9801830053329468, 0.9842480421066284, 0.985772430896759, 0.9883130788803101, 0.9883130788803101]}