{"loss": [54.62675857543945, 11.861472129821777, 4.350250244140625, 3.12276029586792, 1.6417566537857056, 0.5663938522338867, 0.5158407688140869, 0.5137670040130615, 0.5113787651062012, 0.5121533870697021], "accuracy": [0.5824644565582275, 0.6977883577346802, 0.7028436660766602, 0.6971564292907715, 0.6954976916313171, 0.7224329113960266, 0.7282781004905701, 0.7356240749359131, 0.733728289604187, 0.7325434684753418], "val_loss": [28.196821212768555, 4.496142387390137, 3.501671314239502, 2.244182586669922, 0.8144305944442749, 0.5111655592918396, 0.5097872018814087, 0.5102243423461914, 0.5190963745117188, 0.5056352019309998], "val_accuracy": [0.6774964332580566, 0.6946966052055359, 0.6899187564849854, 0.6865742802619934, 0.6894410252571106, 0.7644529342651367, 0.7568084001541138, 0.7654085159301758, 0.680363118648529, 0.7577639818191528]}