{"loss": [0.6860277652740479, 0.6794487833976746, 0.6682042479515076, 0.6505652070045471, 0.6267670392990112, 0.5980900526046753, 0.5668156743049622, 0.5349172949790955, 0.5042393803596497, 0.4759264290332794], "accuracy": [0.530730664730072, 0.530730664730072, 0.530730664730072, 0.5370498895645142, 0.6069079041481018, 0.7080159783363342, 0.7692174911499023, 0.8073927164077759, 0.8370845317840576, 0.8514543175697327], "val_loss": [0.6823943853378296, 0.6731686592102051, 0.6573641300201416, 0.6350371837615967, 0.6064558029174805, 0.5739519596099854, 0.5404824018478394, 0.5086763501167297, 0.4785098731517792, 0.451481431722641], "val_accuracy": [0.5310199856758118, 0.5310199856758118, 0.5310199856758118, 0.6225026845932007, 0.7344900369644165, 0.7896950840950012, 0.8338591456413269, 0.8590957522392273, 0.8638275861740112, 0.8690852522850037]}