{"loss": [0.7372996211051941, 0.7043817639350891, 0.6816655993461609, 0.6472781300544739, 0.5881128311157227, 0.5102328658103943, 0.4299921691417694, 0.3589678406715393, 0.3010821044445038, 0.25528714060783386], "accuracy": [0.5032312870025635, 0.3613095283508301, 0.6633503437042236, 0.8532313108444214, 0.9337584972381592, 0.949999988079071, 0.9522959589958191, 0.9586734771728516, 0.9631803035736084, 0.9659013748168945], "val_loss": [0.7157780528068542, 0.6924968361854553, 0.66656893491745, 0.6209309101104736, 0.5510457158088684, 0.47117212414741516, 0.3954339325428009, 0.33218562602996826, 0.2816672623157501, 0.2416800558567047], "val_accuracy": [0.4938144385814667, 0.5371134281158447, 0.7293814420700073, 0.9268041849136353, 0.9525773525238037, 0.9469072222709656, 0.9561855792999268, 0.959278404712677, 0.9634020924568176, 0.9675257802009583]}