{"loss": [47.137168884277344, 0.7143623232841492, 0.5096498727798462, 0.49568700790405273, 0.487510621547699, 0.48430073261260986, 0.47957754135131836, 0.4791012704372406, 0.4747895896434784, 0.4738297760486603], "accuracy": [0.3893994092941284, 0.6489169597625732, 0.6802592873573303, 0.6880538463592529, 0.7720708847045898, 0.7725632190704346, 0.7711684107780457, 0.7740400433540344, 0.7703478932380676, 0.7751887440681458], "val_loss": [2.4240238666534424, 0.48499763011932373, 0.48115575313568115, 0.4718451499938965, 0.46464845538139343, 0.4767859876155853, 0.46581321954727173, 0.4612084925174713, 0.4480961561203003, 0.4482438564300537], "val_accuracy": [0.43525898456573486, 0.6847609877586365, 0.679780900478363, 0.7156374454498291, 0.7753984332084656, 0.7569721341133118, 0.7838645577430725, 0.7753984332084656, 0.780378520488739, 0.7808765172958374]}