{"loss": [0.6896655559539795, 0.6712043881416321, 0.6577187776565552, 0.6371566653251648, 0.6068682074546814, 0.5670932531356812, 0.5205573439598083, 0.47193649411201477, 0.42480501532554626, 0.381039023399353], "accuracy": [0.535376787185669, 0.535376787185669, 0.5370444059371948, 0.5700786113739014, 0.6470261216163635, 0.7562931776046753, 0.827364444732666, 0.8775510191917419, 0.9026443362236023, 0.91963791847229], "val_loss": [0.6761913895606995, 0.6645598411560059, 0.6469630599021912, 0.6199972033500671, 0.5824248194694519, 0.5358818769454956, 0.4846020042896271, 0.4335593581199646, 0.38615337014198303, 0.3438013792037964], "val_accuracy": [0.5381697416305542, 0.5381697416305542, 0.5590327382087708, 0.6126126050949097, 0.7444286346435547, 0.8440019488334656, 0.8937885761260986, 0.9174964427947998, 0.9412043690681458, 0.9544808268547058]}