{"loss": [33.32790756225586, 15.004691123962402, 8.705763816833496, 5.924740314483643, 4.287843704223633, 3.2407398223876953, 2.5200390815734863, 2.0446999073028564, 1.6639679670333862, 1.313493013381958], "accuracy": [0.894098162651062, 0.9364116191864014, 0.9567409753799438, 0.9675360321998596, 0.9743124842643738, 0.9780158996582031, 0.9797493815422058, 0.9803009629249573, 0.9803009629249573, 0.9805373549461365], "val_loss": [15.929656028747559, 7.379306793212891, 4.687537670135498, 3.3281662464141846, 2.5175442695617676, 1.9263389110565186, 1.5556354522705078, 1.29380202293396, 1.0504149198532104, 0.7834415435791016], "val_accuracy": [0.9328358173370361, 0.9626865386962891, 0.9757462739944458, 0.9808768630027771, 0.983208954334259, 0.9850745797157288, 0.985541045665741, 0.9860074520111084, 0.9869402647018433, 0.9869402647018433]}