{"loss": [0.6944490671157837, 0.6802470684051514, 0.6711738705635071, 0.661711573600769, 0.652799665927887, 0.6450680494308472, 0.6386803984642029, 0.6336135268211365, 0.6297106146812439, 0.6267873048782349], "accuracy": [0.5126903653144836, 0.5526444911956787, 0.6160962581634521, 0.6333715319633484, 0.641067624092102, 0.6466349959373474, 0.6523661017417908, 0.6541673541069031, 0.6543310880661011, 0.6535123586654663], "val_loss": [0.6859601736068726, 0.6755469441413879, 0.6653614640235901, 0.6553877592086792, 0.6461499333381653, 0.6383089423179626, 0.6320350766181946, 0.6271445155143738, 0.6232583522796631, 0.6203639507293701], "val_accuracy": [0.501718282699585, 0.5832106471061707, 0.631320595741272, 0.6524301171302795, 0.6661757826805115, 0.6696122288703918, 0.6651939749717712, 0.6671576499938965, 0.6715759038925171, 0.6730486750602722]}