{"loss": [124.3563461303711, 11.901888847351074, 1.652948021888733, 0.9581517577171326, 0.6991376280784607, 0.5661496520042419, 0.5057017207145691, 0.4656923711299896, 0.4331932067871094, 0.39791977405548096], "accuracy": [0.5363930463790894, 0.8615652918815613, 0.964561402797699, 0.9768445491790771, 0.9818242192268372, 0.9834840893745422, 0.9848120212554932, 0.9845630526542664, 0.9853100180625916, 0.9849780201911926], "val_loss": [36.09579086303711, 2.062408208847046, 0.8563222885131836, 0.5586330890655518, 0.432810515165329, 0.381481796503067, 0.35577183961868286, 0.33999764919281006, 0.28538474440574646, 0.26205265522003174], "val_accuracy": [0.715447187423706, 0.9527439475059509, 0.978150486946106, 0.9852643013000488, 0.9867886900901794, 0.9862805604934692, 0.9862805604934692, 0.9867886900901794, 0.9862805604934692, 0.985772430896759]}