{"loss": [0.6900507807731628, 0.6731196045875549, 0.6336334347724915, 0.5723393559455872, 0.5013410449028015, 0.43260759115219116, 0.37254801392555237, 0.3224434554576874, 0.2815568745136261, 0.2483544796705246], "accuracy": [0.5240426063537598, 0.7737124562263489, 0.9275227785110474, 0.9429037570953369, 0.9449235200881958, 0.9473316669464111, 0.9518371820449829, 0.9537015557289124, 0.9557989835739136, 0.9589062929153442], "val_loss": [0.6840460896492004, 0.6555240750312805, 0.600939929485321, 0.5294004082679749, 0.45535480976104736, 0.38950467109680176, 0.33270108699798584, 0.2867204546928406, 0.25060975551605225, 0.2209746092557907], "val_accuracy": [0.5296037197113037, 0.9585081338882446, 0.9715617895126343, 0.9655011892318726, 0.9650349617004395, 0.9710955619812012, 0.9696969389915466, 0.9715617895126343, 0.9710955619812012, 0.972960352897644]}