{"loss": [8.534839630126953, 3.2901811599731445, 2.185818910598755, 1.6774935722351074, 1.2776581048965454, 0.9890936017036438, 0.7789462804794312, 0.6191759705543518, 0.4827541410923004, 0.36891409754753113], "accuracy": [0.8308357000350952, 0.905765175819397, 0.9168723821640015, 0.9162552952766418, 0.9186354279518127, 0.9195169806480408, 0.9186354279518127, 0.9220733642578125, 0.9254231452941895, 0.9257757663726807], "val_loss": [2.9977409839630127, 2.0157198905944824, 1.5254933834075928, 1.2475042343139648, 1.1669301986694336, 0.7240861654281616, 0.8231787085533142, 0.40998220443725586, 0.381701797246933, 0.2442833036184311], "val_accuracy": [0.9038462042808533, 0.9193376302719116, 0.9262821078300476, 0.9220085740089417, 0.9155983328819275, 0.9220085740089417, 0.9081196784973145, 0.9332265257835388, 0.9241453409194946, 0.9401710033416748]}