{"loss": [0.7259807586669922, 0.5546470284461975, 0.4446011781692505, 0.371743381023407, 0.321039617061615, 0.2839283049106598, 0.2555815577507019, 0.2332172840833664, 0.21531040966510773, 0.2006411850452423], "accuracy": [0.4850029945373535, 0.8018523454666138, 0.8948084115982056, 0.9264168739318848, 0.9416263699531555, 0.9464695453643799, 0.9534370303153992, 0.9564109444618225, 0.9598946571350098, 0.961509108543396], "val_loss": [0.6187301278114319, 0.478161484003067, 0.3870350420475006, 0.3251103162765503, 0.2807317078113556, 0.24896976351737976, 0.22355400025844574, 0.20436158776283264, 0.18754686415195465, 0.17503982782363892], "val_accuracy": [0.6335403919219971, 0.9094203114509583, 0.9399586319923401, 0.945652186870575, 0.9482401609420776, 0.955486536026001, 0.9570393562316895, 0.9622153639793396, 0.9606625437736511, 0.9637681245803833]}