{"loss": [0.5727995038032532, 0.4658626914024353, 0.3726235628128052, 0.2997395396232605, 0.24540796875953674, 0.2052311897277832, 0.1751730740070343, 0.15257669985294342, 0.13540808856487274, 0.12229233980178833], "accuracy": [0.7565560936927795, 0.8858610391616821, 0.9375987648963928, 0.9578989148139954, 0.9672196507453918, 0.9732227921485901, 0.9761453866958618, 0.9781991243362427, 0.9793049693107605, 0.980094850063324], "val_loss": [0.513645350933075, 0.407353937625885, 0.3217036724090576, 0.25676220655441284, 0.20910495519638062, 0.17399926483631134, 0.14669708907604218, 0.1267918050289154, 0.11116486042737961, 0.09935348480939865], "val_accuracy": [0.8361204266548157, 0.9321548342704773, 0.9541328549385071, 0.9675107598304749, 0.9756330847740173, 0.9794553518295288, 0.9870998859405518, 0.9870998859405518, 0.988055408000946, 0.988055408000946]}