{"loss": [105.27446746826172, 71.9549789428711, 38.9339599609375, 7.880336284637451, 0.5587114691734314, 0.5264001488685608, 0.5225603580474854, 0.5178535580635071, 0.5119167566299438, 0.5086416602134705], "accuracy": [0.4754055142402649, 0.4751410484313965, 0.47478845715522766, 0.5731664299964905, 0.7588152289390564, 0.7511460185050964, 0.7528209090232849, 0.7523801326751709, 0.7534379363059998, 0.7541431784629822], "val_loss": [89.00331115722656, 55.69046401977539, 22.41118812561035, 0.5365309119224548, 0.4982978105545044, 0.49373865127563477, 0.49060317873954773, 0.4828796088695526, 0.47961220145225525, 0.4774683117866516], "val_accuracy": [0.4780983030796051, 0.477029949426651, 0.47863250970840454, 0.7852564454078674, 0.7601495981216431, 0.7681624293327332, 0.7601495981216431, 0.7633547186851501, 0.7628205418586731, 0.7612180113792419]}