{"loss": [0.7433494925498962, 0.6708091497421265, 0.6476234793663025, 0.6215158700942993, 0.5871383547782898, 0.5452718734741211, 0.49853765964508057, 0.450677752494812, 0.4046045243740082, 0.3622490167617798], "accuracy": [0.4691338539123535, 0.5551181435585022, 0.8903149962425232, 0.9159842729568481, 0.9270866513252258, 0.9356693029403687, 0.9402362108230591, 0.9444094896316528, 0.9455905556678772, 0.946692943572998], "val_loss": [0.6849868297576904, 0.6578116416931152, 0.6361246109008789, 0.6064864993095398, 0.5694604516029358, 0.5256878137588501, 0.47854819893836975, 0.4329281449317932, 0.38969066739082336, 0.3505239188671112], "val_accuracy": [0.47623443603515625, 0.8587909936904907, 0.9210891127586365, 0.9298569560050964, 0.9293954968452454, 0.9340102076530457, 0.9395477771759033, 0.9330872297286987, 0.9312413930892944, 0.9326257705688477]}