{"loss": [7.017292499542236, 1.1448317766189575, 0.8389087319374084, 0.7009115815162659, 0.6149237751960754, 0.6063523292541504, 0.5591599345207214, 0.49062466621398926, 0.4977092146873474, 0.4373161196708679], "accuracy": [0.9047073721885681, 0.9712623953819275, 0.9761989116668701, 0.9790197610855103, 0.981488049030304, 0.9808709621429443, 0.981488049030304, 0.9836918711662292, 0.9836037158966064, 0.983780026435852], "val_loss": [0.9235678315162659, 0.6500265598297119, 0.5045486092567444, 0.4926140010356903, 0.5725476741790771, 0.4286409020423889, 0.4387478828430176, 0.4410054385662079, 0.7506663203239441, 0.5430033206939697], "val_accuracy": [0.9775641560554504, 0.9813034534454346, 0.9861111640930176, 0.9855769872665405, 0.9839743971824646, 0.9855769872665405, 0.9855769872665405, 0.9871795177459717, 0.9780983328819275, 0.9797009229660034]}