{"loss": [0.4886743426322937, 0.2773897349834442, 0.18212658166885376, 0.13912762701511383, 0.1165953278541565, 0.10346709936857224, 0.0949016585946083, 0.08916570991277695, 0.08498505502939224, 0.08174782991409302], "accuracy": [0.9004896879196167, 0.9462196230888367, 0.9619055390357971, 0.9687110781669617, 0.973109781742096, 0.9758486151695251, 0.9776744842529297, 0.978504478931427, 0.9799153804779053, 0.9802473187446594], "val_loss": [0.3340291678905487, 0.191078320145607, 0.13217660784721375, 0.10439750552177429, 0.08806309103965759, 0.07896731048822403, 0.07184050232172012, 0.06720935553312302, 0.06351535022258759, 0.060900647193193436], "val_accuracy": [0.9410569667816162, 0.9613822102546692, 0.9674797654151917, 0.9745935797691345, 0.9771342277526855, 0.9822155237197876, 0.9822155237197876, 0.9827236533164978, 0.9847561717033386, 0.9847561717033386]}