{"loss": [0.6841011643409729, 0.659802258014679, 0.6309158205986023, 0.5883063673973083, 0.5357637405395508, 0.4795479476451874, 0.42519813776016235, 0.37624573707580566, 0.3337782919406891, 0.2975252568721771], "accuracy": [0.5170848965644836, 0.7230934500694275, 0.9199406504631042, 0.9450314044952393, 0.9447838068008423, 0.9439584612846375, 0.9436283111572266, 0.9443711042404175, 0.9461043477058411, 0.9475899934768677], "val_loss": [0.6703281998634338, 0.6479662656784058, 0.612680971622467, 0.564965009689331, 0.5106694102287292, 0.4556213915348053, 0.40476393699645996, 0.3604114055633545, 0.3220632076263428, 0.2906459867954254], "val_accuracy": [0.5134865045547485, 0.8711288571357727, 0.9370629191398621, 0.9350649118423462, 0.9340658783912659, 0.9325674176216125, 0.9350649118423462, 0.9360638856887817, 0.9365634322166443, 0.9395604133605957]}