{"loss": [0.7208486795425415, 0.6915733218193054, 0.6853911280632019, 0.6780238151550293, 0.6655945181846619, 0.6456944942474365, 0.6173952221870422, 0.5818029046058655, 0.5411643385887146, 0.4988192617893219], "accuracy": [0.46424028277397156, 0.5156548023223877, 0.535759687423706, 0.5871741771697998, 0.7393515110015869, 0.8703909516334534, 0.8851715922355652, 0.8959789872169495, 0.9005085825920105, 0.9075015783309937], "val_loss": [0.6974773406982422, 0.6879592537879944, 0.6818073391914368, 0.6716713905334473, 0.6545470356941223, 0.6289477944374084, 0.5952721238136292, 0.5549612641334534, 0.5109845995903015, 0.4683792293071747], "val_accuracy": [0.4525271952152252, 0.5361360907554626, 0.5361360907554626, 0.6188002228736877, 0.8597071766853333, 0.8880491852760315, 0.8833255171775818, 0.8918281197547913, 0.9050543904304504, 0.9064714908599854]}