{"loss": [337.6247863769531, 85.06910705566406, 0.09690842777490616, 0.08334873616695404, 0.07619097083806992, 0.07192596793174744, 0.0706896036863327, 0.07060670107603073, 0.07069745659828186, 0.07157975435256958], "accuracy": [0.10604129731655121, 0.3291698694229126, 0.9726400375366211, 0.9745942950248718, 0.9739995002746582, 0.9746792912483215, 0.9743394255638123, 0.9743394255638123, 0.9743394255638123, 0.973574697971344], "val_loss": [205.1373748779297, 0.1671636700630188, 0.091713085770607, 0.08255717158317566, 0.07588205486536026, 0.07329341024160385, 0.07117746770381927, 0.07145659625530243, 0.07220789045095444, 0.07111600786447525], "val_accuracy": [0.130952388048172, 0.9544513821601868, 0.9741200804710388, 0.9746376872062683, 0.9741200804710388, 0.9720497131347656, 0.9751552939414978, 0.9741200804710388, 0.9725673198699951, 0.9741200804710388]}