{"accuracy": [0.72, 0.89, 0.89, 0.86, 0.88], "val_accuracy": [0.866, 0.904, 0.924, 0.928, 0.924], "loss": [32.94392410637154, 15.833870402832522, 12.135242117544186, 10.426465425476717, 9.934910593072061], "val_loss": [113.34234458680353, 72.76836275015121, 57.32577985003841, 50.239110142434946, 48.363287047398714]}