{"loss": [21.665035247802734, 8.865205764770508, 4.049492359161377, 2.1481986045837402, 1.0996284484863281, 0.5108634233474731, 0.32348814606666565, 0.2779824137687683, 0.2855845093727112, 0.2718992829322815], "accuracy": [0.7213158011436462, 0.8058030009269714, 0.8516623973846436, 0.870094358921051, 0.8809418678283691, 0.8784725069999695, 0.8834112286567688, 0.8959344029426575, 0.8900255560874939, 0.8987565040588379], "val_loss": [12.763898849487305, 5.634822368621826, 2.6991219520568848, 1.4153803586959839, 0.6469196081161499, 0.3247210681438446, 0.2695308327674866, 0.2896377742290497, 0.24772872030735016, 0.27527371048927307], "val_accuracy": [0.7783783674240112, 0.8351351618766785, 0.8772973418235779, 0.8886486887931824, 0.8897297382354736, 0.8918918967247009, 0.8978378772735596, 0.8891891837120056, 0.9043243527412415, 0.9010810852050781]}