{"accuracy": [0.61, 0.79, 0.75, 0.73, 0.76], "val_accuracy": [0.818, 0.832, 0.792, 0.79, 0.8], "loss": [42.54351366712152, 20.426624241803452, 15.924283660914185, 14.333645898599638, 12.750495640669248], "val_loss": [121.33212588895891, 82.03378934331211, 66.94781274432425, 55.87446473425562, 48.0056508144972]}