{"loss": [0.887874186038971, 0.8231344223022461, 0.7859841585159302, 0.7565436363220215, 0.7283703684806824, 0.7003195285797119, 0.6724337339401245, 0.6451537013053894, 0.6186466217041016, 0.5930711030960083, 0.5684798955917358, 0.5448904037475586, 0.5223364233970642, 0.5007950663566589, 0.48028701543807983], "accuracy": [0.44432204961776733, 0.13576270639896393, 0.05771186575293541, 0.20822033286094666, 0.4681355953216553, 0.5049152374267578, 0.5049152374267578, 0.5862711668014526, 0.7972881197929382, 0.9054237604141235, 0.9405084848403931, 0.9561017155647278, 0.9602542519569397, 0.9650847315788269, 0.9658474922180176], "val_loss": [0.8604880571365356, 0.8098400235176086, 0.7755891680717468, 0.7446038722991943, 0.714509129524231, 0.684605598449707, 0.6551241278648376, 0.6265187859535217, 0.5988947749137878, 0.5723350644111633, 0.5469375848770142, 0.5226234197616577, 0.4995587170124054, 0.4775010943412781, 0.4566348195075989], "val_accuracy": [0.26017874479293823, 0.03128103166818619, 0.10526315867900848, 0.33217477798461914, 0.5124130845069885, 0.5124130845069885, 0.5143992304801941, 0.7532274127006531, 0.9051638245582581, 0.9433962106704712, 0.9607746005058289, 0.9657398462295532, 0.967725932598114, 0.9707050323486328, 0.968718945980072]}