{"loss": [0.755143404006958, 0.6333394050598145, 0.5713717937469482, 0.5094343423843384, 0.44652730226516724, 0.388373464345932, 0.33783209323883057, 0.29538440704345703, 0.26051461696624756, 0.23228681087493896], "accuracy": [0.4969424307346344, 0.5422965884208679, 0.7507219910621643, 0.8416851162910461, 0.8844063878059387, 0.9102259874343872, 0.9242399334907532, 0.9346866607666016, 0.9440292716026306, 0.9482759237289429], "val_loss": [0.6724671721458435, 0.6001636385917664, 0.54055255651474, 0.4769648611545563, 0.41547152400016785, 0.36040636897087097, 0.3132835924625397, 0.27395665645599365, 0.2417762130498886, 0.2156796008348465], "val_accuracy": [0.4984646737575531, 0.6606959700584412, 0.7988740801811218, 0.8602865934371948, 0.9073694944381714, 0.9201637506484985, 0.9350051283836365, 0.9457522630691528, 0.9524053335189819, 0.9534288644790649]}