{"loss": [0.523541271686554, 0.4220582842826843, 0.3601873517036438, 0.3180229365825653, 0.2869516909122467, 0.26298052072525024, 0.24393483996391296, 0.22840550541877747, 0.2156359702348709, 0.2048502266407013], "accuracy": [0.880939245223999, 0.933653712272644, 0.9411393404006958, 0.9439759850502014, 0.9476006031036377, 0.9539043307304382, 0.9541407227516174, 0.9564257860183716, 0.9609959721565247, 0.9631234407424927], "val_loss": [0.46226951479911804, 0.3837476074695587, 0.33183565735816956, 0.2939939498901367, 0.2650222182273865, 0.24233371019363403, 0.22346702218055725, 0.2077910453081131, 0.194926917552948, 0.18383634090423584], "val_accuracy": [0.9370335340499878, 0.9458954930305481, 0.94822758436203, 0.9566231369972229, 0.9622201323509216, 0.9566231369972229, 0.9640858173370361, 0.9654850363731384, 0.9654850363731384, 0.9659514427185059]}