{"loss": [0.47136998176574707, 0.29971981048583984, 0.23378415405750275, 0.1878112405538559, 0.1649060845375061, 0.14235246181488037, 0.12719914317131042, 0.11823873221874237, 0.11341478675603867, 0.11432646214962006], "accuracy": [0.8023505210876465, 0.9516398310661316, 0.962836503982544, 0.9710156917572021, 0.9636306166648865, 0.9713333249092102, 0.9767331480979919, 0.9720479846000671, 0.9672040343284607, 0.965774655342102], "val_loss": [0.3411482870578766, 0.2522260844707489, 0.20115314424037933, 0.1585751324892044, 0.13226662576198578, 0.11928286403417587, 0.0956721231341362, 0.09378349781036377, 0.08067724108695984, 0.08041983097791672], "val_accuracy": [0.9435752034187317, 0.97202467918396, 0.9710763692855835, 0.9819819927215576, 0.9815078377723694, 0.9739212989807129, 0.9881460666656494, 0.9867236018180847, 0.987197756767273, 0.9815078377723694]}