{"accuracy": [0.75, 0.94, 0.97, 0.99, 0.98], "val_accuracy": [0.9, 0.964, 0.978, 0.976, 0.972], "loss": [24.95819973880021, 10.09140554120844, 7.825559382146116, 7.480156743698001, 7.133736825315259], "val_loss": [59.75691008951513, 39.43824026001424, 34.772840275298016, 33.421475150383756, 33.511378381123556]}