{"loss": [0.7035826444625854, 0.6549350023269653, 0.6047951579093933, 0.5383375883102417, 0.4660661816596985, 0.39896470308303833, 0.34152504801750183, 0.29440444707870483, 0.2564229965209961, 0.22587203979492188], "accuracy": [0.5150331258773804, 0.7939528226852417, 0.8707321882247925, 0.9102259874343872, 0.9304400086402893, 0.9441991448402405, 0.952692449092865, 0.9603363871574402, 0.9658570289611816, 0.9687447547912598], "val_loss": [0.674182116985321, 0.63262540102005, 0.5734427571296692, 0.501771092414856, 0.43014800548553467, 0.3669348657131195, 0.3136504590511322, 0.2699729800224304, 0.23450054228305817, 0.20592981576919556], "val_accuracy": [0.6146366596221924, 0.8648925423622131, 0.9160695672035217, 0.9360286593437195, 0.9503582119941711, 0.957522988319397, 0.9636642336845398, 0.9687819480895996, 0.9754350185394287, 0.9779938459396362]}