{"loss": [0.6575219631195068, 0.6388483047485352, 0.6254981160163879, 0.6143977046012878, 0.604840874671936, 0.5961730480194092, 0.5883219838142395, 0.5812228918075562, 0.5747973322868347, 0.5690420269966125], "accuracy": [0.5780127048492432, 0.7034773230552673, 0.7443627715110779, 0.7553481459617615, 0.7565870881080627, 0.7575782537460327, 0.7567523121833801, 0.7566697001457214, 0.7545222043991089, 0.7552655339241028], "val_loss": [0.6429851651191711, 0.6282620429992676, 0.6159648895263672, 0.6053574085235596, 0.5958811044692993, 0.5871944427490234, 0.5792900919914246, 0.5721239447593689, 0.5656202435493469, 0.5597885251045227], "val_accuracy": [0.6606965661048889, 0.7333333492279053, 0.7666667103767395, 0.7646766304969788, 0.7686567306518555, 0.7681592106819153, 0.770149290561676, 0.7726368308067322, 0.772139310836792, 0.772139310836792]}