{"loss": [0.6037453413009644, 0.5072003602981567, 0.4321228265762329, 0.37298697233200073, 0.3255960941314697, 0.28704318404197693, 0.2553027272224426, 0.22879496216773987, 0.20631098747253418, 0.18705029785633087], "accuracy": [0.6732956767082214, 0.8801718950271606, 0.9386534094810486, 0.959720253944397, 0.968821108341217, 0.9740456938743591, 0.9801129102706909, 0.9823881387710571, 0.9866015315055847, 0.9874441623687744], "val_loss": [0.5568733215332031, 0.4693089723587036, 0.40039685368537903, 0.34603020548820496, 0.3018483817577362, 0.26558631658554077, 0.23590564727783203, 0.2106267511844635, 0.18939697742462158, 0.17085132002830505], "val_accuracy": [0.788002073764801, 0.9247586131095886, 0.9664464592933655, 0.9766141772270203, 0.9811897277832031, 0.9847484230995178, 0.9883071184158325, 0.991865873336792, 0.991865873336792, 0.9928826093673706]}