{"accuracy": [0.52, 0.67, 0.68, 0.67, 0.71], "val_accuracy": [0.679, 0.767, 0.78, 0.815, 0.842], "loss": [45.000927463071925, 28.130132729818463, 23.713184847950757, 20.152773668763494, 16.53841238675334], "val_loss": [376.1738528960048, 280.14039342942243, 237.8077970024264, 198.5449322470735, 166.1751599097451]}