{"loss": [0.7301234006881714, 0.6957307457923889, 0.6706303358078003, 0.6463767886161804, 0.6226778626441956, 0.6021146774291992, 0.5861271619796753, 0.5743619203567505, 0.5660325288772583, 0.5602167248725891], "accuracy": [0.3539647161960602, 0.5185249447822571, 0.641880214214325, 0.6990131735801697, 0.7119113802909851, 0.7147680521011353, 0.7192694544792175, 0.722039520740509, 0.7266274690628052, 0.7289647459983826], "val_loss": [0.712354302406311, 0.6850799918174744, 0.6608064770698547, 0.6362958550453186, 0.6137805581092834, 0.5953084230422974, 0.5814715027809143, 0.5715022087097168, 0.564744770526886, 0.5602812767028809], "val_accuracy": [0.4158780574798584, 0.5941115021705627, 0.6913775205612183, 0.7029443383216858, 0.7029443383216858, 0.7092534303665161, 0.7145110964775085, 0.7150368690490723, 0.7150368690490723, 0.7166141271591187]}