{"loss": [0.688660740852356, 0.6218460202217102, 0.560388445854187, 0.48949119448661804, 0.4155527353286743, 0.3470723330974579, 0.2888069450855255, 0.24141551554203033, 0.20356915891170502, 0.17352867126464844], "accuracy": [0.5987707376480103, 0.9197068214416504, 0.9429516792297363, 0.9558742046356201, 0.9617050886154175, 0.9666692614555359, 0.9709242582321167, 0.9731305241584778, 0.9760459661483765, 0.9774643182754517], "val_loss": [0.6469371318817139, 0.5876500606536865, 0.5180562138557434, 0.44178664684295654, 0.36755985021591187, 0.3030325770378113, 0.25019603967666626, 0.20785552263259888, 0.17477074265480042, 0.1483585685491562], "val_accuracy": [0.9379664063453674, 0.94822758436203, 0.9603544473648071, 0.9645522236824036, 0.9715484976768494, 0.9762126803398132, 0.9785447716712952, 0.9827424883842468, 0.9836753606796265, 0.9850745797157288]}