{"loss": [0.695789635181427, 0.6917495727539062, 0.6850858926773071, 0.6715879440307617, 0.6493838429450989, 0.6169596910476685, 0.5754455924034119, 0.5288983583450317, 0.4815622866153717, 0.4362668991088867], "accuracy": [0.47964993119239807, 0.5028464794158936, 0.5028464794158936, 0.5277423858642578, 0.7144192457199097, 0.8900501728057861, 0.9180049896240234, 0.924887478351593, 0.9283711910247803, 0.9327895641326904], "val_loss": [0.6935572624206543, 0.6889833211898804, 0.6778038144111633, 0.657795250415802, 0.6267186403274536, 0.584926426410675, 0.5351542234420776, 0.48338502645492554, 0.4343622624874115, 0.3885905146598816], "val_accuracy": [0.4958592355251312, 0.4958592355251312, 0.4958592355251312, 0.5998964905738831, 0.8783643841743469, 0.9047619104385376, 0.922877848148346, 0.9311594367027283, 0.9332298040390015, 0.9384058117866516]}