{"loss": [3.6935834884643555, 0.8527541756629944, 0.5149703025817871, 0.36582720279693604, 0.2607099413871765, 0.20497383177280426, 0.1695304661989212, 0.13628306984901428, 0.1123356968164444, 0.09436126798391342], "accuracy": [0.926383912563324, 0.9668022394180298, 0.9752676486968994, 0.9780064821243286, 0.9804962873458862, 0.9826541543006897, 0.9837331175804138, 0.987052857875824, 0.9882147908210754, 0.9889617562294006], "val_loss": [0.7643253207206726, 0.493152916431427, 0.3594130575656891, 0.3386875092983246, 0.303943395614624, 0.2534778118133545, 0.21288633346557617, 0.19331134855747223, 0.2644035220146179, 0.16928596794605255], "val_accuracy": [0.9715448021888733, 0.9811992645263672, 0.983231782913208, 0.9817073941230774, 0.9776423573493958, 0.9862805604934692, 0.9862805604934692, 0.9852643013000488, 0.9751017093658447, 0.9872968196868896]}