{"loss": [0.684787392616272, 0.5814268589019775, 0.5404432415962219, 0.5208442807197571, 0.5100094079971313, 0.5027284026145935, 0.49724727869033813, 0.4927092492580414, 0.48861071467399597, 0.48493659496307373], "accuracy": [0.6484678387641907, 0.833402156829834, 0.8138267397880554, 0.8228297829627991, 0.8257206678390503, 0.8296853303909302, 0.8322458267211914, 0.8364582657814026, 0.8443875312805176, 0.8455439209938049], "val_loss": [0.6159250736236572, 0.5558949112892151, 0.5293592214584351, 0.5152184367179871, 0.5065658092498779, 0.5001694560050964, 0.49502846598625183, 0.49049606919288635, 0.4864134192466736, 0.4825892150402069], "val_accuracy": [0.8945273756980896, 0.8208955526351929, 0.830845832824707, 0.8283582329750061, 0.8338308930397034, 0.8333333730697632, 0.8353233933448792, 0.8373134732246399, 0.8348259329795837, 0.8353233933448792]}