{"loss": [3.5043585300445557, 1.3355293273925781, 1.0586358308792114, 0.8926597833633423, 0.8791239857673645, 0.7752147912979126, 0.704551100730896, 0.6224755644798279, 0.5786503553390503, 0.5782318711280823], "accuracy": [0.9366185069084167, 0.9717912673950195, 0.9750529527664185, 0.9757581353187561, 0.9769040942192078, 0.9791079163551331, 0.9791960716247559, 0.9802539348602295, 0.9803420901298523, 0.9803420901298523], "val_loss": [1.1700903177261353, 0.9974473714828491, 0.7594959735870361, 0.8467140793800354, 0.9117419123649597, 0.5094193816184998, 0.8201726078987122, 0.5555860996246338, 0.5882285237312317, 0.4330482482910156], "val_accuracy": [0.9743590354919434, 0.9748932123184204, 0.9834402203559875, 0.9813034534454346, 0.9802350997924805, 0.9834402203559875, 0.9748932123184204, 0.9850428104400635, 0.9802350997924805, 0.9845085740089417]}