{"loss": [0.690380334854126, 0.5284909009933472, 0.4313986003398895, 0.367205947637558, 0.3211149275302887, 0.2860187590122223, 0.2582482695579529, 0.23556837439537048, 0.21670515835285187, 0.20063535869121552], "accuracy": [0.5286422967910767, 0.901820182800293, 0.9780946969985962, 0.9670632481575012, 0.9632810354232788, 0.965644896030426, 0.9654085040092468, 0.9675360321998596, 0.970136284828186, 0.9725789427757263], "val_loss": [0.5954554677009583, 0.47419241070747375, 0.39685410261154175, 0.3427150547504425, 0.3021743893623352, 0.2705211639404297, 0.24463917315006256, 0.22319777309894562, 0.20519065856933594, 0.18959534168243408], "val_accuracy": [0.5951492190361023, 0.9906716346740723, 0.9706156253814697, 0.9678171277046204, 0.9696828126907349, 0.9654850363731384, 0.9701492190361023, 0.9715484976768494, 0.9720149040222168, 0.9734141826629639]}