{"loss": [0.6990772485733032, 0.6841911673545837, 0.669259250164032, 0.6514543294906616, 0.6299604177474976, 0.6047900319099426, 0.575810432434082, 0.544410765171051, 0.5119361877441406, 0.47967398166656494], "accuracy": [0.5219154953956604, 0.5220918655395508, 0.6068436503410339, 0.7747596502304077, 0.8838521838188171, 0.8869388699531555, 0.8954934477806091, 0.8950524926185608, 0.8964635133743286, 0.8976100087165833], "val_loss": [0.6902812123298645, 0.6755496859550476, 0.6585099697113037, 0.6378312110900879, 0.6135867238044739, 0.5844335556030273, 0.5523814558982849, 0.5185806155204773, 0.48503854870796204, 0.4517161250114441], "val_accuracy": [0.5178378224372864, 0.5286486744880676, 0.7340540885925293, 0.8843243718147278, 0.870270311832428, 0.8983783721923828, 0.8983783721923828, 0.8994594812393188, 0.8967567682266235, 0.9005405902862549]}