{"accuracy": [0.53, 0.88, 0.89, 0.96, 0.9, 0.89, 0.91, 0.88, 0.91, 0.92], "val_accuracy": [0.875, 0.904, 0.916, 0.931, 0.918, 0.916, 0.929, 0.909, 0.913, 0.918], "loss": [119.87599999999996, 42.72000000000002, 39.768, 37.99600000000002, 38.73200000000002, 38.96399999999999, 39.52399999999999, 38.724000000000004, 39.15999999999998, 37.97600000000001], "val_loss": [500.2880000000003, 394.7720000000001, 383.6280000000006, 388.4120000000009, 375.2999999999995, 368.22000000000094, 369.60400000000055, 380.70800000000025, 381.7679999999997, 364.3960000000011]}