{"loss": [0.7218636274337769, 0.6620827317237854, 0.6370868682861328, 0.6084114909172058, 0.5716915130615234, 0.5272794961929321, 0.47761473059654236, 0.4264117479324341, 0.3766241669654846, 0.33054178953170776], "accuracy": [0.4986938536167145, 0.5000421404838562, 0.6424538493156433, 0.8006235957145691, 0.9024184942245483, 0.930395245552063, 0.9532316327095032, 0.9658717513084412, 0.9710963368415833, 0.9757310152053833], "val_loss": [0.6790540218353271, 0.6482067704200745, 0.62232506275177, 0.5891751050949097, 0.547618567943573, 0.499612957239151, 0.4483349025249481, 0.3978896141052246, 0.3510681390762329, 0.30806243419647217], "val_accuracy": [0.4870361387729645, 0.573462188243866, 0.8383325338363647, 0.9232333898544312, 0.9481444358825684, 0.9659380316734314, 0.9700051546096802, 0.9750890135765076, 0.9776309728622437, 0.9766141772270203]}