{"loss": [0.6945601105690002, 0.6777110695838928, 0.6520035266876221, 0.6114214658737183, 0.5649921298027039, 0.5215713977813721, 0.48420318961143494, 0.4532468914985657, 0.42858463525772095, 0.4088146984577179], "accuracy": [0.414701908826828, 0.7060458064079285, 0.8051532506942749, 0.8304142951965332, 0.8379926085472107, 0.8411923050880432, 0.8439710140228271, 0.8478443622589111, 0.8491074442863464, 0.8504546880722046], "val_loss": [0.685894787311554, 0.6676823496818542, 0.6369900703430176, 0.5954858660697937, 0.5530393123626709, 0.5156877636909485, 0.48423972725868225, 0.4589077830314636, 0.43807071447372437, 0.4215450882911682], "val_accuracy": [0.5924623012542725, 0.745728611946106, 0.8231155872344971, 0.8351758718490601, 0.8376884460449219, 0.8427135348320007, 0.8427135348320007, 0.8422110676765442, 0.8462311625480652, 0.8457286357879639]}