{"loss": [0.37139710783958435, 0.25031763315200806, 0.19408026337623596, 0.1600310355424881, 0.1322891265153885, 0.11578439921140671, 0.10163232684135437, 0.08916382491588593, 0.08626646548509598, 0.07430894672870636], "accuracy": [0.9279761910438538, 0.9727041125297546, 0.9792517423629761, 0.9812925457954407, 0.983588457107544, 0.9852891564369202, 0.9846088290214539, 0.9832482933998108, 0.9836734533309937, 0.9865646362304688], "val_loss": [0.2794630825519562, 0.22019292414188385, 0.17234179377555847, 0.14331217110157013, 0.1253485232591629, 0.10439933091402054, 0.09144601970911026, 0.08269231021404266, 0.07020614296197891, 0.0683169960975647], "val_accuracy": [0.973711371421814, 0.9706186056137085, 0.9814433455467224, 0.9829897284507751, 0.9742268323898315, 0.9829897284507751, 0.985567033290863, 0.9871134161949158, 0.9876288771629333, 0.9891753196716309]}