{"loss": [0.6846661567687988, 0.6180790662765503, 0.5379648804664612, 0.4490095376968384, 0.36591216921806335, 0.2970236539840698, 0.2435174286365509, 0.20284418761730194, 0.17208905518054962, 0.14866697788238525], "accuracy": [0.6011466383934021, 0.8583775162696838, 0.9460037350654602, 0.969792902469635, 0.9754406809806824, 0.9768098592758179, 0.9774944186210632, 0.9776656031608582, 0.9777511358261108, 0.9776656031608582], "val_loss": [0.6480286717414856, 0.5739683508872986, 0.4857533574104309, 0.39721301198005676, 0.32031217217445374, 0.25941383838653564, 0.21287301182746887, 0.1776127815246582, 0.1508956104516983, 0.1308606117963791], "val_accuracy": [0.7614583969116211, 0.9239583611488342, 0.9666666984558105, 0.9760417342185974, 0.97552090883255, 0.9796875715255737, 0.9786458611488342, 0.9791667461395264, 0.9802083969116211, 0.9786458611488342]}