{"accuracy": [0.63, 0.81, 0.88, 0.87, 0.87, 0.86, 0.88, 0.9, 0.89, 0.91], "val_accuracy": [0.773, 0.81, 0.819, 0.813, 0.831, 0.829, 0.829, 0.831, 0.826, 0.827], "loss": [92.524, 46.24400000000002, 39.13599999999999, 38.104, 38.604, 38.532, 35.97600000000001, 35.01599999999999, 36.88399999999999, 36.620000000000005], "val_loss": [616.7159999999993, 537.6680000000005, 478.3320000000009, 511.10400000000146, 460.932, 463.36800000000125, 467.93600000000094, 462.7400000000007, 469.852000000001, 453.740000000001]}