{"loss": [0.6886941194534302, 0.6764772534370422, 0.6527928709983826, 0.6189594864845276, 0.5783295035362244, 0.5354477167129517, 0.49422091245651245, 0.45603346824645996, 0.42235732078552246, 0.3934629261493683], "accuracy": [0.658218264579773, 0.8254462480545044, 0.8546648621559143, 0.8695688843727112, 0.8747052550315857, 0.8795890808105469, 0.8816099762916565, 0.883715033531189, 0.8859885334968567, 0.886746346950531], "val_loss": [0.6845715045928955, 0.6668955087661743, 0.6380739212036133, 0.599604070186615, 0.5563262701034546, 0.5130557417869568, 0.47156786918640137, 0.43408191204071045, 0.4013707935810089, 0.3734963834285736], "val_accuracy": [0.7723618149757385, 0.8301507234573364, 0.8638190627098083, 0.8718593120574951, 0.8844221234321594, 0.8879396915435791, 0.8934673070907593, 0.8959798812866211, 0.8979899287223816, 0.8974874019622803]}