{"loss": [0.7706758975982666, 0.7060372233390808, 0.6952740550041199, 0.6912623047828674, 0.687041163444519, 0.6811702847480774, 0.672321081161499, 0.6589818000793457, 0.6404204368591309, 0.6171152591705322], "accuracy": [0.4780844748020172, 0.4640620946884155, 0.4378693103790283, 0.5219154953956604, 0.5299409031867981, 0.6006702780723572, 0.7432754039764404, 0.8386101126670837, 0.8444307446479797, 0.8660375475883484], "val_loss": [0.7210605144500732, 0.6990091800689697, 0.6942279934883118, 0.6902986764907837, 0.6852061748504639, 0.6777241826057434, 0.6660937666893005, 0.6490408778190613, 0.6270091533660889, 0.5992539525032043], "val_accuracy": [0.4821621775627136, 0.3286486566066742, 0.5178378224372864, 0.5178378224372864, 0.5259459614753723, 0.6291891932487488, 0.8097297549247742, 0.8578378558158875, 0.870270311832428, 0.862162172794342]}