{"accuracy": [0.24, 0.45, 0.85, 0.92, 0.95], "val_accuracy": [0.432, 0.678, 0.86, 0.878, 0.896], "loss": [76.46366004940909, 40.90682970832366, 26.400103873959853, 17.871324488966728, 13.509636013322345], "val_loss": [266.5950015483667, 160.5263890674019, 114.15405747099368, 88.00301321253386, 75.93342193164335]}