{"loss": [0.7067887783050537, 0.6879087090492249, 0.6749107837677002, 0.6508932113647461, 0.6056803464889526, 0.5403949618339539, 0.46726974844932556, 0.39701053500175476, 0.33467257022857666, 0.2811635434627533], "accuracy": [0.5323331952095032, 0.5323331952095032, 0.5323331952095032, 0.5323331952095032, 0.5934465527534485, 0.8062376976013184, 0.9284642934799194, 0.9805764555931091, 0.9921832084655762, 0.9944729804992676], "val_loss": [0.6937505006790161, 0.6815484762191772, 0.6631777286529541, 0.6263179779052734, 0.5647412538528442, 0.48880624771118164, 0.4123542308807373, 0.34318113327026367, 0.28465068340301514, 0.23563212156295776], "val_accuracy": [0.5366430282592773, 0.5366430282592773, 0.5366430282592773, 0.5385342836380005, 0.7735224366188049, 0.9399527311325073, 0.9891253113746643, 0.9957446455955505, 0.9981087446212769, 0.9976359009742737]}