{"loss": [0.6772672533988953, 0.6541582345962524, 0.6273203492164612, 0.5957451462745667, 0.5599129796028137, 0.5210140347480774, 0.4807945787906647, 0.44115591049194336, 0.40344902873039246, 0.36860090494155884], "accuracy": [0.6762456893920898, 0.7781000137329102, 0.8592143654823303, 0.9076368808746338, 0.9180947542190552, 0.932682991027832, 0.9388346672058105, 0.9414710998535156, 0.9418226480484009, 0.9424378275871277], "val_loss": [0.6649988889694214, 0.6396182775497437, 0.6097604036331177, 0.5750317573547363, 0.5379059314727783, 0.49778783321380615, 0.4576328694820404, 0.41822582483291626, 0.3823573589324951, 0.34996798634529114], "val_accuracy": [0.7598752379417419, 0.837837815284729, 0.8882536292076111, 0.912162184715271, 0.9267151951789856, 0.9319126605987549, 0.9334719181060791, 0.9365904331207275, 0.9386694431304932, 0.937110185623169]}