{"loss": [0.6729251742362976, 0.6522795557975769, 0.6250674724578857, 0.590886652469635, 0.5515888333320618, 0.5097035765647888, 0.4677371382713318, 0.42833590507507324, 0.3925934433937073, 0.36090531945228577], "accuracy": [0.7513723969459534, 0.812600314617157, 0.8734904527664185, 0.8856515884399414, 0.8909720778465271, 0.900684118270874, 0.9051600694656372, 0.9094671607017517, 0.9141964912414551, 0.9180812835693359], "val_loss": [0.6639904975891113, 0.6414812803268433, 0.6119629740715027, 0.5764299631118774, 0.5366687774658203, 0.49622026085853577, 0.4567265510559082, 0.42058438062667847, 0.38813015818595886, 0.3594255745410919], "val_accuracy": [0.7796698212623596, 0.8565531969070435, 0.857069194316864, 0.8627451658248901, 0.8875129222869873, 0.8921568989753723, 0.8952528834342957, 0.8993808627128601, 0.9040248394012451, 0.9060887694358826]}