{"loss": [27.263751983642578, 9.400694847106934, 2.3492660522460938, 0.43783900141716003, 0.4144003391265869, 0.40157487988471985, 0.3920479118824005, 0.3801839351654053, 0.3754183351993561, 0.3707864582538605], "accuracy": [0.4787225127220154, 0.687705397605896, 0.804331362247467, 0.8253981471061707, 0.8283475041389465, 0.8314654231071472, 0.8340777158737183, 0.8377854824066162, 0.84014493227005, 0.8382067680358887], "val_loss": [14.09473705291748, 4.1962571144104, 0.5550644397735596, 0.38662189245224, 0.4014856219291687, 0.3715105652809143, 0.3560642898082733, 0.34699320793151855, 0.3407498598098755, 0.34844136238098145], "val_accuracy": [0.6776818037033081, 0.7808846235275269, 0.8454499840736389, 0.8459583520889282, 0.8240976929664612, 0.8495171070098877, 0.8535842299461365, 0.8586680889129639, 0.8571429252624512, 0.8530758023262024]}