{"loss": [0.8467161059379578, 0.6858734488487244, 0.5718599557876587, 0.48578372597694397, 0.42051583528518677, 0.3702582120895386, 0.3307229280471802, 0.29899975657463074, 0.2729527950286865, 0.2512109875679016], "accuracy": [0.11029960960149765, 0.5022823810577393, 0.7297701239585876, 0.8789941072463989, 0.9320275783538818, 0.9468835592269897, 0.9570918679237366, 0.9640634059906006, 0.9668022394180298, 0.9686281085014343], "val_loss": [0.7582815289497375, 0.6172680258750916, 0.5122987627983093, 0.4337361454963684, 0.3746386766433716, 0.32915353775024414, 0.29351723194122314, 0.26464277505874634, 0.24095025658607483, 0.22123181819915771], "val_accuracy": [0.3048780858516693, 0.665650486946106, 0.853150486946106, 0.9308943748474121, 0.9537602066993713, 0.9618903398513794, 0.9664635062217712, 0.9690041542053223, 0.9720529317855835, 0.9735773205757141]}