{"loss": [0.6907750964164734, 0.6722792387008667, 0.6493386030197144, 0.6135513186454773, 0.5654575824737549, 0.5099505186080933, 0.45304548740386963, 0.3990701138973236, 0.35098448395729065, 0.3090599775314331], "accuracy": [0.49886375665664673, 0.7044020295143127, 0.881070613861084, 0.9440283179283142, 0.9569060206413269, 0.9611144065856934, 0.9627135992050171, 0.9636394381523132, 0.9659961462020874, 0.9667536616325378], "val_loss": [0.6809979677200317, 0.6622028946876526, 0.6322832703590393, 0.5885092616081238, 0.5344677567481995, 0.47595080733299255, 0.41872638463974, 0.3664872944355011, 0.3209124207496643, 0.2815026044845581], "val_accuracy": [0.5129225254058838, 0.8717694282531738, 0.9448310732841492, 0.9637177586555481, 0.9676939249038696, 0.9706760048866272, 0.9706760048866272, 0.9721670746803284, 0.9726640582084656, 0.9741551280021667]}