{"loss": [0.6538398861885071, 0.5396739840507507, 0.42014530301094055, 0.3152720034122467, 0.23679740726947784, 0.18102170526981354, 0.1413344442844391, 0.11254017800092697, 0.09117092192173004, 0.07497952878475189], "accuracy": [0.6051322817802429, 0.9009080529212952, 0.9758389592170715, 0.9891828298568726, 0.9921042919158936, 0.9932886362075806, 0.9939202666282654, 0.9941571354866028, 0.9944729804992676, 0.9947888255119324], "val_loss": [0.5926040410995483, 0.4751138687133789, 0.35916703939437866, 0.2677145302295685, 0.2021247297525406, 0.15586820244789124, 0.12262626737356186, 0.09834957867860794, 0.08025091141462326, 0.06652691215276718], "val_accuracy": [0.8018912672996521, 0.9659574627876282, 0.9895980954170227, 0.9938533902168274, 0.9952718615531921, 0.9957446455955505, 0.9962174892425537, 0.9962174892425537, 0.9962174892425537, 0.9962174892425537]}