{"loss": [0.6435050964355469, 0.5654820203781128, 0.511092483997345, 0.4715786576271057, 0.4417215585708618, 0.41798800230026245, 0.3987368643283844, 0.3828795850276947, 0.3695710003376007, 0.3584229350090027], "accuracy": [0.6484678387641907, 0.8399273157119751, 0.8975799083709717, 0.907656729221344, 0.9122821688652039, 0.9140166640281677, 0.9147600531578064, 0.9156686067581177, 0.9140992760658264, 0.9155034422874451], "val_loss": [0.5989639759063721, 0.5327526926994324, 0.4853018820285797, 0.4495343565940857, 0.42143502831459045, 0.3985185921192169, 0.3794931173324585, 0.36345040798187256, 0.3498173952102661, 0.33814874291419983], "val_accuracy": [0.7825871109962463, 0.8980100154876709, 0.9164179563522339, 0.9288557767868042, 0.9298508167266846, 0.9318408370018005, 0.93034827709198, 0.9308457970619202, 0.9298508167266846, 0.9298508167266846]}