{"loss": [0.6565052270889282, 0.597630500793457, 0.5636181235313416, 0.5355320572853088, 0.5104561448097229, 0.48769664764404297, 0.4668916165828705, 0.44773921370506287, 0.43009263277053833, 0.4139403700828552, 0.3989735245704651, 0.3850804567337036, 0.3722915053367615, 0.36024877429008484, 0.3490472733974457], "accuracy": [0.5165853500366211, 0.7730168104171753, 0.8949458599090576, 0.9207544326782227, 0.9265448451042175, 0.9297708868980408, 0.9322524666786194, 0.9323351979255676, 0.9320870637893677, 0.9329969882965088, 0.9331623911857605, 0.933079719543457, 0.9344031810760498, 0.9336587190628052, 0.9335759878158569], "val_loss": [0.605316162109375, 0.5680369138717651, 0.5383351445198059, 0.5115452408790588, 0.4868148863315582, 0.4647321105003357, 0.4445151090621948, 0.42653244733810425, 0.40908822417259216, 0.39490488171577454, 0.38035938143730164, 0.366292804479599, 0.3553164303302765, 0.3441612422466278, 0.33423832058906555], "val_accuracy": [0.7027423977851868, 0.9000979065895081, 0.9084230661392212, 0.9123408198356628, 0.9123408198356628, 0.9123408198356628, 0.9133202433586121, 0.9123408198356628, 0.9177277088165283, 0.9147893786430359, 0.9162585735321045, 0.9172379970550537, 0.9167482852935791, 0.9162585735321045, 0.9162585735321045]}