{"loss": [42.10918426513672, 12.091550827026367, 6.362617492675781, 4.460611820220947, 3.498415470123291, 2.958752155303955, 2.5943100452423096, 2.2743639945983887, 1.9440590143203735, 1.575850486755371], "accuracy": [0.833402156829834, 0.9254976511001587, 0.953332781791687, 0.9621706604957581, 0.9650615453720093, 0.9655570983886719, 0.9656397104263306, 0.9650615453720093, 0.9644007682800293, 0.9655570983886719], "val_loss": [23.81117057800293, 10.52702522277832, 6.4516801834106445, 4.584138870239258, 3.585850954055786, 3.0696985721588135, 2.6522998809814453, 2.2221157550811768, 1.9043899774551392, 1.4809774160385132], "val_accuracy": [0.9000000357627869, 0.9422885775566101, 0.9557214379310608, 0.9636816382408142, 0.9691542983055115, 0.9681592583656311, 0.9706467986106873, 0.9691542983055115, 0.9701492786407471, 0.9696517586708069]}