{"loss": [17.516382217407227, 6.441103935241699, 4.329074859619141, 3.239832639694214, 2.359583616256714, 1.6778838634490967, 1.1065356731414795, 0.6904006600379944, 0.406017541885376, 0.2890758514404297], "accuracy": [0.6654619574546814, 0.8192877769470215, 0.8556946516036987, 0.8679478168487549, 0.8745592832565308, 0.8788787126541138, 0.8847849369049072, 0.889104425907135, 0.898095965385437, 0.9108780026435852], "val_loss": [8.142630577087402, 4.459568977355957, 3.3041369915008545, 2.4114973545074463, 2.0243608951568604, 1.1670655012130737, 0.9261865019798279, 0.43370699882507324, 0.29914310574531555, 0.3013997972011566], "val_accuracy": [0.7943376302719116, 0.8482906222343445, 0.8707265257835388, 0.8739316463470459, 0.8814103007316589, 0.884615421295166, 0.8835470676422119, 0.9107906222343445, 0.9049145579338074, 0.8958333730697632]}