{"accuracy": [0.61, 0.72, 0.81, 0.81, 0.8, 0.82, 0.8, 0.84, 0.83, 0.84], "val_accuracy": [0.802, 0.831, 0.839, 0.838, 0.826, 0.828, 0.849, 0.873, 0.885, 0.897], "loss": [111.71200000000002, 68.05600000000003, 55.096, 50.676, 48.744, 46.111999999999995, 44.271999999999984, 42.044000000000004, 41.995999999999995, 41.143999999999984], "val_loss": [632.1519999999996, 523.0840000000001, 480.8560000000007, 453.20400000000086, 428.7480000000005, 418.6480000000011, 402.8720000000007, 382.1080000000008, 361.25200000000115, 353.3640000000008]}