{"loss": [11.027337074279785, 2.8911235332489014, 1.6686099767684937, 1.1186203956604004, 0.805736243724823, 0.6223137378692627, 0.5088614225387573, 0.4383446276187897, 0.3826011121273041, 0.34566062688827515], "accuracy": [0.6877149939537048, 0.8447834849357605, 0.8693006634712219, 0.8796190023422241, 0.8789134621620178, 0.8812064528465271, 0.8842931389808655, 0.8839403986930847, 0.8887909054756165, 0.8914366364479065], "val_loss": [3.8111236095428467, 2.0982754230499268, 1.3806535005569458, 0.9790541529655457, 0.7189541459083557, 0.5736854076385498, 0.48366352915763855, 0.425453245639801, 0.37900984287261963, 0.34647801518440247], "val_accuracy": [0.8416216373443604, 0.8713513612747192, 0.8794595003128052, 0.8772973418235779, 0.8762162327766418, 0.8799999952316284, 0.8789189457893372, 0.8886486887931824, 0.8864865303039551, 0.8881081342697144]}