{"accuracy": [0.84, 0.96, 0.97, 0.97, 0.97, 0.97, 0.97, 0.96, 0.97, 0.97], "val_accuracy": [0.927, 0.927, 0.939, 0.934, 0.936, 0.944, 0.933, 0.922, 0.94, 0.94], "loss": [65.644, 32.251999999999995, 32.376000000000005, 30.776, 32.15199999999999, 31.88800000000002, 31.471999999999994, 30.164000000000005, 31.099999999999998, 30.23200000000001], "val_loss": [328.07599999999996, 331.64000000000067, 330.4039999999999, 318.6440000000002, 332.96000000000043, 319.3039999999999, 324.6040000000006, 321.95999999999947, 322.1720000000005, 321.31600000000014]}