{"loss": [0.7042807340621948, 0.6879226565361023, 0.6829458475112915, 0.6750535368919373, 0.6606267094612122, 0.6377236843109131, 0.6069379448890686, 0.5708345174789429, 0.532964289188385, 0.49590393900871277], "accuracy": [0.48360368609428406, 0.5575634837150574, 0.5601199269294739, 0.6069287657737732, 0.6979901790618896, 0.7708921432495117, 0.8211389780044556, 0.8453808426856995, 0.8616008758544922, 0.8729725480079651], "val_loss": [0.691943347454071, 0.6867188811302185, 0.6814108490943909, 0.671513020992279, 0.6538269519805908, 0.6277724504470825, 0.5948441028594971, 0.5582950711250305, 0.5217456817626953, 0.4861224889755249], "val_accuracy": [0.5373932123184204, 0.5507478713989258, 0.5726495981216431, 0.6378205418586731, 0.7200855016708374, 0.7932692766189575, 0.8279914855957031, 0.8488247990608215, 0.8536325097084045, 0.8664530515670776]}