{"accuracy": [0.56, 0.72, 0.76, 0.76, 0.75, 0.78, 0.78, 0.83, 0.82, 0.79], "val_accuracy": [0.714, 0.728, 0.753, 0.751, 0.749, 0.755, 0.758, 0.761, 0.749, 0.755], "loss": [110.74800000000002, 64.196, 58.03600000000001, 57.30000000000001, 56.57199999999997, 54.86800000000001, 54.32399999999998, 53.556000000000026, 53.43599999999999, 52.616000000000014], "val_loss": [709.8879999999995, 674.7479999999999, 677.5999999999987, 665.8839999999998, 648.2040000000004, 632.6240000000001, 637.4720000000001, 634.9120000000001, 634.5320000000003, 637.9440000000004]}