{"loss": [0.705706000328064, 0.6587935090065002, 0.6027911901473999, 0.5319022536277771, 0.45644140243530273, 0.3863004148006439, 0.3244670033454895, 0.27255979180336, 0.2310023456811905, 0.1987045556306839], "accuracy": [0.44920819997787476, 0.6619777679443359, 0.7614555358886719, 0.8162904381752014, 0.8595855832099915, 0.8999326229095459, 0.9296663999557495, 0.9497135877609253, 0.9588948488235474, 0.9647068381309509], "val_loss": [0.6769213080406189, 0.6271282434463501, 0.5610358715057373, 0.4844667315483093, 0.4111142158508301, 0.34612002968788147, 0.29091528058052063, 0.2455487698316574, 0.20976702868938446, 0.18194997310638428], "val_accuracy": [0.6043238043785095, 0.7445952892303467, 0.8069382309913635, 0.854198157787323, 0.8893917202949524, 0.9190548658370972, 0.9366516470909119, 0.9567622542381287, 0.9653092622756958, 0.9688286185264587]}