{"loss": [0.6882005929946899, 0.6691674590110779, 0.6318641901016235, 0.572681725025177, 0.5017473101615906, 0.4317348003387451, 0.3694990873336792, 0.31727123260498047, 0.27444541454315186, 0.2397468090057373], "accuracy": [0.6017496585845947, 0.8819433450698853, 0.9295907020568848, 0.9447087645530701, 0.9486156702041626, 0.9506540298461914, 0.954136312007904, 0.9568541646003723, 0.9594021439552307, 0.960591197013855], "val_loss": [0.680898904800415, 0.6547501087188721, 0.6055798530578613, 0.5374791622161865, 0.4643391966819763, 0.39711716771125793, 0.3387460708618164, 0.29079583287239075, 0.25102710723876953, 0.21942950785160065], "val_accuracy": [0.8495393991470337, 0.9339815378189087, 0.9529170989990234, 0.9534288644790649, 0.9559876918792725, 0.9651995897293091, 0.9682701826095581, 0.9698055386543274, 0.9713408350944519, 0.9749231934547424]}