{"loss": [0.5890412330627441, 0.5019689798355103, 0.4206954538822174, 0.3534296751022339, 0.30034977197647095, 0.2591995298862457, 0.22767825424671173, 0.20374594628810883, 0.1857198178768158, 0.17202340066432953], "accuracy": [0.8333616852760315, 0.8900119662284851, 0.9079327583312988, 0.9204179048538208, 0.9317139983177185, 0.9399524927139282, 0.946577250957489, 0.9508239030838013, 0.9518430829048157, 0.9535417556762695], "val_loss": [0.5427689552307129, 0.4565791189670563, 0.3822118937969208, 0.3223922848701477, 0.27535107731819153, 0.23838533461093903, 0.21009457111358643, 0.18842795491218567, 0.17188751697540283, 0.15923084318637848], "val_accuracy": [0.873080849647522, 0.9037870764732361, 0.918628454208374, 0.9283520579338074, 0.9390992522239685, 0.9513817429542542, 0.954452395439148, 0.954452395439148, 0.9570112228393555, 0.9570112228393555]}