{"accuracy": [0.87, 0.86, 0.88, 0.88, 0.89, 0.9, 0.9, 0.9, 0.9, 0.9], "val_accuracy": [0.876, 0.868, 0.88, 0.898, 0.907, 0.908, 0.916, 0.923, 0.936, 0.936], "loss": [56.040000000000006, 42.79599999999998, 39.120000000000005, 35.684, 32.772, 29.732000000000003, 29.548000000000002, 27.916000000000007, 26.736000000000004, 27.236], "val_loss": [480.3680000000002, 445.6520000000003, 399.16000000000014, 331.86800000000034, 302.6440000000001, 287.48000000000064, 284.1200000000002, 282.0880000000003, 259.91600000000045, 270.5480000000004]}