{"loss": [0.38668563961982727, 0.29359859228134155, 0.24709144234657288, 0.21787402033805847, 0.1938330978155136, 0.18615782260894775, 0.1877598911523819, 0.17415007948875427, 0.18320681154727936, 0.17212487757205963], "accuracy": [0.8657278418540955, 0.9188635945320129, 0.9227935075759888, 0.9363844394683838, 0.9358113408088684, 0.9390862584114075, 0.927132785320282, 0.9446536302566528, 0.9357295036315918, 0.9421974420547485], "val_loss": [0.32261553406715393, 0.26779571175575256, 0.22049292922019958, 0.20761719346046448, 0.18838433921337128, 0.19080758094787598, 0.17076312005519867, 0.24140486121177673, 0.1682562679052353, 0.15842022001743317], "val_accuracy": [0.8964163661003113, 0.9081984162330627, 0.9435445070266724, 0.925380527973175, 0.9229259490966797, 0.9435445070266724, 0.9312715530395508, 0.8659794330596924, 0.9435445070266724, 0.9572902321815491]}