{"accuracy": [0.7, 0.91, 0.96, 0.99, 0.97, 0.98, 0.98, 0.98, 0.99, 0.99], "val_accuracy": [0.8429079816980173, 0.9247585155058464, 0.9715302491103203, 0.9705134722928317, 0.9684799186578547, 0.9730554143365532, 0.9725470259278088, 0.9715302491103203, 0.9694966954753431, 0.9771225216065074], "loss": [79.992, 41.156, 25.244000000000003, 18.152000000000008, 16.124000000000002, 17.344000000000005, 15.596000000000004, 16.339999999999996, 16.16, 17.704], "val_loss": [1032.7680000000007, 697.972000000001, 470.72400000000226, 433.52000000000334, 453.8280000000025, 408.85200000000236, 406.5160000000017, 407.8920000000028, 431.8200000000026, 409.92800000000165]}