{"loss": [63.75377655029297, 36.97688293457031, 10.42799186706543, 0.7703889012336731, 0.7423927187919617, 0.7204887270927429, 0.7029063105583191, 0.691055178642273, 0.680949866771698, 0.6765127182006836], "accuracy": [0.3914017677307129, 0.3914847671985626, 0.4022740423679352, 0.4911611080169678, 0.4911611080169678, 0.4911611080169678, 0.4899991750717163, 0.4929039776325226, 0.6046974658966064, 0.6071043014526367], "val_loss": [50.1893196105957, 23.43733024597168, 0.7899601459503174, 0.7586631774902344, 0.7319781184196472, 0.7108480334281921, 0.6956953406333923, 0.6881169676780701, 0.6774801015853882, 0.6704105734825134], "val_accuracy": [0.39075207710266113, 0.39176833629608154, 0.48678866028785706, 0.48678866028785706, 0.48678866028785706, 0.48678866028785706, 0.48678866028785706, 0.6097561717033386, 0.5995935201644897, 0.6092480421066284]}