{"loss": [0.7017127275466919, 0.6851809024810791, 0.6699702143669128, 0.6485903859138489, 0.6200741529464722, 0.5853464007377625, 0.5463652610778809, 0.5051144361495972, 0.4642827808856964, 0.42578020691871643], "accuracy": [0.5211350321769714, 0.6279892325401306, 0.7887336015701294, 0.8594644665718079, 0.8920512199401855, 0.9058605432510376, 0.908470869064331, 0.9122599959373474, 0.9145334959030151, 0.9157123565673828], "val_loss": [0.6869473457336426, 0.6715425848960876, 0.6506485342979431, 0.6205002069473267, 0.5829042792320251, 0.5398727059364319, 0.49378108978271484, 0.447957843542099, 0.404852956533432, 0.366286963224411], "val_accuracy": [0.6381909251213074, 0.7994974851608276, 0.8753768801689148, 0.9140703678131104, 0.9231155514717102, 0.925628125667572, 0.9261306524276733, 0.9251255989074707, 0.9251255989074707, 0.925628125667572]}