{"loss": [32.323692321777344, 3.8621087074279785, 1.846013069152832, 1.333404779434204, 1.1198234558105469, 0.9907286167144775, 0.8609560132026672, 0.7047874927520752, 0.5440306663513184, 0.36564430594444275], "accuracy": [0.7790534496307373, 0.9343355298042297, 0.9632444381713867, 0.9686958193778992, 0.9695217609405518, 0.9698521494865417, 0.9695217609405518, 0.971091091632843, 0.9696869850158691, 0.9684479832649231], "val_loss": [6.2051568031311035, 2.0370326042175293, 1.4408037662506104, 1.2927647829055786, 1.20061194896698, 1.1187200546264648, 0.9083545207977295, 0.6975827217102051, 0.48824557662010193, 0.2895134389400482], "val_accuracy": [0.9074627161026001, 0.9666666984558105, 0.9686567783355713, 0.9671642184257507, 0.9666666984558105, 0.9676617383956909, 0.9671642184257507, 0.9691542983055115, 0.9676617383956909, 0.9716418385505676]}