{"loss": [0.47183957695961, 0.34287646412849426, 0.2663433849811554, 0.21039186418056488, 0.17850148677825928, 0.14483900368213654, 0.12079160660505295, 0.0983298197388649, 0.0853845402598381, 0.0760204866528511], "accuracy": [0.9538127183914185, 0.9863860607147217, 0.9853837490081787, 0.9881399869918823, 0.9876388311386108, 0.9875553250312805, 0.9908126592636108, 0.9933183193206787, 0.9908126592636108, 0.9910632371902466], "val_loss": [0.38660287857055664, 0.3018766939640045, 0.23182374238967896, 0.18569353222846985, 0.15205326676368713, 0.1420612633228302, 0.10345526039600372, 0.08689486235380173, 0.07423750311136246, 0.06410355865955353], "val_accuracy": [0.9884538650512695, 0.9789157509803772, 0.9924699664115906, 0.9889559149742126, 0.9929719567298889, 0.9799197316169739, 0.9944779872894287, 0.9944779872894287, 0.9929719567298889, 0.994979977607727]}