{"loss": [0.6498609781265259, 0.559041440486908, 0.4790084958076477, 0.4194445312023163, 0.3776692748069763, 0.34821486473083496, 0.32735028862953186, 0.3126322627067566, 0.3019513487815857, 0.29425713419914246], "accuracy": [0.7573304772377014, 0.8339803218841553, 0.8909721970558167, 0.9092260599136353, 0.9135211110115051, 0.9143470525741577, 0.9141818881034851, 0.9152556657791138, 0.9150078296661377, 0.9160816073417664], "val_loss": [0.601686418056488, 0.5095505118370056, 0.4360978901386261, 0.3829883933067322, 0.3448418378829956, 0.3172202706336975, 0.2977041006088257, 0.2829373776912689, 0.27215924859046936, 0.26428458094596863], "val_accuracy": [0.763184130191803, 0.8810945749282837, 0.9218906164169312, 0.9258707165718079, 0.9318408370018005, 0.9323383569717407, 0.93034827709198, 0.93034827709198, 0.9318408370018005, 0.9328358769416809]}