{"loss": [0.6601738333702087, 0.6024920344352722, 0.5330109596252441, 0.4653419554233551, 0.40758824348449707, 0.3616969883441925, 0.3262442350387573, 0.2990001142024994, 0.27815017104148865, 0.26207515597343445], "accuracy": [0.5310612916946411, 0.7485317587852478, 0.859955370426178, 0.8898999691009521, 0.9025560617446899, 0.9071884155273438, 0.9131442308425903, 0.9164530038833618, 0.918520987033844, 0.9201753735542297], "val_loss": [0.6281490325927734, 0.5595940351486206, 0.48531973361968994, 0.4192133843898773, 0.3655845820903778, 0.32464635372161865, 0.2917940616607666, 0.2673099935054779, 0.24828621745109558, 0.23419319093227386], "val_accuracy": [0.6606268286705017, 0.8604309558868408, 0.9069539308547974, 0.920665979385376, 0.9260528683662415, 0.9275220036506653, 0.9299706220626831, 0.9289911389350891, 0.9319294691085815, 0.9324191808700562]}