{"loss": [0.9232094287872314, 0.6227261424064636, 0.44598376750946045, 0.3315095603466034, 0.2542667090892792, 0.20099949836730957, 0.16353952884674072, 0.13669812679290771, 0.11711005866527557, 0.10260261595249176], "accuracy": [0.535759687423706, 0.7658931612968445, 0.9822790622711182, 0.9827558398246765, 0.9828352928161621, 0.9826763868331909, 0.9825969338417053, 0.9826763868331909, 0.9826763868331909, 0.9826763868331909], "val_loss": [0.7440146207809448, 0.5193331241607666, 0.37871381640434265, 0.28474071621894836, 0.22035320103168488, 0.17523972690105438, 0.14303714036941528, 0.11956550925970078, 0.10212145745754242, 0.08899915963411331], "val_accuracy": [0.5361360907554626, 0.9844119548797607, 0.9863014221191406, 0.9863014221191406, 0.9863014221191406, 0.9863014221191406, 0.9863014221191406, 0.9863014221191406, 0.9863014221191406, 0.9863014221191406]}