{"loss": [0.6885958313941956, 0.6724805235862732, 0.6483784914016724, 0.611717700958252, 0.5651982426643372, 0.514962911605835, 0.4661215543746948, 0.4214669167995453, 0.38180023431777954, 0.3474656939506531], "accuracy": [0.5472881197929382, 0.7698305249214172, 0.8753389716148376, 0.9063559174537659, 0.92254239320755, 0.9273728728294373, 0.931779682636261, 0.931779682636261, 0.9328813552856445, 0.9333050847053528], "val_loss": [0.6808891296386719, 0.6612380146980286, 0.6284264922142029, 0.5823168754577637, 0.5290035009384155, 0.4756558835506439, 0.42728790640830994, 0.3833659887313843, 0.34632426500320435, 0.3144567608833313], "val_accuracy": [0.7468482255935669, 0.8734241127967834, 0.9041855931282043, 0.9248613119125366, 0.9278870224952698, 0.9334341883659363, 0.9314170479774475, 0.9334341883659363, 0.9334341883659363, 0.9349470734596252]}