{"accuracy": [0.76, 0.93, 0.94, 0.96, 0.94, 0.95, 0.95, 0.95, 0.95, 0.96], "val_accuracy": [0.888, 0.922, 0.924, 0.922, 0.917, 0.914, 0.912, 0.911, 0.91, 0.921], "loss": [83.36400000000003, 42.692000000000014, 30.063999999999982, 27.312, 28.403999999999996, 26.6, 27.508000000000003, 27.332000000000004, 25.703999999999997, 26.396000000000015], "val_loss": [586.9240000000009, 347.9880000000001, 322.55200000000093, 320.35200000000145, 314.75600000000065, 329.4360000000005, 325.6040000000009, 363.8480000000003, 330.50000000000074, 317.41600000000034]}