{"loss": [0.7210980653762817, 0.689453661441803, 0.6622673273086548, 0.6360254287719727, 0.6108323931694031, 0.5869755148887634, 0.564235270023346, 0.5426429510116577, 0.5222987532615662, 0.5031580328941345], "accuracy": [0.288809597492218, 0.47812050580978394, 0.599456250667572, 0.7434786558151245, 0.8181663751602173, 0.8401733636856079, 0.8709321618080139, 0.8808735013008118, 0.8904750347137451, 0.8990568518638611], "val_loss": [0.7040849924087524, 0.673965334892273, 0.6456826329231262, 0.6183502078056335, 0.5922994017601013, 0.5679723024368286, 0.5446146726608276, 0.5227791666984558, 0.5020555257797241, 0.4826924800872803], "val_accuracy": [0.1651138812303543, 0.5439958572387695, 0.7541407942771912, 0.8467909097671509, 0.8752588033676147, 0.8944099545478821, 0.9083850979804993, 0.9171842932701111, 0.9223602414131165, 0.9254658818244934]}