{"accuracy": [0.72, 0.86, 0.94, 0.97, 0.99, 0.98, 0.98, 0.98, 0.97, 0.97], "val_accuracy": [0.872, 0.928, 0.953, 0.963, 0.959, 0.96, 0.96, 0.959, 0.965, 0.964], "loss": [72.01999999999997, 35.23199999999999, 29.067999999999994, 23.179999999999986, 21.195999999999998, 20.511999999999997, 19.711999999999993, 18.680000000000007, 18.896000000000004, 19.079999999999995], "val_loss": [423.1920000000009, 301.4200000000005, 235.7200000000003, 222.04400000000066, 230.7959999999999, 211.00399999999996, 209.1880000000005, 214.02000000000064, 211.94000000000003, 207.9000000000004]}