{"loss": [0.7029396295547485, 0.6904613375663757, 0.6836800575256348, 0.6733464598655701, 0.657647967338562, 0.6356469988822937, 0.6073768138885498, 0.5748113989830017, 0.540672242641449, 0.5071642398834229], "accuracy": [0.530730664730072, 0.530730664730072, 0.5327216386795044, 0.5700311660766602, 0.7087950706481934, 0.7827216386795044, 0.8450485467910767, 0.8485977053642273, 0.8621883988380432, 0.86565101146698], "val_loss": [0.6935977935791016, 0.6868414282798767, 0.6776204109191895, 0.663611114025116, 0.6430082321166992, 0.615516185760498, 0.5823306441307068, 0.5476145148277283, 0.5121927261352539, 0.4786396622657776], "val_accuracy": [0.5310199856758118, 0.5310199856758118, 0.5657203197479248, 0.7429022789001465, 0.8070452809333801, 0.8590957522392273, 0.8611987829208374, 0.8727655410766602, 0.8690852522850037, 0.8680337071418762]}