{"accuracy": [0.53, 0.62, 0.74, 0.84, 0.88], "val_accuracy": [0.756, 0.836, 0.892, 0.892, 0.872], "loss": [53.31650793435861, 27.99046986812389, 18.172998067832715, 14.275320399754804, 12.767948338722954], "val_loss": [147.3968352449317, 90.98944280749711, 75.22352123892429, 70.619545047466, 64.9288761411264]}