{"loss": [0.7243441939353943, 0.691436231136322, 0.6836617588996887, 0.6734729409217834, 0.6545810103416443, 0.6240717768669128, 0.5830658078193665, 0.5369730591773987, 0.4920254945755005, 0.4508668780326843], "accuracy": [0.4778737723827362, 0.5317348837852478, 0.5617066621780396, 0.5498060584068298, 0.6871474385261536, 0.8416784405708313, 0.8857545852661133, 0.8985366821289062, 0.8988011479377747, 0.8990656137466431], "val_loss": [0.6993536353111267, 0.6887973546981812, 0.6810826063156128, 0.6668512225151062, 0.6412698030471802, 0.6035866141319275, 0.5574172139167786, 0.5099273920059204, 0.46598175168037415, 0.42744681239128113], "val_accuracy": [0.4711538553237915, 0.5341880321502686, 0.5261752605438232, 0.5897436141967773, 0.7767094373703003, 0.8680555820465088, 0.8899573087692261, 0.8958333730697632, 0.8899573087692261, 0.8910256624221802]}