{"loss": [0.6882252097129822, 0.664735734462738, 0.6412439346313477, 0.6081188917160034, 0.5650290846824646, 0.510978639125824, 0.44951945543289185, 0.3901742696762085, 0.33835169672966003, 0.29472702741622925], "accuracy": [0.5174692273139954, 0.5204427242279053, 0.5628148913383484, 0.6997604966163635, 0.8424878120422363, 0.9132733345031738, 0.9386305809020996, 0.9555628895759583, 0.9674568772315979, 0.9700173735618591], "val_loss": [0.674777626991272, 0.6552029252052307, 0.6269910931587219, 0.5887306928634644, 0.5402237772941589, 0.48100656270980835, 0.41921985149383545, 0.36316555738449097, 0.31591928005218506, 0.2762435972690582], "val_accuracy": [0.5114427804946899, 0.5179104804992676, 0.5975124835968018, 0.8064677119255066, 0.9079602360725403, 0.9223880767822266, 0.9417911171913147, 0.9577114582061768, 0.9616915583610535, 0.9716418385505676]}