{"loss": [0.7350528240203857, 0.6879215836524963, 0.6742140054702759, 0.658222496509552, 0.6370512843132019, 0.610046923160553, 0.578299880027771, 0.5428341031074524, 0.505078911781311, 0.4658051133155823], "accuracy": [0.53611159324646, 0.53611159324646, 0.53611159324646, 0.53611159324646, 0.5491185784339905, 0.6258771419525146, 0.7473900318145752, 0.8413485884666443, 0.9025329351425171, 0.9401848316192627], "val_loss": [0.6985713839530945, 0.6797396540641785, 0.6648251414299011, 0.6450802683830261, 0.6195027828216553, 0.5883150696754456, 0.552992045879364, 0.5149081349372864, 0.47533562779426575, 0.4350837171077728], "val_accuracy": [0.5354167222976685, 0.5354167222976685, 0.5354167222976685, 0.5364583730697632, 0.6109375357627869, 0.7494792342185974, 0.8578125238418579, 0.9218750596046448, 0.9453125596046448, 0.9557292461395264]}