{"loss": [0.6798598766326904, 0.5148191452026367, 0.4101233184337616, 0.3403175175189972, 0.29106104373931885, 0.2545466125011444, 0.22635596990585327, 0.20404651761054993, 0.18589463829994202, 0.1708582043647766], "accuracy": [0.546269416809082, 0.839239776134491, 0.9214043021202087, 0.9447256922721863, 0.954602062702179, 0.9593327045440674, 0.963565468788147, 0.9668852090835571, 0.9686281085014343, 0.9703710079193115], "val_loss": [0.5755112171173096, 0.4394029676914215, 0.35158589482307434, 0.29124048352241516, 0.2483169585466385, 0.21632514894008636, 0.1914380043745041, 0.1711442619562149, 0.15484930574893951, 0.14142237603664398], "val_accuracy": [0.7256098389625549, 0.9339431524276733, 0.9537602066993713, 0.9593496918678284, 0.965955376625061, 0.9700204133987427, 0.9720529317855835, 0.9740854501724243, 0.9756098389625549, 0.9771342277526855]}