{"loss": [0.6768208146095276, 0.6226601600646973, 0.5409939289093018, 0.4574757516384125, 0.385980486869812, 0.3291964828968048, 0.28522607684135437, 0.2516726851463318, 0.22610297799110413, 0.20657004415988922], "accuracy": [0.6168919801712036, 0.8262878656387329, 0.9014204740524292, 0.9294882416725159, 0.9439499974250793, 0.9537053108215332, 0.9576416015625, 0.9595242142677307, 0.9606366753578186, 0.9611501097679138], "val_loss": [0.655156135559082, 0.5804238319396973, 0.4904116690158844, 0.40821099281311035, 0.3406413793563843, 0.2874125838279724, 0.24614369869232178, 0.21429313719272614, 0.18968743085861206, 0.17043845355510712], "val_accuracy": [0.7171875238418579, 0.8968750238418579, 0.9447917342185974, 0.9546875357627869, 0.9635417461395264, 0.9635417461395264, 0.9682292342185974, 0.9671875238418579, 0.9703125357627869, 0.9708333611488342]}