{"loss": [0.7073203921318054, 0.5776435732841492, 0.4225993752479553, 0.3172450661659241, 0.24994894862174988, 0.2049769163131714, 0.17328670620918274, 0.15012751519680023, 0.1328599900007248, 0.1198001503944397], "accuracy": [0.4857030212879181, 0.7424170970916748, 0.9609795212745667, 0.9879147410392761, 0.9877567887306213, 0.9875987768173218, 0.9868878722190857, 0.9870458841323853, 0.9871248602867126, 0.9871248602867126], "val_loss": [0.6530185341835022, 0.48791101574897766, 0.3544870913028717, 0.2711581289768219, 0.21520428359508514, 0.17846237123012543, 0.14950326085090637, 0.12937116622924805, 0.11315454542636871, 0.10130368918180466], "val_accuracy": [0.5556617379188538, 0.9159101843833923, 0.9909221529960632, 0.991399884223938, 0.9918776750564575, 0.9894887804985046, 0.9904443621635437, 0.9904443621635437, 0.9909221529960632, 0.9904443621635437]}