{"loss": [6.402839660644531, 1.5679460763931274, 1.0822103023529053, 0.8101333379745483, 0.6510491967201233, 0.5302132964134216, 0.4625489115715027, 0.4041655659675598, 0.3719097673892975, 0.3242496848106384], "accuracy": [0.7812941074371338, 0.9026798605918884, 0.9053244590759277, 0.9123766422271729, 0.9201340079307556, 0.9234837889671326, 0.9226904511451721, 0.9262165427207947, 0.9240127205848694, 0.9295663237571716], "val_loss": [1.5492409467697144, 1.0458316802978516, 0.8019306063652039, 0.7630298733711243, 0.6123654842376709, 0.4991952180862427, 0.4111928939819336, 0.34087803959846497, 0.3767666816711426, 0.38997846841812134], "val_accuracy": [0.9022436141967773, 0.9081196784973145, 0.9230769872665405, 0.9230769872665405, 0.9257479310035706, 0.9236111640930176, 0.9364316463470459, 0.9428419470787048, 0.9273504614830017, 0.9155983328819275]}