{"loss": [0.6937996745109558, 0.6699767112731934, 0.642734706401825, 0.6073330640792847, 0.5607983469963074, 0.5002903938293457, 0.4376069903373718, 0.3784654438495636, 0.3259693384170532, 0.28080448508262634], "accuracy": [0.5142411589622498, 0.5168677568435669, 0.6326028108596802, 0.8388738632202148, 0.9616678953170776, 0.9779200553894043, 0.9799721240997314, 0.9798900485038757, 0.9801362752914429, 0.9812854528427124], "val_loss": [0.6794052124023438, 0.6567796468734741, 0.6265936493873596, 0.5882301926612854, 0.5354421138763428, 0.47368139028549194, 0.41355252265930176, 0.3585589528083801, 0.3108242452144623, 0.269707590341568], "val_accuracy": [0.5176233649253845, 0.5730111002922058, 0.6888217329978943, 0.887210488319397, 0.964753270149231, 0.9672709107398987, 0.965760350227356, 0.965760350227356, 0.9702920317649841, 0.9707955718040466]}