{"loss": [1.767934799194336, 0.9320129752159119, 0.6653289198875427, 0.5357974171638489, 0.45044106245040894, 0.38888201117515564, 0.35018646717071533, 0.3157774806022644, 0.2949126064777374, 0.2741101086139679], "accuracy": [0.8971711993217468, 0.9234890341758728, 0.9308958649635315, 0.9319990277290344, 0.9307382702827454, 0.9235678315162659, 0.9173429608345032, 0.9121424555778503, 0.9081238508224487, 0.9086754322052002], "val_loss": [0.8459051251411438, 0.575918972492218, 0.5080558061599731, 0.41878050565719604, 0.35015687346458435, 0.2917196750640869, 0.27240797877311707, 0.24791210889816284, 0.23396605253219604, 0.2215467095375061], "val_accuracy": [0.9356343150138855, 0.9472947716712952, 0.9533581733703613, 0.9514924883842468, 0.94822758436203, 0.9407649040222168, 0.9328358173370361, 0.9295708537101746, 0.9272387623786926, 0.9281716346740723]}