{"loss": [0.6762688159942627, 0.6294320225715637, 0.5883755683898926, 0.5510351657867432, 0.5168249011039734, 0.4853972792625427, 0.456421822309494, 0.4296966791152954, 0.40497156977653503, 0.38207757472991943], "accuracy": [0.6311125755310059, 0.9271414875984192, 0.9597144722938538, 0.966770589351654, 0.974811315536499, 0.9769445657730103, 0.9782572984695435, 0.9785855412483215, 0.9790778160095215, 0.9798162579536438], "val_loss": [0.6504786610603333, 0.6052293181419373, 0.5643839836120605, 0.5269628763198853, 0.49286508560180664, 0.46163737773895264, 0.43292760848999023, 0.40650051832199097, 0.38212382793426514, 0.35963746905326843], "val_accuracy": [0.8735060095787048, 0.9531872868537903, 0.9711155891418457, 0.9805777072906494, 0.9805777072906494, 0.9795817136764526, 0.980079710483551, 0.980079710483551, 0.9820717573165894, 0.9810757040977478]}