{"loss": [0.6925011277198792, 0.6767510771751404, 0.6610936522483826, 0.6385549306869507, 0.6071878671646118, 0.5682063102722168, 0.5247020125389099, 0.47986358404159546, 0.4364341199398041, 0.39604824781417847], "accuracy": [0.5226210355758667, 0.5672457814216614, 0.6497927308082581, 0.7717611789703369, 0.8325248956680298, 0.871681809425354, 0.9034306406974792, 0.9181585907936096, 0.9242437481880188, 0.9303289651870728], "val_loss": [0.6838933229446411, 0.6697225570678711, 0.6501548886299133, 0.6210874915122986, 0.5832335948944092, 0.5394250154495239, 0.4926072955131531, 0.446181058883667, 0.4037749469280243, 0.36457857489585876], "val_accuracy": [0.5556756854057312, 0.6556757092475891, 0.7891892194747925, 0.8448649048805237, 0.8891891837120056, 0.9091892242431641, 0.9172973036766052, 0.9237837791442871, 0.9275676012039185, 0.931891918182373]}