{"accuracy": [0.62, 0.9, 0.91, 0.95, 0.95, 0.96, 0.94, 0.94, 0.95, 0.96], "val_accuracy": [0.818, 0.9, 0.928, 0.928, 0.927, 0.941, 0.939, 0.942, 0.939, 0.944], "loss": [91.70000000000002, 38.919999999999995, 35.3, 32.672, 32.096, 31.668, 31.403999999999993, 30.827999999999996, 30.63600000000001, 29.836000000000002], "val_loss": [489.4520000000006, 368.18800000000005, 329.6720000000005, 317.2040000000007, 319.5600000000007, 299.15600000000035, 308.1680000000003, 307.46800000000036, 309.59200000000004, 311.6440000000003]}