{"loss": [0.6921434998512268, 0.6813693046569824, 0.6678168177604675, 0.6467519402503967, 0.6163827776908875, 0.5767869353294373, 0.5312249660491943, 0.4833686351776123, 0.43745264410972595, 0.39480987191200256], "accuracy": [0.5219154953956604, 0.5219154953956604, 0.5441396832466125, 0.7624129056930542, 0.8869388699531555, 0.9227445125579834, 0.9381779432296753, 0.9425875544548035, 0.9428520798683167, 0.9437339901924133], "val_loss": [0.6856887936592102, 0.6735263466835022, 0.6553606986999512, 0.627865195274353, 0.5903711318969727, 0.544420063495636, 0.4951436519622803, 0.446127712726593, 0.4008193612098694, 0.3612412214279175], "val_accuracy": [0.5178378224372864, 0.5178378224372864, 0.6881081461906433, 0.8767567873001099, 0.915675699710846, 0.9329729676246643, 0.9399999976158142, 0.9405405521392822, 0.9405405521392822, 0.9405405521392822]}