{"loss": [0.5024681091308594, 0.37322160601615906, 0.29278796911239624, 0.23567910492420197, 0.19804346561431885, 0.16415420174598694, 0.14176242053508759, 0.12352356314659119, 0.114919014275074, 0.10041236132383347], "accuracy": [0.9293692708015442, 0.96934574842453, 0.9755606055259705, 0.9781640768051147, 0.9776601791381836, 0.9826152920722961, 0.9826152920722961, 0.9829512238502502, 0.9857226610183716, 0.9831191897392273], "val_loss": [0.4239974021911621, 0.327897846698761, 0.2665688991546631, 0.22286511957645416, 0.18340334296226501, 0.15727083384990692, 0.1347665637731552, 0.12806598842144012, 0.11274288594722748, 0.09642190486192703], "val_accuracy": [0.9588437676429749, 0.9735424518585205, 0.9701127409934998, 0.9666830897331238, 0.9769721627235413, 0.9730525016784668, 0.9779520630836487, 0.9828516244888306, 0.9833415746688843, 0.9789319634437561]}