{"loss": [0.7246790528297424, 0.6902182698249817, 0.6866068840026855, 0.6841700673103333, 0.6811479926109314, 0.6771716475486755, 0.6726614236831665, 0.6671964526176453, 0.6610240340232849, 0.6546524167060852], "accuracy": [0.5129359364509583, 0.5201408267021179, 0.5476502180099487, 0.5656623244285583, 0.5790076851844788, 0.5844113230705261, 0.6152775287628174, 0.6209267973899841, 0.6252660751342773, 0.6464712619781494], "val_loss": [0.695023238658905, 0.686580240726471, 0.684104323387146, 0.6813082098960876, 0.6777787208557129, 0.6736721396446228, 0.6683844327926636, 0.662452220916748, 0.6566978693008423, 0.649370014667511], "val_accuracy": [0.5046637654304504, 0.532646119594574, 0.5616102814674377, 0.5792832970619202, 0.6151203513145447, 0.6529210209846497, 0.6539028286933899, 0.6612666249275208, 0.6691213250160217, 0.6607757210731506]}