{"accuracy": [0.48, 0.68, 0.75, 0.74, 0.74, 0.75, 0.73, 0.75, 0.75, 0.77], "val_accuracy": [0.615, 0.636, 0.642, 0.644, 0.653, 0.65, 0.661, 0.673, 0.691, 0.703], "loss": [118.992, 74.58399999999999, 66.74000000000001, 65.7, 63.632, 63.79599999999999, 62.19199999999999, 60.476, 58.272, 55.444], "val_loss": [881.1160000000001, 810.1320000000005, 814.7560000000009, 820.3080000000006, 809.9719999999995, 782.2679999999995, 772.9160000000004, 758.016, 722.4679999999998, 687.0760000000006]}