{"loss": [0.679828405380249, 0.6652567386627197, 0.6409041285514832, 0.6058282256126404, 0.561887800693512, 0.513267993927002, 0.46404701471328735, 0.41696619987487793, 0.3737615644931793, 0.33513644337654114], "accuracy": [0.53611159324646, 0.5622967481613159, 0.7165839672088623, 0.8409207463264465, 0.9100633263587952, 0.9359062314033508, 0.9478007555007935, 0.9513092637062073, 0.955416738986969, 0.9578127861022949], "val_loss": [0.6737406253814697, 0.6536857485771179, 0.6223032474517822, 0.5801050066947937, 0.530301570892334, 0.4785316288471222, 0.4278939664363861, 0.37987565994262695, 0.3370629549026489, 0.29949721693992615], "val_accuracy": [0.5354167222976685, 0.6156250238418579, 0.7666667103767395, 0.8989583849906921, 0.92864590883255, 0.9453125596046448, 0.9494792222976685, 0.9609375596046448, 0.9645833969116211, 0.9661458730697632]}