{"loss": [0.4872806966304779, 0.3614863157272339, 0.2897825241088867, 0.2511449158191681, 0.20808875560760498, 0.17879609763622284, 0.17888730764389038, 0.1445283144712448, 0.12931540608406067, 0.11009387671947479], "accuracy": [0.9111424684524536, 0.9648272395133972, 0.9765515327453613, 0.972496509552002, 0.9746121764183044, 0.9791079163551331, 0.9675599932670593, 0.977697491645813, 0.978579044342041, 0.9804302453994751], "val_loss": [0.3939632475376129, 0.3073008060455322, 0.26069965958595276, 0.2103307843208313, 0.18460038304328918, 0.1690194308757782, 0.13519199192523956, 0.17500241100788116, 0.10403775423765182, 0.0961076095700264], "val_accuracy": [0.9716880917549133, 0.9839743971824646, 0.9775641560554504, 0.9839743971824646, 0.9813034534454346, 0.9834402203559875, 0.9855769872665405, 0.9754273891448975, 0.9839743971824646, 0.9903846383094788]}