{"loss": [0.6861498951911926, 0.6678681373596191, 0.6515021324157715, 0.6350414752960205, 0.6200798153877258, 0.607688307762146, 0.5980527400970459, 0.5909191966056824, 0.5856320261955261, 0.5818215608596802], "accuracy": [0.545246422290802, 0.6386227011680603, 0.6746671795845032, 0.6975659728050232, 0.7089306116104126, 0.7119837403297424, 0.714188814163208, 0.7156305909156799, 0.7158002257347107, 0.7174116373062134], "val_loss": [0.6710864901542664, 0.6545762419700623, 0.6368393898010254, 0.6203234791755676, 0.6061986684799194, 0.5951793789863586, 0.5869227647781372, 0.5811030268669128, 0.5765048861503601, 0.5735836625099182], "val_accuracy": [0.6042189598083496, 0.663987934589386, 0.6911100149154663, 0.7046710252761841, 0.7076845765113831, 0.7101958990097046, 0.710698127746582, 0.7127071619033813, 0.7152184844017029, 0.7172275185585022]}