{"loss": [0.7567045092582703, 0.6521833539009094, 0.592450737953186, 0.5339580178260803, 0.47917795181274414, 0.43030962347984314, 0.38739174604415894, 0.3499095141887665, 0.3174225687980652, 0.2897062599658966], "accuracy": [0.4691338539123535, 0.5134645700454712, 0.8640157580375671, 0.8914173245429993, 0.9020472764968872, 0.9067716598510742, 0.911496102809906, 0.9166929125785828, 0.9203149676322937, 0.9250394105911255], "val_loss": [0.684884250164032, 0.6221944689750671, 0.5624939799308777, 0.5046250820159912, 0.45201098918914795, 0.40480837225914, 0.3640340566635132, 0.32800787687301636, 0.29674819111824036, 0.26959747076034546], "val_accuracy": [0.47623443603515625, 0.8001846075057983, 0.8989386558532715, 0.9063221216201782, 0.9109368324279785, 0.9141671061515808, 0.9187817573547363, 0.9224734902381897, 0.9247808456420898, 0.9344716668128967]}