{"loss": [0.6866109371185303, 0.6741882562637329, 0.659336268901825, 0.6380179524421692, 0.6083688139915466, 0.5694358348846436, 0.5223968625068665, 0.4721810221672058, 0.42322680354118347, 0.37851041555404663], "accuracy": [0.565645694732666, 0.81100994348526, 0.8669702410697937, 0.9059602618217468, 0.9195364117622375, 0.9307119250297546, 0.937748372554779, 0.939072847366333, 0.942301332950592, 0.9442880749702454], "val_loss": [0.6768478751182556, 0.6633820533752441, 0.6436601877212524, 0.6157973408699036, 0.5786383748054504, 0.5316923260688782, 0.4795837998390198, 0.42672011256217957, 0.37803906202316284, 0.3349180817604065], "val_accuracy": [0.7513620257377625, 0.8553739190101624, 0.9078751802444458, 0.9143139719963074, 0.9351163506507874, 0.940069317817688, 0.9385834336280823, 0.9470034241676331, 0.9494799375534058, 0.9524517059326172]}