{"loss": [95.22883605957031, 26.146785736083984, 8.165501594543457, 4.917209625244141, 3.641646385192871, 2.7857980728149414, 2.1050102710723877, 1.563154697418213, 1.1060715913772583, 0.743733823299408], "accuracy": [0.5293049216270447, 0.6120853424072266, 0.8082149028778076, 0.8735387325286865, 0.895023763179779, 0.908767819404602, 0.9184834361076355, 0.9283570647239685, 0.9385466575622559, 0.9442338347434998], "val_loss": [43.855491638183594, 12.313581466674805, 6.007404327392578, 4.139893054962158, 3.0195889472961426, 2.224266529083252, 1.6316603422164917, 1.141746997833252, 0.7817481160163879, 0.444126695394516], "val_accuracy": [0.5618728995323181, 0.7267080545425415, 0.8523650169372559, 0.8795986771583557, 0.8929765820503235, 0.9130434989929199, 0.9307214617729187, 0.9397993683815002, 0.9503105878829956, 0.9536550641059875]}