{"loss": [0.7099030613899231, 0.6543334722518921, 0.6146604418754578, 0.5801364779472351, 0.5490765571594238, 0.5206984281539917, 0.49446624517440796, 0.47023701667785645, 0.4476870596408844, 0.4267829954624176], "accuracy": [0.5046892166137695, 0.7221346497535706, 0.8884555101394653, 0.9370902180671692, 0.9564279317855835, 0.961241602897644, 0.9638144373893738, 0.9649763703346252, 0.9658892750740051, 0.9651423692703247], "val_loss": [0.6701878309249878, 0.6231147646903992, 0.5844864249229431, 0.5501912832260132, 0.5194029211997986, 0.4910564124584198, 0.4649488627910614, 0.44088953733444214, 0.418565571308136, 0.39790457487106323], "val_accuracy": [0.5685976147651672, 0.835365891456604, 0.920731782913208, 0.9542683959007263, 0.9618903398513794, 0.9674797654151917, 0.9695122838020325, 0.9715448021888733, 0.9735773205757141, 0.9751017093658447]}