{"loss": [0.7198881506919861, 0.681267261505127, 0.6199647784233093, 0.5108618140220642, 0.3976996839046478, 0.3097597360610962, 0.24660390615463257, 0.20119041204452515, 0.16801612079143524, 0.1432209014892578], "accuracy": [0.2279295027256012, 0.5424705743789673, 0.875887393951416, 0.9658398032188416, 0.9772822260856628, 0.9792032241821289, 0.980121910572052, 0.9804559946060181, 0.9815418124198914, 0.9819594025611877], "val_loss": [0.6996553540229797, 0.6587957143783569, 0.5663474798202515, 0.442706823348999, 0.338858962059021, 0.26402655243873596, 0.21107330918312073, 0.17250925302505493, 0.14488834142684937, 0.1234525591135025], "val_accuracy": [0.34638556838035583, 0.7088354229927063, 0.9513052701950073, 0.9774097204208374, 0.9844378232955933, 0.9859438538551331, 0.9869478940963745, 0.9854418635368347, 0.9869478940963745, 0.9859438538551331]}