{"loss": [0.6953878402709961, 0.674859881401062, 0.6582185626029968, 0.6365070343017578, 0.6080960631370544, 0.5733352303504944, 0.5340733528137207, 0.492196261882782, 0.45013687014579773, 0.4097994267940521], "accuracy": [0.5028464794158936, 0.5818676352500916, 0.8547880053520203, 0.8969326615333557, 0.9242076873779297, 0.9283711910247803, 0.9321098327636719, 0.934319019317627, 0.9368680715560913, 0.9394171237945557], "val_loss": [0.6808007955551147, 0.663057804107666, 0.6415990591049194, 0.6131852865219116, 0.5775967240333557, 0.5358313918113708, 0.491415798664093, 0.4458695948123932, 0.40300166606903076, 0.3620730936527252], "val_accuracy": [0.4958592355251312, 0.840062141418457, 0.8969979286193848, 0.9265010356903076, 0.9270186424255371, 0.9409937858581543, 0.9430642127990723, 0.9440994262695312, 0.945652186870575, 0.9477226138114929]}