{"loss": [1.355234146118164, 0.32535263895988464, 0.2186063677072525, 0.18071819841861725, 0.15161868929862976, 0.11146260797977448, 0.10216766595840454, 0.08755002915859222, 0.12397288531064987, 0.06317509710788727], "accuracy": [0.9736626148223877, 0.9922875165939331, 0.994092583656311, 0.9949951171875, 0.9952412247657776, 0.9965540170669556, 0.9965540170669556, 0.9968822002410889, 0.9971283674240112, 0.9977026581764221], "val_loss": [0.44248491525650024, 0.7500951886177063, 0.40643104910850525, 0.44941985607147217, 0.36127182841300964, 0.48700132966041565, 0.5599309802055359, 0.4162124693393707, 0.32302534580230713, 0.635057270526886], "val_accuracy": [0.988545835018158, 0.9865537881851196, 0.9920319318771362, 0.9900398850440979, 0.9940239191055298, 0.9910358786582947, 0.9905378818511963, 0.9925299286842346, 0.9940239191055298, 0.9905378818511963]}