{"loss": [0.7196143865585327, 0.6910210847854614, 0.6780638694763184, 0.6569065451622009, 0.6242950558662415, 0.5821956992149353, 0.5336562395095825, 0.4818180203437805, 0.4301855266094208, 0.3813105821609497], "accuracy": [0.48596981167793274, 0.5214145183563232, 0.783147394657135, 0.8735641837120056, 0.885050892829895, 0.9090088605880737, 0.9406793713569641, 0.9553659558296204, 0.9605349898338318, 0.9650475978851318], "val_loss": [0.6979818940162659, 0.6848809123039246, 0.6684959530830383, 0.6401650309562683, 0.6007207036018372, 0.5533642172813416, 0.5012621879577637, 0.4469161331653595, 0.39578041434288025, 0.3478679358959198], "val_accuracy": [0.48804783821105957, 0.7246016263961792, 0.8769920468330383, 0.8620518445968628, 0.9198207259178162, 0.9561753273010254, 0.9651394486427307, 0.9681274890899658, 0.9741036295890808, 0.9746016263961792]}