{"loss": [0.6633298397064209, 0.6202242970466614, 0.5739371180534363, 0.5197994112968445, 0.4628121256828308, 0.40765082836151123, 0.35705408453941345, 0.31221267580986023, 0.27336010336875916, 0.24006597697734833], "accuracy": [0.5227040648460388, 0.8709183931350708, 0.9553571343421936, 0.95799320936203, 0.9616496562957764, 0.9640306234359741, 0.9657313227653503, 0.9684523940086365, 0.9704082012176514, 0.9727041125297546], "val_loss": [0.640584409236908, 0.5994669795036316, 0.5493241548538208, 0.49518272280693054, 0.44182175397872925, 0.390779048204422, 0.3468007743358612, 0.30840814113616943, 0.2771279811859131, 0.24645766615867615], "val_accuracy": [0.7592783570289612, 0.9500000476837158, 0.946391761302948, 0.9391753077507019, 0.9360824823379517, 0.9438144564628601, 0.9448453783988953, 0.9479382038116455, 0.946391761302948, 0.9530928134918213]}