{"loss": [0.735964298248291, 0.6280356049537659, 0.5543310642242432, 0.4756985902786255, 0.40370553731918335, 0.34527096152305603, 0.30018550157546997, 0.26595595479011536, 0.2399473488330841, 0.22000207006931305], "accuracy": [0.5075331330299377, 0.550000011920929, 0.7778145670890808, 0.9167218804359436, 0.948427140712738, 0.9521523118019104, 0.949999988079071, 0.9490894079208374, 0.9486755132675171, 0.9495033025741577], "val_loss": [0.6715894937515259, 0.5925172567367554, 0.5113630890846252, 0.4301531910896301, 0.36096519231796265, 0.30675432085990906, 0.26546841859817505, 0.23372390866279602, 0.20989252626895905, 0.19114232063293457], "val_accuracy": [0.5002476572990417, 0.6354630589485168, 0.8548786640167236, 0.9499751925468445, 0.95839524269104, 0.960871696472168, 0.9623575806617737, 0.9623575806617737, 0.9623575806617737, 0.9618622660636902]}