{"accuracy": [0.56, 0.74, 0.76, 0.8, 0.78, 0.83, 0.81, 0.85, 0.86, 0.85], "val_accuracy": [0.67, 0.804, 0.82, 0.824, 0.839, 0.846, 0.87, 0.872, 0.87, 0.878], "loss": [101.94800000000002, 63.50399999999999, 57.232, 56.751999999999995, 54.72400000000001, 51.559999999999995, 48.76000000000001, 46.56800000000002, 45.46800000000001, 43.80799999999999], "val_loss": [769.4039999999998, 546.7360000000002, 531.4640000000002, 523.0240000000011, 505.5880000000005, 484.48000000000064, 466.6160000000007, 453.0760000000004, 449.9920000000007, 442.0440000000003]}