{"loss": [0.7045352458953857, 0.6681426763534546, 0.6397709846496582, 0.5993385314941406, 0.5491573810577393, 0.4941805899143219, 0.43927186727523804, 0.3878597319126129, 0.34161654114723206, 0.30131104588508606], "accuracy": [0.4911611080169678, 0.6760727167129517, 0.9044734239578247, 0.9581708312034607, 0.9630674719810486, 0.965557336807251, 0.9670512080192566, 0.9666362404823303, 0.9673832058906555, 0.9676321744918823], "val_loss": [0.682215690612793, 0.655728816986084, 0.618827223777771, 0.5693032145500183, 0.5126404762268066, 0.45411843061447144, 0.39834848046302795, 0.34788447618484497, 0.3037894070148468, 0.26655593514442444], "val_accuracy": [0.48678866028785706, 0.8907520771026611, 0.9573171734809875, 0.9700204133987427, 0.9725610613822937, 0.9720529317855835, 0.9725610613822937, 0.9730691909790039, 0.9730691909790039, 0.9751017093658447]}