{"loss": [2.217398166656494, 0.3884122669696808, 0.31383901834487915, 0.2023611068725586, 0.19006474316120148, 0.1704636961221695, 0.1419885903596878, 0.11059240251779556, 0.15286366641521454, 0.12871137261390686], "accuracy": [0.9600796699523926, 0.9908705949783325, 0.992032527923584, 0.9944393634796143, 0.9948543310165405, 0.9945223927497864, 0.9961822628974915, 0.9967632293701172, 0.9952692985534668, 0.9965142607688904], "val_loss": [0.639336109161377, 0.6105058789253235, 0.35651686787605286, 0.3052922785282135, 0.33025386929512024, 0.2874033749103546, 0.41102588176727295, 0.22117285430431366, 0.327530175447464, 0.26008400321006775], "val_accuracy": [0.9878049492835999, 0.9867886900901794, 0.9923781156539917, 0.9939025044441223, 0.9923781156539917, 0.9928862452507019, 0.9933943748474121, 0.9954268932342529, 0.9954268932342529, 0.9949187636375427]}