{"loss": [0.6832287907600403, 0.6675806045532227, 0.650856614112854, 0.6312334537506104, 0.6083441376686096, 0.5823672413825989, 0.5538549423217773, 0.5240517854690552, 0.49397891759872437, 0.4646959900856018], "accuracy": [0.5972735285758972, 0.7085312604904175, 0.7875989675521851, 0.8051891326904297, 0.8336851596832275, 0.850923478603363, 0.8576956987380981, 0.8711521625518799, 0.8757256269454956, 0.8860158324241638], "val_loss": [0.674242377281189, 0.6579731106758118, 0.6390386819839478, 0.6169679164886475, 0.5915128588676453, 0.5628637671470642, 0.5326120257377625, 0.5008684992790222, 0.4701552987098694, 0.43970370292663574], "val_accuracy": [0.7532877326011658, 0.8058916330337524, 0.8090478777885437, 0.8453445434570312, 0.8669121265411377, 0.8726986050605774, 0.8937401175498962, 0.8926880359649658, 0.9037348628044128, 0.9021567702293396]}