{"loss": [82.51070404052734, 28.424318313598633, 6.3361897468566895, 2.9305238723754883, 2.246628761291504, 1.7987921237945557, 1.4317988157272339, 1.0995455980300903, 0.8251327276229858, 0.6113588213920593], "accuracy": [0.6304897665977478, 0.7699052691459656, 0.8882306814193726, 0.9454187154769897, 0.9578989148139954, 0.9644550085067749, 0.9683254957199097, 0.9723539352416992, 0.975039541721344, 0.9754344820976257], "val_loss": [52.17555618286133, 12.849184036254883, 2.7301599979400635, 1.771144151687622, 1.3205901384353638, 1.032279372215271, 0.8020260334014893, 0.6041520237922668, 0.47004255652427673, 0.3709558844566345], "val_accuracy": [0.6813187003135681, 0.8294314742088318, 0.9393215775489807, 0.960821807384491, 0.9703774452209473, 0.9751552939414978, 0.9775441884994507, 0.9808886647224426, 0.9832776188850403, 0.9832776188850403]}