{"loss": [0.6453417539596558, 0.5333998799324036, 0.4611510932445526, 0.4069046974182129, 0.3646928071975708, 0.33069583773612976, 0.3026253581047058, 0.2789593040943146, 0.25861942768096924, 0.2408728450536728], "accuracy": [0.6304036974906921, 0.9778289794921875, 0.9837889075279236, 0.9821996092796326, 0.9810870885848999, 0.981961190700531, 0.9828352928161621, 0.9834710359573364, 0.9852192997932434, 0.9856166243553162], "val_loss": [0.5776251554489136, 0.4936607778072357, 0.43211883306503296, 0.3849566578865051, 0.34736424684524536, 0.3165293335914612, 0.29076939821243286, 0.2687169015407562, 0.24958588182926178, 0.23264366388320923], "val_accuracy": [0.9031649231910706, 0.9919698238372803, 0.9891356229782104, 0.9872461557388306, 0.9886632561683655, 0.9896079897880554, 0.9896079897880554, 0.9900803565979004, 0.9905527234077454, 0.9910250902175903]}