{"loss": [0.6932273507118225, 0.6894803047180176, 0.6826184988021851, 0.6696544289588928, 0.6494506001472473, 0.6219056844711304, 0.5883303880691528, 0.5512738227844238, 0.5137214660644531, 0.4774892330169678], "accuracy": [0.5041525363922119, 0.5062711834907532, 0.5049999952316284, 0.5262711644172668, 0.6546609997749329, 0.7647457718849182, 0.8319491744041443, 0.8561016917228699, 0.8738135695457458, 0.8844068050384521], "val_loss": [0.691097617149353, 0.6861157417297363, 0.6755939722061157, 0.6577877402305603, 0.6318658590316772, 0.5984254479408264, 0.5595799684524536, 0.5191419124603271, 0.47991079092025757, 0.44380876421928406], "val_accuracy": [0.5088250041007996, 0.5088250041007996, 0.5103378891944885, 0.6671709418296814, 0.788703978061676, 0.8436712026596069, 0.8673726916313171, 0.8830055594444275, 0.8991427421569824, 0.901664137840271]}