{"loss": [0.8672520518302917, 0.7065986394882202, 0.6528464555740356, 0.6061391830444336, 0.5440961122512817, 0.4706655442714691, 0.39675524830818176, 0.3310181200504303, 0.27681034803390503, 0.2338959276676178], "accuracy": [0.46424028277397156, 0.46424028277397156, 0.830657958984375, 0.9562937021255493, 0.9677367806434631, 0.9714716672897339, 0.9787030816078186, 0.9805307984352112, 0.9805307984352112, 0.9808486700057983], "val_loss": [0.7533233165740967, 0.6745942831039429, 0.6308029294013977, 0.5762361288070679, 0.5054934024810791, 0.4290037751197815, 0.3570992648601532, 0.2965071201324463, 0.24792420864105225, 0.21019090712070465], "val_accuracy": [0.46386396884918213, 0.46386396884918213, 0.9489844441413879, 0.9692962169647217, 0.9711856842041016, 0.9792159199714661, 0.979688286781311, 0.981105387210846, 0.9815777540206909, 0.981105387210846]}