{"loss": [0.5785831809043884, 0.48103636503219604, 0.4119091033935547, 0.358591228723526, 0.3165088891983032, 0.2826174795627594, 0.254821240901947, 0.23155440390110016, 0.2118813544511795, 0.19506694376468658], "accuracy": [0.7718799710273743, 0.9892575740814209, 0.9931280016899109, 0.9934439659118652, 0.9934439659118652, 0.9934439659118652, 0.9931280016899109, 0.9932860136032104, 0.9932860136032104, 0.9931280016899109], "val_loss": [0.517196536064148, 0.43309763073921204, 0.37044578790664673, 0.3219819962978363, 0.2835265100002289, 0.2525654435157776, 0.22624261677265167, 0.204805389046669, 0.18637479841709137, 0.17099468410015106], "val_accuracy": [0.9780219793319702, 0.9937888383865356, 0.9937888383865356, 0.9937888383865356, 0.9947444200515747, 0.9942666292190552, 0.9937888383865356, 0.9942666292190552, 0.9937888383865356, 0.9947444200515747]}