{"loss": [0.7119293212890625, 0.6880214214324951, 0.6789395213127136, 0.6702969074249268, 0.661747932434082, 0.6536320447921753, 0.6467084884643555, 0.6409361958503723, 0.6364920735359192, 0.6330944895744324], "accuracy": [0.49443259835243225, 0.5590305924415588, 0.6224005222320557, 0.6538398265838623, 0.6595709919929504, 0.6591616272926331, 0.6602259874343872, 0.6591616272926331, 0.6607990860939026, 0.659816563129425], "val_loss": [0.6948117613792419, 0.6843157410621643, 0.674690306186676, 0.6648403406143188, 0.6551982760429382, 0.6462306380271912, 0.6386111378669739, 0.6325945258140564, 0.6277477145195007, 0.6240185499191284], "val_accuracy": [0.4933726489543915, 0.5552282929420471, 0.6431026458740234, 0.6573392748832703, 0.6637212038040161, 0.6720668077468872, 0.6730486750602722, 0.6745213866233826, 0.6735395789146423, 0.6735395789146423]}