{"loss": [0.68538498878479, 0.6625765562057495, 0.639025092124939, 0.6058751344680786, 0.5641019940376282, 0.5166370272636414, 0.4679569602012634, 0.42085427045822144, 0.3769214153289795, 0.3372788429260254], "accuracy": [0.5023095607757568, 0.6797682046890259, 0.9030821919441223, 0.9359200596809387, 0.9469219446182251, 0.948853611946106, 0.9516251087188721, 0.9557403326034546, 0.9574199914932251, 0.9600235223770142], "val_loss": [0.6682149767875671, 0.6476548314094543, 0.6169714331626892, 0.5763037204742432, 0.5278099179267883, 0.4758576452732086, 0.4254884123802185, 0.37772342562675476, 0.3349137306213379, 0.2971426546573639], "val_accuracy": [0.5306223034858704, 0.8838804960250854, 0.9372857213020325, 0.950514554977417, 0.9544341564178467, 0.9598236680030823, 0.963253378868103, 0.9642332792282104, 0.9666830897331238, 0.9671730399131775]}