{"loss": [0.2873135805130005, 0.17303968966007233, 0.1323026865720749, 0.10509670525789261, 0.08460251986980438, 0.07060868293046951, 0.060064107179641724, 0.050106097012758255, 0.042809221893548965, 0.03578999638557434], "accuracy": [0.9318277835845947, 0.9906463623046875, 0.9946911931037903, 0.9926687479019165, 0.9951124787330627, 0.9940170049667358, 0.9943540692329407, 0.996292233467102, 0.9967135787010193, 0.9974719882011414], "val_loss": [0.2050502449274063, 0.1525140255689621, 0.11996078491210938, 0.09361661225557327, 0.07576797902584076, 0.06557383388280869, 0.07195385545492172, 0.045256417244672775, 0.039768848568201065, 0.03716538846492767], "val_accuracy": [0.9898322820663452, 0.993899405002594, 0.9898322820663452, 0.9949162006378174, 0.9974581599235535, 0.9969497323036194, 0.9954245686531067, 0.9933910369873047, 0.9944077730178833, 0.995932936668396]}