{"loss": [0.5146231651306152, 0.4380965232849121, 0.3822864294052124, 0.33839088678359985, 0.30320626497268677, 0.2744596600532532, 0.2505602240562439, 0.23033711314201355, 0.21301984786987305, 0.19810377061367035], "accuracy": [0.9343602061271667, 0.9804108142852783, 0.9793049693107605, 0.9791469573974609, 0.9796208739280701, 0.9795418977737427, 0.9797788858413696, 0.9805687665939331, 0.9804108142852783, 0.9810426831245422], "val_loss": [0.4633511006832123, 0.3985659182071686, 0.3483313322067261, 0.30857306718826294, 0.2763734459877014, 0.24998793005943298, 0.22698962688446045, 0.20812521874904633, 0.19151276350021362, 0.1775180846452713], "val_accuracy": [0.9875776767730713, 0.9837554097175598, 0.9813664555549622, 0.9808886647224426, 0.9813664555549622, 0.9813664555549622, 0.9847109317779541, 0.9847109317779541, 0.9851887226104736, 0.9851887226104736]}