{"loss": [0.7022035121917725, 0.6825088262557983, 0.6623363494873047, 0.6318742036819458, 0.5894616842269897, 0.5377008318901062, 0.4814826548099518, 0.4258882403373718, 0.37402859330177307, 0.3283318281173706], "accuracy": [0.5107993483543396, 0.60450679063797, 0.8311224579811096, 0.9070578217506409, 0.9434524178504944, 0.9648809432983398, 0.968367338180542, 0.9702380895614624, 0.9710884690284729, 0.9722789525985718], "val_loss": [0.6885980367660522, 0.672020673751831, 0.6466204524040222, 0.6083249449729919, 0.5583549737930298, 0.5013000965118408, 0.44326695799827576, 0.38834404945373535, 0.33873358368873596, 0.2963028848171234], "val_accuracy": [0.5943298935890198, 0.8097938299179077, 0.8530927896499634, 0.946391761302948, 0.9701031446456909, 0.9726804494857788, 0.973711371421814, 0.9742268323898315, 0.9747422933578491, 0.9752577543258667]}