{"loss": [0.7340023517608643, 0.665213406085968, 0.6399020552635193, 0.6089689135551453, 0.5702093839645386, 0.5251603126525879, 0.4765515625476837, 0.4271363914012909, 0.3789408504962921, 0.3326578736305237], "accuracy": [0.5323331952095032, 0.5323331952095032, 0.5737860202789307, 0.6846427321434021, 0.8085274696350098, 0.8926174640655518, 0.9420450329780579, 0.9602842926979065, 0.9757599830627441, 0.9821555614471436], "val_loss": [0.6773712038993835, 0.6501954793930054, 0.6226369142532349, 0.5869823694229126, 0.543990433216095, 0.49599263072013855, 0.4460984170436859, 0.3965570330619812, 0.3489091098308563, 0.303330659866333], "val_accuracy": [0.5366430282592773, 0.5371158123016357, 0.6122931241989136, 0.757446825504303, 0.8661938309669495, 0.9333333373069763, 0.9546099305152893, 0.9782505631446838, 0.986761212348938, 0.9881796836853027]}