{"loss": [61.824615478515625, 5.702600955963135, 1.1426228284835815, 0.6471529006958008, 0.469059556722641, 0.39286139607429504, 0.3571290671825409, 0.3307493329048157, 0.3149448037147522, 0.2926538288593292], "accuracy": [0.5921805500984192, 0.818897008895874, 0.9558963775634766, 0.9638429284095764, 0.9678162336349487, 0.9705975651741028, 0.9710743427276611, 0.9713922142982483, 0.9717100858688354, 0.9720279574394226], "val_loss": [17.650829315185547, 1.805958867073059, 0.8748587965965271, 0.4954644441604614, 0.3897789716720581, 0.3640304207801819, 0.34588322043418884, 0.32460615038871765, 0.30112209916114807, 0.28022482991218567], "val_accuracy": [0.6754841804504395, 0.9466226100921631, 0.9565423130989075, 0.964572548866272, 0.9697685837745667, 0.9711856842041016, 0.9716580510139465, 0.9716580510139465, 0.9716580510139465, 0.9711856842041016]}