{"accuracy": [0.48, 0.54, 0.61, 0.6, 0.63], "val_accuracy": [0.529, 0.543, 0.578, 0.657, 0.662], "loss": [124.48399999999997, 102.5, 93.89200000000001, 88.13600000000001, 81.75600000000001], "val_loss": [1019.524, 940.0640000000005, 917.2240000000005, 846.7960000000011, 789.3159999999991]}