{"loss": [86.72638702392578, 4.359401702880859, 2.1377522945404053, 1.4473259449005127, 1.1081023216247559, 0.8709896206855774, 0.6966091394424438, 0.5803135633468628, 0.5033576488494873, 0.44446802139282227], "accuracy": [0.6798368692398071, 0.9390772581100464, 0.9635483622550964, 0.9739145636558533, 0.977143406867981, 0.9787577986717224, 0.979012668132782, 0.979352593421936, 0.9772283434867859, 0.9764636158943176], "val_loss": [8.91856575012207, 2.855355978012085, 1.844048023223877, 1.362961769104004, 1.0819523334503174, 0.8853296637535095, 0.7466109395027161, 0.6519842743873596, 0.5540320873260498, 0.5096069574356079], "val_accuracy": [0.8866459727287292, 0.9451345801353455, 0.9648033380508423, 0.9679089188575745, 0.9720497131347656, 0.9736024737358093, 0.9756729006767273, 0.9736024737358093, 0.9756729006767273, 0.9710144996643066]}