{"loss": [0.7515656352043152, 0.6649698615074158, 0.6022613048553467, 0.53632652759552, 0.4719524681568146, 0.41258060932159424, 0.3592161536216736, 0.31239914894104004, 0.27239495515823364, 0.23924708366394043], "accuracy": [0.5235961079597473, 0.5316811800003052, 0.6897794008255005, 0.8197556734085083, 0.9078126549720764, 0.9446348547935486, 0.9556199908256531, 0.9610686302185059, 0.9634414315223694, 0.9647596478462219], "val_loss": [0.6861703395843506, 0.6248230338096619, 0.5603728294372559, 0.49440833926200867, 0.4319785535335541, 0.37511885166168213, 0.32505500316619873, 0.28125330805778503, 0.24461008608341217, 0.21450960636138916], "val_accuracy": [0.5363825559616089, 0.6226611137390137, 0.774948000907898, 0.8788981437683105, 0.9417879581451416, 0.9589397311210632, 0.9682952165603638, 0.9708939790725708, 0.9719334840774536, 0.9714137315750122]}