{"loss": [2.905041456222534, 0.8115392923355103, 0.49060896039009094, 0.3640739321708679, 0.2627990245819092, 0.20545564591884613, 0.16833506524562836, 0.1354592740535736, 0.11765926331281662, 0.10269024968147278], "accuracy": [0.902195930480957, 0.949113667011261, 0.9586383104324341, 0.9634888172149658, 0.9688684940338135, 0.971867024898529, 0.9731016755104065, 0.9763647317886353, 0.9772466421127319, 0.9795396327972412], "val_loss": [1.2605867385864258, 0.6712328195571899, 0.49331212043762207, 0.35578522086143494, 0.3455365002155304, 0.28231027722358704, 0.3090440630912781, 0.22874347865581512, 0.27796268463134766, 0.18672485649585724], "val_accuracy": [0.9427027106285095, 0.9475675821304321, 0.9486486911773682, 0.962702751159668, 0.9616216421127319, 0.9632432460784912, 0.9659459590911865, 0.9713513851165771, 0.954054057598114, 0.9664865136146545]}