{"accuracy": [0.79, 0.98, 0.99, 0.98, 0.99, 0.99, 0.99, 0.99, 0.99, 0.99], "val_accuracy": [0.924, 0.953, 0.967, 0.971, 0.971, 0.971, 0.969, 0.972, 0.974, 0.973], "loss": [66.132, 24.488000000000003, 20.455999999999996, 18.116000000000003, 17.864, 17.244, 18.808000000000007, 17.708000000000002, 16.472, 17.035999999999998], "val_loss": [312.6960000000008, 237.78800000000044, 212.94800000000015, 216.4040000000004, 217.0040000000003, 207.30400000000023, 216.01600000000042, 209.88400000000055, 218.2440000000004, 210.66800000000018]}