{"loss": [33.98833084106445, 7.859197616577148, 3.6241233348846436, 2.122429609298706, 1.3282814025878906, 0.8308537602424622, 0.5229255557060242, 0.3491995930671692, 0.23699656128883362, 0.15780864655971527], "accuracy": [0.5629370212554932, 0.7003337144851685, 0.7649396061897278, 0.8084869384765625, 0.8500476479530334, 0.898521900177002, 0.9398441910743713, 0.9614589810371399, 0.9703591465950012, 0.9745708703994751], "val_loss": [11.37549877166748, 4.063311576843262, 2.3467376232147217, 1.4629970788955688, 0.9296550750732422, 0.5716497898101807, 0.38660258054733276, 0.2594437003135681, 0.17482854425907135, 0.11758526414632797], "val_accuracy": [0.6405290961265564, 0.7345300316810608, 0.779404878616333, 0.8233349323272705, 0.8752952814102173, 0.9296174049377441, 0.9518186450004578, 0.9683514833450317, 0.9744922518730164, 0.9763817191123962]}