{"loss": [0.6589518189430237, 0.6177811622619629, 0.561025857925415, 0.4932284951210022, 0.42432355880737305, 0.36144235730171204, 0.3079184889793396, 0.26418736577033997, 0.22905367612838745, 0.20100899040699005], "accuracy": [0.6420619487762451, 0.8843175172805786, 0.9440948367118835, 0.9602290987968445, 0.9668441414833069, 0.969183623790741, 0.9699096083641052, 0.9699903130531311, 0.9701516628265381, 0.9707970023155212], "val_loss": [0.6429177522659302, 0.5937855839729309, 0.528532862663269, 0.457507848739624, 0.39003753662109375, 0.3310913145542145, 0.282847136259079, 0.2439499944448471, 0.21361634135246277, 0.18895520269870758], "val_accuracy": [0.8086358904838562, 0.9229636788368225, 0.9450441598892212, 0.9582924246788025, 0.9607458114624023, 0.9631991982460022, 0.96467125415802, 0.965652585029602, 0.9666339755058289, 0.9661432504653931]}