{"loss": [0.659167468547821, 0.6242039203643799, 0.5925161242485046, 0.5632757544517517, 0.5365692973136902, 0.5122820138931274, 0.49007973074913025, 0.469633013010025, 0.45084819197654724, 0.43361711502075195], "accuracy": [0.6877567768096924, 0.8033965826034546, 0.8552923202514648, 0.8887045979499817, 0.9006319642066956, 0.9124013185501099, 0.9098736643791199, 0.9267773032188416, 0.9272512197494507, 0.9358610510826111], "val_loss": [0.639833390712738, 0.6057566404342651, 0.5743703246116638, 0.545642614364624, 0.5195054411888123, 0.49564027786254883, 0.4735102951526642, 0.45338132977485657, 0.434756875038147, 0.4178004264831543], "val_accuracy": [0.7601528763771057, 0.8342092633247375, 0.8662207722663879, 0.8819875717163086, 0.8972766399383545, 0.9092212319374084, 0.9311992526054382, 0.9359771013259888, 0.9431438446044922, 0.9440993666648865]}