{"loss": [0.6622658371925354, 0.5393852591514587, 0.4576357305049896, 0.39633288979530334, 0.34853091835975647, 0.3103103041648865, 0.2790876030921936, 0.25308746099472046, 0.23115432262420654, 0.21250766515731812], "accuracy": [0.5432069897651672, 0.8176935911178589, 0.9481043219566345, 0.9751185178756714, 0.9805687665939331, 0.982385516166687, 0.9828594326972961, 0.9841232895851135, 0.9845182299613953, 0.9852291345596313], "val_loss": [0.5911557674407959, 0.4897097647190094, 0.4170287847518921, 0.36163684725761414, 0.3179945945739746, 0.2828536927700043, 0.2531622350215912, 0.22890311479568481, 0.20790906250476837, 0.19039547443389893], "val_accuracy": [0.6478738784790039, 0.9173435568809509, 0.9679885506629944, 0.9799331426620483, 0.9837554097175598, 0.9856665134429932, 0.9885331988334656, 0.9885331988334656, 0.9904443621635437, 0.9904443621635437]}