{"loss": [0.6871556639671326, 0.6459218263626099, 0.6366377472877502, 0.630405604839325, 0.6271016001701355, 0.6257541179656982, 0.6249995827674866, 0.6247549057006836, 0.6242995262145996, 0.624064564704895], "accuracy": [0.6073346138000488, 0.6529280543327332, 0.6582968831062317, 0.667052149772644, 0.667465090751648, 0.6701081991195679, 0.6713471412658691, 0.6725035309791565, 0.6716775298118591, 0.6716775298118591], "val_loss": [0.6523008346557617, 0.6349039673805237, 0.6274945735931396, 0.6212389469146729, 0.6191575527191162, 0.6169046759605408, 0.6164811849594116, 0.6154933571815491, 0.6150974631309509, 0.6147645711898804], "val_accuracy": [0.6601990461349487, 0.6701492667198181, 0.6835821270942688, 0.6855721473693848, 0.684079647064209, 0.6895522475242615, 0.6870647072792053, 0.6895522475242615, 0.6825870871543884, 0.6805970668792725]}