{"loss": [0.7843953371047974, 0.6810525059700012, 0.6402822136878967, 0.6047356128692627, 0.5616962313652039, 0.5108274221420288, 0.45574015378952026, 0.4001375436782837, 0.34689652919769287, 0.2984064817428589], "accuracy": [0.48575887084007263, 0.4862513542175293, 0.6317819952964783, 0.9166871905326843, 0.9842403531074524, 0.9867848753929138, 0.9857178330421448, 0.9842403531074524, 0.9824345707893372, 0.9821062684059143], "val_loss": [0.7134447693824768, 0.6549166440963745, 0.6195777058601379, 0.5795056819915771, 0.530928373336792, 0.4761395752429962, 0.41996246576309204, 0.3644280731678009, 0.3137171268463135, 0.26859715580940247], "val_accuracy": [0.4823766350746155, 0.49546828866004944, 0.8141993880271912, 0.9667673707008362, 0.9859012961387634, 0.9843907356262207, 0.9833836555480957, 0.97935551404953, 0.9798589944839478, 0.9803625345230103]}