{"loss": [0.6790275573730469, 0.6554425954818726, 0.6219308972358704, 0.5759657025337219, 0.5201188921928406, 0.4602336585521698, 0.4017162024974823, 0.3478601574897766, 0.3006476163864136, 0.26065632700920105], "accuracy": [0.6098382472991943, 0.9251179099082947, 0.9585579037666321, 0.9668126702308655, 0.9696765542030334, 0.9702661633491516, 0.9712769389152527, 0.9721192717552185, 0.9727931022644043, 0.9732984900474548], "val_loss": [0.6677066683769226, 0.6393032073974609, 0.5981755256652832, 0.5449086427688599, 0.4846690893173218, 0.4234780967235565, 0.3661298453807831, 0.3153187036514282, 0.270987331867218, 0.23479796946048737], "val_accuracy": [0.9019608497619629, 0.9436903595924377, 0.9683258533477783, 0.9668175578117371, 0.9658120274543762, 0.9693313837051392, 0.9688286185264587, 0.9703369140625, 0.9723479747772217, 0.9718452095985413]}