{"loss": [0.5043177604675293, 0.4057700037956238, 0.35286766290664673, 0.31633803248405457, 0.28293007612228394, 0.2594441771507263, 0.2292097955942154, 0.2120356261730194, 0.1954408437013626, 0.18276067078113556], "accuracy": [0.8815233111381531, 0.9587447643280029, 0.9684414863586426, 0.9687941074371338, 0.9725846648216248, 0.9707334637641907, 0.9769040942192078, 0.9761989116668701, 0.9770804047584534, 0.9762870669364929], "val_loss": [0.4293403625488281, 0.3663631081581116, 0.32839053869247437, 0.29235535860061646, 0.2603394091129303, 0.22556568682193756, 0.20936335623264313, 0.20436298847198486, 0.20332296192646027, 0.16644993424415588], "val_accuracy": [0.9572650194168091, 0.9764958024024963, 0.9722222685813904, 0.9775641560554504, 0.9791666865348816, 0.9866453409194946, 0.9839743971824646, 0.9748932123184204, 0.9695513248443604, 0.9823718667030334]}