{"loss": [0.7152084708213806, 0.6708305478096008, 0.6294193863868713, 0.5908427238464355, 0.5549393892288208, 0.5216706991195679, 0.4908503592014313, 0.46213141083717346, 0.43557578325271606, 0.4108322262763977, 0.3878415524959564, 0.36644652485847473, 0.3465564250946045, 0.32797321677207947, 0.31065213680267334], "accuracy": [0.429766982793808, 0.64809650182724, 0.8298326730728149, 0.910649836063385, 0.9448637962341309, 0.9584017395973206, 0.9654578566551208, 0.9687397480010986, 0.9729242324829102, 0.9747292399406433, 0.9755497574806213, 0.9762881994247437, 0.9776830077171326, 0.9784214496612549, 0.9790778160095215], "val_loss": [0.6910717487335205, 0.6462875604629517, 0.6044700741767883, 0.5656797289848328, 0.5298919677734375, 0.4967866837978363, 0.46620047092437744, 0.43767833709716797, 0.411518931388855, 0.38721126317977905, 0.36467260122299194, 0.34375423192977905, 0.3244132697582245, 0.3063707947731018, 0.28966227173805237], "val_accuracy": [0.5378485918045044, 0.7599601745605469, 0.9048805236816406, 0.9482071995735168, 0.9591633677482605, 0.967131495475769, 0.9701195359230042, 0.9765936732292175, 0.9750996232032776, 0.975597620010376, 0.9760956764221191, 0.9790837168693542, 0.9775896668434143, 0.9790837168693542, 0.9790837168693542]}