{"loss": [0.673692524433136, 0.6303274035453796, 0.571730375289917, 0.5011993646621704, 0.42931246757507324, 0.36477789282798767, 0.3110275864601135, 0.26806342601776123, 0.2341160923242569, 0.20739656686782837], "accuracy": [0.5392390489578247, 0.8160353899002075, 0.9242399334907532, 0.9595720171928406, 0.9670460820198059, 0.9705283641815186, 0.9724817872047424, 0.9736708402633667, 0.9741804599761963, 0.9749448299407959], "val_loss": [0.6538121104240417, 0.6037008166313171, 0.5376006364822388, 0.4642258584499359, 0.39427128434181213, 0.33380892872810364, 0.28459280729293823, 0.2452470064163208, 0.21392087638378143, 0.18895083665847778], "val_accuracy": [0.7369498610496521, 0.8981575965881348, 0.957522988319397, 0.9631524682044983, 0.9687819480895996, 0.9728761315345764, 0.9774820804595947, 0.9785056114196777, 0.9795291423797607, 0.9785056114196777]}