{"loss": [0.6399307250976562, 0.5604828000068665, 0.46621620655059814, 0.3836483061313629, 0.31879183650016785, 0.2693832516670227, 0.2319699227809906, 0.20353996753692627, 0.1818876415491104, 0.16525186598300934], "accuracy": [0.5347692966461182, 0.8153436779975891, 0.9180380702018738, 0.953372061252594, 0.9617618322372437, 0.966924786567688, 0.967812180519104, 0.9680541753768921, 0.968538224697113, 0.969183623790741], "val_loss": [0.6055028438568115, 0.5129843354225159, 0.4221978485584259, 0.34790024161338806, 0.2912507951259613, 0.24767374992370605, 0.21488294005393982, 0.19017082452774048, 0.1705395132303238, 0.15641088783740997], "val_accuracy": [0.7055937051773071, 0.9028459191322327, 0.9568204283714294, 0.9661432504653931, 0.9661432504653931, 0.9681059718132019, 0.9700686931610107, 0.9710500240325928, 0.9705593585968018, 0.9720314145088196]}