{"loss": [0.822072446346283, 0.7141501307487488, 0.6892695426940918, 0.677510678768158, 0.6648419499397278, 0.6475663781166077, 0.6239365339279175, 0.5938107967376709, 0.5583540201187134, 0.5190585851669312], "accuracy": [0.4874417185783386, 0.4874417185783386, 0.5698273777961731, 0.7872862815856934, 0.8548638224601746, 0.9090240001678467, 0.9257956743240356, 0.9359404444694519, 0.9397038817405701, 0.9429763555526733], "val_loss": [0.7371489405632019, 0.6955190300941467, 0.6830018758773804, 0.6719417572021484, 0.6572369337081909, 0.636742889881134, 0.6095480918884277, 0.5762805342674255, 0.5387189388275146, 0.49801161885261536], "val_accuracy": [0.5009709000587463, 0.5009709000587463, 0.7053398489952087, 0.8266990184783936, 0.8922330141067505, 0.9101942181587219, 0.9271844625473022, 0.9320388436317444, 0.9354369044303894, 0.9378641247749329]}