{"loss": [4.348278522491455, 1.789508581161499, 1.3896605968475342, 1.1687548160552979, 1.032198429107666, 0.9182679653167725, 0.8440161943435669, 0.8759139776229858, 0.7817387580871582, 0.8377206325531006], "accuracy": [0.9218626022338867, 0.9613722562789917, 0.964988112449646, 0.966575562953949, 0.9674574732780457, 0.9686039090156555, 0.9706323146820068, 0.9684275388717651, 0.9704559445381165, 0.9673692584037781], "val_loss": [2.037341356277466, 1.540141224861145, 1.4981318712234497, 1.2494765520095825, 1.5473684072494507, 1.2027863264083862, 1.2240961790084839, 1.2950583696365356, 0.9569557309150696, 0.9466391801834106], "val_accuracy": [0.9600000381469727, 0.9675675630569458, 0.9686486721038818, 0.9718919396400452, 0.9529730081558228, 0.9670270681381226, 0.9643243551254272, 0.9643243551254272, 0.9702702760696411, 0.9724324345588684]}