{"loss": [0.718751072883606, 0.69352126121521, 0.6713229417800903, 0.650156557559967, 0.6301561594009399, 0.6110149621963501, 0.5928395986557007, 0.5756967663764954, 0.5595356225967407, 0.5444415211677551, 0.530333399772644, 0.5170210003852844, 0.5045046806335449, 0.49269700050354004, 0.48163363337516785], "accuracy": [0.42809945344924927, 0.5068142414093018, 0.7671595215797424, 0.8416618704795837, 0.85049968957901, 0.8563640713691711, 0.8590897917747498, 0.859998345375061, 0.8588420152664185, 0.860328733921051, 0.8594201803207397, 0.8602461218833923, 0.8592549562454224, 0.859337568283081, 0.860328733921051], "val_loss": [0.7056325078010559, 0.6816786527633667, 0.6594013571739197, 0.6381518840789795, 0.6180382370948792, 0.5987666845321655, 0.5805005431175232, 0.5633189082145691, 0.5470895767211914, 0.5319580435752869, 0.5178911089897156, 0.5043986439704895, 0.49186405539512634, 0.4797840118408203, 0.46891674399375916], "val_accuracy": [0.2552239000797272, 0.7547264099121094, 0.8616915941238403, 0.8671641945838928, 0.8805970549583435, 0.8796020150184631, 0.8751243948936462, 0.8746269345283508, 0.877114474773407, 0.8756219148635864, 0.8766169548034668, 0.8776119947433472, 0.8776119947433472, 0.8776119947433472, 0.8736318945884705]}