{"loss": [0.4967903196811676, 0.36171990633010864, 0.3076864182949066, 0.2640492022037506, 0.2261940985918045, 0.2000793069601059, 0.17728133499622345, 0.1617717742919922, 0.15946465730667114, 0.1411047726869583], "accuracy": [0.8516623973846436, 0.957844614982605, 0.9560807943344116, 0.9622541666030884, 0.9682511687278748, 0.9611076712608337, 0.9670165181159973, 0.9639297723770142, 0.9650762677192688, 0.9710732698440552], "val_loss": [0.3900872766971588, 0.32332465052604675, 0.2832240164279938, 0.23904508352279663, 0.21209976077079773, 0.18312790989875793, 0.16040481626987457, 0.15519382059574127, 0.159549281001091, 0.13457995653152466], "val_accuracy": [0.9605405926704407, 0.9637838006019592, 0.9513514041900635, 0.9702702760696411, 0.9654054045677185, 0.9718919396400452, 0.9789189696311951, 0.9578378796577454, 0.9681081175804138, 0.9745945930480957]}