{"loss": [0.735205352306366, 0.5641169548034668, 0.45666074752807617, 0.38383498787879944, 0.33162397146224976, 0.2922621965408325, 0.26138919591903687, 0.23652882874011993, 0.21600154042243958, 0.1987665742635727], "accuracy": [0.48966720700263977, 0.830940306186676, 0.9809113144874573, 0.9716988801956177, 0.9682131409645081, 0.9666362404823303, 0.9668852090835571, 0.9681301712989807, 0.9682131409645081, 0.9687941074371338], "val_loss": [0.6370807886123657, 0.4956338405609131, 0.402779221534729, 0.3380739986896515, 0.2912251055240631, 0.2554483711719513, 0.2273740917444229, 0.2042490541934967, 0.18533895909786224, 0.16946175694465637], "val_accuracy": [0.5813008546829224, 0.9847561717033386, 0.9801830053329468, 0.9725610613822937, 0.9700204133987427, 0.9705285429954529, 0.9725610613822937, 0.9715448021888733, 0.9725610613822937, 0.9725610613822937]}