{"loss": [0.704866886138916, 0.6224971413612366, 0.5586127638816833, 0.4838266968727112, 0.40491968393325806, 0.33155372738838196, 0.2688395082950592, 0.21689210832118988, 0.17478147149085999, 0.1414700746536255], "accuracy": [0.5323331952095032, 0.6281879544258118, 0.8007895946502686, 0.8748520016670227, 0.917647123336792, 0.9468614459037781, 0.9647848606109619, 0.9756810665130615, 0.9820766448974609, 0.987366795539856], "val_loss": [0.6542339324951172, 0.5940720438957214, 0.5234308242797852, 0.4437696039676666, 0.3651573061943054, 0.29608389735221863, 0.23845410346984863, 0.19130900502204895, 0.15379643440246582, 0.12455008178949356], "val_accuracy": [0.5366430282592773, 0.7323877215385437, 0.8406619429588318, 0.9063829779624939, 0.9347517490386963, 0.9579195976257324, 0.9749408960342407, 0.980141818523407, 0.986761212348938, 0.9919621348381042]}