{"loss": [0.6981986165046692, 0.6791159510612488, 0.6573306918144226, 0.6148319244384766, 0.5599988102912903, 0.5046374797821045, 0.4545261859893799, 0.4114965796470642, 0.3758050799369812, 0.3468441963195801], "accuracy": [0.4932122826576233, 0.7203808426856995, 0.7206453084945679, 0.8329513669013977, 0.8684767484664917, 0.8843441605567932, 0.8951869010925293, 0.9010049700737, 0.9037376642227173, 0.9067348837852478], "val_loss": [0.6847205758094788, 0.6709822416305542, 0.6384343504905701, 0.5868629813194275, 0.528984785079956, 0.47433674335479736, 0.42616763710975647, 0.38542190194129944, 0.3521708548069, 0.32502061128616333], "val_accuracy": [0.759615421295166, 0.7110043168067932, 0.8231837749481201, 0.8530983328819275, 0.8803419470787048, 0.9054487347602844, 0.9065171480178833, 0.9118590354919434, 0.9161325097084045, 0.9166666865348816]}