{"loss": [0.6865278482437134, 0.6476040482521057, 0.60833740234375, 0.5538032650947571, 0.49000969529151917, 0.42565757036209106, 0.3669161796569824, 0.31649214029312134, 0.274757444858551, 0.24046623706817627], "accuracy": [0.4946756958961487, 0.5546143651008606, 0.719183623790741, 0.843739926815033, 0.9174733757972717, 0.9532913565635681, 0.9648273587226868, 0.969022274017334, 0.969748318195343, 0.9696676135063171], "val_loss": [0.6618028879165649, 0.6282505393028259, 0.5802233219146729, 0.5184481143951416, 0.45257338881492615, 0.390023410320282, 0.3354929983615875, 0.29003268480300903, 0.2531169354915619, 0.22278517484664917], "val_accuracy": [0.49803727865219116, 0.6614328026771545, 0.7978410124778748, 0.8935230374336243, 0.9386653900146484, 0.9553483724594116, 0.9612365365028381, 0.9666339755058289, 0.9676153063774109, 0.9666339755058289]}