{"loss": [0.7370425462722778, 0.661854088306427, 0.6000953912734985, 0.5481495261192322, 0.5040298104286194, 0.4662187099456787, 0.43362489342689514, 0.40524399280548096, 0.38039490580558777, 0.35840535163879395], "accuracy": [0.08959104865789413, 0.8717988729476929, 0.9702938795089722, 0.9572925567626953, 0.9476006031036377, 0.9498069286346436, 0.9436608552932739, 0.9442123770713806, 0.9463399052619934, 0.9483885765075684], "val_loss": [0.6964881420135498, 0.6295665502548218, 0.5731136202812195, 0.5252349376678467, 0.4841826558113098, 0.448781818151474, 0.4179151654243469, 0.39077919721603394, 0.3668566942214966, 0.3454773724079132], "val_accuracy": [0.08348880708217621, 0.9766790866851807, 0.9659514427185059, 0.9603544473648071, 0.9575559496879578, 0.9491603970527649, 0.9538245797157288, 0.9552238583564758, 0.9552238583564758, 0.9556902647018433]}