{"loss": [1.3454581499099731, 0.2863556742668152, 0.15881416201591492, 0.12550732493400574, 0.11402475833892822, 0.09747279435396194, 0.06400026381015778, 0.07876377552747726, 0.133223757147789, 0.06530587375164032], "accuracy": [0.9707859754562378, 0.9914515614509583, 0.9944393634796143, 0.9949373602867126, 0.9959332942962646, 0.9965972304344177, 0.997012197971344, 0.9972611665725708, 0.9954352974891663, 0.9979251623153687], "val_loss": [0.47252050042152405, 0.3352009654045105, 0.2389952689409256, 0.2853011190891266, 0.21483100950717926, 0.13935627043247223, 0.17003151774406433, 0.1618644744157791, 0.33804893493652344, 0.2238638550043106], "val_accuracy": [0.985772430896759, 0.9903455972671509, 0.9918699860572815, 0.9878049492835999, 0.9918699860572815, 0.9949187636375427, 0.9918699860572815, 0.9954268932342529, 0.9928862452507019, 0.9939025044441223]}