{"loss": [22.309141159057617, 1.3693286180496216, 0.775229275226593, 0.5731638669967651, 0.4463789165019989, 0.35949304699897766, 0.29715192317962646, 0.2589399516582489, 0.232625350356102, 0.19655179977416992], "accuracy": [0.7415482401847839, 0.9605845808982849, 0.9770932793617249, 0.98333340883255, 0.986255943775177, 0.9884676337242126, 0.9900474548339844, 0.9906793832778931, 0.9921011328697205, 0.9932069778442383], "val_loss": [1.726157546043396, 0.8226725459098816, 0.620441734790802, 0.45754754543304443, 0.4070167541503906, 0.3769528567790985, 0.3510647416114807, 0.3428618013858795, 0.29401344060897827, 0.30816876888275146], "val_accuracy": [0.9469661116600037, 0.9770663976669312, 0.9866220951080322, 0.9856665134429932, 0.992355465888977, 0.9918776750564575, 0.9928332567214966, 0.992355465888977, 0.992355465888977, 0.9918776750564575]}