{"loss": [0.6336928606033325, 0.5852535367012024, 0.5258111357688904, 0.461448609828949, 0.3997732996940613, 0.3450948894023895, 0.29872268438339233, 0.26016008853912354, 0.22848588228225708, 0.20264960825443268], "accuracy": [0.8770958781242371, 0.9472206234931946, 0.9637399911880493, 0.9673742651939392, 0.971091091632843, 0.9715040922164917, 0.9719997048377991, 0.9729082584381104, 0.9732386469841003, 0.9736515879631042], "val_loss": [0.6113027334213257, 0.5566524267196655, 0.49339908361434937, 0.4293234646320343, 0.3712744116783142, 0.32094308733940125, 0.27926748991012573, 0.2449423223733902, 0.2167912870645523, 0.19413146376609802], "val_accuracy": [0.9363184571266174, 0.9611940979957581, 0.9626865983009338, 0.9691542983055115, 0.9701492786407471, 0.9711443185806274, 0.9716418385505676, 0.972636878490448, 0.9721393585205078, 0.9741293787956238]}