{"accuracy": [0.71, 0.83, 0.85, 0.9, 0.93, 0.95, 0.95, 0.95, 0.95, 0.95], "val_accuracy": [0.83, 0.837, 0.871, 0.929, 0.933, 0.957, 0.966, 0.954, 0.957, 0.957], "loss": [73.13600000000001, 44.632, 43.35600000000002, 36.084, 31.304000000000006, 27.58800000000001, 23.811999999999998, 25.652, 23.944000000000003, 24.012000000000008], "val_loss": [460.67600000000095, 431.46800000000064, 373.99200000000053, 332.52800000000116, 310.68400000000025, 246.02000000000018, 235.82800000000034, 324.27600000000024, 241.956, 233.04000000000053]}