{"accuracy": [0.64, 0.77, 0.82, 0.85, 0.84, 0.85, 0.87, 0.88, 0.87, 0.87], "val_accuracy": [0.724, 0.782, 0.849, 0.865, 0.858, 0.855, 0.858, 0.862, 0.863, 0.867], "loss": [94.87200000000003, 57.06799999999999, 50.23199999999999, 44.60399999999998, 41.732, 41.144000000000005, 41.82799999999998, 40.724, 40.332, 39.448], "val_loss": [662.3719999999993, 514.6560000000004, 462.7560000000004, 427.1320000000006, 416.38800000000094, 412.1960000000008, 424.648, 412.78800000000115, 422.54400000000044, 403.08799999999997]}