{"loss": [0.5250350832939148, 0.44673770666122437, 0.39261916279792786, 0.34974193572998047, 0.31482163071632385, 0.28588205575942993, 0.26162880659103394, 0.24098485708236694, 0.22330427169799805, 0.20794185996055603], "accuracy": [0.7484043836593628, 0.8936253786087036, 0.9342052936553955, 0.9616262912750244, 0.9769127368927002, 0.9839255809783936, 0.9851863384246826, 0.9866834282875061, 0.9876289963722229, 0.987786591053009], "val_loss": [0.47914186120033264, 0.41693949699401855, 0.3682596683502197, 0.3287515640258789, 0.2961506247520447, 0.26888981461524963, 0.24561676383018494, 0.22562555968761444, 0.20839804410934448, 0.19329455494880676], "val_accuracy": [0.8526118993759155, 0.9202424883842468, 0.9514924883842468, 0.9757462739944458, 0.9892723560333252, 0.9892723560333252, 0.9906716346740723, 0.9911380410194397, 0.9911380410194397, 0.9916044473648071]}