{"loss": [51.18257141113281, 7.652006149291992, 2.0148911476135254, 1.402403712272644, 1.1511873006820679, 0.9880629181861877, 0.8586353659629822, 0.7437021136283875, 0.6281555891036987, 0.5076848268508911], "accuracy": [0.6228278279304504, 0.851658821105957, 0.9354661107063293, 0.9567930698394775, 0.9640600681304932, 0.9662717580795288, 0.9690364003181458, 0.9697473049163818, 0.9689573645591736, 0.9688783884048462], "val_loss": [15.655550003051758, 2.167006015777588, 1.2141878604888916, 0.8749710917472839, 0.7021102905273438, 0.5949432253837585, 0.5242273807525635, 0.4626432955265045, 0.38833245635032654, 0.3203209936618805], "val_accuracy": [0.7821308970451355, 0.9288103580474854, 0.9579551219940186, 0.9694218635559082, 0.9718108177185059, 0.9722886085510254, 0.9751552939414978, 0.9737219214439392, 0.9751552939414978, 0.9775441884994507]}