{"loss": [149.8963165283203, 50.37771987915039, 3.194939136505127, 0.38112255930900574, 0.27315112948417664, 0.24129879474639893, 0.20844440162181854, 0.1676076054573059, 0.12907330691814423, 0.10007932037115097], "accuracy": [0.24876928329467773, 0.442074179649353, 0.8477190732955933, 0.9579914808273315, 0.9634886980056763, 0.962668240070343, 0.9633246064186096, 0.963570773601532, 0.9633246064186096, 0.9643912315368652], "val_loss": [96.33274841308594, 13.179118156433105, 0.5396685004234314, 0.2071269154548645, 0.18931712210178375, 0.18175818026065826, 0.13422875106334686, 0.13447676599025726, 0.0856703370809555, 0.07891006022691727], "val_accuracy": [0.3187251091003418, 0.6344621777534485, 0.9472112059593201, 0.9641434550285339, 0.9621514081954956, 0.9621514081954956, 0.9656375050544739, 0.9616534113883972, 0.9661355018615723, 0.9656375050544739]}