{"loss": [0.7355019450187683, 0.6774368286132812, 0.6197302341461182, 0.5479148626327515, 0.4683513939380646, 0.3929886519908905, 0.32947540283203125, 0.27918726205825806, 0.24022144079208374, 0.21019931137561798], "accuracy": [0.41118645668029785, 0.607288122177124, 0.8252542614936829, 0.9261016845703125, 0.9549999833106995, 0.9612711668014526, 0.9646610021591187, 0.9659321904182434, 0.9665254354476929, 0.9671186208724976], "val_loss": [0.7057033777236938, 0.6507870554924011, 0.583715558052063, 0.5034000873565674, 0.4214347004890442, 0.3491135239601135, 0.29082974791526794, 0.24554598331451416, 0.21026611328125, 0.183208167552948], "val_accuracy": [0.41857001185417175, 0.7254220247268677, 0.889275074005127, 0.9518371224403381, 0.9692155122756958, 0.9707050323486328, 0.9731876850128174, 0.9731876850128174, 0.9751737713813782, 0.9751737713813782]}