{"loss": [46.76619338989258, 15.078898429870605, 1.846722960472107, 0.6383813619613647, 0.6374232769012451, 0.6361709833145142, 0.6349300742149353, 0.6348286867141724, 0.6336060762405396, 0.6331709027290344], "accuracy": [0.5778287053108215, 0.6038451194763184, 0.6170738339424133, 0.6466178894042969, 0.6464414596557617, 0.6464414596557617, 0.6463533043861389, 0.6452950239181519, 0.6465296745300293, 0.6443248987197876], "val_loss": [29.931489944458008, 6.336248874664307, 0.6523088216781616, 0.6555569767951965, 0.6450384855270386, 0.6455454230308533, 0.642419159412384, 0.6466993689537048, 0.6425920128822327, 0.6440755724906921], "val_accuracy": [0.5718919038772583, 0.5864865183830261, 0.6416216492652893, 0.6232432723045349, 0.6432432532310486, 0.6302703022956848, 0.6427026987075806, 0.6443243622779846, 0.6437838077545166, 0.6416216492652893]}