{"loss": [0.6250959634780884, 0.5469158291816711, 0.49239614605903625, 0.4535597562789917, 0.4254397749900818, 0.40460842847824097, 0.38901299238204956, 0.37721869349479675, 0.36820968985557556, 0.36134693026542664], "accuracy": [0.713471531867981, 0.9124473333358765, 0.917816162109375, 0.9211200475692749, 0.9226067662239075, 0.9231849312782288, 0.9231023192405701, 0.9226893782615662, 0.92376309633255, 0.9227719306945801], "val_loss": [0.5774552822113037, 0.5108798146247864, 0.46331125497817993, 0.4283832609653473, 0.40219709277153015, 0.38234108686447144, 0.3670613467693329, 0.3552789092063904, 0.3458755612373352, 0.3385309875011444], "val_accuracy": [0.9114428162574768, 0.9238806366920471, 0.9298508167266846, 0.9298508167266846, 0.9308457970619202, 0.9308457970619202, 0.9308457970619202, 0.9308457970619202, 0.9298508167266846, 0.93034827709198]}