{"loss": [55.86813735961914, 12.202166557312012, 4.586703300476074, 2.862290859222412, 2.0908210277557373, 1.7155190706253052, 1.4694304466247559, 1.2775501012802124, 1.117539882659912, 0.971649706363678], "accuracy": [0.809754490852356, 0.9164755344390869, 0.9596397876739502, 0.9706007838249207, 0.976718544960022, 0.9785878658294678, 0.9791826605796814, 0.9796074628829956, 0.9812219142913818, 0.9804571866989136], "val_loss": [22.389881134033203, 6.766906261444092, 3.700300455093384, 2.4581241607666016, 1.9126213788986206, 1.586838960647583, 1.302544116973877, 1.0937484502792358, 0.9221088886260986, 0.8416464924812317], "val_accuracy": [0.8809524178504944, 0.9497929811477661, 0.9653209447860718, 0.9756729006767273, 0.97826087474823, 0.9777432680130005, 0.9787784814834595, 0.979296088218689, 0.9824016690254211, 0.9798136949539185]}