{"loss": [0.7798486351966858, 0.7004966735839844, 0.6777927279472351, 0.6619071364402771, 0.644370973110199, 0.6231738924980164, 0.5981013178825378, 0.5693951845169067, 0.5383400917053223, 0.5062522292137146], "accuracy": [0.5221262574195862, 0.5221262574195862, 0.5221262574195862, 0.5229195952415466, 0.5582687258720398, 0.695521891117096, 0.7516748905181885, 0.8391220569610596, 0.8676834106445312, 0.8852257132530212], "val_loss": [0.7221320867538452, 0.6855801939964294, 0.668740451335907, 0.6520345211029053, 0.6322410702705383, 0.6084189414978027, 0.5805200934410095, 0.5496728420257568, 0.5173586010932922, 0.4848807156085968], "val_accuracy": [0.5235043168067932, 0.5235043168067932, 0.5235043168067932, 0.5357906222343445, 0.629273533821106, 0.7115384936332703, 0.8322650194168091, 0.8573718667030334, 0.879807710647583, 0.886752188205719]}