{"loss": [0.6915619373321533, 0.6832018494606018, 0.6656376719474792, 0.6342183351516724, 0.5909085273742676, 0.5422202348709106, 0.49421387910842896, 0.45074161887168884, 0.4130430221557617, 0.38128626346588135], "accuracy": [0.5108776688575745, 0.7013814449310303, 0.8015551567077637, 0.8407643437385559, 0.8566465973854065, 0.8654148578643799, 0.869550883769989, 0.8756721019744873, 0.8785673379898071, 0.8821243047714233], "val_loss": [0.6881851553916931, 0.6751680374145508, 0.6494239568710327, 0.6092060208320618, 0.5601891875267029, 0.5099570751190186, 0.46292880177497864, 0.422614723443985, 0.3886970281600952, 0.360524445772171], "val_accuracy": [0.5093045830726624, 0.7943192720413208, 0.8369245529174805, 0.8525954484939575, 0.8672869801521301, 0.8726738095283508, 0.8765915632247925, 0.8790401220321655, 0.8800195455551147, 0.8854064345359802]}