{"loss": [0.6885607838630676, 0.6797882318496704, 0.6655722856521606, 0.6431915163993835, 0.6119707822799683, 0.5738104581832886, 0.5327703356742859, 0.49248385429382324, 0.4547613561153412, 0.4211118817329407], "accuracy": [0.596101701259613, 0.8022881150245667, 0.8649152517318726, 0.8866949081420898, 0.8907627463340759, 0.8888983130455017, 0.8918644189834595, 0.8933898210525513, 0.8932203650474548, 0.8960169553756714], "val_loss": [0.6835058331489563, 0.6715877652168274, 0.6519672274589539, 0.6230998635292053, 0.5851595401763916, 0.5422424674034119, 0.49836716055870056, 0.4571148157119751, 0.42004916071891785, 0.3870109021663666], "val_accuracy": [0.7811396718025208, 0.837115466594696, 0.8860312700271606, 0.9011598825454712, 0.8996469974517822, 0.8971255421638489, 0.9006555676460266, 0.9001513123512268, 0.8986384272575378, 0.9026727080345154]}