{"accuracy": [0.57, 0.78, 0.82, 0.84, 0.87, 0.82, 0.84, 0.85, 0.84, 0.85], "val_accuracy": [0.7253024193548387, 0.8180443548387096, 0.8487903225806451, 0.8462701612903226, 0.8492943548387096, 0.8462701612903226, 0.8482862903225806, 0.8477822580645161, 0.8497983870967742, 0.8528225806451613], "loss": [100.43999999999994, 60.580000000000005, 53.33599999999998, 49.21999999999999, 48.364000000000004, 48.032000000000004, 45.65199999999999, 46.61999999999998, 46.95199999999999, 45.45999999999998], "val_loss": [1456.0280000000002, 1054.7080000000003, 998.0599999999989, 969.1040000000003, 969.171999999997, 968.968, 953.5399999999976, 960.5959999999974, 947.572, 954.5119999999997]}