{"loss": [0.5640333294868469, 0.4627215564250946, 0.3759148120880127, 0.3074199855327606, 0.25549763441085815, 0.21675801277160645, 0.1878022998571396, 0.16612723469734192, 0.14977417886257172, 0.1373007893562317], "accuracy": [0.7756761908531189, 0.935208261013031, 0.9534595012664795, 0.9602621793746948, 0.9639953970909119, 0.965986430644989, 0.966401219367981, 0.9674797058105469, 0.9671478867530823, 0.9673967361450195], "val_loss": [0.5087669491767883, 0.41189900040626526, 0.33246558904647827, 0.2709730565547943, 0.22433583438396454, 0.18908271193504333, 0.16227129101753235, 0.14172489941120148, 0.12585009634494781, 0.11348078399896622], "val_accuracy": [0.9070351719856262, 0.9653266072273254, 0.9698492288589478, 0.9748743772506714, 0.9773869514465332, 0.9783919453620911, 0.9793969988822937, 0.9778894186019897, 0.9768844246864319, 0.9768844246864319]}