{"loss": [0.6545050740242004, 0.5606670379638672, 0.4878292977809906, 0.4302504360675812, 0.3842391073703766, 0.3468979597091675, 0.31613001227378845, 0.2903509736061096, 0.2685101330280304, 0.24987146258354187], "accuracy": [0.6621643304824829, 0.8526856899261475, 0.9148499369621277, 0.9420221447944641, 0.9520537853240967, 0.9590837955474854, 0.961058497428894, 0.9653239250183105, 0.9666666984558105, 0.9695103168487549], "val_loss": [0.6044174432754517, 0.5179243087768555, 0.4501623511314392, 0.39667385816574097, 0.3535584509372711, 0.3184269070625305, 0.28837907314300537, 0.26376664638519287, 0.24234507977962494, 0.22437013685703278], "val_accuracy": [0.7935976982116699, 0.896798849105835, 0.9374104142189026, 0.9507883787155151, 0.95652174949646, 0.9603440165519714, 0.9689441323280334, 0.9698996543884277, 0.9741997122764587, 0.9746775031089783]}