{"loss": [0.6799581050872803, 0.6636285781860352, 0.6469793915748596, 0.623182475566864, 0.5919402837753296, 0.5549072027206421, 0.5147116184234619, 0.47413715720176697, 0.43512874841690063, 0.3984837830066681], "accuracy": [0.5543040633201599, 0.5543040633201599, 0.5548795461654663, 0.5714051127433777, 0.6458932757377625, 0.7431554794311523, 0.8243854641914368, 0.8599029779434204, 0.8922141194343567, 0.9046288132667542], "val_loss": [0.6653098464012146, 0.6505655646324158, 0.6284184455871582, 0.5981661677360535, 0.5610851049423218, 0.5195860266685486, 0.4755794405937195, 0.43442073464393616, 0.39372989535331726, 0.35748934745788574], "val_accuracy": [0.5599408149719238, 0.5599408149719238, 0.5614207983016968, 0.6216082572937012, 0.7380365133285522, 0.8436112403869629, 0.8796250224113464, 0.9181055426597595, 0.9215589165687561, 0.9353724718093872]}