{"loss": [0.6932640075683594, 0.6729728579521179, 0.659755527973175, 0.6397656798362732, 0.6108909249305725, 0.5746579170227051, 0.5335947275161743, 0.4900737404823303, 0.4467870891094208, 0.40538492798805237], "accuracy": [0.5000419616699219, 0.5840262174606323, 0.6933736205101013, 0.7311665415763855, 0.8022171854972839, 0.8376585245132446, 0.8721760511398315, 0.9034181237220764, 0.9202989935874939, 0.9357520937919617], "val_loss": [0.6785478591918945, 0.6665709018707275, 0.6496579647064209, 0.6237390637397766, 0.5880967378616333, 0.5461783409118652, 0.5006725192070007, 0.4541604220867157, 0.4095202684402466, 0.3674396276473999], "val_accuracy": [0.5036746859550476, 0.6776090860366821, 0.7437531352043152, 0.8094072341918945, 0.8397845029830933, 0.8809407949447632, 0.9167075753211975, 0.936305820941925, 0.9461049437522888, 0.9534542560577393]}