{"loss": [0.4158046841621399, 0.2754121720790863, 0.20419970154762268, 0.1614619791507721, 0.13481637835502625, 0.10719309002161026, 0.09019692242145538, 0.0750134065747261, 0.06486049294471741, 0.06163265183568001], "accuracy": [0.9427940845489502, 0.9878653883934021, 0.9917263984680176, 0.9913324117660522, 0.9863682389259338, 0.9925143718719482, 0.9929082989692688, 0.9940114617347717, 0.9935386776924133, 0.9899928569793701], "val_loss": [0.3203977346420288, 0.23126450181007385, 0.1749943494796753, 0.13771994411945343, 0.11854343861341476, 0.09652078151702881, 0.07972507923841476, 0.06795037537813187, 0.057501405477523804, 0.05324174091219902], "val_accuracy": [0.9874066710472107, 0.9920708537101746, 0.996268630027771, 0.9958022236824036, 0.9920708537101746, 0.9944029450416565, 0.9953358173370361, 0.9948693513870239, 0.9948693513870239, 0.9906716346740723]}