{"loss": [91.8049545288086, 64.73152923583984, 37.73069381713867, 11.062499046325684, 0.7931442856788635, 0.764042317867279, 0.7384198307991028, 0.7175912261009216, 0.7007977366447449, 0.6882553696632385], "accuracy": [0.37640002369880676, 0.376047283411026, 0.376047283411026, 0.38874679803848267, 0.5219154953956604, 0.5219154953956604, 0.5219154953956604, 0.5219154953956604, 0.5219154953956604, 0.5219154953956604], "val_loss": [78.04414367675781, 51.03507995605469, 24.173744201660156, 0.8083203434944153, 0.7778176665306091, 0.7518912553787231, 0.7331793904304504, 0.7112922668457031, 0.6977896690368652, 0.6851862668991089], "val_accuracy": [0.3940540552139282, 0.3940540552139282, 0.39513513445854187, 0.5178378224372864, 0.5178378224372864, 0.5178378224372864, 0.5178378224372864, 0.5178378224372864, 0.5178378224372864, 0.5178378224372864]}