{"loss": [0.7256936430931091, 0.6950076818466187, 0.6889253258705139, 0.6825989484786987, 0.6722089648246765, 0.6526874899864197, 0.6207051277160645, 0.5782883763313293, 0.530305802822113, 0.48179152607917786], "accuracy": [0.49715355038642883, 0.5009771585464478, 0.59367835521698, 0.7034582495689392, 0.8180814385414124, 0.8760302662849426, 0.9041550159454346, 0.9197043180465698, 0.9272665977478027, 0.9304104447364807], "val_loss": [0.6995814442634583, 0.6906670331954956, 0.6845744848251343, 0.6755796074867249, 0.659466564655304, 0.6303828954696655, 0.5880141854286194, 0.5363814830780029, 0.48296695947647095, 0.43281957507133484], "val_accuracy": [0.5041407942771912, 0.5667701959609985, 0.6765010356903076, 0.806418240070343, 0.8793995976448059, 0.9073498845100403, 0.9223602414131165, 0.9342650175094604, 0.9404761791229248, 0.9409937858581543]}