{"accuracy": [0.78, 0.98, 1.0, 0.99, 0.99, 0.99, 0.99, 0.99, 0.99, 0.99], "val_accuracy": [0.923, 0.938, 0.963, 0.967, 0.969, 0.971, 0.976, 0.975, 0.973, 0.962], "loss": [67.14799999999998, 26.77599999999999, 20.456, 19.151999999999997, 17.472, 17.9, 17.732, 18.996000000000006, 17.42, 17.260000000000005], "val_loss": [314.2200000000002, 278.2680000000006, 214.46800000000053, 221.84000000000015, 238.53600000000006, 221.2640000000001, 214.4440000000001, 224.80000000000038, 230.4399999999998, 219.83199999999977]}