{"0": {"(0, 1)": 0.9943262338638306, "(0, 2)": 0.9845924973487854, "(0, 3)": 0.9663316607475281, "(0, 4)": 0.994393527507782, "(0, 5)": 0.9850428104400635, "(0, 6)": 0.9540764093399048, "(0, 7)": 0.9940239191055298, "(0, 8)": 0.9641760587692261, "(0, 9)": 0.9803922176361084, "(1, 2)": 0.9838486909866333, "(1, 3)": 0.995337963104248, "(1, 4)": 0.9985829591751099, "(1, 5)": 0.5599408149719238, "(1, 6)": 0.9971333146095276, "(1, 7)": 0.9916782379150391, "(1, 8)": 0.7652916312217712, "(1, 9)": 0.9958022236824036, "(2, 3)": 0.9725759029388428, "(2, 4)": 0.968222439289093, "(2, 5)": 0.9766112565994263, "(2, 6)": 0.9859296083450317, "(2, 7)": 0.8849514722824097, "(2, 8)": 0.9750747680664062, "(2, 9)": 0.9338560104370117, "(3, 4)": 0.9874498844146729, "(3, 5)": 0.8732913136482239, "(3, 6)": 0.9796748757362366, "(3, 7)": 0.9877330660820007, "(3, 8)": 0.9732862710952759, "(3, 9)": 0.9821693897247314, "(4, 5)": 0.9839914441108704, "(4, 6)": 0.9680413007736206, "(4, 7)": 0.5114427804946899, "(4, 8)": 0.49795499444007874, "(4, 9)": 0.9753892421722412, "(5, 6)": 0.8913514018058777, "(5, 7)": 0.9890625476837158, "(5, 8)": 0.9158628582954407, "(5, 9)": 0.9726459980010986, "(6, 7)": 0.9944612383842468, "(6, 8)": 0.9668737053871155, "(6, 9)": 0.974072277545929, "(7, 8)": 0.9735264182090759, "(7, 9)": 0.9725086688995361, "(8, 9)": 0.9768028259277344}, "1": {"(0, 1)": 0.9952718615531921, "(0, 2)": 0.982107400894165, "(0, 3)": 0.9723618030548096, "(0, 4)": 0.499490350484848, "(0, 5)": 0.9813034534454346, "(0, 6)": 0.9401445388793945, "(0, 7)": 0.9860557913780212, "(0, 8)": 0.9902763366699219, "(0, 9)": 0.5072901248931885, "(1, 2)": 0.9916936159133911, "(1, 3)": 0.9874125719070435, "(1, 4)": 0.9815777540206909, "(1, 5)": 0.9738529920578003, "(1, 6)": 0.995699942111969, "(1, 7)": 0.993989884853363, "(1, 8)": 0.970128059387207, "(1, 9)": 0.9925373196601868, "(2, 3)": 0.4946131110191345, "(2, 4)": 0.9811320900917053, "(2, 5)": 0.9755717515945435, "(2, 6)": 0.9557788968086243, "(2, 7)": 0.9427184462547302, "(2, 8)": 0.9177467823028564, "(2, 9)": 0.9897109866142273, "(3, 4)": 0.9668675661087036, "(3, 5)": 0.9553102254867554, "(3, 6)": 0.9908537268638611, "(3, 7)": 0.5044161081314087, "(3, 8)": 0.5090725421905518, "(3, 9)": 0.9777117371559143, "(4, 5)": 0.9626467227935791, "(4, 6)": 0.9896907806396484, "(4, 7)": 0.9855721592903137, "(4, 8)": 0.9831287860870361, "(4, 9)": 0.5067805051803589, "(5, 6)": 0.9724324345588684, "(5, 7)": 0.9848958849906921, "(5, 8)": 0.5219721794128418, "(5, 9)": 0.9810625910758972, "(6, 7)": 0.9929506778717041, "(6, 8)": 0.4958592355251312, "(6, 9)": 0.9954245686531067, "(7, 8)": 0.9620379209518433, "(7, 9)": 0.5046637654304504, "(8, 9)": 0.9717599749565125}, "2": {"(0, 1)": 0.9995271563529968, "(0, 2)": 0.969184935092926, "(0, 3)": 0.9949748516082764, "(0, 4)": 0.9862385988235474, "(0, 5)": 0.9529914855957031, "(0, 6)": 0.9695562720298767, "(0, 7)": 0.9960159659385681, "(0, 8)": 0.9411463737487793, "(0, 9)": 0.9688286185264587, "(1, 2)": 0.9653899669647217, "(1, 3)": 0.995337963104248, "(1, 4)": 0.9300897717475891, "(1, 5)": 0.9975332617759705, "(1, 6)": 0.9961777329444885, "(1, 7)": 0.5247341990470886, "(1, 8)": 0.9905168414115906, "(1, 9)": 0.9967350363731384, "(2, 3)": 0.7859941124916077, "(2, 4)": 0.9875869154930115, "(2, 5)": 0.9755717515945435, "(2, 6)": 0.9783919453620911, "(2, 7)": 0.9616504907608032, "(2, 8)": 0.965603232383728, "(2, 9)": 0.9823616743087769, "(3, 4)": 0.989457905292511, "(3, 5)": 0.9663512706756592}}