{"0": {"(0, 1)": 0.994799017906189, "(0, 2)": 0.9602386355400085, "(0, 3)": 0.94321608543396, "(0, 4)": 0.499490350484848, "(0, 5)": 0.8974359631538391, "(0, 6)": 0.5056759715080261, "(0, 7)": 0.9342629909515381, "(0, 8)": 0.9493346810340881, "(0, 9)": 0.9265963435173035, "(1, 2)": 0.9215505719184875, "(1, 3)": 0.9701631665229797, "(1, 4)": 0.9683514833450317, "(1, 5)": 0.945239245891571, "(1, 6)": 0.9684663414955139, "(1, 7)": 0.9625520706176758, "(1, 8)": 0.9582740664482117, "(1, 9)": 0.9071828126907349, "(2, 3)": 0.7908912897109985, "(2, 4)": 0.944885790348053, "(2, 5)": 0.9183991551399231, "(2, 6)": 0.5185929536819458, "(2, 7)": 0.6019417643547058, "(2, 8)": 0.9082751870155334, "(2, 9)": 0.9436551332473755, "(3, 4)": 0.9703816175460815, "(3, 5)": 0.8427971005439758, "(3, 6)": 0.9745935797691345, "(3, 7)": 0.9548577070236206, "(3, 8)": 0.5090725421905518, "(3, 9)": 0.9554234743118286, "(4, 5)": 0.9370330572128296, "(4, 6)": 0.9541237354278564, "(4, 7)": 0.9582089781761169, "(4, 8)": 0.9095091819763184, "(4, 9)": 0.6911100149154663, "(5, 6)": 0.930810809135437, "(5, 7)": 0.9281250238418579, "(5, 8)": 0.5219721794128418, "(5, 9)": 0.5307732820510864, "(6, 7)": 0.9728096723556519, "(6, 8)": 0.95652174949646, "(6, 9)": 0.5124555826187134, "(7, 8)": 0.9390609264373779, "(7, 9)": 0.8433972001075745, "(8, 9)": 0.5088250041007996}, "1": {"(0, 1)": 0.9569739699363708, "(0, 2)": 0.9751491546630859, "(0, 3)": 0.5075376629829407, "(0, 4)": 0.9918451309204102, "(0, 5)": 0.8653846383094788, "(0, 6)": 0.9385965466499329, "(0, 7)": 0.5119522213935852, "(0, 8)": 0.5015352964401245, "(0, 9)": 0.5067873597145081, "(1, 2)": 0.9506230354309082, "(1, 3)": 0.9790209531784058, "(1, 4)": 0.9716580510139465, "(1, 5)": 0.5599408149719238, "(1, 6)": 0.9646440744400024, "(1, 7)": 0.9722607731819153, "(1, 8)": 0.5381697416305542, "(1, 9)": 0.9701492190361023, "(2, 3)": 0.8907933235168457, "(2, 4)": 0.9597815275192261, "(2, 5)": 0.9345114231109619, "(2, 6)": 0.8733668327331543, "(2, 7)": 0.9276699423789978, "(2, 8)": 0.9341974258422852, "(2, 9)": 0.9524743556976318, "(3, 4)": 0.9708836078643799, "(3, 5)": 0.5310199856758118, "(3, 6)": 0.9756098389625549, "(3, 7)": 0.9548577070236206, "(3, 8)": 0.8558467626571655, "(3, 9)": 0.9395740032196045, "(4, 5)": 0.9194236993789673, "(4, 6)": 0.9695876836776733, "(4, 7)": 0.9577114582061768, "(4, 8)": 0.8599181771278381, "(4, 9)": 0.7031642198562622, "(5, 6)": 0.9254054427146912, "(5, 7)": 0.9572917222976685, "(5, 8)": 0.9147910475730896, "(5, 9)": 0.9284586906433105, "(6, 7)": 0.5176233649253845, "(6, 8)": 0.9668737053871155, "(6, 9)": 0.9816980957984924, "(7, 8)": 0.9550449252128601, "(7, 9)": 0.909180223941803, "(8, 9)": 0.5088250041007996}, "2": {"(0, 1)": 0.5366430282592773, "(0, 2)": 0.9607356786727905, "(0, 3)": 0.9542713761329651, "(0, 4)": 0.9923548102378845, "(0, 5)": 0.7889957427978516, "(0, 6)": 0.49432405829429626, "(0, 7)": 0.9711155891418457, "(0, 8)": 0.9759467840194702, "(0, 9)": 0.5072901248931885, "(1, 2)": 0.9077065587043762, "(1, 3)": 0.9757575988769531, "(1, 4)": 0.981105387210846, "(1, 5)": 0.9432659149169922, "(1, 6)": 0.9784997701644897, "(1, 7)": 0.9778086543083191, "(1, 8)": 0.9592224359512329, "(1, 9)": 0.5293843150138855, "(2, 3)": 0.8829578757286072, "(2, 4)": 0.9419066309928894, "(2, 5)": 0.9106029272079468, "(2, 6)": 0.5180904269218445, "(2, 7)": 0.9485437273979187, "(2, 8)": 0.9247258305549622, "(2, 9)": 0.9563940167427063, "(3, 4)": 0.9648594856262207, "(3, 5)": 0.8743428587913513, "(3, 6)": 0.9695122838020325, "(3, 7)": 0.9504415988922119, "(3, 8)": 0.5090725421905518, "(3, 9)": 0.9489846229553223, "(4, 5)": 0.9413020014762878}}