{"0": {"(0, 1)": 0.5366430282592773, "(0, 2)": 0.8817098140716553, "(0, 3)": 0.5075376629829407, "(0, 4)": 0.9459735751152039, "(0, 5)": 0.5235043168067932, "(0, 6)": 0.5056759715080261, "(0, 7)": 0.9795817136764526, "(0, 8)": 0.5015352964401245, "(0, 9)": 0.9612871408462524, "(1, 2)": 0.872173547744751, "(1, 3)": 0.972960352897644, "(1, 4)": 0.9626830816268921, "(1, 5)": 0.9501726627349854, "(1, 6)": 0.9168657660484314, "(1, 7)": 0.91169673204422, "(1, 8)": 0.9388335943222046, "(1, 9)": 0.5293843150138855, "(2, 3)": 0.8858961462974548, "(2, 4)": 0.9379344582557678, "(2, 5)": 0.8529106378555298, "(2, 6)": 0.6216080188751221, "(2, 7)": 0.9446601867675781, "(2, 8)": 0.8305084705352783, "(2, 9)": 0.9524743556976318, "(3, 4)": 0.9774097204208374, "(3, 5)": 0.7082019448280334, "(3, 6)": 0.9349594116210938, "(3, 7)": 0.9587831497192383, "(3, 8)": 0.7278225421905518, "(3, 9)": 0.9470034241676331, "(4, 5)": 0.7849519848823547, "(4, 6)": 0.8953608870506287, "(4, 7)": 0.5114427804946899, "(4, 8)": 0.9115541577339172, "(4, 9)": 0.6805625557899475, "(5, 6)": 0.885405421257019, "(5, 7)": 0.8750000596046448, "(5, 8)": 0.6055734753608704, "(5, 9)": 0.882693350315094, "(6, 7)": 0.9556898474693298, "(6, 8)": 0.4958592355251312, "(6, 9)": 0.4870361387729645, "(7, 8)": 0.9105893969535828, "(7, 9)": 0.5046637654304504, "(8, 9)": 0.8809884190559387}, "1": {"(0, 1)": 0.5366430282592773, "(0, 2)": 0.8359841704368591, "(0, 3)": 0.8763818740844727, "(0, 4)": 0.9317024350166321, "(0, 5)": 0.5235043168067932, "(0, 6)": 0.9060887694358826, "(0, 7)": 0.9681274890899658, "(0, 8)": 0.8618218898773193, "(0, 9)": 0.9497235417366028, "(1, 2)": 0.8975542783737183, "(1, 3)": 0.9696969389915466, "(1, 4)": 0.9707133173942566, "(1, 5)": 0.9615194797515869, "(1, 6)": 0.9675107598304749, "(1, 7)": 0.5247341990470886, "(1, 8)": 0.970128059387207, "(1, 9)": 0.9743469953536987, "(2, 3)": 0.4946131110191345, "(2, 4)": 0.9270108938217163, "(2, 5)": 0.8939709067344666, "(2, 6)": 0.6713567972183228, "(2, 7)": 0.9368932247161865, "(2, 8)": 0.7482552528381348, "(2, 9)": 0.9431651830673218, "(3, 4)": 0.9748996496200562, "(3, 5)": 0.5310199856758118, "(3, 6)": 0.9410569667816162, "(3, 7)": 0.9445534944534302, "(3, 8)": 0.6698588728904724, "(3, 9)": 0.5002476572990417, "(4, 5)": 0.8249732851982117, "(4, 6)": 0.8814433217048645, "(4, 7)": 0.7577114701271057, "(4, 8)": 0.8634968996047974, "(4, 9)": 0.5635359287261963, "(5, 6)": 0.8827027082443237, "(5, 7)": 0.8645833730697632, "(5, 8)": 0.5219721794128418, "(5, 9)": 0.5307732820510864, "(6, 7)": 0.9667673707008362, "(6, 8)": 0.9006211161613464, "(6, 9)": 0.9633961319923401, "(7, 8)": 0.5134865045547485, "(7, 9)": 0.5046637654304504, "(8, 9)": 0.5088250041007996}, "2": {"(0, 1)": 0.9035460948944092, "(0, 2)": 0.886680006980896, "(0, 3)": 0.5075376629829407, "(0, 4)": 0.9689093232154846, "(0, 5)": 0.824252188205719, "(0, 6)": 0.5056759715080261, "(0, 7)": 0.5119522213935852, "(0, 8)": 0.5015352964401245, "(0, 9)": 0.9673203229904175, "(1, 2)": 0.9644670486450195, "(1, 3)": 0.977622389793396, "(1, 4)": 0.9730751514434814, "(1, 5)": 0.5599408149719238, "(1, 6)": 0.9359771013259888, "(1, 7)": 0.8377254009246826, "(1, 8)": 0.5381697416305542, "(1, 9)": 0.9874066710472107, "(2, 3)": 0.8849167227745056, "(2, 4)": 0.9389275312423706, "(2, 5)": 0.5363825559616089, "(2, 6)": 0.5879396796226501, "(2, 7)": 0.9417476058006287, "(2, 8)": 0.8235294222831726, "(2, 9)": 0.4933856427669525, "(3, 4)": 0.9743976593017578, "(3, 5)": 0.6866456866264343, "(3, 6)": 0.9247968196868896, "(3, 7)": 0.9376839995384216, "(3, 8)": 0.7268145084381104, "(3, 9)": 0.5002476572990417, "(4, 5)": 0.9135538935661316, "(4, 6)": 0.9216495156288147, "(4, 7)": 0.7432836294174194, "(4, 8)": 0.9279140830039978, "(4, 9)": 0.5655449628829956, "(5, 6)": 0.8918918967247009, "(5, 7)": 0.8380208611488342, "(5, 8)": 0.5353698134422302, "(5, 9)": 0.8837454319000244, "(6, 7)": 0.9692850112915039, "(6, 8)": 0.8473085165023804, "(6, 9)": 0.962887704372406, "(7, 8)": 0.8911088705062866, "(7, 9)": 0.5046637654304504, "(8, 9)": 0.5088250041007996}}