{"0": {"(0, 1)": 0.9981087446212769, "(0, 2)": 0.9905567169189453, "(0, 3)": 0.9763818979263306, "(0, 4)": 0.9852192401885986, "(0, 5)": 0.9797009229660034, "(0, 6)": 0.5056759715080261, "(0, 7)": 0.993027925491333, "(0, 8)": 0.9902763366699219, "(0, 9)": 0.9778783917427063, "(1, 2)": 0.9843101501464844, "(1, 3)": 0.9827505946159363, "(1, 4)": 0.9985829591751099, "(1, 5)": 0.98421311378479, "(1, 6)": 0.9928332567214966, "(1, 7)": 0.9852057695388794, "(1, 8)": 0.9653864502906799, "(1, 9)": 0.9850745797157288, "(2, 3)": 0.4946131110191345, "(2, 4)": 0.9582919478416443, "(2, 5)": 0.984927237033844, "(2, 6)": 0.5190954804420471, "(2, 7)": 0.9762136340141296, "(2, 8)": 0.9765703082084656, "(2, 9)": 0.9877511858940125, "(3, 4)": 0.9934739470481873, "(3, 5)": 0.9679285287857056, "(3, 6)": 0.9944106340408325, "(3, 7)": 0.5053974390029907, "(3, 8)": 0.5090725421905518, "(3, 9)": 0.978206992149353, "(4, 5)": 0.989327609539032, "(4, 6)": 0.8840206265449524, "(4, 7)": 0.5114427804946899, "(4, 8)": 0.9815950393676758, "(4, 9)": 0.5067805051803589, "(5, 6)": 0.9729729890823364, "(5, 7)": 0.9781250357627869, "(5, 8)": 0.5219721794128418, "(5, 9)": 0.9773803353309631, "(6, 7)": 0.9889224767684937, "(6, 8)": 0.9927536249160767, "(6, 9)": 0.976105809211731, "(7, 8)": 0.5134865045547485, "(7, 9)": 0.5046637654304504, "(8, 9)": 0.5088250041007996}, "1": {"(0, 1)": 0.9981087446212769, "(0, 2)": 0.4870775640010834, "(0, 3)": 0.9683417081832886, "(0, 4)": 0.997451663017273, "(0, 5)": 0.9658120274543762, "(0, 6)": 0.5056759715080261, "(0, 7)": 0.9541832804679871, "(0, 8)": 0.9856703877449036, "(0, 9)": 0.9909502863883972, "(1, 2)": 0.9930780529975891, "(1, 3)": 0.9808858036994934, "(1, 4)": 0.9943316578865051, "(1, 5)": 0.9916132092475891, "(1, 6)": 0.9952221512794495, "(1, 7)": 0.9875173568725586, "(1, 8)": 0.9748696088790894, "(1, 9)": 0.9930037260055542, "(2, 3)": 0.7384916543960571, "(2, 4)": 0.9826216697692871, "(2, 5)": 0.9620582461357117, "(2, 6)": 0.9824120402336121, "(2, 7)": 0.9063106775283813, "(2, 8)": 0.5159521698951721, "(2, 9)": 0.9495345950126648, "(3, 4)": 0.989457905292511, "(3, 5)": 0.9468980431556702, "(3, 6)": 0.9862805604934692, "(3, 7)": 0.9631991982460022, "(3, 8)": 0.5090725421905518, "(3, 9)": 0.960871696472168, "(4, 5)": 0.982924222946167, "(4, 6)": 0.990206241607666, "(4, 7)": 0.9895522594451904, "(4, 8)": 0.9826175570487976, "(4, 9)": 0.9412355422973633, "(5, 6)": 0.9800000190734863, "(5, 7)": 0.9947917461395264, "(5, 8)": 0.5225080847740173, "(5, 9)": 0.9731720089912415, "(6, 7)": 0.9914400577545166, "(6, 8)": 0.980331301689148, "(6, 9)": 0.9923742413520813, "(7, 8)": 0.9260739088058472, "(7, 9)": 0.9258714318275452, "(8, 9)": 0.9783157110214233}, "2": {"(0, 1)": 0.9995271563529968, "(0, 2)": 0.9865806102752686, "(0, 3)": 0.959296464920044, "(0, 4)": 0.9949032068252563, "(0, 5)": 0.5347222685813904, "(0, 6)": 0.9829722046852112, "(0, 7)": 0.9900398850440979, "(0, 8)": 0.9866939187049866, "(0, 9)": 0.9889392256736755, "(1, 2)": 0.9916936159133911, "(1, 3)": 0.9925407767295837, "(1, 4)": 0.99669349193573, "(1, 5)": 0.9960532784461975, "(1, 6)": 0.9933110475540161, "(1, 7)": 0.9889043569564819, "(1, 8)": 0.9819819927215576, "(1, 9)": 0.9906716346740723, "(2, 3)": 0.4946131110191345, "(2, 4)": 0.9846077561378479, "(2, 5)": 0.5363825559616089, "(2, 6)": 0.9748743772506714, "(2, 7)": 0.9728155732154846, "(2, 8)": 0.5144566297531128, "(2, 9)": 0.5134738087654114, "(3, 4)": 0.9849398136138916, "(3, 5)": 0.964773952960968, "(3, 6)": 0.9878049492835999, "(3, 7)": 0.9808635711669922, "(3, 8)": 0.9632056355476379, "(3, 9)": 0.9494799375534058, "(4, 5)": 0.9114193916320801, "(4, 6)": 0.9170103669166565, "(4, 7)": 0.9537314176559448, "(4, 8)": 0.9877300262451172, "(4, 9)": 0.9276745319366455, "(5, 6)": 0.9805405735969543, "(5, 7)": 0.9812500476837158, "(5, 8)": 0.9683816432952881, "(5, 9)": 0.5307732820510864, "(6, 7)": 0.9813696146011353, "(6, 8)": 0.7831262946128845, "(6, 9)": 0.9964413642883301, "(7, 8)": 0.9780219793319702, "(7, 9)": 0.5046637654304504, "(8, 9)": 0.9601613879203796}}