{"loss": [0.6947981119155884, 0.688714325428009, 0.677052915096283, 0.6537283658981323, 0.6170780658721924, 0.5705767273902893, 0.5190290212631226, 0.46829140186309814, 0.42122289538383484, 0.37962761521339417], "accuracy": [0.5044091939926147, 0.6098093390464783, 0.7619887590408325, 0.8881330490112305, 0.8990509510040283, 0.9232383966445923, 0.9266817569732666, 0.9291173219680786, 0.9284454584121704, 0.930461049079895], "val_loss": [0.6919341087341309, 0.6842767000198364, 0.6662856936454773, 0.6346049904823303, 0.5888891816139221, 0.5363320112228394, 0.482612669467926, 0.4329211413860321, 0.38731637597084045, 0.3496735990047455], "val_accuracy": [0.5262126922607422, 0.7942185997962952, 0.853013277053833, 0.8696718215942383, 0.9255267977714539, 0.9274865984916687, 0.9279765486717224, 0.9265066981315613, 0.9289564490318298, 0.9284664988517761]}