{"loss": [0.62413090467453, 0.5222960114479065, 0.4101417362689972, 0.3185487389564514, 0.25186121463775635, 0.20462389290332794, 0.17082396149635315, 0.14628563821315765, 0.1281985193490982, 0.11467777192592621], "accuracy": [0.5237318873405457, 0.8002796769142151, 0.9613921046257019, 0.973821222782135, 0.9777052998542786, 0.9796473383903503, 0.980424165725708, 0.9808126091957092, 0.9809679388999939, 0.9811233282089233], "val_loss": [0.5737549066543579, 0.4561413526535034, 0.34954744577407837, 0.2697054147720337, 0.21277688443660736, 0.17240947484970093, 0.14317867159843445, 0.1216738149523735, 0.10565927624702454, 0.09334026277065277], "val_accuracy": [0.5291375517845154, 0.9533799290657043, 0.9790209531784058, 0.9832167625427246, 0.9846153855323792, 0.9860140085220337, 0.9874125719070435, 0.986480176448822, 0.9869464039802551, 0.9869464039802551]}