{"loss": [0.3366006016731262, 0.23074965178966522, 0.17918382585048676, 0.14502552151679993, 0.11456756293773651, 0.09817713499069214, 0.08124285191297531, 0.0710885152220726, 0.06077023223042488, 0.06079798564314842], "accuracy": [0.9487094283103943, 0.9823222160339355, 0.9836500883102417, 0.9867209196090698, 0.9887127876281738, 0.9875508546829224, 0.9907046556472778, 0.9896256923675537, 0.9932774305343628, 0.9866378903388977], "val_loss": [0.26476994156837463, 0.1958165019750595, 0.15529920160770416, 0.13782165944576263, 0.10475112497806549, 0.092550128698349, 0.07655791938304901, 0.06618962436914444, 0.05898620933294296, 0.054224155843257904], "val_accuracy": [0.9756098389625549, 0.9883130788803101, 0.9888212084770203, 0.9786586165428162, 0.9898374676704407, 0.9903455972671509, 0.9867886900901794, 0.9928862452507019, 0.9918699860572815, 0.9872968196868896]}