{"loss": [0.46702873706817627, 0.3446177840232849, 0.2818897068500519, 0.2274162918329239, 0.20041297376155853, 0.18057987093925476, 0.15497088432312012, 0.130760058760643, 0.1179930567741394, 0.10928072780370712], "accuracy": [0.9143211841583252, 0.9664735198020935, 0.9724338054656982, 0.9774006605148315, 0.9730960130691528, 0.9697020053863525, 0.9714404344558716, 0.9785596132278442, 0.9788079857826233, 0.9774834513664246], "val_loss": [0.37420591711997986, 0.3310166895389557, 0.2555553913116455, 0.20792098343372345, 0.20048058032989502, 0.1587185263633728, 0.14669376611709595, 0.13410894572734833, 0.13575848937034607, 0.118381567299366], "val_accuracy": [0.9727587699890137, 0.9474987387657166, 0.9747399687767029, 0.9762258529663086, 0.9549281597137451, 0.9767211079597473, 0.9697870016098022, 0.9717682003974915, 0.9598811268806458, 0.9702823162078857]}