{"loss": [0.7130318284034729, 0.6696950197219849, 0.6194290518760681, 0.5471189618110657, 0.46597400307655334, 0.3888867199420929, 0.32246536016464233, 0.26824110746383667, 0.2249947041273117, 0.1908571869134903], "accuracy": [0.5120688080787659, 0.5120688080787659, 0.6301679015159607, 0.8322893381118774, 0.9365238547325134, 0.968178391456604, 0.9787855744361877, 0.9816253185272217, 0.9833792448043823, 0.9839639067649841], "val_loss": [0.6882821321487427, 0.6492049098014832, 0.5858615636825562, 0.5051782131195068, 0.4230881631374359, 0.34951910376548767, 0.28847095370292664, 0.23934565484523773, 0.20066294074058533, 0.17034201323986053], "val_accuracy": [0.5070281624794006, 0.5070281624794006, 0.7304217219352722, 0.9151607155799866, 0.963855504989624, 0.9809237718582153, 0.9824298024177551, 0.9879518747329712, 0.9884538650512695, 0.9889559149742126]}