{"loss": [0.636596143245697, 0.4714077413082123, 0.3735578656196594, 0.31093284487724304, 0.2681855261325836, 0.23730464279651642, 0.21388040482997894, 0.19559773802757263, 0.18088403344154358, 0.1687360256910324], "accuracy": [0.6189725399017334, 0.8726865649223328, 0.9113619327545166, 0.926383912563324, 0.935347318649292, 0.9397460222244263, 0.9448916912078857, 0.9490414261817932, 0.9521121978759766, 0.9546850323677063], "val_loss": [0.522549569606781, 0.39314699172973633, 0.31338536739349365, 0.26070377230644226, 0.22432874143123627, 0.19814705848693848, 0.17785008251667023, 0.16141925752162933, 0.14849628508090973, 0.1377987563610077], "val_accuracy": [0.8678862452507019, 0.9324187636375427, 0.9441057443618774, 0.9481707811355591, 0.9512195587158203, 0.9552846550941467, 0.9578253030776978, 0.9593496918678284, 0.9639228582382202, 0.9649391174316406]}