{"loss": [0.683725118637085, 0.6339343786239624, 0.5729798674583435, 0.5010525584220886, 0.4327644109725952, 0.3783738911151886, 0.3367462158203125, 0.30467697978019714, 0.27994367480278015, 0.2608385384082794], "accuracy": [0.5415254235267639, 0.8003389835357666, 0.8678813576698303, 0.884491503238678, 0.8949152827262878, 0.9038135409355164, 0.9097457528114319, 0.915508508682251, 0.9198305010795593, 0.9239830374717712], "val_loss": [0.65919029712677, 0.6030753254890442, 0.5327949523925781, 0.4570568799972534, 0.39290517568588257, 0.3438382148742676, 0.30641376972198486, 0.2778681814670563, 0.25608351826667786, 0.2395496666431427], "val_accuracy": [0.7085224390029907, 0.8618255257606506, 0.8910741209983826, 0.9036812782287598, 0.9097327589988708, 0.9213313460350037, 0.9228441715240479, 0.925869882106781, 0.9299041628837585, 0.9309127330780029]}