{"accuracy": [0.59, 0.83, 0.87, 0.88, 0.87, 0.87, 0.91, 0.91, 0.92, 0.93], "val_accuracy": [0.74, 0.784, 0.821, 0.822, 0.824, 0.836, 0.834, 0.837, 0.836, 0.842], "loss": [95.83200000000008, 55.248000000000005, 41.45599999999999, 37.483999999999995, 36.92000000000001, 34.836000000000006, 34.419999999999995, 35.148, 34.67600000000001, 33.58400000000002], "val_loss": [666.7200000000003, 554.4280000000001, 488.99200000000064, 459.4640000000004, 452.9320000000011, 449.00000000000057, 463.1400000000004, 466.3760000000007, 471.28800000000064, 451.64000000000124]}