{"loss": [0.7132765054702759, 0.6517295241355896, 0.6061400771141052, 0.5504156947135925, 0.4877000153064728, 0.4244142472743988, 0.36572811007499695, 0.31469136476516724, 0.2719632387161255, 0.23688708245754242], "accuracy": [0.4967687129974365, 0.5190476179122925, 0.7301020622253418, 0.9070578217506409, 0.9583333730697632, 0.969897985458374, 0.9707483053207397, 0.9713435769081116, 0.9704931974411011, 0.9711734652519226], "val_loss": [0.6683787107467651, 0.6275156140327454, 0.5779833793640137, 0.51894211769104, 0.4561171233654022, 0.3954925537109375, 0.34142643213272095, 0.2955540120601654, 0.25767213106155396, 0.22658409178256989], "val_accuracy": [0.5061855912208557, 0.6020618677139282, 0.8613402247428894, 0.9603093266487122, 0.973711371421814, 0.9706186056137085, 0.9721649885177612, 0.973711371421814, 0.9695876836776733, 0.9685567617416382]}