{"loss": [0.4737570285797119, 0.3998185992240906, 0.34683629870414734, 0.30366572737693787, 0.26816675066947937, 0.23873403668403625, 0.21416246891021729, 0.1934196501970291, 0.1756836473941803, 0.1603991985321045], "accuracy": [0.7820004820823669, 0.9459846615791321, 0.9663773775100708, 0.9742984771728516, 0.979607343673706, 0.9829779863357544, 0.9857588410377502, 0.987949788570404, 0.989803671836853, 0.9897193908691406], "val_loss": [0.4323580265045166, 0.37053701281547546, 0.32064327597618103, 0.28044313192367554, 0.24709250032901764, 0.21928706765174866, 0.1963571310043335, 0.17658467590808868, 0.15997695922851562, 0.1452844738960266], "val_accuracy": [0.9110320806503296, 0.9730554819107056, 0.9801729321479797, 0.9847484230995178, 0.9903407096862793, 0.991865873336792, 0.991865873336792, 0.9928826093673706, 0.9928826093673706, 0.9933910369873047]}