{"loss": [0.6884682774543762, 0.6706388592720032, 0.6534028053283691, 0.6283302307128906, 0.5954026579856873, 0.5565213561058044, 0.5144258737564087, 0.47188133001327515, 0.43110379576683044, 0.39356881380081177], "accuracy": [0.5045762658119202, 0.5565254092216492, 0.6520339250564575, 0.7411864399909973, 0.7984746098518372, 0.8538135886192322, 0.8833898305892944, 0.9031355977058411, 0.9161016941070557, 0.9238135814666748], "val_loss": [0.6754282116889954, 0.6605957746505737, 0.6377650499343872, 0.6057747602462769, 0.5664219260215759, 0.5226839184761047, 0.4776687026023865, 0.43394404649734497, 0.3936450183391571, 0.35765019059181213], "val_accuracy": [0.5229450464248657, 0.6575894951820374, 0.7554211020469666, 0.7992939949035645, 0.8401411771774292, 0.8739283680915833, 0.9021684527397156, 0.9188098907470703, 0.9263741970062256, 0.9304084777832031]}