{"loss": [0.6749752163887024, 0.6073974370956421, 0.5398004651069641, 0.46824344992637634, 0.4053286015987396, 0.3552628457546234, 0.3171080946922302, 0.28837987780570984, 0.2668468654155731, 0.25074973702430725], "accuracy": [0.5019349455833435, 0.9180299043655396, 0.9226033687591553, 0.9240105748176575, 0.9260334372520447, 0.9313104748725891, 0.9332454204559326, 0.9350923895835876, 0.936059832572937, 0.936675488948822], "val_loss": [0.6364646553993225, 0.5730143785476685, 0.49914470314979553, 0.42834436893463135, 0.36930304765701294, 0.3235021233558655, 0.28864389657974243, 0.26214948296546936, 0.24232155084609985, 0.22704753279685974], "val_accuracy": [0.7837979793548584, 0.9279326796531677, 0.9216201901435852, 0.9242504239082336, 0.9337190985679626, 0.9342451095581055, 0.9363492727279663, 0.9410836696624756, 0.9400315880775452, 0.9416096806526184]}