{"loss": [0.8692143559455872, 0.724885880947113, 0.6858620643615723, 0.6565601229667664, 0.6195207238197327, 0.5697339177131653, 0.5082937479019165, 0.4424681067466736, 0.38056808710098267, 0.327291339635849], "accuracy": [0.49852707982063293, 0.49852707982063293, 0.49852707982063293, 0.6517969965934753, 0.8133153915405273, 0.884942352771759, 0.9301405549049377, 0.9502567052841187, 0.9585052132606506, 0.9593468904495239], "val_loss": [0.7670524716377258, 0.7020167112350464, 0.6718015670776367, 0.6396942138671875, 0.5962492823600769, 0.5390000939369202, 0.47290754318237305, 0.4066600799560547, 0.34789517521858215, 0.2984844148159027], "val_accuracy": [0.4870775640010834, 0.4870775640010834, 0.4870775640010834, 0.7738569378852844, 0.8558648824691772, 0.9214712381362915, 0.9483101963996887, 0.9577535390853882, 0.9602386355400085, 0.9657058119773865]}