{"loss": [0.6514142751693726, 0.4445511996746063, 0.2817351520061493, 0.1970996856689453, 0.15280114114284515, 0.12710483372211456, 0.11059798300266266, 0.09955348074436188, 0.0918053537607193, 0.08608013391494751], "accuracy": [0.7082745432853699, 0.8862976431846619, 0.9245580434799194, 0.9492074251174927, 0.9642294049263, 0.9712009429931641, 0.9779235124588013, 0.9811602830886841, 0.983069121837616, 0.9837331175804138], "val_loss": [0.5310922265052795, 0.31794273853302, 0.1984694004058838, 0.14168767631053925, 0.10925743728876114, 0.09067931026220322, 0.0767102986574173, 0.0675542876124382, 0.06070287153124809, 0.055779580026865005], "val_accuracy": [0.8907520771026611, 0.9344512820243835, 0.9512195587158203, 0.965955376625061, 0.9715448021888733, 0.985772430896759, 0.985772430896759, 0.9878049492835999, 0.9878049492835999, 0.9883130788803101]}