{"loss": [0.5613783001899719, 0.4030724763870239, 0.3297936022281647, 0.2776341438293457, 0.23548516631126404, 0.20606161653995514, 0.1803731471300125, 0.16021566092967987, 0.1453467160463333, 0.13795463740825653], "accuracy": [0.7707028985023499, 0.9615486264228821, 0.9559044241905212, 0.9512302875518799, 0.9624305367469788, 0.9548460841178894, 0.960490345954895, 0.964723527431488, 0.9667519330978394, 0.9674574732780457], "val_loss": [0.4545934200286865, 0.3535598814487457, 0.292481392621994, 0.25622522830963135, 0.2167554646730423, 0.21191756427288055, 0.15911245346069336, 0.17803286015987396, 0.1329672932624817, 0.13105589151382446], "val_accuracy": [0.9562162160873413, 0.9724324345588684, 0.962702751159668, 0.9605405926704407, 0.9659459590911865, 0.9529730081558228, 0.9745945930480957, 0.9200000166893005, 0.9740540981292725, 0.9594594836235046]}