{"loss": [8.775076866149902, 3.0470128059387207, 2.172369956970215, 1.7207778692245483, 1.4142398834228516, 1.2193058729171753, 1.0409355163574219, 0.9056795835494995, 0.7828561663627625, 0.6630702018737793], "accuracy": [0.881649911403656, 0.9499543905258179, 0.9614905714988708, 0.965557336807251, 0.9674661755561829, 0.9696240425109863, 0.9719479084014893, 0.9720308780670166, 0.9732757806777954, 0.9758486151695251], "val_loss": [3.7132627964019775, 2.3305251598358154, 1.8548758029937744, 1.4880807399749756, 1.301018238067627, 1.1273410320281982, 0.975159764289856, 0.9118250608444214, 0.7639325857162476, 0.657322883605957], "val_accuracy": [0.9461382627487183, 0.9578253030776978, 0.96341472864151, 0.9695122838020325, 0.9705285429954529, 0.9720529317855835, 0.9715448021888733, 0.9700204133987427, 0.9735773205757141, 0.9720529317855835]}