{"loss": [0.6856018304824829, 0.6415138840675354, 0.5738949179649353, 0.49310845136642456, 0.4196438789367676, 0.36276838183403015, 0.32119444012641907, 0.291073739528656, 0.26911914348602295, 0.2530239224433899], "accuracy": [0.5450409650802612, 0.839937150478363, 0.8856812119483948, 0.8942840695381165, 0.9007362127304077, 0.9055339694023132, 0.9102489948272705, 0.9143850207328796, 0.9165357351303101, 0.9187691807746887], "val_loss": [0.6643069982528687, 0.6068189740180969, 0.5254566073417664, 0.4414883255958557, 0.37275540828704834, 0.3226854205131531, 0.28591758012771606, 0.25812220573425293, 0.2394104152917862, 0.22471480071544647], "val_accuracy": [0.8310479521751404, 0.9010773301124573, 0.9079333543777466, 0.9128305315971375, 0.9182174205780029, 0.9226248264312744, 0.9265425801277161, 0.9280117154121399, 0.9285014271736145, 0.9309500455856323]}