{"loss": [0.787155270576477, 0.6746126413345337, 0.6257323026657104, 0.5665871500968933, 0.4910057783126831, 0.40967535972595215, 0.3340877890586853, 0.26994726061820984, 0.21837961673736572, 0.17772714793682098], "accuracy": [0.5142411589622498, 0.5142411589622498, 0.5967331528663635, 0.8202413320541382, 0.9375359416007996, 0.9710252285003662, 0.9858819842338562, 0.99228435754776, 0.9945826530456543, 0.995731770992279], "val_loss": [0.7067680358886719, 0.6493951082229614, 0.5971219539642334, 0.5264314413070679, 0.4434831440448761, 0.3620525002479553, 0.2909139096736908, 0.23320963978767395, 0.18782775104045868, 0.15277248620986938], "val_accuracy": [0.5176233649253845, 0.5176233649253845, 0.7396777272224426, 0.9189324975013733, 0.964753270149231, 0.97935551404953, 0.9884189367294312, 0.9914400577545166, 0.9934541583061218, 0.995468258857727]}