{"loss": [0.8656517863273621, 0.80584317445755, 0.7638373374938965, 0.7262784242630005, 0.6900545954704285, 0.6550946831703186, 0.6214839816093445, 0.5894837975502014, 0.5591182112693787, 0.5303696990013123, 0.503302276134491, 0.477899968624115, 0.45410236716270447, 0.43181800842285156, 0.410923570394516], "accuracy": [0.31974393129348755, 0.056603770703077316, 0.09349730610847473, 0.35621631145477295, 0.4989049732685089, 0.5987196564674377, 0.8878031969070435, 0.9394373297691345, 0.953251302242279, 0.9561994671821594, 0.957715630531311, 0.9569575190544128, 0.9564521312713623, 0.9574629068374634, 0.956115186214447], "val_loss": [0.8293957114219666, 0.7836191654205322, 0.7454026937484741, 0.7085817456245422, 0.6728983521461487, 0.6383284330368042, 0.6052458882331848, 0.5739117860794067, 0.54413241147995, 0.5160039067268372, 0.48958539962768555, 0.4648160934448242, 0.4416051208972931, 0.41986221075057983, 0.3994920551776886], "val_accuracy": [0.0910005047917366, 0.04575163498520851, 0.19306185841560364, 0.4927099347114563, 0.4927099347114563, 0.8240322470664978, 0.9406737685203552, 0.9562594890594482, 0.9622926712036133, 0.9632982015609741, 0.9622926712036133, 0.9617899060249329, 0.9597788453102112, 0.9597788453102112, 0.9597788453102112]}