{"loss": [0.6926186680793762, 0.6673102974891663, 0.651117205619812, 0.6290243864059448, 0.5998749732971191, 0.5650312900543213, 0.5267709493637085, 0.4877617657184601, 0.4503001868724823, 0.4156922996044159], "accuracy": [0.5132805705070496, 0.8035180568695068, 0.793579638004303, 0.8354441523551941, 0.8620932698249817, 0.8856640458106995, 0.8941073417663574, 0.9020228981971741, 0.9054529666900635, 0.9119613170623779], "val_loss": [0.6722761392593384, 0.6548261642456055, 0.6332556009292603, 0.6041581034660339, 0.5678030252456665, 0.5263357758522034, 0.4845353066921234, 0.44229987263679504, 0.40582650899887085, 0.3701665699481964], "val_accuracy": [0.7711730599403381, 0.8200947046279907, 0.8590215444564819, 0.8942661881446838, 0.914255678653717, 0.920042097568512, 0.9216201901435852, 0.9253025054931641, 0.9226722717285156, 0.9242504239082336]}