{"loss": [0.6396196484565735, 0.6010515689849854, 0.552967369556427, 0.4973740875720978, 0.4386008381843567, 0.38151785731315613, 0.32956236600875854, 0.28408434987068176, 0.24544307589530945, 0.2130153924226761], "accuracy": [0.7755085825920105, 0.8494119048118591, 0.9139382839202881, 0.947075605392456, 0.9588366150856018, 0.9697234034538269, 0.9727431535720825, 0.975842297077179, 0.9766369462013245, 0.9789415001869202], "val_loss": [0.6200524568557739, 0.5749033689498901, 0.5204463005065918, 0.4605221152305603, 0.40026378631591797, 0.3440573811531067, 0.2948601245880127, 0.2526155710220337, 0.2182401567697525, 0.18907096982002258], "val_accuracy": [0.8091639280319214, 0.9026925563812256, 0.9433160424232483, 0.9607936143875122, 0.9740198850631714, 0.9754369854927063, 0.9820501208305359, 0.9820501208305359, 0.981105387210846, 0.9820501208305359]}