{"loss": [355.20843505859375, 127.25914764404297, 7.993927955627441, 0.18204909563064575, 0.12051088362932205, 0.10430428385734558, 0.09708757698535919, 0.09434698522090912, 0.09214642643928528, 0.09023690223693848], "accuracy": [0.29573461413383484, 0.47977885603904724, 0.8914692401885986, 0.9898104667663574, 0.9924960732460022, 0.9928910732269287, 0.9929700493812561, 0.9937599301338196, 0.9933649897575378, 0.9937599301338196], "val_loss": [250.4875946044922, 39.373661041259766, 0.25734564661979675, 0.14617395401000977, 0.13082930445671082, 0.13163593411445618, 0.1405467689037323, 0.13749320805072784, 0.12862692773342133, 0.12389708310365677], "val_accuracy": [0.34352603554725647, 0.6784520149230957, 0.9842331409454346, 0.991399884223938, 0.992355465888977, 0.9928332567214966, 0.992355465888977, 0.9918776750564575, 0.991399884223938, 0.9918776750564575]}