{"loss": [0.2202150970697403, 0.056690722703933716, 0.05678880587220192, 0.0560271330177784, 0.056480929255485535, 0.056023743003606796, 0.05590331554412842, 0.055881209671497345, 0.05652359873056412, 0.056159645318984985], "accuracy": [0.9785441756248474, 0.9788620471954346, 0.9789415001869202, 0.9790209531784058, 0.9794182777404785, 0.9793388247489929, 0.9792593717575073, 0.9791004061698914, 0.9794977307319641, 0.9790209531784058], "val_loss": [0.052236877381801605, 0.04742744192481041, 0.04546472057700157, 0.045221053063869476, 0.04506773129105568, 0.046115681529045105, 0.044886838644742966, 0.04505685344338417, 0.045373834669589996, 0.044686656445264816], "val_accuracy": [0.9825224876403809, 0.9834672212600708, 0.9834672212600708, 0.9829948544502258, 0.9829948544502258, 0.9825224876403809, 0.9825224876403809, 0.9825224876403809, 0.9825224876403809, 0.9825224876403809]}