{"loss": [8.860546112060547, 1.6865465641021729, 1.169466495513916, 1.00697660446167, 0.8652200102806091, 0.76496422290802, 0.7437077164649963, 0.6397886276245117, 0.6028000116348267, 0.5780755281448364], "accuracy": [0.8799365758895874, 0.9637694358825684, 0.9718794226646423, 0.9732898473739624, 0.9764633774757385, 0.9774330258369446, 0.9763752222061157, 0.9787552952766418, 0.9782264232635498, 0.9779619574546814], "val_loss": [1.6444602012634277, 1.049597144126892, 0.884864866733551, 0.7949598431587219, 1.292498230934143, 0.7006219625473022, 1.0121800899505615, 0.7282422780990601, 0.5248686671257019, 0.5899471640586853], "val_accuracy": [0.9647436141967773, 0.9732906222343445, 0.9775641560554504, 0.9802350997924805, 0.9695513248443604, 0.9807692766189575, 0.9738248586654663, 0.9738248586654663, 0.9839743971824646, 0.9823718667030334]}