{"loss": [0.7794722318649292, 0.6999160647392273, 0.677223801612854, 0.6560565829277039, 0.6257010698318481, 0.5847163200378418, 0.5353525876998901, 0.48150089383125305, 0.4277501702308655, 0.37752559781074524], "accuracy": [0.4762681722640991, 0.4650042951107025, 0.671716034412384, 0.8573759198188782, 0.9183562994003296, 0.9452342391014099, 0.9589839577674866, 0.9610036611557007, 0.9606152772903442, 0.9626349806785583], "val_loss": [0.7213941216468811, 0.6861414313316345, 0.6661800146102905, 0.6397586464881897, 0.6019288897514343, 0.5537120699882507, 0.49886199831962585, 0.44195201992988586, 0.3876054286956787, 0.3383176326751709], "val_accuracy": [0.470862478017807, 0.5533799529075623, 0.8181818127632141, 0.9114218950271606, 0.9370629191398621, 0.9627039432525635, 0.9650349617004395, 0.9645687341690063, 0.966433584690094, 0.9668997526168823]}