{"loss": [112.89484405517578, 9.089649200439453, 3.2217817306518555, 1.9886153936386108, 1.4700826406478882, 1.2131043672561646, 1.0531612634658813, 0.9401582479476929, 0.8671741485595703, 0.7891436815261841], "accuracy": [0.6028549671173096, 0.8728864192962646, 0.9296457171440125, 0.9421361684799194, 0.9468094706535339, 0.9489336609840393, 0.948168933391571, 0.948168933391571, 0.9460447430610657, 0.9435806274414062], "val_loss": [20.19036102294922, 4.619232177734375, 2.5248427391052246, 1.7513452768325806, 1.3857823610305786, 1.2052903175354004, 1.0129340887069702, 0.9363185167312622, 0.8030411601066589, 0.7838186621665955], "val_accuracy": [0.7976190447807312, 0.9068323373794556, 0.9301242232322693, 0.9342650175094604, 0.9353002309799194, 0.9373705983161926, 0.9384058117866516, 0.9358178377151489, 0.9342650175094604, 0.9347826242446899]}