{"loss": [78.17765808105469, 27.308095932006836, 12.388044357299805, 7.402462005615234, 5.350142002105713, 4.260116100311279, 3.567549467086792, 3.1588315963745117, 2.8298287391662598, 2.5082545280456543], "accuracy": [0.817412257194519, 0.9111129641532898, 0.9469665884971619, 0.9627355337142944, 0.9693750739097595, 0.9722798466682434, 0.974105715751648, 0.9747697114944458, 0.9758486151695251, 0.975516676902771], "val_loss": [33.54450225830078, 12.917805671691895, 7.304626941680908, 4.973521709442139, 3.8002710342407227, 3.1702048778533936, 2.7698841094970703, 2.5095455646514893, 2.273221731185913, 1.9920960664749146], "val_accuracy": [0.8958333730697632, 0.9491870403289795, 0.9603659510612488, 0.9669716358184814, 0.9730691909790039, 0.9745935797691345, 0.9766260981559753, 0.9786586165428162, 0.9796748757362366, 0.978150486946106]}