{"loss": [642.8517456054688, 361.61480712890625, 86.8602294921875, 0.061014361679553986, 0.06038295850157738, 0.05977502465248108, 0.05915936082601547, 0.05850555747747421, 0.0579281710088253, 0.05729609355330467], "accuracy": [0.02137635089457035, 0.02137635089457035, 0.22759059071540833, 0.9766369462013245, 0.9764780402183533, 0.977034330368042, 0.9775111079216003, 0.9779084324836731, 0.978464663028717, 0.9787825345993042], "val_loss": [504.3908996582031, 221.69125366210938, 0.053279612213373184, 0.05231267213821411, 0.051468830555677414, 0.05068068206310272, 0.05002625659108162, 0.04929526150226593, 0.04860352724790573, 0.047951098531484604], "val_accuracy": [0.018894663080573082, 0.018894663080573082, 0.9792159199714661, 0.980160653591156, 0.979688286781311, 0.979688286781311, 0.980160653591156, 0.981105387210846, 0.9815777540206909, 0.981105387210846]}