{"loss": [2.0008668899536133, 0.5023382306098938, 0.3581051826477051, 0.26130354404449463, 0.1978573501110077, 0.18437252938747406, 0.13848544657230377, 0.11604013293981552, 0.10186551511287689, 0.09905286878347397], "accuracy": [0.950607180595398, 0.9826058745384216, 0.9853134751319885, 0.9877749085426331, 0.9902363419532776, 0.9905645251274109, 0.9908106327056885, 0.9920413494110107, 0.9934362173080444, 0.9921234250068665], "val_loss": [0.44701480865478516, 0.3417496085166931, 0.3374592363834381, 0.296549916267395, 0.235373854637146, 0.27330511808395386, 0.17659398913383484, 0.1605626940727234, 0.21491220593452454, 0.22687193751335144], "val_accuracy": [0.9855577945709229, 0.9855577945709229, 0.9890438318252563, 0.9905378818511963, 0.9915338754653931, 0.9895418882369995, 0.9940239191055298, 0.9955179691314697, 0.9895418882369995, 0.9875498414039612]}