{"loss": [0.6607638001441956, 0.6382713317871094, 0.6128711104393005, 0.584073007106781, 0.553011953830719, 0.5213974118232727, 0.49087685346603394, 0.4627206325531006, 0.4374895691871643, 0.4157581329345703], "accuracy": [0.8041228652000427, 0.8472709059715271, 0.8582040071487427, 0.8600400686264038, 0.8618761897087097, 0.8629611134529114, 0.8620430827140808, 0.8641295433044434, 0.8642129898071289, 0.8640460968017578], "val_loss": [0.642803966999054, 0.61649489402771, 0.5863205790519714, 0.5532958507537842, 0.5194198489189148, 0.48581433296203613, 0.45548221468925476, 0.42688924074172974, 0.4025898575782776, 0.3824255168437958], "val_accuracy": [0.8578628897666931, 0.862399160861969, 0.8709677457809448, 0.8734878897666931, 0.8729838728904724, 0.8739919066429138, 0.8709677457809448, 0.8739919066429138, 0.8729838728904724, 0.8729838728904724]}