{"loss": [0.6944797039031982, 0.45569711923599243, 0.34916001558303833, 0.28653058409690857, 0.24559040367603302, 0.2167973816394806, 0.1954372227191925, 0.178925022482872, 0.1659475415945053, 0.15543092787265778], "accuracy": [0.534794807434082, 0.8746708035469055, 0.9301555156707764, 0.9437505602836609, 0.9519925713539124, 0.9563259482383728, 0.9611691832542419, 0.9634633660316467, 0.966947078704834, 0.9683066010475159], "val_loss": [0.5204148888587952, 0.3749445974826813, 0.2947789132595062, 0.24482744932174683, 0.2109464854001999, 0.1874934285879135, 0.16936680674552917, 0.1560126096010208, 0.14434224367141724, 0.1358526051044464], "val_accuracy": [0.8359213471412659, 0.9425466060638428, 0.9492753744125366, 0.9549689888954163, 0.9570393562316895, 0.9616977572441101, 0.9648033380508423, 0.967391312122345, 0.967391312122345, 0.9689441323280334]}