{"loss": [0.6139605641365051, 0.5679329633712769, 0.5335782170295715, 0.5057069063186646, 0.4823238253593445, 0.4621667265892029, 0.44461509585380554, 0.429189532995224, 0.41550835967063904, 0.40330731868743896], "accuracy": [0.6948872804641724, 0.8837036490440369, 0.900057852268219, 0.9049310684204102, 0.9042702913284302, 0.9038572907447815, 0.9034442901611328, 0.9028661251068115, 0.9036095142364502, 0.9025357365608215], "val_loss": [0.5849012136459351, 0.5461474657058716, 0.5151023268699646, 0.4890516400337219, 0.4667104482650757, 0.4471987783908844, 0.42998480796813965, 0.4146558344364166, 0.40092864632606506, 0.3885829448699951], "val_accuracy": [0.8507463335990906, 0.9149253964424133, 0.9218906164169312, 0.9218906164169312, 0.9218906164169312, 0.921393096446991, 0.9203980565071106, 0.9203980565071106, 0.9199005365371704, 0.9199005365371704]}