{"loss": [0.6945623755455017, 0.6507496237754822, 0.6157019734382629, 0.568070650100708, 0.5109431147575378, 0.45069870352745056, 0.3929764926433563, 0.3412785530090332, 0.2971964180469513, 0.26066380739212036], "accuracy": [0.535759687423706, 0.5377463102340698, 0.5897965431213379, 0.7182135581970215, 0.8386840224266052, 0.9034488201141357, 0.936029851436615, 0.9487444162368774, 0.9578035473823547, 0.9637634754180908], "val_loss": [0.6610422730445862, 0.6291173696517944, 0.584851086139679, 0.5284637808799744, 0.4665546417236328, 0.40567535161972046, 0.34971290826797485, 0.30273839831352234, 0.264043927192688, 0.23179350793361664], "val_accuracy": [0.5361360907554626, 0.5649504065513611, 0.7227208614349365, 0.8686821460723877, 0.931506872177124, 0.9555975794792175, 0.964100182056427, 0.9655172824859619, 0.9664620161056519, 0.9669343829154968]}