{"loss": [0.6069597005844116, 0.49044376611709595, 0.41398391127586365, 0.3572532534599304, 0.3137575089931488, 0.2796418368816376, 0.2522753179073334, 0.22986166179180145, 0.21112963557243347, 0.19529388844966888], "accuracy": [0.7239403128623962, 0.9380635619163513, 0.9753096699714661, 0.9789331555366516, 0.9810398817062378, 0.9825567007064819, 0.982725203037262, 0.9828937649726868, 0.9831465482711792, 0.9829779863357544], "val_loss": [0.5263434052467346, 0.434990257024765, 0.3690169155597687, 0.31996646523475647, 0.2821950912475586, 0.25248226523399353, 0.22889277338981628, 0.209388867020607, 0.19326558709144592, 0.17945221066474915], "val_accuracy": [0.9018810987472534, 0.9649212956428528, 0.9720386862754822, 0.978139340877533, 0.9776309728622437, 0.9771226048469543, 0.976105809211731, 0.9766141772270203, 0.976105809211731, 0.9771226048469543]}