{"loss": [0.4661026895046234, 0.22606047987937927, 0.14515069127082825, 0.11350607126951218, 0.0981626808643341, 0.08968859165906906, 0.08457490801811218, 0.0807335302233696, 0.07815554738044739, 0.07575462013483047], "accuracy": [0.9115120768547058, 0.9617838859558105, 0.9772279262542725, 0.9820345044136047, 0.9838467836380005, 0.9854227304458618, 0.9853439331054688, 0.9857378602027893, 0.9859742522239685, 0.9862106442451477], "val_loss": [0.30267536640167236, 0.15917277336120605, 0.10687360912561417, 0.08222880214452744, 0.06886101514101028, 0.06089825928211212, 0.05552348867058754, 0.0515885129570961, 0.0489167794585228, 0.04692048206925392], "val_accuracy": [0.950559675693512, 0.9766790866851807, 0.9864738583564758, 0.9897387623786926, 0.9906716346740723, 0.9902052283287048, 0.9916044473648071, 0.9911380410194397, 0.9911380410194397, 0.9911380410194397]}