{"loss": [1.089579701423645, 0.13702765107154846, 0.06260164827108383, 0.04360433667898178, 0.03765165060758591, 0.03029613383114338, 0.026064710691571236, 0.018896648660302162, 0.01101301796734333, 0.04147261008620262], "accuracy": [0.9726698994636536, 0.99478679895401, 0.9968404769897461, 0.9977093935012817, 0.9982622861862183, 0.9982622861862183, 0.9981043338775635, 0.998894214630127, 0.9992101788520813, 0.9981833100318909], "val_loss": [0.1812194585800171, 0.17931298911571503, 0.15113569796085358, 0.15903598070144653, 0.1340387612581253, 0.14468756318092346, 0.14159490168094635, 0.09260246902704239, 0.1165800541639328, 0.13061659038066864], "val_accuracy": [0.9952221512794495, 0.9942666292190552, 0.9971333146095276, 0.9971333146095276, 0.9966555237770081, 0.9966555237770081, 0.9976111054420471, 0.9985666871070862, 0.9971333146095276, 0.9980888962745667]}