{"loss": [0.6947887539863586, 0.6736112833023071, 0.6496725082397461, 0.6129646301269531, 0.5630649924278259, 0.504245400428772, 0.443227082490921, 0.3852551579475403, 0.3333970904350281, 0.2886933982372284], "accuracy": [0.5552753806114197, 0.5581908226013184, 0.7819714546203613, 0.9134819507598877, 0.9419273138046265, 0.9572925567626953, 0.9632022380828857, 0.9662752747535706, 0.9695847034454346, 0.9706090688705444], "val_loss": [0.6804500222206116, 0.658820629119873, 0.6250225305557251, 0.5758978128433228, 0.514957845211029, 0.4493701756000519, 0.38621053099632263, 0.3306800425052643, 0.2825658619403839, 0.24097678065299988], "val_accuracy": [0.5438432693481445, 0.7882462739944458, 0.9486939907073975, 0.9626865386962891, 0.9724813103675842, 0.9743469953536987, 0.9734141826629639, 0.9706156253814697, 0.9724813103675842, 0.9715484976768494]}