{"loss": [0.7068411707878113, 0.6900200247764587, 0.6750307083129883, 0.6521058678627014, 0.6183695197105408, 0.5740294456481934, 0.52266526222229, 0.4690566658973694, 0.4170086681842804, 0.3692062497138977], "accuracy": [0.4824761748313904, 0.5520648956298828, 0.6965628266334534, 0.8342201113700867, 0.8918166160583496, 0.9316781163215637, 0.941643476486206, 0.9495819807052612, 0.9527912139892578, 0.953804612159729], "val_loss": [0.6942548155784607, 0.680907666683197, 0.6620778441429138, 0.6330284476280212, 0.5927825570106506, 0.5435682535171509, 0.48991093039512634, 0.4368935823440552, 0.3880258798599243, 0.34388864040374756], "val_accuracy": [0.5036119818687439, 0.6511868238449097, 0.7941176891326904, 0.8699690699577332, 0.9143447279930115, 0.9308565855026245, 0.9365325570106506, 0.9427245259284973, 0.9422085285186768, 0.944272518157959]}