{"loss": [0.6877284049987793, 0.6696509718894958, 0.6574451923370361, 0.6408759355545044, 0.6194533705711365, 0.5918794274330139, 0.5575745105743408, 0.5200234055519104, 0.48256659507751465, 0.44733142852783203], "accuracy": [0.5041525363922119, 0.5450847744941711, 0.7487288117408752, 0.7938982844352722, 0.8382203578948975, 0.8650000095367432, 0.8791525363922119, 0.8843220472335815, 0.8862711787223816, 0.8880508542060852], "val_loss": [0.6724302768707275, 0.6611472964286804, 0.6456505060195923, 0.6251893043518066, 0.5993306636810303, 0.5664494633674622, 0.5274280309677124, 0.48711109161376953, 0.4483984112739563, 0.41326263546943665], "val_accuracy": [0.5088250041007996, 0.7231467366218567, 0.7725667953491211, 0.8250126242637634, 0.8744326829910278, 0.8900655508041382, 0.8976298570632935, 0.8976298570632935, 0.8961169719696045, 0.8986384272575378]}