{"loss": [0.30068275332450867, 0.1793043166399002, 0.13817061483860016, 0.10648325830698013, 0.08617902547121048, 0.07089623808860779, 0.058534231036901474, 0.04897047206759453, 0.04183284193277359, 0.03795711323618889], "accuracy": [0.9511615037918091, 0.9913814663887024, 0.9918739199638367, 0.9952393174171448, 0.9962242841720581, 0.9969630241394043, 0.9980300664901733, 0.9971271753311157, 0.9967988729476929, 0.9963884353637695], "val_loss": [0.21320824325084686, 0.1572209745645523, 0.12254725396633148, 0.09715536236763, 0.08060521632432938, 0.06591950356960297, 0.05380687117576599, 0.04987362027168274, 0.04115675762295723, 0.03787946328520775], "val_accuracy": [0.9884189367294312, 0.9884189367294312, 0.9959717988967896, 0.9949647784233093, 0.9969788789749146, 0.996475338935852, 0.9974823594093323, 0.9949647784233093, 0.996475338935852, 0.9959717988967896]}