{"loss": [0.7466052174568176, 0.7034334540367126, 0.6948122978210449, 0.6893303990364075, 0.6827218532562256, 0.6727957129478455, 0.6565940976142883, 0.6333436965942383, 0.6037821173667908, 0.5698638558387756], "accuracy": [0.487064003944397, 0.4607008397579193, 0.4521860182285309, 0.5609136819839478, 0.7396430373191833, 0.8061240911483765, 0.7673980593681335, 0.8312591910362244, 0.8379728198051453, 0.8604879379272461], "val_loss": [0.7127562761306763, 0.6986925005912781, 0.692641019821167, 0.6861497759819031, 0.6771418452262878, 0.6630324125289917, 0.6413905024528503, 0.6111653447151184, 0.5764345526695251, 0.5387569665908813], "val_accuracy": [0.4953363239765167, 0.3897889256477356, 0.4761905074119568, 0.6809033155441284, 0.7962690591812134, 0.8090329766273499, 0.8689249753952026, 0.8478155136108398, 0.8753069043159485, 0.8939617872238159]}