{"loss": [2.249626398086548, 0.46175622940063477, 0.4059794247150421, 0.38221150636672974, 0.3418230414390564, 0.3246777057647705, 0.3144008219242096, 0.3082011640071869, 0.3032070994377136, 0.30067333579063416], "accuracy": [0.6513428688049316, 0.845892608165741, 0.8551343083381653, 0.8614534139633179, 0.8918641805648804, 0.896603524684906, 0.8979463577270508, 0.8977883458137512, 0.8989731669425964, 0.8986572027206421], "val_loss": [0.6505050659179688, 0.4057048559188843, 0.3778288662433624, 0.3447028696537018, 0.3165073096752167, 0.30596691370010376, 0.2973012328147888, 0.29122284054756165, 0.28954505920410156, 0.2861705422401428], "val_accuracy": [0.8308647871017456, 0.8623985052108765, 0.8666985034942627, 0.8795986771583557, 0.902054488658905, 0.9034878015518188, 0.9039655923843384, 0.9044433832168579, 0.9025322794914246, 0.9006211161613464]}