{"loss": [0.5685526132583618, 0.5238511562347412, 0.4872600734233856, 0.45610442757606506, 0.42883726954460144, 0.4046145975589752, 0.38290804624557495, 0.3632323741912842, 0.34523898363113403, 0.3287535607814789, 0.3135823607444763, 0.2995597720146179, 0.286604642868042, 0.27461472153663635, 0.26343101263046265], "accuracy": [0.5429341793060303, 0.7702873349189758, 0.8934861421585083, 0.9402545094490051, 0.956012487411499, 0.963596522808075, 0.9693267345428467, 0.9714334011077881, 0.9737928509712219, 0.9732872843742371, 0.9741299152374268, 0.9744670391082764, 0.974551260471344, 0.9742141962051392, 0.9748883247375488], "val_loss": [0.535787045955658, 0.4937152564525604, 0.45851239562034607, 0.4283265173435211, 0.40177851915359497, 0.3783195912837982, 0.3573451638221741, 0.3383675813674927, 0.32109344005584717, 0.30537277460098267, 0.2909068465232849, 0.27766749262809753, 0.26548290252685547, 0.25425827503204346, 0.2438262701034546], "val_accuracy": [0.7198780179023743, 0.8815455436706543, 0.9379766583442688, 0.9522115588188171, 0.9598373770713806, 0.9639045000076294, 0.9639045000076294, 0.9654296636581421, 0.9674631953239441, 0.9684799909591675, 0.9669548273086548, 0.9669548273086548, 0.9674631953239441, 0.9679716229438782, 0.9674631953239441]}