{"loss": [0.48619598150253296, 0.3599340319633484, 0.2883181869983673, 0.2325291782617569, 0.2027701437473297, 0.16564083099365234, 0.1493121236562729, 0.12924186885356903, 0.1166633665561676, 0.1061299741268158], "accuracy": [0.9141436815261841, 0.9708781242370605, 0.9765604138374329, 0.9850838780403137, 0.9800230860710144, 0.9825978875160217, 0.9821539521217346, 0.9831306338310242, 0.978247344493866, 0.978247344493866], "val_loss": [0.3935506343841553, 0.30809471011161804, 0.2463606595993042, 0.21060410141944885, 0.17382782697677612, 0.14790357649326324, 0.12617915868759155, 0.11040069907903671, 0.103363037109375, 0.0868808850646019], "val_accuracy": [0.9813233613967896, 0.9802561402320862, 0.9877267479896545, 0.9786552786827087, 0.9866595268249512, 0.9802561402320862, 0.9866595268249512, 0.9871931672096252, 0.9871931672096252, 0.9855923056602478]}