{"accuracy": [0.9, 0.92, 0.91, 0.92, 0.93], "val_accuracy": [0.926, 0.926, 0.926, 0.928, 0.928], "loss": [2.7087707055785466, 2.0824234644490702, 2.015145737312838, 2.0911225390282495, 2.150668432147822], "val_loss": [13.813921514626932, 13.646502066046503, 13.73592041312838, 13.499663597133472, 13.581944912482408]}