{"accuracy": [0.57, 0.79, 0.84, 0.83, 0.89, 0.91, 0.91, 0.93, 0.94, 0.92], "val_accuracy": [0.75, 0.873, 0.886, 0.909, 0.924, 0.936, 0.941, 0.92, 0.927, 0.917], "loss": [109.46800000000003, 62.48000000000001, 54.364000000000004, 46.732, 42.352000000000004, 38.068, 35.556000000000004, 34.504, 33.33200000000001, 32.611999999999995], "val_loss": [697.6720000000003, 558.7320000000007, 483.3480000000003, 445.00800000000055, 403.53199999999987, 383.72000000000014, 363.62000000000035, 347.28000000000054, 328.78400000000016, 325.00800000000055]}