{"loss": [0.6888272166252136, 0.606367290019989, 0.5643706321716309, 0.5291450619697571, 0.49712541699409485, 0.46810558438301086, 0.44199949502944946, 0.4184114933013916, 0.39699846506118774, 0.3775205612182617], "accuracy": [0.5383837819099426, 0.6766663789749146, 0.8232914805412292, 0.896604061126709, 0.9155641794204712, 0.9271930456161499, 0.9405072927474976, 0.9440464973449707, 0.9490182995796204, 0.9491025805473328], "val_loss": [0.6365293264389038, 0.5817180871963501, 0.5416077375411987, 0.5065608620643616, 0.47463318705558777, 0.44590678811073303, 0.4204739034175873, 0.3972448408603668, 0.3764759600162506, 0.35719355940818787], "val_accuracy": [0.604473888874054, 0.7493645548820496, 0.86781907081604, 0.8993391394615173, 0.9217082262039185, 0.9328927993774414, 0.9379766583442688, 0.943060576915741, 0.945094108581543, 0.949669599533081]}