{"accuracy": [0.48, 0.7, 0.78, 0.78, 0.84, 0.86, 0.94, 0.95, 0.95, 0.97], "val_accuracy": [0.574, 0.749, 0.796, 0.833, 0.871, 0.919, 0.947, 0.953, 0.958, 0.958], "loss": [121.68400000000007, 69.168, 52.47600000000001, 48.208, 43.48800000000001, 39.26400000000001, 34.968, 30.476, 27.732000000000006, 25.904000000000014], "val_loss": [955.6520000000007, 629.4159999999999, 547.6519999999996, 492.7560000000003, 451.6360000000008, 393.96000000000026, 350.8720000000001, 317.0040000000006, 299.8960000000003, 290.0240000000004]}