{"loss": [1.039783000946045, 0.10856645554304123, 0.051108311861753464, 0.04385633394122124, 0.04232500120997429, 0.021610449999570847, 0.015094196423888206, 0.026775293052196503, 0.036330413073301315, 0.028176141902804375], "accuracy": [0.9781747460365295, 0.9956181049346924, 0.9974719882011414, 0.997977614402771, 0.997977614402771, 0.9989888072013855, 0.9990730881690979, 0.9983989000320435, 0.9986517429351807, 0.9993258714675903], "val_loss": [0.3195244371891022, 0.16401530802249908, 0.2042313814163208, 0.24671529233455658, 0.13712888956069946, 0.10690708458423615, 0.1381281614303589, 0.14360493421554565, 0.23982681334018707, 0.22913582623004913], "val_accuracy": [0.9898322820663452, 0.993899405002594, 0.9933910369873047, 0.9933910369873047, 0.995932936668396, 0.9969497323036194, 0.9954245686531067, 0.995932936668396, 0.9944077730178833, 0.9949162006378174]}