{"loss": [0.5588194131851196, 0.42625460028648376, 0.3303954601287842, 0.26791128516197205, 0.22862182557582855, 0.18679596483707428, 0.15250027179718018, 0.13401880860328674, 0.1144888699054718, 0.10520733147859573], "accuracy": [0.8865132927894592, 0.9676729440689087, 0.9843496084213257, 0.984264075756073, 0.9815273880958557, 0.9889677166938782, 0.9872573018074036, 0.9857178926467896, 0.9896519184112549, 0.9816983938217163], "val_loss": [0.4736262261867523, 0.36724159121513367, 0.2960732877254486, 0.24442633986473083, 0.20575830340385437, 0.16210906207561493, 0.1353479027748108, 0.12098275125026703, 0.11138160526752472, 0.09509072452783585], "val_accuracy": [0.9631901383399963, 0.9861962795257568, 0.9846625328063965, 0.9872187972068787, 0.988752543926239, 0.9933537840843201, 0.9913087487220764, 0.9913087487220764, 0.9882413148880005, 0.9877300262451172]}