{"accuracy": [0.82, 0.85, 0.86, 0.87, 0.87, 0.87, 0.87, 0.87, 0.88, 0.89], "val_accuracy": [0.828, 0.835, 0.836, 0.843, 0.827, 0.835, 0.832, 0.853, 0.843, 0.852], "loss": [62.492000000000004, 50.428, 49.33199999999999, 49.312000000000005, 48.084, 47.29599999999998, 47.56399999999999, 47.376, 47.27600000000001, 46.175999999999995], "val_loss": [501.40000000000083, 540.8640000000001, 536.7760000000002, 506.6720000000006, 512.416000000001, 513.5040000000002, 505.9000000000008, 497.5800000000003, 499.74800000000033, 482.8200000000005]}