{"loss": [0.6953784227371216, 0.6851785778999329, 0.6707305908203125, 0.646155595779419, 0.6077935099601746, 0.5562965273857117, 0.49786895513534546, 0.4389887750148773, 0.38395410776138306, 0.33474311232566833], "accuracy": [0.4971938729286194, 0.6081632971763611, 0.7897959351539612, 0.9043367505073547, 0.9448129534721375, 0.9551020264625549, 0.9596088528633118, 0.962670087814331, 0.9654762148857117, 0.9675170183181763], "val_loss": [0.6907994747161865, 0.6794307827949524, 0.6604925990104675, 0.6291378140449524, 0.5834234952926636, 0.5278615355491638, 0.47008198499679565, 0.4151342809200287, 0.3669460117816925, 0.3242824077606201], "val_accuracy": [0.5092783570289612, 0.6814433336257935, 0.9097938537597656, 0.9345360994338989, 0.9448453783988953, 0.9474227428436279, 0.9489691257476807, 0.9474227428436279, 0.9474227428436279, 0.9474227428436279]}