{"loss": [0.665707528591156, 0.6229516863822937, 0.5594073534011841, 0.482585608959198, 0.40638449788093567, 0.3403788208961487, 0.28687530755996704, 0.24463026225566864, 0.21165251731872559, 0.18583989143371582], "accuracy": [0.5543040633201599, 0.5543040633201599, 0.6477842926979065, 0.8637672066688538, 0.9269095063209534, 0.9531365633010864, 0.9641535878181458, 0.9708131551742554, 0.9726219177246094, 0.9743484258651733], "val_loss": [0.6444457769393921, 0.589073896408081, 0.5140835642814636, 0.43305233120918274, 0.359383761882782, 0.2973676025867462, 0.2485727071762085, 0.21021170914173126, 0.18012534081935883, 0.15638180077075958], "val_accuracy": [0.5599408149719238, 0.5599408149719238, 0.7834237813949585, 0.9259989857673645, 0.9551060795783997, 0.9679328799247742, 0.9758263230323792, 0.9797730445861816, 0.9807597398757935, 0.9822397232055664]}