{"loss": [0.6459035277366638, 0.6052230000495911, 0.5542411208152771, 0.4965628683567047, 0.43885186314582825, 0.3853813111782074, 0.3377783000469208, 0.2968680262565613, 0.2623342275619507, 0.23340831696987152], "accuracy": [0.8413804769515991, 0.9469056129455566, 0.9516343474388123, 0.9525468945503235, 0.9543720483779907, 0.9563630819320679, 0.9580222964286804, 0.9597644209861755, 0.9607599377632141, 0.9622532725334167], "val_loss": [0.6238114833831787, 0.5765851736068726, 0.5195909738540649, 0.45893800258636475, 0.40140050649642944, 0.3495282232761383, 0.30418965220451355, 0.26580461859703064, 0.23377056419849396, 0.20688526332378387], "val_accuracy": [0.955276370048523, 0.9557788968086243, 0.955276370048523, 0.9572864174842834, 0.9618090391159058, 0.9633165597915649, 0.9643216133117676, 0.9678391814231873, 0.9678391814231873, 0.9693467020988464]}