{"loss": [0.7244715094566345, 0.6840039491653442, 0.6487489342689514, 0.5982663631439209, 0.5345010757446289, 0.46601876616477966, 0.4000568389892578, 0.3418569266796112, 0.2927843928337097, 0.2528441548347473], "accuracy": [0.4945950210094452, 0.7016779780387878, 0.9025492072105408, 0.9236043691635132, 0.9461116194725037, 0.9543401002883911, 0.9604710936546326, 0.9621651768684387, 0.9649887084960938, 0.9666827917098999], "val_loss": [0.6990224719047546, 0.66788250207901, 0.6246415376663208, 0.5651998519897461, 0.4966639280319214, 0.42784443497657776, 0.36492785811424255, 0.31187257170677185, 0.2679438889026642, 0.23293019831180573], "val_accuracy": [0.4955839216709137, 0.9013739228248596, 0.9371933341026306, 0.9514229893684387, 0.9558390378952026, 0.9587831497192383, 0.9612365365028381, 0.963689923286438, 0.9631991982460022, 0.964180588722229]}