{"loss": [0.6836261749267578, 0.6136625409126282, 0.5607144832611084, 0.5164053440093994, 0.4780200123786926, 0.4442805051803589, 0.41432446241378784, 0.3875751495361328, 0.3635261356830597, 0.34182852506637573], "accuracy": [0.4911611080169678, 0.8682048320770264, 0.9498713612556458, 0.9457216262817383, 0.9478794932365417, 0.9519461989402771, 0.9579218029975891, 0.963565468788147, 0.9656403064727783, 0.9668852090835571], "val_loss": [0.6378598213195801, 0.5748336911201477, 0.5240488648414612, 0.4807121753692627, 0.4433284401893616, 0.410507470369339, 0.38155490159988403, 0.35555991530418396, 0.33227893710136414, 0.3114081919193268], "val_accuracy": [0.48678866028785706, 0.9700204133987427, 0.960874080657959, 0.9568090438842773, 0.9613822102546692, 0.9649391174316406, 0.9679878950119019, 0.9684960246086121, 0.9695122838020325, 0.9705285429954529]}