{"loss": [0.2912411391735077, 0.15721680223941803, 0.12895987927913666, 0.12009427696466446, 0.11625935882329941, 0.11386363953351974, 0.11185462027788162, 0.11009728163480759, 0.10851062834262848, 0.10701320320367813], "accuracy": [0.9501232504844666, 0.9696661233901978, 0.9736596345901489, 0.9756988883018494, 0.9756988883018494, 0.9769734144210815, 0.9776532053947449, 0.9776532053947449, 0.9781630039215088, 0.9781630039215088], "val_loss": [0.17095738649368286, 0.12399112433195114, 0.10948538780212402, 0.10480214655399323, 0.10182486474514008, 0.09898604452610016, 0.09773912280797958, 0.0961175337433815, 0.09396570920944214, 0.09180784225463867], "val_accuracy": [0.9689441323280334, 0.9777432680130005, 0.9777432680130005, 0.9777432680130005, 0.979296088218689, 0.9777432680130005, 0.979296088218689, 0.979296088218689, 0.979296088218689, 0.979296088218689]}