{"loss": [118.553466796875, 10.210179328918457, 1.989479422569275, 1.4123528003692627, 1.1786607503890991, 1.0150721073150635, 0.8924174904823303, 0.8043171167373657, 0.7365564107894897, 0.6757879853248596], "accuracy": [0.5711921453475952, 0.8835394978523254, 0.9709242582321167, 0.9815617203712463, 0.9845559597015381, 0.9858166575431824, 0.9873138070106506, 0.9880229830741882, 0.988968551158905, 0.9894412755966187], "val_loss": [33.59050750732422, 1.9148809909820557, 0.8624302744865417, 0.6910253763198853, 0.6323921084403992, 0.6111778616905212, 0.5981953144073486, 0.5746132135391235, 0.528876543045044, 0.4830109179019928], "val_accuracy": [0.7299439907073975, 0.9659514427185059, 0.9864738583564758, 0.9902052283287048, 0.9911380410194397, 0.9925373196601868, 0.9920708537101746, 0.9925373196601868, 0.9930037260055542, 0.9930037260055542]}