{"loss": [0.6924815773963928, 0.6871217489242554, 0.6860385537147522, 0.6850262880325317, 0.6839525699615479, 0.682928740978241, 0.6819161176681519, 0.6807891130447388, 0.679795503616333, 0.6787273287773132], "accuracy": [0.5212847590446472, 0.7346419095993042, 0.7319228649139404, 0.7809500098228455, 0.7752570509910583, 0.7354915738105774, 0.7946299910545349, 0.7908913493156433, 0.7599626183509827, 0.7977738380432129], "val_loss": [0.687776505947113, 0.6865968704223633, 0.6858780980110168, 0.6847106218338013, 0.6836912631988525, 0.6829462051391602, 0.6819130182266235, 0.6811719536781311, 0.6801788806915283, 0.6792746186256409], "val_accuracy": [0.4958592355251312, 0.8328157663345337, 0.5947204828262329, 0.8592132925987244, 0.6107660531997681, 0.8115942478179932, 0.7991718649864197, 0.7763975262641907, 0.794513463973999, 0.785714328289032]}