{"loss": [11.399264335632324, 2.7300755977630615, 1.5139702558517456, 0.8845229744911194, 0.5419460535049438, 0.40104392170906067, 0.33188360929489136, 0.2896038591861725, 0.2552940249443054, 0.22998672723770142], "accuracy": [0.6239744424819946, 0.8377912640571594, 0.8689695000648499, 0.8884968757629395, 0.9063833355903625, 0.916064977645874, 0.9191007614135742, 0.9224647283554077, 0.9256646037101746, 0.9274696707725525], "val_loss": [3.6963915824890137, 1.8233118057250977, 1.059248924255371, 0.5959840416908264, 0.4158027470111847, 0.30048421025276184, 0.2591865360736847, 0.21781904995441437, 0.193529412150383, 0.17857946455478668], "val_accuracy": [0.8192231059074402, 0.8625498414039612, 0.8864542245864868, 0.9048805236816406, 0.9093625545501709, 0.9233068227767944, 0.9287849068641663, 0.931274950504303, 0.9327689409255981, 0.9342629909515381]}