{"loss": [0.6928269267082214, 0.6647161245346069, 0.6498602628707886, 0.6294509172439575, 0.6022726893424988, 0.569341242313385, 0.5325536727905273, 0.49432849884033203, 0.456707239151001, 0.42095619440078735], "accuracy": [0.535759687423706, 0.535759687423706, 0.5375874042510986, 0.5837571620941162, 0.7006515860557556, 0.7928321361541748, 0.8465511798858643, 0.8835028409957886, 0.8975683450698853, 0.9082167744636536], "val_loss": [0.6691654324531555, 0.6546909809112549, 0.6363171339035034, 0.611065685749054, 0.5791934728622437, 0.5425242781639099, 0.5036230683326721, 0.4645952880382538, 0.4275471270084381, 0.3943273723125458], "val_accuracy": [0.5361360907554626, 0.5361360907554626, 0.5743977427482605, 0.6901275515556335, 0.8025507926940918, 0.8620690107345581, 0.8918281197547913, 0.9088332653045654, 0.9187529683113098, 0.9206424355506897]}