{"loss": [0.43193700909614563, 0.29087597131729126, 0.2286585420370102, 0.18296821415424347, 0.14665459096431732, 0.1251324713230133, 0.1124163419008255, 0.09778307378292084, 0.08069602400064468, 0.07192440330982208], "accuracy": [0.8995354771614075, 0.9763564467430115, 0.9763564467430115, 0.9786792993545532, 0.9833250641822815, 0.9802555441856384, 0.9795089364051819, 0.9832421541213989, 0.9877219796180725, 0.9867264628410339], "val_loss": [0.3256746232509613, 0.24505509436130524, 0.18754883110523224, 0.16051656007766724, 0.12281285971403122, 0.1059219092130661, 0.08683524280786514, 0.07568767666816711, 0.06186234951019287, 0.06377940624952316], "val_accuracy": [0.9798994660377502, 0.9844220876693726, 0.9909547567367554, 0.991959810256958, 0.994472324848175, 0.9854271411895752, 0.9914572834968567, 0.9939698576927185, 0.994472324848175, 0.9859296083450317]}