{"accuracy": [0.62, 0.66, 0.68, 0.67, 0.68, 0.68, 0.7, 0.72, 0.79, 0.81], "val_accuracy": [0.666, 0.657, 0.673, 0.666, 0.675, 0.686, 0.698, 0.734, 0.77, 0.788], "loss": [89.69600000000004, 79.64799999999997, 76.02399999999999, 74.79999999999998, 73.56800000000001, 72.616, 68.808, 64.344, 59.236, 54.692], "val_loss": [829.3760000000002, 819.2320000000011, 778.1799999999997, 780.02, 771.9560000000013, 761.1759999999999, 722.8279999999997, 624.9800000000001, 581.9760000000006, 565.8760000000002]}