{"loss": [0.6294370889663696, 0.565326988697052, 0.49659910798072815, 0.4291229844093323, 0.36972442269325256, 0.3213313817977905, 0.2837851047515869, 0.2552144229412079, 0.23372907936573029, 0.2172698676586151], "accuracy": [0.8769040107727051, 0.9387417435646057, 0.9495033025741577, 0.9505794644355774, 0.9509106278419495, 0.9504139423370361, 0.9514901041984558, 0.9514073133468628, 0.9517384171485901, 0.9519867897033691], "val_loss": [0.5970069766044617, 0.5287969708442688, 0.4575596749782562, 0.3899262845516205, 0.3334835171699524, 0.28923386335372925, 0.25350186228752136, 0.22829468548297882, 0.20676742494106293, 0.19076257944107056], "val_accuracy": [0.891530454158783, 0.9539375901222229, 0.9618622660636902, 0.9628528952598572, 0.9633481502532959, 0.9638434648513794, 0.9628528952598572, 0.9643387794494629, 0.9628528952598572, 0.9628528952598572]}