{"loss": [0.6862272620201111, 0.6642338037490845, 0.6323940753936768, 0.5821468830108643, 0.5177350640296936, 0.44923135638237, 0.3859991133213043, 0.33190155029296875, 0.28705447912216187, 0.2503816783428192], "accuracy": [0.5386255979537964, 0.5959715843200684, 0.722748875617981, 0.8593997359275818, 0.9263823628425598, 0.9490521550178528, 0.9560822248458862, 0.9578989148139954, 0.9601896405220032, 0.9624013304710388], "val_loss": [0.6763765811920166, 0.6499611139297485, 0.6059556007385254, 0.5429349541664124, 0.4710685610771179, 0.4015401303768158, 0.3407994210720062, 0.29143449664115906, 0.2514590620994568, 0.21916750073432922], "val_accuracy": [0.5695174336433411, 0.6674630045890808, 0.8184424638748169, 0.9249880909919739, 0.9498327970504761, 0.9536550641059875, 0.9555661678314209, 0.9569995403289795, 0.9593884348869324, 0.9598662257194519]}