{"loss": [0.34494027495384216, 0.10567684471607208, 0.054153911769390106, 0.0378834493458271, 0.03111252374947071, 0.027854394167661667, 0.026060260832309723, 0.025183076038956642, 0.024604719132184982, 0.024367935955524445], "accuracy": [0.9951124787330627, 0.9948596954345703, 0.9948596954345703, 0.9948596954345703, 0.9947754144668579, 0.9947754144668579, 0.9949439764022827, 0.9948596954345703, 0.9947754144668579, 0.9948596954345703], "val_loss": [0.16118894517421722, 0.06849561631679535, 0.045945461839437485, 0.03835489973425865, 0.03526695445179939, 0.03383546695113182, 0.03334949165582657, 0.03297247365117073, 0.032916922122240067, 0.032823316752910614], "val_accuracy": [0.993899405002594, 0.9944077730178833, 0.9944077730178833, 0.9944077730178833, 0.993899405002594, 0.9944077730178833, 0.993899405002594, 0.9944077730178833, 0.993899405002594, 0.9944077730178833]}