{"loss": [0.6856942772865295, 0.668752133846283, 0.6337350010871887, 0.5803461074829102, 0.5188661813735962, 0.4578448534011841, 0.4021560847759247, 0.3532455265522003, 0.31101346015930176, 0.2752867341041565], "accuracy": [0.5633125901222229, 0.5621306300163269, 0.7858324646949768, 0.8753446936607361, 0.9160822033882141, 0.9383026957511902, 0.9480733871459961, 0.9566621780395508, 0.962256669998169, 0.9639902114868164], "val_loss": [0.6784347891807556, 0.6517425775527954, 0.6022283434867859, 0.5383206009864807, 0.471711665391922, 0.409371942281723, 0.3547273874282837, 0.30836546421051025, 0.26835036277770996, 0.235963374376297], "val_accuracy": [0.5293843150138855, 0.7308768630027771, 0.8875932693481445, 0.9300373196601868, 0.951958954334259, 0.9617537260055542, 0.9659514427185059, 0.9701492190361023, 0.9696828126907349, 0.9743469953536987]}