{"loss": [0.6968863010406494, 0.6702041625976562, 0.634330689907074, 0.5794563293457031, 0.5121304988861084, 0.4442242980003357, 0.3845972418785095, 0.33614182472229004, 0.298138827085495, 0.2685350179672241], "accuracy": [0.5075331330299377, 0.5445364117622375, 0.7022351026535034, 0.7975993752479553, 0.875165581703186, 0.9294702410697937, 0.9459437131881714, 0.9494205713272095, 0.9507450461387634, 0.9505794644355774], "val_loss": [0.6838034391403198, 0.6568509340286255, 0.6110234260559082, 0.5470861196517944, 0.47545701265335083, 0.40802451968193054, 0.3511658012866974, 0.3049515187740326, 0.2691916525363922, 0.24264657497406006], "val_accuracy": [0.5002476572990417, 0.5918771624565125, 0.7345220446586609, 0.8172362446784973, 0.9162951707839966, 0.9529469609260559, 0.960871696472168, 0.9648340344429016, 0.9638434648513794, 0.9658246636390686]}