{"loss": [0.6601125597953796, 0.5954422354698181, 0.5245640873908997, 0.4490664005279541, 0.37714436650276184, 0.314474493265152, 0.2630060911178589, 0.22206036746501923, 0.18993590772151947, 0.1647530347108841], "accuracy": [0.53611159324646, 0.5732500553131104, 0.8158479928970337, 0.9003936052322388, 0.9495977759361267, 0.96388840675354, 0.9706486463546753, 0.9730446338653564, 0.9752695560455322, 0.9762108325958252], "val_loss": [0.6283879280090332, 0.5609749555587769, 0.48431697487831116, 0.4078708291053772, 0.3388097882270813, 0.28080272674560547, 0.23440907895565033, 0.19778040051460266, 0.16927899420261383, 0.14667481184005737], "val_accuracy": [0.5354167222976685, 0.7239583730697632, 0.8755208849906921, 0.9343750476837158, 0.9567708969116211, 0.9666666984558105, 0.9729167222976685, 0.9750000238418579, 0.97552090883255, 0.9765625596046448]}