{"loss": [0.7036148309707642, 0.691802442073822, 0.6885906457901001, 0.6846835017204285, 0.6799980998039246, 0.6739456653594971, 0.6659103631973267, 0.6562651991844177, 0.6451050639152527, 0.6332713961601257], "accuracy": [0.49546265602111816, 0.540412187576294, 0.6076669096946716, 0.6597405076026917, 0.6588923931121826, 0.7012976408004761, 0.7024849653244019, 0.7037571668624878, 0.7026546001434326, 0.7035027146339417], "val_loss": [0.6941370368003845, 0.6899321675300598, 0.6861568093299866, 0.6814665198326111, 0.675512433052063, 0.6675449013710022, 0.657903254032135, 0.646267294883728, 0.6335878968238831, 0.6206243634223938], "val_accuracy": [0.4932194948196411, 0.5806127786636353, 0.663987934589386, 0.6504269242286682, 0.7066800594329834, 0.696634829044342, 0.7086890935897827, 0.7076845765113831, 0.7081868648529053, 0.7056755423545837]}