{"loss": [0.750828206539154, 0.6903364062309265, 0.6635305285453796, 0.6288788318634033, 0.5817850828170776, 0.5261531472206116, 0.46751874685287476, 0.4103492200374603, 0.3581119477748871, 0.31244325637817383], "accuracy": [0.4762681722640991, 0.5022139549255371, 0.8795929551124573, 0.9315621852874756, 0.9440690279006958, 0.950438916683197, 0.9551775455474854, 0.9569641947746277, 0.9592170119285583, 0.9604598879814148], "val_loss": [0.7078415751457214, 0.6772153973579407, 0.6478562355041504, 0.6063069105148315, 0.553255558013916, 0.49467670917510986, 0.4354873299598694, 0.379836767911911, 0.3302765488624573, 0.28732097148895264], "val_accuracy": [0.470862478017807, 0.7174825072288513, 0.91934734582901, 0.9407925605773926, 0.9496503472328186, 0.9571095705032349, 0.9580419659614563, 0.9613053798675537, 0.9603729844093323, 0.961771547794342]}