{"loss": [12.825779914855957, 1.158718228340149, 0.5250629186630249, 0.3701956570148468, 0.30242061614990234, 0.2521120309829712, 0.21961745619773865, 0.188884899020195, 0.164009228348732, 0.13958176970481873], "accuracy": [0.8317705392837524, 0.9429516792297363, 0.9650933146476746, 0.9818769097328186, 0.9823496341705322, 0.9821133017539978, 0.9822708368301392, 0.9828224182128906, 0.9825072288513184, 0.9836103916168213], "val_loss": [2.1371378898620605, 0.4853997826576233, 0.20527952909469604, 0.1739337295293808, 0.13847295939922333, 0.1308543086051941, 0.11084691435098648, 0.11303868889808655, 0.10206635296344757, 0.08981101959943771], "val_accuracy": [0.9137126803398132, 0.9556902647018433, 0.9692164063453674, 0.978078305721283, 0.978078305721283, 0.9766790866851807, 0.9776118993759155, 0.9771454930305481, 0.9790111780166626, 0.9822760820388794]}