{"loss": [0.7164953947067261, 0.661325216293335, 0.6248983144760132, 0.5759888291358948, 0.5175584554672241, 0.4567047357559204, 0.3993730843067169, 0.3480049967765808, 0.30379554629325867, 0.2665707767009735], "accuracy": [0.4911611080169678, 0.5393808484077454, 0.7359117269515991, 0.8469582796096802, 0.9099510312080383, 0.9332724809646606, 0.9503693580627441, 0.9585027694702148, 0.9637314677238464, 0.965225338935852], "val_loss": [0.6813831329345703, 0.644769012928009, 0.6004942059516907, 0.5435680747032166, 0.4807623624801636, 0.4183041751384735, 0.36267343163490295, 0.31356969475746155, 0.27220627665519714, 0.2371450662612915], "val_accuracy": [0.48678866028785706, 0.6341463923454285, 0.7860773205757141, 0.8653455972671509, 0.9120935797691345, 0.9476626515388489, 0.9547765254974365, 0.9603659510612488, 0.9649391174316406, 0.9679878950119019]}