{"loss": [107.62435150146484, 53.65098190307617, 6.764739036560059, 0.2269638627767563, 0.22738221287727356, 0.2264930158853531, 0.22705267369747162, 0.22667013108730316, 0.22690333425998688, 0.22778083384037018], "accuracy": [0.35082459449768066, 0.36925655603408813, 0.644501268863678, 0.90113765001297, 0.9017549753189087, 0.9006966948509216, 0.9012258648872375, 0.9015786051750183, 0.9029896855354309, 0.9016668200492859], "val_loss": [79.90430450439453, 26.369693756103516, 0.23314672708511353, 0.22923001646995544, 0.2337818294763565, 0.22655290365219116, 0.22682975232601166, 0.2374187558889389, 0.23405079543590546, 0.23009900748729706], "val_accuracy": [0.3513513505458832, 0.37189191579818726, 0.9054054021835327, 0.9059459567070007, 0.9043243527412415, 0.908108115196228, 0.9091892242431641, 0.8994594812393188, 0.9043243527412415, 0.9091892242431641]}