{"accuracy": [0.58, 0.78, 0.91, 0.97, 0.99, 0.99, 0.98, 0.99, 0.99, 0.99], "val_accuracy": [0.731, 0.826, 0.957, 0.969, 0.97, 0.968, 0.963, 0.961, 0.963, 0.965], "loss": [104.87200000000003, 66.16400000000002, 49.46, 29.540000000000003, 24.344, 24.684000000000005, 23.020000000000003, 21.411999999999995, 21.26, 21.267999999999997], "val_loss": [735.943999999999, 596.6519999999995, 368.68800000000033, 261.43600000000004, 272.0720000000003, 265.5320000000006, 278.0120000000005, 263.376, 269.7240000000007, 280.2760000000004]}