{"accuracy": [0.48, 0.76, 0.92, 0.95, 0.95], "val_accuracy": [0.546, 0.764, 0.906, 0.942, 0.95], "loss": [38.998406675181776, 24.634273007059758, 17.798171611007838, 14.636917784485695, 12.539132903719809], "val_loss": [205.55190303986998, 133.29798957438757, 94.6457164526977, 75.87350316894018, 66.34718116967082]}