{"loss": [0.4590083956718445, 0.3118973970413208, 0.24627891182899475, 0.2070634663105011, 0.18159319460391998, 0.15880723297595978, 0.1292990893125534, 0.11553501337766647, 0.10489095002412796, 0.09663280844688416], "accuracy": [0.8352682590484619, 0.9514511823654175, 0.9715039730072021, 0.9723834991455078, 0.9708883166313171, 0.9705365300178528, 0.97502201795578, 0.9800351858139038, 0.9772207736968994, 0.9777485132217407], "val_loss": [0.3580649197101593, 0.26778700947761536, 0.22738023102283478, 0.21831591427326202, 0.17831836640834808, 0.13315637409687042, 0.12363740056753159, 0.11120690405368805, 0.10928637534379959, 0.09667563438415527], "val_accuracy": [0.9342451095581055, 0.9705418348312378, 0.9673855900764465, 0.9221462607383728, 0.9668595790863037, 0.9763282537460327, 0.977906346321106, 0.9773803353309631, 0.9758022427558899, 0.9715939164161682]}