{"loss": [0.7196285724639893, 0.6405946612358093, 0.6021338105201721, 0.5584309697151184, 0.5082448720932007, 0.45779842138290405, 0.4115980267524719, 0.3717055916786194, 0.33842816948890686, 0.3113097846508026], "accuracy": [0.5221262574195862, 0.5342912673950195, 0.644305408000946, 0.7976022958755493, 0.8661847710609436, 0.8998590111732483, 0.911847710609436, 0.9132581353187561, 0.9136989116668701, 0.9142278432846069], "val_loss": [0.6667168736457825, 0.6229487657546997, 0.5833519101142883, 0.5352492928504944, 0.4833170175552368, 0.43386608362197876, 0.3899189233779907, 0.35255447030067444, 0.3214718699455261, 0.2962460219860077], "val_accuracy": [0.5235043168067932, 0.569444477558136, 0.7264957427978516, 0.8344017267227173, 0.9033120274543762, 0.9172009229660034, 0.9209402203559875, 0.9204060435295105, 0.9193376302719116, 0.9188034534454346]}