{"loss": [0.6623906493186951, 0.624187707901001, 0.5733819007873535, 0.512505292892456, 0.45135170221328735, 0.3970506191253662, 0.35207486152648926, 0.31595999002456665, 0.28698068857192993, 0.2643537223339081], "accuracy": [0.5071552991867065, 0.6130366921424866, 0.7874928116798401, 0.8620233535766602, 0.9073538184165955, 0.9189345836639404, 0.9268757104873657, 0.9301844835281372, 0.9339069128036499, 0.9357267022132874], "val_loss": [0.6466583609580994, 0.6027109026908875, 0.5452786087989807, 0.4816628694534302, 0.42291173338890076, 0.37239938974380493, 0.33115240931510925, 0.2981831133365631, 0.2736336290836334, 0.25069481134414673], "val_accuracy": [0.4946131110191345, 0.7277178764343262, 0.8090107440948486, 0.871204674243927, 0.8971596360206604, 0.9167482852935791, 0.9280117154121399, 0.93388831615448, 0.9343780279159546, 0.9387854933738708]}