{"loss": [0.8098888397216797, 0.6969174742698669, 0.6145735383033752, 0.5485268831253052, 0.49422815442085266, 0.4490937888622284, 0.4110996723175049, 0.37875330448150635, 0.3510523736476898, 0.3270604908466339], "accuracy": [0.43716543912887573, 0.6158552169799805, 0.8931940197944641, 0.9237828254699707, 0.9346588850021362, 0.9372929334640503, 0.9450250864028931, 0.9477441310882568, 0.9511428475379944, 0.9531821012496948], "val_loss": [0.7436307072639465, 0.6460985541343689, 0.5703145861625671, 0.5087460279464722, 0.45801928639411926, 0.4163207709789276, 0.38088253140449524, 0.3511350452899933, 0.3251943290233612, 0.30311837792396545], "val_accuracy": [0.4384058117866516, 0.8416149020195007, 0.9368529915809631, 0.9389234185218811, 0.9409937858581543, 0.9440994262695312, 0.9451345801353455, 0.9492753744125366, 0.9497929811477661, 0.9513458013534546]}