{"loss": [0.6999716758728027, 0.678382158279419, 0.6458938121795654, 0.5945402383804321, 0.5275229811668396, 0.4550481140613556, 0.386190265417099, 0.32592517137527466, 0.2756928503513336, 0.23456189036369324], "accuracy": [0.468338280916214, 0.6821929216384888, 0.9325116872787476, 0.9842754006385803, 0.989460289478302, 0.9886102676391602, 0.9879302978515625, 0.9872503280639648, 0.9872503280639648, 0.986910343170166], "val_loss": [0.6884048581123352, 0.662405252456665, 0.6182931065559387, 0.5544725060462952, 0.47954025864601135, 0.40562766790390015, 0.3396146893501282, 0.2840893268585205, 0.23881138861179352, 0.2021637111902237], "val_accuracy": [0.5545362234115601, 0.8562691807746887, 0.9791030287742615, 0.9903160929679871, 0.9923548102378845, 0.9918451309204102, 0.9913354516029358, 0.9913354516029358, 0.9908257722854614, 0.9908257722854614]}