{"loss": [0.690327525138855, 0.6355242133140564, 0.5565788745880127, 0.46164992451667786, 0.3745449185371399, 0.30572041869163513, 0.25423139333724976, 0.21595461666584015, 0.1872096210718155, 0.16533870995044708], "accuracy": [0.5114170908927917, 0.8292140364646912, 0.9453518986701965, 0.9623706340789795, 0.9663901329040527, 0.9667322039604187, 0.9674163460731506, 0.9671598076820374, 0.9676729440689087, 0.96818608045578], "val_loss": [0.6667033433914185, 0.6000476479530334, 0.5073674321174622, 0.4122026264667511, 0.33341777324676514, 0.27347633242607117, 0.22888901829719543, 0.19543400406837463, 0.16977038979530334, 0.1498289555311203], "val_accuracy": [0.6835378408432007, 0.9258691072463989, 0.96523517370224, 0.9734151363372803, 0.9723926186561584, 0.9749488234519958, 0.9744375944137573, 0.9744375944137573, 0.9744375944137573, 0.9739263653755188]}