{"loss": [0.7052781581878662, 0.6438416838645935, 0.5858982801437378, 0.508770763874054, 0.4286888837814331, 0.35879912972450256, 0.3027728497982025, 0.25926506519317627, 0.22567136585712433, 0.19962547719478607], "accuracy": [0.5188983082771301, 0.7297457456588745, 0.8923729062080383, 0.9408474564552307, 0.9535593390464783, 0.9610169529914856, 0.9617796540260315, 0.9633898138999939, 0.9642372727394104, 0.9644915461540222], "val_loss": [0.6660651564598083, 0.617059588432312, 0.5456138849258423, 0.4610389769077301, 0.3824154734611511, 0.31763187050819397, 0.2668726146221161, 0.22764594852924347, 0.19735127687454224, 0.17382776737213135], "val_accuracy": [0.5794438719749451, 0.8530287742614746, 0.9329692125320435, 0.9528301954269409, 0.9617676138877869, 0.9642502665519714, 0.9662363529205322, 0.967725932598114, 0.9672293663024902, 0.967725932598114]}