{"loss": [0.6810609102249146, 0.6562692523002625, 0.6204615831375122, 0.5705308318138123, 0.5111117362976074, 0.4488087594509125, 0.3887786865234375, 0.33486923575401306, 0.28825289011001587, 0.24895112216472626], "accuracy": [0.6083647608757019, 0.8579995632171631, 0.9211963415145874, 0.940493643283844, 0.952333390712738, 0.9553318023681641, 0.9607903957366943, 0.9647113680839539, 0.9664027690887451, 0.9691705107688904], "val_loss": [0.6668368577957153, 0.6359156966209412, 0.5895308256149292, 0.5305653214454651, 0.4651187062263489, 0.40160083770751953, 0.3440095782279968, 0.2928667664527893, 0.2514230012893677, 0.2171510010957718], "val_accuracy": [0.8058252930641174, 0.9107720851898193, 0.9445215463638306, 0.9574665427207947, 0.9574665427207947, 0.9625520706176758, 0.9657883048057556, 0.9653259515762329, 0.9676375985145569, 0.9699491858482361]}