{"loss": [0.6820979714393616, 0.6708099842071533, 0.657564103603363, 0.6393844485282898, 0.6155309677124023, 0.5867505073547363, 0.5543137788772583, 0.5200535655021667, 0.4860207140445709, 0.45342591404914856], "accuracy": [0.6557897329330444, 0.657465398311615, 0.7287238836288452, 0.8163859248161316, 0.8622453212738037, 0.8841167688369751, 0.8909074664115906, 0.8925831317901611, 0.8950524926185608, 0.8968163132667542], "val_loss": [0.6759819984436035, 0.6643624305725098, 0.6478248834609985, 0.6254013776779175, 0.597147524356842, 0.5645283460617065, 0.5294151902198792, 0.49260517954826355, 0.4584701955318451, 0.42560771107673645], "val_accuracy": [0.6654053926467896, 0.7005405426025391, 0.7989189624786377, 0.8567568063735962, 0.8908108472824097, 0.892973005771637, 0.8945946097373962, 0.8940540552139282, 0.8956757187843323, 0.8978378772735596]}