{"loss": [0.7027772068977356, 0.6814484596252441, 0.6539725065231323, 0.6052179336547852, 0.5370832681655884, 0.4655569791793823, 0.40295201539993286, 0.3528398871421814, 0.31378117203712463, 0.28386667370796204], "accuracy": [0.45735955238342285, 0.6066672801971436, 0.6751918196678162, 0.7692918181419373, 0.8805891275405884, 0.9128670692443848, 0.9247729182243347, 0.9301525950431824, 0.9320045709609985, 0.9332392811775208], "val_loss": [0.6945863366127014, 0.6733361482620239, 0.636041522026062, 0.5722467303276062, 0.49643370509147644, 0.42568278312683105, 0.3672342002391815, 0.32245245575904846, 0.2889772653579712, 0.2631780803203583], "val_accuracy": [0.5497297644615173, 0.6091892123222351, 0.6772972941398621, 0.8491892218589783, 0.9037837982177734, 0.9243243336677551, 0.9302703142166138, 0.9356756806373596, 0.9356756806373596, 0.9378378391265869]}