{"loss": [0.5774396657943726, 0.2511053681373596, 0.15862150490283966, 0.12490655481815338, 0.10903340578079224, 0.10061615705490112, 0.09559661895036697, 0.09232037514448166, 0.08983420580625534, 0.08770587295293808], "accuracy": [0.7376545667648315, 0.946302592754364, 0.9661383032798767, 0.9727778434753418, 0.977093517780304, 0.9789194464683533, 0.9795003533363342, 0.9803303480148315, 0.9804133176803589, 0.9805793166160583], "val_loss": [0.32302001118659973, 0.16170096397399902, 0.1122385710477829, 0.09221307188272476, 0.08079422265291214, 0.07526571303606033, 0.0707082748413086, 0.06812863051891327, 0.06616903096437454, 0.06473583728075027], "val_accuracy": [0.9385163187980652, 0.9649391174316406, 0.9720529317855835, 0.980691134929657, 0.980691134929657, 0.9842480421066284, 0.9842480421066284, 0.9842480421066284, 0.9842480421066284, 0.9847561717033386]}