{"loss": [0.7781192064285278, 0.6499300003051758, 0.5774957537651062, 0.5268145203590393, 0.48827189207077026, 0.45736441016197205, 0.43207183480262756, 0.4110872149467468, 0.3934648633003235, 0.3786155879497528], "accuracy": [0.48253077268600464, 0.5606673955917358, 0.7220616340637207, 0.8555381298065186, 0.8817213177680969, 0.8922937512397766, 0.8959279656410217, 0.898405909538269, 0.9016271829605103, 0.9009664058685303], "val_loss": [0.6924138069152832, 0.6038069725036621, 0.5437932014465332, 0.4988940358161926, 0.46308791637420654, 0.4337034821510315, 0.40917760133743286, 0.3884132504463196, 0.37070372700691223, 0.3555607497692108], "val_accuracy": [0.48855724930763245, 0.6288557648658752, 0.832835853099823, 0.879104495048523, 0.8995025157928467, 0.9079602360725403, 0.9144278764724731, 0.9179105162620544, 0.9184079766273499, 0.91890549659729]}