{"loss": [0.8855152130126953, 0.7706302404403687, 0.6869164705276489, 0.6206866502761841, 0.5665988922119141, 0.5214971899986267, 0.4834393560886383, 0.4508432447910309, 0.42267048358917236, 0.3980218172073364], "accuracy": [0.46875736117362976, 0.46875736117362976, 0.5541722178459167, 0.7647939324378967, 0.8606098294258118, 0.9066267013549805, 0.9170277714729309, 0.9271136522293091, 0.9352296590805054, 0.9407453536987305], "val_loss": [0.8188207149505615, 0.7249268889427185, 0.6511482000350952, 0.5913074016571045, 0.5415827631950378, 0.49963200092315674, 0.4637371003627777, 0.43259862065315247, 0.4054383635520935, 0.38139238953590393], "val_accuracy": [0.4706156551837921, 0.4706156551837921, 0.6497201323509216, 0.8185634016990662, 0.8941231369972229, 0.9137126803398132, 0.933768630027771, 0.9398320913314819, 0.9458954930305481, 0.9491603970527649]}