{"loss": [2.022782564163208, 0.5831788778305054, 0.08297190815210342, 0.0811585858464241, 0.0810176283121109, 0.08113124966621399, 0.08123967796564102, 0.08103294670581818, 0.08056113123893738, 0.08070026338100433], "accuracy": [0.9665877223014832, 0.9672986268997192, 0.9688783884048462, 0.9690364003181458, 0.9693523645401001, 0.9694313406944275, 0.9696682691574097, 0.9697473049163818, 0.9694313406944275, 0.9701422452926636], "val_loss": [1.0694125890731812, 0.06997200846672058, 0.06979133933782578, 0.07059227675199509, 0.06995110958814621, 0.0710345208644867, 0.0705433338880539, 0.07125091552734375, 0.07212148606777191, 0.07045641541481018], "val_accuracy": [0.9708552360534668, 0.9737219214439392, 0.9727663993835449, 0.9722886085510254, 0.9727663993835449, 0.9737219214439392, 0.9737219214439392, 0.9741997122764587, 0.9741997122764587, 0.9741997122764587]}