{"loss": [0.603960394859314, 0.4187007546424866, 0.34277522563934326, 0.27584153413772583, 0.23442481458187103, 0.21046623587608337, 0.18176642060279846, 0.16574059426784515, 0.1511179804801941, 0.13936269283294678], "accuracy": [0.8835574388504028, 0.95509272813797, 0.958783745765686, 0.9680991172790527, 0.9683627486228943, 0.9675718545913696, 0.9699446558952332, 0.9702961444854736, 0.9705597758293152, 0.9718779921531677], "val_loss": [0.4723511338233948, 0.390820175409317, 0.30690085887908936, 0.25335437059402466, 0.22211281955242157, 0.1939525604248047, 0.17415527999401093, 0.15324446558952332, 0.13597223162651062, 0.1307840645313263], "val_accuracy": [0.9553014636039734, 0.929833710193634, 0.9604989886283875, 0.9693347215652466, 0.9620582461357117, 0.9714137315750122, 0.9703742265701294, 0.975051999092102, 0.9740124940872192, 0.9708939790725708]}