{"loss": [0.6933141946792603, 0.6874642372131348, 0.6837285161018372, 0.6798802614212036, 0.6758080124855042, 0.6717737913131714, 0.6674624085426331, 0.6631922721862793, 0.6589524149894714, 0.6548314094543457], "accuracy": [0.5162109136581421, 0.5724578499794006, 0.6034058928489685, 0.6192893385887146, 0.6321434378623962, 0.6397576332092285, 0.6422957181930542, 0.648108720779419, 0.6508105397224426, 0.651547372341156], "val_loss": [0.6903494596481323, 0.6863126158714294, 0.6821504235267639, 0.6778897643089294, 0.6736201643943787, 0.6688286662101746, 0.6640313863754272, 0.6594453454017639, 0.6549718976020813, 0.650581419467926], "val_accuracy": [0.547864556312561, 0.5792832970619202, 0.5989200472831726, 0.6298478841781616, 0.624447762966156, 0.6465390920639038, 0.663230299949646, 0.6597938537597656, 0.6627393960952759, 0.6627393960952759]}