{"loss": [0.8170381784439087, 0.6779778003692627, 0.5878224968910217, 0.516161322593689, 0.4574119448661804, 0.40888264775276184, 0.3685053586959839, 0.3345947265625, 0.30585017800331116, 0.2812669575214386], "accuracy": [0.3082413375377655, 0.4971366822719574, 0.83791184425354, 0.9888787269592285, 0.9877998232841492, 0.9894596934318542, 0.9897087216377258, 0.9909536242485046, 0.9907876253128052, 0.9912856221199036], "val_loss": [0.7391201853752136, 0.6263538002967834, 0.5413908362388611, 0.4722420275211334, 0.41590172052383423, 0.3695530295372009, 0.3311091959476471, 0.29874157905578613, 0.27140361070632935, 0.24821831285953522], "val_accuracy": [0.1986788809299469, 0.6824187636375427, 0.9893293380737305, 0.9872968196868896, 0.9908537268638611, 0.9928862452507019, 0.9933943748474121, 0.9939025044441223, 0.9933943748474121, 0.9933943748474121]}