{"loss": [0.8395431041717529, 0.6264657378196716, 0.5090241432189941, 0.436097115278244, 0.385866641998291, 0.3486483097076416, 0.31965628266334534, 0.29649195075035095, 0.27756091952323914, 0.2619534432888031], "accuracy": [0.3692784309387207, 0.8849332332611084, 0.9447711110115051, 0.934440553188324, 0.9276859164237976, 0.9285600781440735, 0.9345994591712952, 0.9394468665122986, 0.9479497671127319, 0.949539065361023], "val_loss": [0.7092679142951965, 0.5599586963653564, 0.4711025357246399, 0.4122809171676636, 0.36955001950263977, 0.3366917669773102, 0.31064197421073914, 0.2894109785556793, 0.2719973027706146, 0.25735926628112793], "val_accuracy": [0.482286274433136, 0.9669343829154968, 0.9400094747543335, 0.9239490032196045, 0.9300897717475891, 0.9385923743247986, 0.9428436756134033, 0.9470949769020081, 0.947567343711853, 0.9522910118103027]}