{"accuracy": [0.58, 0.77, 0.95, 0.96, 0.95], "val_accuracy": [0.774, 0.92, 0.96, 0.96, 0.96], "loss": [35.854422214666286, 15.173943449069508, 10.727773111094509, 9.722923883868267, 9.602075187753398], "val_loss": [112.15824123656691, 61.03387081671278, 46.965369069875244, 44.74439703807634, 44.887326304602084]}