{"loss": [0.7160477042198181, 0.6816143989562988, 0.6690168976783752, 0.6528182625770569, 0.6294699311256409, 0.5984594225883484, 0.5609082579612732, 0.5192242860794067, 0.47612088918685913, 0.4335828125476837], "accuracy": [0.46388840675354004, 0.6509498357772827, 0.7538079619407654, 0.8380968570709229, 0.9041588306427002, 0.9273489713668823, 0.9348793625831604, 0.9442923069000244, 0.949169933795929, 0.9530206918716431], "val_loss": [0.6902415752410889, 0.6750620007514954, 0.6610130071640015, 0.6402134299278259, 0.6113057732582092, 0.5745404958724976, 0.5324551463127136, 0.4869101047515869, 0.4415816366672516, 0.3978372812271118], "val_accuracy": [0.4661458432674408, 0.737500011920929, 0.8083333969116211, 0.8833333849906921, 0.9213542342185974, 0.9380208849906921, 0.9468750357627869, 0.9526042342185974, 0.9588541984558105, 0.9619792103767395]}