{"loss": [0.6550058722496033, 0.5954630374908447, 0.554882824420929, 0.5201585292816162, 0.48916593194007874, 0.4613662362098694, 0.43608054518699646, 0.41289222240448, 0.39146238565444946, 0.3717942535877228, 0.3536824882030487, 0.33693209290504456, 0.32142171263694763, 0.30706772208213806, 0.2938058376312256], "accuracy": [0.5170068144798279, 0.7352041006088257, 0.8763605356216431, 0.9203231334686279, 0.9435374140739441, 0.9545068144798279, 0.960544228553772, 0.9639455676078796, 0.9668367505073547, 0.9692177176475525, 0.9703231453895569, 0.9710884690284729, 0.9715136289596558, 0.9721088409423828, 0.9725340008735657], "val_loss": [0.6329208612442017, 0.5828365683555603, 0.5426721572875977, 0.5073239803314209, 0.47575998306274414, 0.447462797164917, 0.4216970205307007, 0.39800137281417847, 0.3765137791633606, 0.3566446304321289, 0.3386405110359192, 0.321882426738739, 0.3066907227039337, 0.29280757904052734, 0.27975043654441833], "val_accuracy": [0.5793814659118652, 0.8293814659118652, 0.8969072699546814, 0.9288660287857056, 0.9458763003349304, 0.9541237354278564, 0.9608247876167297, 0.9634020924568176, 0.9670103192329407, 0.9685567617416382, 0.9701031446456909, 0.9701031446456909, 0.9706186056137085, 0.9721649885177612, 0.9716495275497437]}