{"loss": [0.7977696061134338, 0.7103306651115417, 0.6903946399688721, 0.6809048056602478, 0.6638398170471191, 0.626608669757843, 0.5644128918647766, 0.48768290877342224, 0.41177213191986084, 0.34539785981178284], "accuracy": [0.44100964069366455, 0.40705418586730957, 0.5543040633201599, 0.5543040633201599, 0.6378360986709595, 0.8207679390907288, 0.8849790692329407, 0.9167146682739258, 0.9408863186836243, 0.9546986818313599], "val_loss": [0.7367643713951111, 0.6958310008049011, 0.6846256852149963, 0.6733028292655945, 0.6475879549980164, 0.5956878066062927, 0.5210554599761963, 0.44023627042770386, 0.36684465408325195, 0.305544376373291], "val_accuracy": [0.40108534693717957, 0.5599408149719238, 0.5599408149719238, 0.5599408149719238, 0.7360631227493286, 0.8811050653457642, 0.914158821105957, 0.9407991766929626, 0.9565860629081726, 0.9669461846351624]}