{"accuracy": [0.77, 0.82, 0.81, 0.81, 0.83, 0.83, 0.82, 0.84, 0.83, 0.83], "val_accuracy": [0.752, 0.763, 0.78, 0.782, 0.787, 0.79, 0.802, 0.811, 0.819, 0.813], "loss": [71.60800000000003, 53.684000000000005, 54.056, 52.43200000000002, 50.248000000000005, 47.99599999999999, 47.27600000000002, 47.711999999999996, 46.692000000000014, 47.024], "val_loss": [661.9440000000008, 613.4560000000002, 573.8760000000001, 551.5760000000004, 545.8080000000012, 532.5760000000013, 521.2080000000002, 518.4760000000007, 505.26000000000084, 519.5080000000006]}