{"loss": [0.6563352942466736, 0.5633187294006348, 0.4638139605522156, 0.3677705228328705, 0.2887505888938904, 0.22683195769786835, 0.17888903617858887, 0.14207349717617035, 0.11386198550462723, 0.09228039532899857], "accuracy": [0.6333202123641968, 0.818318247795105, 0.8911962509155273, 0.931306779384613, 0.9557836651802063, 0.9698382019996643, 0.9786814451217651, 0.9842084646224976, 0.9888669848442078, 0.9909988641738892], "val_loss": [0.6126376390457153, 0.5177310109138489, 0.4148159325122833, 0.3251740336418152, 0.25407493114471436, 0.19894489645957947, 0.15651944279670715, 0.12429141253232956, 0.09971199184656143, 0.08103829622268677], "val_accuracy": [0.7593380808830261, 0.8723404407501221, 0.9120567440986633, 0.9465720653533936, 0.9692671298980713, 0.9773049354553223, 0.9810874462127686, 0.9891253113746643, 0.9938533902168274, 0.9957446455955505]}