{"loss": [0.7330537438392639, 0.6984456181526184, 0.6766876578330994, 0.6458402872085571, 0.6092539429664612, 0.56997150182724, 0.5297272205352783, 0.48987704515457153, 0.45139458775520325, 0.41477903723716736], "accuracy": [0.48793116211891174, 0.4815835654735565, 0.7199532389640808, 0.8913388252258301, 0.9247473478317261, 0.9513906240463257, 0.9550655484199524, 0.9594086408615112, 0.9619143009185791, 0.9623318910598755], "val_loss": [0.7059888243675232, 0.6871430277824402, 0.6594247817993164, 0.6237193942070007, 0.5842959880828857, 0.5428481698036194, 0.5016369819641113, 0.4613580107688904, 0.42306557297706604, 0.3866616487503052], "val_accuracy": [0.49196791648864746, 0.601405680179596, 0.8724900484085083, 0.9352410435676575, 0.9618474841117859, 0.9608434438705444, 0.9658635258674622, 0.9663655161857605, 0.9688755869865417, 0.9708836078643799]}