{"loss": [12.599739074707031, 8.189196586608887, 4.214569568634033, 0.8739131093025208, 0.4194298982620239, 0.4089825451374054, 0.4008772373199463, 0.3956741988658905, 0.3885956108570099, 0.3851143717765808], "accuracy": [0.6952993869781494, 0.786841869354248, 0.8298791646957397, 0.8481347560882568, 0.8508687019348145, 0.8513978123664856, 0.8517506122589111, 0.8514860272407532, 0.8532498478889465, 0.8540435433387756], "val_loss": [9.361157417297363, 5.709601402282715, 2.1108529567718506, 0.42365941405296326, 0.4062579870223999, 0.4007073640823364, 0.3911428153514862, 0.3879257142543793, 0.38397422432899475, 0.3880891799926758], "val_accuracy": [0.7567567825317383, 0.8427027463912964, 0.8502702713012695, 0.8556756973266602, 0.8518919348716736, 0.8529729843139648, 0.8432432413101196, 0.8535135388374329, 0.847027063369751, 0.8605405688285828]}