{"loss": [0.6971853971481323, 0.6849895119667053, 0.6727283000946045, 0.6569183468818665, 0.6353661417961121, 0.607222318649292, 0.5726481080055237, 0.5336819887161255, 0.49248507618904114, 0.4511234760284424], "accuracy": [0.4880920946598053, 0.5235961079597473, 0.5236839652061462, 0.55962735414505, 0.7102557420730591, 0.8677388429641724, 0.915546178817749, 0.9275858998298645, 0.9305738806724548, 0.9340012073516846], "val_loss": [0.6887896060943604, 0.677266538143158, 0.6629191637039185, 0.6439579129219055, 0.6185728907585144, 0.5860267281532288, 0.547915518283844, 0.5069554448127747, 0.46480631828308105, 0.42393800616264343], "val_accuracy": [0.5363825559616089, 0.5363825559616089, 0.5363825559616089, 0.6200623512268066, 0.8352391123771667, 0.899688184261322, 0.9085239171981812, 0.9194386601448059, 0.9287942051887512, 0.9329521656036377]}