{"loss": [0.6944543123245239, 0.6795046925544739, 0.6602161526679993, 0.6316238641738892, 0.5904220938682556, 0.5368180871009827, 0.475446492433548, 0.413343608379364, 0.35561779141426086, 0.30480727553367615], "accuracy": [0.523222804069519, 0.5390995740890503, 0.6061611771583557, 0.7607425451278687, 0.8512638807296753, 0.9199842214584351, 0.9447078108787537, 0.9590837955474854, 0.9673776030540466, 0.9713270664215088], "val_loss": [0.6869574785232544, 0.6701678037643433, 0.6458054184913635, 0.6096888184547424, 0.5601420402526855, 0.49987438321113586, 0.43565917015075684, 0.373904287815094, 0.31883856654167175, 0.2716139853000641], "val_accuracy": [0.542283833026886, 0.5518394708633423, 0.7109412550926208, 0.8136646151542664, 0.9025322794914246, 0.9254658222198486, 0.9493550062179565, 0.9612995982170105, 0.9675107598304749, 0.9746775031089783]}