{"loss": [1.518247127532959, 0.5639577507972717, 0.547249972820282, 0.5357253551483154, 0.5275449752807617, 0.5202882885932922, 0.5123035907745361, 0.5033477544784546, 0.4945351779460907, 0.4867005944252014], "accuracy": [0.6399258375167847, 0.7150923013687134, 0.7289963960647583, 0.7403724789619446, 0.7465239763259888, 0.7482935786247253, 0.748799204826355, 0.7626190185546875, 0.7853711843490601, 0.7868037223815918], "val_loss": [0.5543906688690186, 0.5357947945594788, 0.5189663171768188, 0.5091538429260254, 0.5002846717834473, 0.4901818633079529, 0.48308026790618896, 0.4734647870063782, 0.46308618783950806, 0.45518165826797485], "val_accuracy": [0.7320793867111206, 0.7595323324203491, 0.7610574960708618, 0.7625826597213745, 0.7666497826576233, 0.7666497826576233, 0.7737672328948975, 0.8042705059051514, 0.8057956695556641, 0.8068124651908875]}