{"accuracy": [0.94, 0.99, 0.99, 0.99, 0.99, 0.99, 0.99, 0.99, 0.99, 0.99], "val_accuracy": [0.9716312056737588, 0.9730496453900709, 0.9735224586288416, 0.9739952718676123, 0.9735224586288416, 0.9725768321513002, 0.9735224586288416, 0.9730496453900709, 0.9721040189125295, 0.9721040189125295], "loss": [34.36399999999999, 14.840000000000002, 14.428000000000004, 13.203999999999995, 13.955999999999994, 12.524000000000004, 12.180000000000005, 13.476000000000003, 12.947999999999999, 12.756000000000009], "val_loss": [435.90000000000134, 400.75600000000213, 382.04800000000176, 378.6680000000017, 376.1120000000012, 382.16400000000306, 385.68400000000236, 372.4400000000024, 368.03600000000216, 387.6720000000024]}