{"loss": [49.52314758300781, 14.483063697814941, 0.7297289371490479, 0.6046744585037231, 0.6026787757873535, 0.6041573882102966, 0.603584885597229, 0.6009738445281982, 0.6016239523887634, 0.6025580167770386], "accuracy": [0.5446195602416992, 0.468526154756546, 0.6649532318115234, 0.6947838664054871, 0.6972275972366333, 0.696047842502594, 0.6968062520027161, 0.6967220306396484, 0.6941097378730774, 0.6961321234703064], "val_loss": [31.09149742126465, 2.8486900329589844, 0.5911813974380493, 0.5947566032409668, 0.5915368795394897, 0.5904240012168884, 0.589599072933197, 0.5889824032783508, 0.5887335538864136, 0.588341474533081], "val_accuracy": [0.4560244381427765, 0.4255211353302002, 0.690391480922699, 0.6888663172721863, 0.7117438316345215, 0.7056431770324707, 0.7056431770324707, 0.6847992539405823, 0.6919167041778564, 0.7046263813972473]}