{"loss": [3.9961726665496826, 1.276982069015503, 0.9662749767303467, 0.800020694732666, 0.7293016910552979, 0.6308316588401794, 0.5794691443443298, 0.5659745335578918, 0.567317545413971, 0.5000689029693604], "accuracy": [0.9247729182243347, 0.9664873480796814, 0.970544159412384, 0.9726607203483582, 0.9753064513206482, 0.9755710363388062, 0.9774230718612671, 0.9775112271308899, 0.9787459373474121, 0.978569507598877], "val_loss": [1.9190045595169067, 1.3774702548980713, 1.5005348920822144, 1.174902081489563, 1.375241756439209, 0.9938358068466187, 1.3062838315963745, 2.1742775440216064, 0.947331428527832, 1.0815225839614868], "val_accuracy": [0.9616216421127319, 0.9702702760696411, 0.9686486721038818, 0.9708108305931091, 0.9637838006019592, 0.9735135436058044, 0.9702702760696411, 0.95513516664505, 0.9751351475715637, 0.9751351475715637]}