{"loss": [0.6951053142547607, 0.6751680970191956, 0.6492807269096375, 0.6107790470123291, 0.5598501563072205, 0.5018645524978638, 0.4433729946613312, 0.3891576826572418, 0.34147587418556213, 0.30044659972190857], "accuracy": [0.544691801071167, 0.8059051036834717, 0.8722168207168579, 0.9059373736381531, 0.9315101504325867, 0.9408680200576782, 0.9473217129707336, 0.952000617980957, 0.9565182328224182, 0.9602290987968445], "val_loss": [0.684491753578186, 0.6626706719398499, 0.6303113102912903, 0.5842007994651794, 0.5278223752975464, 0.46799972653388977, 0.4104948341846466, 0.3606075644493103, 0.3157268762588501, 0.2789877653121948], "val_accuracy": [0.6810598373413086, 0.8738960027694702, 0.915603518486023, 0.9337586164474487, 0.9421001076698303, 0.947497546672821, 0.9514229893684387, 0.9528949856758118, 0.9568204283714294, 0.9582924246788025]}