{"loss": [0.8115648627281189, 0.7053282856941223, 0.6714830994606018, 0.6485041379928589, 0.6258692741394043, 0.6031561493873596, 0.5807103514671326, 0.558954119682312, 0.5378324389457703, 0.517520010471344], "accuracy": [0.4780844748020172, 0.532057523727417, 0.601816713809967, 0.6826880574226379, 0.7476849555969238, 0.7976012229919434, 0.8289090991020203, 0.8566011190414429, 0.8713290095329285, 0.8842931389808655], "val_loss": [0.7523003220558167, 0.6920496821403503, 0.663790225982666, 0.6391329765319824, 0.6144722104072571, 0.5901097059249878, 0.5666117668151855, 0.543499231338501, 0.5214487314224243, 0.5003454089164734], "val_accuracy": [0.4821621775627136, 0.5497297644615173, 0.6308107972145081, 0.7151351571083069, 0.7800000309944153, 0.8275675773620605, 0.8518919348716736, 0.8686486482620239, 0.8843243718147278, 0.8945946097373962]}