{"loss": [0.6221643686294556, 0.5585287809371948, 0.4867415428161621, 0.4139714241027832, 0.34761112928390503, 0.2918451428413391, 0.24748758971691132, 0.2132246345281601, 0.18703021109104156, 0.16680558025836945], "accuracy": [0.8197638392448425, 0.9497469663619995, 0.9599573612213135, 0.9643079042434692, 0.9673266410827637, 0.9690135717391968, 0.9691911339759827, 0.9690135717391968, 0.969279944896698, 0.9694575071334839], "val_loss": [0.5882974863052368, 0.5172792673110962, 0.44157707691192627, 0.3695869445800781, 0.3072618246078491, 0.25678685307502747, 0.21729041635990143, 0.18685902655124664, 0.16341987252235413, 0.1452341228723526], "val_accuracy": [0.945037305355072, 0.9653148055076599, 0.9701173901557922, 0.9738526940345764, 0.979188859462738, 0.979188859462738, 0.9786552786827087, 0.979188859462738, 0.9786552786827087, 0.9775879979133606]}