{"loss": [0.6885868310928345, 0.6692438721656799, 0.629470944404602, 0.5670856833457947, 0.5005319118499756, 0.44061556458473206, 0.3902048170566559, 0.34931716322898865, 0.3165684640407562, 0.29063594341278076], "accuracy": [0.5201418995857239, 0.6013850569725037, 0.8550798296928406, 0.9355629086494446, 0.9397855401039124, 0.9408833980560303, 0.941643476486206, 0.9425724744796753, 0.9432480931282043, 0.9435014724731445], "val_loss": [0.6813790202140808, 0.6550604701042175, 0.6044355034828186, 0.5389652848243713, 0.47580841183662415, 0.42096462845802307, 0.3754352331161499, 0.33856651186943054, 0.30960434675216675, 0.28540873527526855], "val_accuracy": [0.5170279145240784, 0.7151703238487244, 0.9251806139945984, 0.9370485544204712, 0.9385965466499329, 0.939628541469574, 0.939628541469574, 0.939628541469574, 0.9427245259284973, 0.9406605362892151]}