{"accuracy": [0.67, 0.95, 0.95, 0.95, 0.96, 0.95, 0.94, 0.95, 0.95, 0.95], "val_accuracy": [0.947, 0.947, 0.942, 0.945, 0.945, 0.95, 0.944, 0.944, 0.945, 0.947], "loss": [86.35199999999996, 29.11199999999999, 24.952000000000005, 23.736, 24.132, 23.959999999999994, 23.41600000000001, 23.916000000000007, 24.431999999999995, 22.712000000000003], "val_loss": [400.9720000000002, 304.08400000000046, 298.9720000000005, 289.24800000000005, 289.67200000000076, 253.96400000000008, 302.74800000000045, 283.46800000000053, 285.3400000000005, 263.4480000000004]}