{"loss": [0.6744645833969116, 0.6149557828903198, 0.5658236145973206, 0.5150454044342041, 0.4659125506877899, 0.4212260842323303, 0.3830347955226898, 0.3512912392616272, 0.32529202103614807, 0.3044763505458832], "accuracy": [0.5045304298400879, 0.633415162563324, 0.8252180218696594, 0.855872631072998, 0.8731476068496704, 0.8815310001373291, 0.8893216848373413, 0.8940638303756714, 0.8978744745254517, 0.8998221755027771], "val_loss": [0.6354115009307861, 0.5874663591384888, 0.5365995168685913, 0.4862575829029083, 0.4396878480911255, 0.39848893880844116, 0.36517056822776794, 0.33727458119392395, 0.3154594600200653, 0.2980425953865051], "val_accuracy": [0.5144566297531128, 0.814556360244751, 0.8609172701835632, 0.8768693804740906, 0.8838484883308411, 0.8868395090103149, 0.8868395090103149, 0.8868395090103149, 0.8898305296897888, 0.8913260102272034]}