{"loss": [0.922172486782074, 0.7527837753295898, 0.6373329162597656, 0.5479249358177185, 0.4777888059616089, 0.42213577032089233, 0.3772183358669281, 0.3402440845966339, 0.3093150556087494, 0.2831994891166687], "accuracy": [0.2947077453136444, 0.2387835830450058, 0.939968466758728, 0.9665877223014832, 0.9685624241828918, 0.9718799591064453, 0.971169114112854, 0.9751974940299988, 0.9760664105415344, 0.9778831601142883], "val_loss": [0.8249554634094238, 0.6881309151649475, 0.5843793749809265, 0.5035907030105591, 0.44000449776649475, 0.38935109972953796, 0.3472553491592407, 0.3131064176559448, 0.283844918012619, 0.25948774814605713], "val_accuracy": [0.23745819926261902, 0.7630196213722229, 0.9646440744400024, 0.9584328532218933, 0.9655996561050415, 0.9675107598304749, 0.9775441884994507, 0.9780219793319702, 0.9832776188850403, 0.9832776188850403]}