{"loss": [81.87566375732422, 4.506357669830322, 1.140478491783142, 0.8460935950279236, 0.5557695627212524, 0.23219509422779083, 0.12226365506649017, 0.12096833437681198, 0.12460652738809586, 0.12218150496482849], "accuracy": [0.5489386320114136, 0.8772611021995544, 0.9473032355308533, 0.9506896734237671, 0.9515982270240784, 0.9535805583000183, 0.9563888907432556, 0.9571322202682495, 0.9552325010299683, 0.9547369480133057], "val_loss": [17.16147232055664, 1.4594101905822754, 1.0688319206237793, 0.7863339185714722, 0.4163628816604614, 0.14522191882133484, 0.12063979357481003, 0.12257055938243866, 0.12420305609703064, 0.13212448358535767], "val_accuracy": [0.7099502682685852, 0.9462686777114868, 0.9532338976860046, 0.9517413377761841, 0.9572139978408813, 0.9557214379310608, 0.9552239179611206, 0.9587064981460571, 0.9587064981460571, 0.9557214379310608]}