{"loss": [0.7179686427116394, 0.5656499266624451, 0.4991082549095154, 0.4492804706096649, 0.4066527783870697, 0.3698172867298126, 0.33790552616119385, 0.3101561963558197, 0.2858280837535858, 0.26441490650177], "accuracy": [0.5074697732925415, 0.7226637005805969, 0.9080578088760376, 0.9641607999801636, 0.9744119048118591, 0.9787825345993042, 0.9812459945678711, 0.9814844131469727, 0.983550488948822, 0.9836300015449524], "val_loss": [0.6183649897575378, 0.5288204550743103, 0.47384750843048096, 0.4280073940753937, 0.3883665204048157, 0.35402607917785645, 0.3242367208003998, 0.29816317558288574, 0.27526089549064636, 0.25485995411872864], "val_accuracy": [0.5625885725021362, 0.8540387749671936, 0.9494568109512329, 0.9688238501548767, 0.9787435531616211, 0.9829948544502258, 0.9853566884994507, 0.9867737889289856, 0.9872461557388306, 0.9881908893585205]}