{"loss": [0.7161442637443542, 0.6952853798866272, 0.6775428652763367, 0.6569368243217468, 0.6296353340148926, 0.5931785106658936, 0.5480905771255493, 0.4972558617591858, 0.4449167251586914, 0.39496445655822754], "accuracy": [0.3273228406906128, 0.5155118107795715, 0.5699212551116943, 0.6599212884902954, 0.7614960670471191, 0.84165358543396, 0.8853543400764465, 0.9085039496421814, 0.9235433340072632, 0.932125985622406], "val_loss": [0.7070530652999878, 0.6898081302642822, 0.6718155741691589, 0.6493908762931824, 0.618858814239502, 0.5793225169181824, 0.5325212478637695, 0.4815536439418793, 0.43113580346107483, 0.3838742673397064], "val_accuracy": [0.49330875277519226, 0.5274573564529419, 0.5809875726699829, 0.667743444442749, 0.7844946980476379, 0.8352561593055725, 0.8652515411376953, 0.8869404792785645, 0.9012460112571716, 0.915090024471283]}