{"loss": [0.7050430774688721, 0.6900687217712402, 0.680391252040863, 0.6652641892433167, 0.6430078744888306, 0.6138750314712524, 0.5797109603881836, 0.5432443618774414, 0.5068159103393555, 0.47205913066864014], "accuracy": [0.5221262574195862, 0.5221262574195862, 0.5221262574195862, 0.5221262574195862, 0.5319992899894714, 0.6469499468803406, 0.7802363038063049, 0.8514633774757385, 0.8835508227348328, 0.8908674716949463], "val_loss": [0.694328784942627, 0.6853375434875488, 0.672841489315033, 0.6530918478965759, 0.625952422618866, 0.5923402905464172, 0.5556390285491943, 0.5186285376548767, 0.48214614391326904, 0.448637992143631], "val_accuracy": [0.5235043168067932, 0.5235043168067932, 0.5235043168067932, 0.5235043168067932, 0.6217948794364929, 0.761752188205719, 0.8504273891448975, 0.8851495981216431, 0.8883547186851501, 0.8936966061592102]}