{"accuracy": [0.54, 0.74, 0.77, 0.82, 0.85, 0.92, 0.89, 0.95, 0.96, 0.92], "val_accuracy": [0.735, 0.842, 0.856, 0.873, 0.907, 0.916, 0.927, 0.93, 0.94, 0.946], "loss": [115.26800000000007, 65.25200000000001, 61.52800000000003, 55.972, 43.703999999999986, 38.48799999999999, 35.316000000000024, 34.05600000000001, 34.176, 33.699999999999996], "val_loss": [694.384, 552.3600000000002, 536.3319999999995, 474.85200000000054, 391.59600000000086, 381.67600000000084, 356.0360000000007, 355.9760000000008, 334.2360000000009, 304.1480000000006]}