{"loss": [0.7050918936729431, 0.6805980205535889, 0.6610011458396912, 0.6334088444709778, 0.5956028699874878, 0.5497332811355591, 0.501267671585083, 0.45543596148490906, 0.4150864779949188, 0.38059329986572266], "accuracy": [0.4805183410644531, 0.6338152289390564, 0.7250528931617737, 0.7815585732460022, 0.8166431784629822, 0.8458216190338135, 0.8676834106445312, 0.8816996216773987, 0.8913963437080383, 0.8992419242858887], "val_loss": [0.6898147463798523, 0.6719862818717957, 0.6488559246063232, 0.6156788468360901, 0.5720068216323853, 0.5224714875221252, 0.4729858636856079, 0.4279855787754059, 0.389128714799881, 0.356433242559433], "val_accuracy": [0.5897436141967773, 0.6693376302719116, 0.7526710033416748, 0.8060897588729858, 0.8525641560554504, 0.8760684132575989, 0.888888955116272, 0.9033120274543762, 0.9102564454078674, 0.9113248586654663]}