{"loss": [46.1352653503418, 2.332885980606079, 0.8157980442047119, 0.5279302597045898, 0.41340214014053345, 0.3475000560283661, 0.3062742054462433, 0.27368736267089844, 0.2468062937259674, 0.21954600512981415], "accuracy": [0.5177160501480103, 0.8584417104721069, 0.9140964150428772, 0.9310901761054993, 0.9399269819259644, 0.9429008960723877, 0.9450250864028931, 0.9477441310882568, 0.9507180452346802, 0.9542866945266724], "val_loss": [5.210629463195801, 1.4692319631576538, 0.7797651886940002, 0.5450710654258728, 0.39644530415534973, 0.33535173535346985, 0.30960720777511597, 0.26318761706352234, 0.21646730601787567, 0.18930615484714508], "val_accuracy": [0.7872670888900757, 0.8871635794639587, 0.9125258922576904, 0.9239130616188049, 0.9290890693664551, 0.9311594367027283, 0.9373705983161926, 0.9358178377151489, 0.9415113925933838, 0.9440994262695312]}