{"loss": [25.541969299316406, 5.657413482666016, 3.472872734069824, 2.716278314590454, 2.295088291168213, 2.0068862438201904, 1.7461631298065186, 1.5237607955932617, 1.3123012781143188, 1.1008354425430298], "accuracy": [0.6796414852142334, 0.8934351205825806, 0.9243090748786926, 0.9335214495658875, 0.9354303479194641, 0.9393310546875, 0.9370902180671692, 0.9391650557518005, 0.937339186668396, 0.9399120211601257], "val_loss": [7.152815818786621, 3.55814790725708, 2.42917537689209, 2.0013139247894287, 1.795941710472107, 1.4792726039886475, 1.3015018701553345, 1.0974303483963013, 0.9028500318527222, 0.8008639812469482], "val_accuracy": [0.8638212084770203, 0.9166667461395264, 0.9339431524276733, 0.938008189201355, 0.9385163187980652, 0.943089485168457, 0.9435976147651672, 0.9441057443618774, 0.9481707811355591, 0.9441057443618774]}