{"loss": [0.6892195343971252, 0.674694836139679, 0.6550341844558716, 0.628007173538208, 0.5932061672210693, 0.5518192052841187, 0.506419837474823, 0.4601680040359497, 0.41537967324256897, 0.37356969714164734], "accuracy": [0.5422881245613098, 0.7176271080970764, 0.8316949009895325, 0.8911017179489136, 0.9199152588844299, 0.931779682636261, 0.9392372965812683, 0.9436440467834473, 0.9466949105262756, 0.9491525292396545], "val_loss": [0.6805383563041687, 0.6628512740135193, 0.6382278203964233, 0.6053610444068909, 0.5647611618041992, 0.5181971788406372, 0.4698632061481476, 0.42218804359436035, 0.3771474063396454, 0.3362829387187958], "val_accuracy": [0.6583912372589111, 0.7899702191352844, 0.8793445825576782, 0.9116186499595642, 0.9260178804397583, 0.9419066309928894, 0.9473684430122375, 0.9508441090583801, 0.9528301954269409, 0.9553127884864807]}