{"loss": [0.7717154622077942, 0.7083139419555664, 0.6896190643310547, 0.6701118350028992, 0.6451990604400635, 0.6169114708900452, 0.5870414972305298, 0.5565423965454102, 0.5268217325210571, 0.4987785816192627], "accuracy": [0.4958474636077881, 0.4958474636077881, 0.5751695036888123, 0.6705085039138794, 0.7491525411605835, 0.8149999976158142, 0.8478813767433167, 0.8704237341880798, 0.8770338892936707, 0.8831356167793274], "val_loss": [0.7259032726287842, 0.6988195180892944, 0.6810017824172974, 0.6578591465950012, 0.6299720406532288, 0.599676251411438, 0.5681658387184143, 0.5368738174438477, 0.5067926049232483, 0.47873368859291077], "val_accuracy": [0.49117499589920044, 0.49117499589920044, 0.5632879734039307, 0.7226424813270569, 0.7947553992271423, 0.8300554752349854, 0.8633383512496948, 0.8709026575088501, 0.8825012445449829, 0.8855269551277161]}