{"accuracy": [0.6, 0.88, 0.92, 0.94, 0.95], "val_accuracy": [0.822, 0.936, 0.94, 0.942, 0.948], "loss": [48.44922815077327, 20.963487932853702, 14.639852511533183, 11.504852984346932, 10.188889345518561], "val_loss": [146.2816724915427, 94.83349620509118, 71.9302157693821, 57.84931923328902, 52.74642605511488]}