{"loss": [0.6777451634407043, 0.6431615352630615, 0.5930867195129395, 0.524509608745575, 0.4515202045440674, 0.38840559124946594, 0.3391730785369873, 0.301880419254303, 0.2741374671459198, 0.25345999002456665], "accuracy": [0.5232189893722534, 0.611345648765564, 0.856904149055481, 0.9172383546829224, 0.9267370700836182, 0.927616536617279, 0.9279683828353882, 0.9289358258247375, 0.9284960627555847, 0.9296393990516663], "val_loss": [0.6600037217140198, 0.619511604309082, 0.5582470893859863, 0.48304811120033264, 0.41182687878608704, 0.35399964451789856, 0.30948588252067566, 0.27594655752182007, 0.2509481906890869, 0.2320476621389389], "val_accuracy": [0.5307732820510864, 0.7501314878463745, 0.9005786180496216, 0.9374013543128967, 0.9379274249076843, 0.9400315880775452, 0.9400315880775452, 0.940557599067688, 0.940557599067688, 0.9416096806526184]}