{"loss": [0.7001321911811829, 0.6660799980163574, 0.5959098935127258, 0.49874040484428406, 0.41582155227661133, 0.35512688755989075, 0.3107796609401703, 0.2784511148929596, 0.2549431324005127, 0.237777978181839], "accuracy": [0.47867581248283386, 0.7376911044120789, 0.9072713851928711, 0.9158010482788086, 0.9139431118965149, 0.9213749170303345, 0.9243307709693909, 0.9273710250854492, 0.9283844828605652, 0.9287222623825073], "val_loss": [0.6833389401435852, 0.6386061906814575, 0.5475048422813416, 0.4579226076602936, 0.38894230127334595, 0.3394879400730133, 0.302587628364563, 0.27500924468040466, 0.25470462441444397, 0.23953910171985626], "val_accuracy": [0.6259030103683472, 0.8632611632347107, 0.8978328704833984, 0.898348867893219, 0.905572772026062, 0.9158927202224731, 0.9200206995010376, 0.9200206995010376, 0.9205366969108582, 0.9231166839599609]}