{"loss": [115.7095718383789, 37.91865158081055, 6.03464412689209, 1.2166827917099, 0.3788584768772125, 0.3060780465602875, 0.3059624135494232, 0.30684930086135864, 0.30814144015312195, 0.30832695960998535], "accuracy": [0.2698342800140381, 0.4683533310890198, 0.7572284936904907, 0.8723554611206055, 0.8812588453292847, 0.8797602653503418, 0.8795839548110962, 0.8788787126541138, 0.8780853748321533, 0.8765867948532104], "val_loss": [77.39398193359375, 16.555402755737305, 2.025634288787842, 0.5620021224021912, 0.29080677032470703, 0.2949897050857544, 0.28468501567840576, 0.28797537088394165, 0.29444563388824463, 0.2836475074291229], "val_accuracy": [0.30876070261001587, 0.5961538553237915, 0.8381410837173462, 0.882478654384613, 0.877136766910553, 0.879807710647583, 0.8830128908157349, 0.882478654384613, 0.8787393569946289, 0.884081244468689]}