{"loss": [0.6564944386482239, 0.6030184030532837, 0.5288079977035522, 0.44525158405303955, 0.36735039949417114, 0.30292436480522156, 0.2524354159832001, 0.21354319155216217, 0.1838054060935974, 0.16082653403282166], "accuracy": [0.681621253490448, 0.8231795430183411, 0.9122270941734314, 0.9497833847999573, 0.9619339108467102, 0.9681366682052612, 0.9723851084709167, 0.9743394255638123, 0.9755289554595947, 0.9757838845252991], "val_loss": [0.633436918258667, 0.5672562122344971, 0.4835955500602722, 0.3987615704536438, 0.32560139894485474, 0.26746731996536255, 0.22273218631744385, 0.18851034343242645, 0.1622006744146347, 0.14186470210552216], "val_accuracy": [0.7800207138061523, 0.8990683555603027, 0.9492753744125366, 0.9648033380508423, 0.9741200804710388, 0.9756729006767273, 0.977225661277771, 0.979296088218689, 0.979296088218689, 0.9798136949539185]}