{"loss": [0.6701904535293579, 0.661892294883728, 0.6545423865318298, 0.6479132175445557, 0.6419496536254883, 0.6362395882606506, 0.6309041976928711, 0.6259808540344238, 0.6213325262069702, 0.6171092391014099], "accuracy": [0.6383910179138184, 0.6687040328979492, 0.6798546314239502, 0.6796068549156189, 0.6825803518295288, 0.6880317330360413, 0.6885272860527039, 0.6905922293663025, 0.6909226179122925, 0.693400502204895], "val_loss": [0.6629945635795593, 0.6544885635375977, 0.6470964550971985, 0.6400131583213806, 0.6337301135063171, 0.6275562047958374, 0.6217566728591919, 0.616438090801239, 0.6113714575767517, 0.6067781448364258], "val_accuracy": [0.667661726474762, 0.6751244068145752, 0.6741293668746948, 0.6855721473693848, 0.6830846071243286, 0.6950249075889587, 0.7029851078987122, 0.7039801478385925, 0.709452748298645, 0.7109453082084656]}