{"loss": [0.6684256792068481, 0.5808444023132324, 0.467725545167923, 0.38217756152153015, 0.3143855333328247, 0.26260673999786377, 0.2227601855993271, 0.19190746545791626, 0.16782699525356293, 0.14899887144565582], "accuracy": [0.5463665127754211, 0.8477883338928223, 0.8853080868721008, 0.912638247013092, 0.9424170851707458, 0.9588468074798584, 0.9666666984558105, 0.9731438159942627, 0.9757504463195801, 0.9774091839790344], "val_loss": [0.635020911693573, 0.5124012231826782, 0.41526105999946594, 0.33592692017555237, 0.2748868763446808, 0.22811155021190643, 0.1908576339483261, 0.16278669238090515, 0.1403924971818924, 0.12331301718950272], "val_accuracy": [0.7238413691520691, 0.8963210582733154, 0.892498791217804, 0.9345437288284302, 0.9550883769989014, 0.9627329111099243, 0.9756330847740173, 0.9794553518295288, 0.9832776188850403, 0.9856665134429932]}