{"loss": [0.5781452655792236, 0.3943767845630646, 0.2839317321777344, 0.21258163452148438, 0.16544409096240997, 0.1329331398010254, 0.10961079597473145, 0.09248147159814835, 0.0795331820845604, 0.06958023458719254], "accuracy": [0.6536614298820496, 0.9102553129196167, 0.9828094840049744, 0.9904778003692627, 0.9920789003372192, 0.9934271574020386, 0.994269847869873, 0.9946911931037903, 0.9948596954345703, 0.9949439764022827], "val_loss": [0.46829482913017273, 0.33125048875808716, 0.24500063061714172, 0.19171151518821716, 0.15662747621536255, 0.13143138587474823, 0.11437155306339264, 0.10085156559944153, 0.09160968661308289, 0.0836721882224083], "val_accuracy": [0.8129131197929382, 0.9694967865943909, 0.9847484230995178, 0.9867819547653198, 0.9883071184158325, 0.9903407096862793, 0.9903407096862793, 0.9903407096862793, 0.9903407096862793, 0.9903407096862793]}