{"loss": [0.47774484753608704, 0.3570042848587036, 0.2827664911746979, 0.2246902585029602, 0.18531745672225952, 0.15898437798023224, 0.1274089813232422, 0.10652909427881241, 0.0953720435500145, 0.08069634437561035], "accuracy": [0.9242785573005676, 0.9853654503822327, 0.9884896874427795, 0.9907917380332947, 0.9903807044029236, 0.9851188063621521, 0.9902162551879883, 0.9902162551879883, 0.9879142045974731, 0.9906273484230042], "val_loss": [0.39994874596595764, 0.3188115358352661, 0.2503379285335541, 0.1983078569173813, 0.16726996004581451, 0.13816766440868378, 0.11195172369480133, 0.09683545678853989, 0.08218636363744736, 0.0711597204208374], "val_accuracy": [0.9866797924041748, 0.985693097114563, 0.993586540222168, 0.9940798878669739, 0.9945732355117798, 0.9950665831565857, 0.9950665831565857, 0.9930932521820068, 0.9960532784461975, 0.993586540222168]}