{"loss": [0.5776211619377136, 0.4804290235042572, 0.39127662777900696, 0.31922003626823425, 0.2646782100200653, 0.22423511743545532, 0.19424542784690857, 0.17174768447875977, 0.15467073023319244, 0.14146532118320465], "accuracy": [0.8368186950683594, 0.9541445970535278, 0.9660703539848328, 0.9673301577568054, 0.9672461748123169, 0.9673301577568054, 0.9674981236457825, 0.9672461748123169, 0.967414140701294, 0.9670782089233398], "val_loss": [0.5138205885887146, 0.41576558351516724, 0.3328925669193268, 0.269341379404068, 0.22200438380241394, 0.18710272014141083, 0.1610209196805954, 0.1410735547542572, 0.12577487528324127, 0.11374164372682571], "val_accuracy": [0.9451249837875366, 0.9740324020385742, 0.9759922623634338, 0.9755022525787354, 0.9764822125434875, 0.9755022525787354, 0.9759922623634338, 0.9769721627235413, 0.9779520630836487, 0.9794219136238098]}