{"loss": [2.800579309463501, 0.3432950973510742, 0.21270756423473358, 0.15097396075725555, 0.12211734056472778, 0.09055353701114655, 0.08813892304897308, 0.09491419047117233, 0.06869327276945114, 0.041415657848119736], "accuracy": [0.960945188999176, 0.9930259585380554, 0.994584858417511, 0.995897650718689, 0.9961437582969666, 0.9968822002410889, 0.9968822002410889, 0.9965540170669556, 0.9966360330581665, 0.9982770085334778], "val_loss": [0.4066459536552429, 0.4807797968387604, 0.30109068751335144, 0.45825186371803284, 0.3915154039859772, 0.48482412099838257, 0.4911821484565735, 0.5522606372833252, 0.4700237512588501, 0.39344438910484314], "val_accuracy": [0.9905378818511963, 0.9880478382110596, 0.9925299286842346, 0.9910358786582947, 0.9915338754653931, 0.9915338754653931, 0.9910358786582947, 0.9910358786582947, 0.9920319318771362, 0.9940239191055298]}