{"loss": [22.394426345825195, 1.1099529266357422, 0.6449078321456909, 0.5119115710258484, 0.4440033435821533, 0.39040669798851013, 0.3426966071128845, 0.30128127336502075, 0.268349826335907, 0.24731414020061493], "accuracy": [0.7748728394508362, 0.9631277322769165, 0.9833915829658508, 0.9881595373153687, 0.9891926050186157, 0.9901461601257324, 0.9907819032669067, 0.9910203218460083, 0.9917355179786682, 0.9912587404251099], "val_loss": [2.0468671321868896, 0.7648900747299194, 0.5135746002197266, 0.4429614543914795, 0.3984624147415161, 0.3683070242404938, 0.33064305782318115, 0.3211332857608795, 0.28355446457862854, 0.26328393816947937], "val_accuracy": [0.9296174049377441, 0.981105387210846, 0.9886632561683655, 0.9900803565979004, 0.9910250902175903, 0.9914974570274353, 0.9905527234077454, 0.9910250902175903, 0.9914974570274353, 0.9933869242668152]}