{"accuracy": [0.46, 0.55, 0.6, 0.61, 0.63, 0.66, 0.68, 0.64, 0.67, 0.65], "val_accuracy": [0.548, 0.577, 0.56, 0.563, 0.574, 0.592, 0.578, 0.592, 0.593, 0.598], "loss": [128.58, 92.82, 85.28000000000002, 82.74000000000001, 78.57200000000005, 77.28799999999998, 75.30000000000003, 74.112, 74.10799999999998, 74.68400000000003], "val_loss": [903.1199999999988, 883.9959999999993, 895.7079999999997, 890.9400000000006, 884.8200000000002, 867.0160000000004, 881.6039999999996, 848.9600000000005, 863.8600000000001, 844.3720000000008]}