{"accuracy": [0.54, 0.61, 0.77, 0.77, 0.75], "val_accuracy": [0.59, 0.725, 0.746, 0.741, 0.742], "loss": [120.18000000000002, 90.88, 66.608, 60.33599999999999, 58.704000000000036], "val_loss": [1019.7599999999996, 735.0280000000005, 682.8320000000002, 663.7239999999993, 654.0039999999995]}