{"accuracy": [0.82, 0.96, 0.98, 0.99, 0.99, 0.99, 0.99, 0.99, 0.99, 0.99], "val_accuracy": [0.924, 0.929, 0.954, 0.966, 0.969, 0.966, 0.966, 0.967, 0.97, 0.974], "loss": [65.24000000000001, 28.768000000000015, 25.488000000000003, 17.88, 18.924000000000007, 17.971999999999994, 17.676000000000002, 17.832, 16.952, 17.919999999999998], "val_loss": [325.3160000000002, 306.41200000000043, 243.0880000000004, 212.90000000000012, 226.70799999999988, 236.28800000000007, 220.98800000000037, 227.9680000000002, 223.37200000000013, 236.0080000000003]}