{"loss": [0.6893549561500549, 0.6713114380836487, 0.6456177830696106, 0.6092606782913208, 0.5662854909896851, 0.520900547504425, 0.476561576128006, 0.4350627064704895, 0.39748045802116394, 0.3642835319042206], "accuracy": [0.5234839916229248, 0.8302406072616577, 0.8828908801078796, 0.8965639472007751, 0.908461332321167, 0.9160969853401184, 0.9187605381011963, 0.9216017127037048, 0.923111081123352, 0.9234662055969238], "val_loss": [0.6792334914207458, 0.6584606766700745, 0.6248928904533386, 0.5825841426849365, 0.5355867147445679, 0.488659143447876, 0.44405803084373474, 0.4035281836986542, 0.36704057455062866, 0.3354819118976593], "val_accuracy": [0.8036285638809204, 0.8799359202384949, 0.8868730068206787, 0.9076840877532959, 0.9140874743461609, 0.9194236993789673, 0.9226253628730774, 0.9263607263565063, 0.9295623898506165, 0.9327641129493713]}