{"accuracy": [0.37, 0.75, 0.95, 0.97, 0.97], "val_accuracy": [0.71, 0.892, 0.934, 0.96, 0.962], "loss": [42.39227137047275, 19.799048823017685, 12.063372351130495, 9.329465690130373, 8.447103883117638], "val_loss": [218.8774591864049, 118.23262675003079, 82.45099566782226, 69.04515824148231, 65.74726745446253]}