{"loss": [0.36439159512519836, 0.25272276997566223, 0.19621706008911133, 0.1672656387090683, 0.13241876661777496, 0.11738651245832443, 0.10052834451198578, 0.09192702919244766, 0.07690391689538956, 0.07096109539270401], "accuracy": [0.9264420866966248, 0.9698505401611328, 0.9763534069061279, 0.9739042520523071, 0.9837852120399475, 0.9818428158760071, 0.9823495149612427, 0.9832785129547119, 0.9847986102104187, 0.9845452904701233], "val_loss": [0.28562432527542114, 0.21735908091068268, 0.19240118563175201, 0.14935536682605743, 0.1215878427028656, 0.11176665872335434, 0.10631562024354935, 0.10440585017204285, 0.07949644327163696, 0.07397027313709259], "val_accuracy": [0.9721362590789795, 0.9783282279968262, 0.9571723937988281, 0.9798762202262878, 0.9865841269493103, 0.9834882020950317, 0.9767802357673645, 0.9654282927513123, 0.985552191734314, 0.985552191734314]}