{"loss": [0.6828145980834961, 0.671381413936615, 0.6503190398216248, 0.6165050864219666, 0.5729422569274902, 0.5245910286903381, 0.47600048780441284, 0.42986172437667847, 0.38784259557724, 0.3507315218448639], "accuracy": [0.5219154953956604, 0.5227974057197571, 0.6229826211929321, 0.8356115818023682, 0.8949642777442932, 0.9208043217658997, 0.9330628514289856, 0.9359731674194336, 0.939059853553772, 0.9409118890762329], "val_loss": [0.677742600440979, 0.6616105437278748, 0.6322500705718994, 0.5902817249298096, 0.5409950613975525, 0.49031731486320496, 0.44072696566581726, 0.39585939049720764, 0.3560953438282013, 0.32313108444213867], "val_accuracy": [0.5178378224372864, 0.5394594669342041, 0.815675675868988, 0.8908108472824097, 0.9243243336677551, 0.9356756806373596, 0.9372973442077637, 0.9367567896842957, 0.9362162351608276, 0.9372973442077637]}