{"loss": [0.6800206899642944, 0.6312819719314575, 0.5625899434089661, 0.4899243712425232, 0.41466137766838074, 0.33093661069869995, 0.25712674856185913, 0.20340217649936676, 0.1655331254005432, 0.13842818140983582], "accuracy": [0.5312426090240479, 0.5979040265083313, 0.8371286392211914, 0.9448427557945251, 0.9764399528503418, 0.9817981123924255, 0.983216404914856, 0.9835315942764282, 0.9840043783187866, 0.9847135543823242], "val_loss": [0.6585015058517456, 0.5961835980415344, 0.5215678811073303, 0.44794341921806335, 0.3658261001110077, 0.28159645199775696, 0.21718119084835052, 0.17142541706562042, 0.1393163800239563, 0.11584828794002533], "val_accuracy": [0.5293843150138855, 0.7364738583564758, 0.9295708537101746, 0.9822760820388794, 0.9860074520111084, 0.9860074520111084, 0.9860074520111084, 0.9883395433425903, 0.9892723560333252, 0.9902052283287048]}