{"loss": [15.559950828552246, 3.2909657955169678, 2.0377447605133057, 1.5278701782226562, 1.2630542516708374, 1.070051908493042, 0.9083438515663147, 0.7562845349311829, 0.6306535601615906, 0.5153003334999084], "accuracy": [0.7142271399497986, 0.8295865058898926, 0.864867091178894, 0.891368567943573, 0.9020348191261292, 0.9101575613021851, 0.9163111448287964, 0.9255005121231079, 0.9240236282348633, 0.925418496131897], "val_loss": [3.916175603866577, 2.051816940307617, 1.3535425662994385, 1.1419223546981812, 0.9764172434806824, 0.8709666728973389, 0.7725826501846313, 0.6161655783653259, 0.5004352927207947, 0.38895148038864136], "val_accuracy": [0.8266932368278503, 0.868027925491333, 0.8969123959541321, 0.9133466482162476, 0.9208167791366577, 0.9262948632240295, 0.9392430782318115, 0.9417331218719482, 0.93824702501297, 0.9432271122932434]}