{"accuracy": [0.74, 0.74, 0.75, 0.77, 0.84], "val_accuracy": [0.695, 0.698, 0.727, 0.767, 0.871], "loss": [77.268, 65.21199999999999, 61.676, 57.536000000000016, 50.400000000000006], "val_loss": [751.7679999999995, 731.396000000001, 679.3079999999993, 600.6600000000002, 475.6280000000008]}