{"loss": [0.7274432182312012, 0.6958982348442078, 0.6833561658859253, 0.6601486802101135, 0.6192819476127625, 0.5638927817344666, 0.502783477306366, 0.4426562786102295, 0.38775011897087097, 0.339882493019104], "accuracy": [0.46875736117362976, 0.4689149558544159, 0.5312426090240479, 0.5458986759185791, 0.7042785882949829, 0.8699865937232971, 0.9254589676856995, 0.9466550946235657, 0.9563469886779785, 0.9617838859558105], "val_loss": [0.703647255897522, 0.6902376413345337, 0.6731451153755188, 0.6384954452514648, 0.5852611660957336, 0.5215957760810852, 0.4566635191440582, 0.39542919397354126, 0.3424915671348572, 0.297601580619812], "val_accuracy": [0.4701492488384247, 0.5293843150138855, 0.5293843150138855, 0.5993469953536987, 0.891791045665741, 0.94822758436203, 0.9640858173370361, 0.9682835340499878, 0.9724813103675842, 0.9757462739944458]}