{"loss": [39.608150482177734, 5.349210262298584, 2.1185097694396973, 1.1782341003417969, 0.7685223817825317, 0.5063778758049011, 0.338727742433548, 0.29748088121414185, 0.29635360836982727, 0.29792487621307373], "accuracy": [0.541074275970459, 0.7278831601142883, 0.8728278279304504, 0.8910742998123169, 0.8938388824462891, 0.8927330374717712, 0.8913902640342712, 0.8888626098632812, 0.8888626098632812, 0.8882306814193726], "val_loss": [9.938108444213867, 2.6444332599639893, 1.352539300918579, 0.8911293148994446, 0.5807981491088867, 0.37290704250335693, 0.2822338044643402, 0.2780815660953522, 0.2872391939163208, 0.28457918763160706], "val_accuracy": [0.5432393550872803, 0.8590539693832397, 0.896798849105835, 0.9049211740493774, 0.8996655344963074, 0.9025322794914246, 0.9015766978263855, 0.9001433253288269, 0.8996655344963074, 0.9006211161613464]}