{"loss": [0.7102569341659546, 0.5445447564125061, 0.44182270765304565, 0.3730347454547882, 0.32396966218948364, 0.28710857033729553, 0.2582314908504486, 0.23487043380737305, 0.21550780534744263, 0.1993309110403061], "accuracy": [0.4315955936908722, 0.930094838142395, 0.9401264190673828, 0.948894202709198, 0.9537914991378784, 0.9615324139595032, 0.9625592827796936, 0.9695103168487549, 0.9716430306434631, 0.9748815894126892], "val_loss": [0.612008810043335, 0.4811840355396271, 0.3970222473144531, 0.33881524205207825, 0.29588934779167175, 0.2631383240222931, 0.23563498258590698, 0.2141532450914383, 0.19553503394126892, 0.1805187612771988], "val_accuracy": [0.9460105299949646, 0.9483994245529175, 0.9464883208274841, 0.9498327970504761, 0.953177273273468, 0.9560439586639404, 0.9684663414955139, 0.9708552360534668, 0.9775441884994507, 0.9770663976669312]}