{"loss": [0.642261266708374, 0.5123986005783081, 0.477133572101593, 0.4523347020149231, 0.4337756037712097, 0.41735365986824036, 0.4026864767074585, 0.39037689566612244, 0.38031628727912903, 0.3723755478858948], "accuracy": [0.6672173142433167, 0.8229949474334717, 0.8305938839912415, 0.8437267541885376, 0.8545469641685486, 0.8624762892723083, 0.8713967204093933, 0.873131275177002, 0.8743702173233032, 0.8755265474319458], "val_loss": [0.5493679642677307, 0.5002426505088806, 0.4694901704788208, 0.4477459490299225, 0.42878252267837524, 0.411627858877182, 0.39662832021713257, 0.3836221396923065, 0.3721069097518921, 0.36392804980278015], "val_accuracy": [0.8104478120803833, 0.8124378323554993, 0.8373134732246399, 0.851243793964386, 0.8651741743087769, 0.8741294145584106, 0.8800995349884033, 0.8805970549583435, 0.8781095147132874, 0.8781095147132874]}