{"loss": [0.6888535022735596, 0.6756765246391296, 0.6647180318832397, 0.6579715013504028, 0.6536217331886292, 0.6503394246101379, 0.6478031277656555, 0.6458126902580261, 0.6440150737762451, 0.6426315903663635], "accuracy": [0.5215990543365479, 0.6241843700408936, 0.6666391491889954, 0.6691170334815979, 0.6615181565284729, 0.6549929976463318, 0.6531758308410645, 0.6526802778244019, 0.6563145518302917, 0.6539192199707031], "val_loss": [0.6826204061508179, 0.6682612895965576, 0.6591725945472717, 0.652990460395813, 0.6487329602241516, 0.6453200578689575, 0.6426675319671631, 0.6404749751091003, 0.6388953924179077, 0.6370697617530823], "val_accuracy": [0.5731343626976013, 0.6711443066596985, 0.6855721473693848, 0.684079647064209, 0.6791045069694519, 0.6721393465995789, 0.6686567664146423, 0.6671642065048218, 0.6537313461303711, 0.6587064862251282]}