{"accuracy": [0.9, 0.96, 0.96, 0.98, 0.98, 0.98, 0.98, 0.98, 0.99, 0.98], "val_accuracy": [0.839, 0.876, 0.883, 0.883, 0.89, 0.899, 0.899, 0.91, 0.904, 0.909], "loss": [52.08399999999998, 27.635999999999992, 26.363999999999997, 25.50799999999999, 25.580000000000005, 25.720000000000013, 24.072000000000006, 22.115999999999996, 22.18000000000001, 22.644], "val_loss": [500.4480000000007, 429.5400000000011, 422.70400000000114, 409.9680000000004, 408.4079999999998, 384.18400000000025, 387.5000000000001, 350.8520000000002, 360.20000000000005, 357.4640000000004]}