{"loss": [17.23033905029297, 3.7503104209899902, 1.978027105331421, 1.3042231798171997, 0.9687756896018982, 0.7648058533668518, 0.6293705701828003, 0.5261635780334473, 0.4437013566493988, 0.38291725516319275], "accuracy": [0.736748993396759, 0.9169124364852905, 0.9463217258453369, 0.9600573182106018, 0.9668829441070557, 0.9704222083091736, 0.9722760915756226, 0.9732872843742371, 0.9739614129066467, 0.9740456938743591], "val_loss": [5.485164642333984, 2.630620002746582, 1.7459343671798706, 1.3518052101135254, 1.055222511291504, 0.8694482445716858, 0.7247360944747925, 0.6135754585266113, 0.5252905488014221, 0.4559231698513031], "val_accuracy": [0.8886629939079285, 0.9395018219947815, 0.9552618861198425, 0.962887704372406, 0.9679716229438782, 0.9710219502449036, 0.9720386862754822, 0.9730554819107056, 0.9755974411964417, 0.9735638499259949]}