{"accuracy": [0.57, 0.62, 0.66, 0.71, 0.68, 0.69, 0.74, 0.77, 0.75, 0.79], "val_accuracy": [0.622, 0.642, 0.653, 0.655, 0.652, 0.672, 0.71, 0.753, 0.792, 0.805], "loss": [109.84800000000001, 82.97999999999996, 80.92399999999999, 77.13199999999998, 74.856, 71.93200000000003, 67.516, 64.22399999999999, 61.83600000000001, 60.02400000000002], "val_loss": [861.419999999999, 819.6399999999999, 798.416, 799.1759999999999, 800.4400000000005, 760.5919999999996, 706.8400000000007, 651.4279999999999, 609.487999999999, 603.1080000000011]}