{"loss": [0.693729817867279, 0.6811001896858215, 0.6633483171463013, 0.6355165839195251, 0.5963629484176636, 0.5485411286354065, 0.49705174565315247, 0.44677770137786865, 0.4007450044155121, 0.3601785898208618], "accuracy": [0.5144103169441223, 0.6707431674003601, 0.7690926194190979, 0.8342598080635071, 0.8765072822570801, 0.8987427949905396, 0.9143931865692139, 0.9226887822151184, 0.9267082810401917, 0.9307277798652649], "val_loss": [0.6878395080566406, 0.6733119487762451, 0.6504432559013367, 0.615839958190918, 0.5703270435333252, 0.5182390213012695, 0.46524205803871155, 0.4152557849884033, 0.37085339426994324, 0.3322935700416565], "val_accuracy": [0.6068506836891174, 0.7290388345718384, 0.8072596788406372, 0.8788343071937561, 0.9069529175758362, 0.9253578782081604, 0.9309815764427185, 0.938139021396637, 0.9417177438735962, 0.9417177438735962]}