{"loss": [4.1445465087890625, 0.5358350276947021, 0.5272064805030823, 0.5233346223831177, 0.5180319547653198, 0.5147666335105896, 0.5149625539779663, 0.5123191475868225, 0.5092186331748962, 0.5090146064758301], "accuracy": [0.5251887440681458, 0.7458155751228333, 0.7437644004821777, 0.7440105080604553, 0.739169716835022, 0.743682324886322, 0.7411388158798218, 0.737856924533844, 0.7407286167144775, 0.7377749085426331], "val_loss": [0.5152424573898315, 0.504660964012146, 0.5150290727615356, 0.48913297057151794, 0.48603272438049316, 0.48096710443496704, 0.4923937916755676, 0.48799777030944824, 0.473331093788147, 0.4831557273864746], "val_accuracy": [0.7609561681747437, 0.775896430015564, 0.7534860968589783, 0.7609561681747437, 0.7549800872802734, 0.7539840936660767, 0.705677330493927, 0.7475099563598633, 0.762948215007782, 0.7539840936660767]}