{"accuracy": [0.56, 0.75, 0.81, 0.86, 0.9, 0.89, 0.91, 0.91, 0.91, 0.92], "val_accuracy": [0.611, 0.73, 0.8, 0.832, 0.851, 0.863, 0.873, 0.86, 0.88, 0.885], "loss": [106.46399999999994, 68.25999999999999, 57.31999999999998, 45.748, 41.51599999999999, 39.46, 37.964000000000006, 37.60000000000001, 36.26, 36.608000000000004], "val_loss": [852.2000000000003, 704.5479999999991, 620.2599999999999, 542.5000000000007, 511.87200000000007, 477.33200000000045, 452.46000000000083, 459.9240000000008, 447.8440000000005, 441.2279999999994]}