{"accuracy": [0.7, 0.88, 0.92, 0.95, 0.94], "val_accuracy": [0.72, 0.852, 0.886, 0.91, 0.904], "loss": [35.61023871391699, 15.554293920357704, 10.466648437408402, 8.984193161824338, 9.095876688212577], "val_loss": [200.53253525275701, 128.74864427656206, 94.12070867181757, 85.59638927576113, 83.176798216498]}