{"loss": [0.6919974088668823, 0.6913309693336487, 0.6912434697151184, 0.6912323236465454, 0.6912364959716797, 0.6912333965301514, 0.6912376880645752, 0.6912325024604797, 0.6912276148796082, 0.6912359595298767], "accuracy": [0.5299818515777588, 0.5312426090240479, 0.5312426090240479, 0.5312426090240479, 0.5312426090240479, 0.5312426090240479, 0.5312426090240479, 0.5312426090240479, 0.5312426090240479, 0.5312426090240479], "val_loss": [0.6915408372879028, 0.6914310455322266, 0.6914194822311401, 0.6914225816726685, 0.6914269924163818, 0.6914199590682983, 0.6914240121841431, 0.6914258003234863, 0.6914243698120117, 0.691425085067749], "val_accuracy": [0.5293843150138855, 0.5293843150138855, 0.5293843150138855, 0.5293843150138855, 0.5293843150138855, 0.5293843150138855, 0.5293843150138855, 0.5293843150138855, 0.5293843150138855, 0.5293843150138855]}