{"accuracy": [0.52, 0.8, 0.89, 0.89, 0.87, 0.88, 0.86, 0.87, 0.88, 0.88], "val_accuracy": [0.755, 0.8, 0.823, 0.838, 0.854, 0.863, 0.853, 0.867, 0.873, 0.857], "loss": [115.12000000000005, 58.288000000000004, 51.44799999999999, 51.78399999999996, 48.391999999999975, 44.69200000000002, 42.823999999999984, 38.616, 39.19600000000001, 36.14800000000002], "val_loss": [650.8480000000005, 573.7039999999993, 558.4720000000005, 534.232, 513.3280000000002, 503.09200000000004, 501.664000000001, 475.73200000000037, 467.8560000000011, 491.9000000000005]}