{"loss": [0.5930631160736084, 0.5202082991600037, 0.46493351459503174, 0.4197732210159302, 0.38231995701789856, 0.3507661819458008, 0.32378488779067993, 0.3004765808582306, 0.28008314967155457, 0.2621173560619354], "accuracy": [0.8238857984542847, 0.8516059517860413, 0.8805710077285767, 0.9087061285972595, 0.9238941073417664, 0.9334384799003601, 0.9434807896614075, 0.9526931643486023, 0.9589177370071411, 0.9628185033798218], "val_loss": [0.5342161059379578, 0.4692569077014923, 0.41791099309921265, 0.3757268488407135, 0.34104958176612854, 0.31185799837112427, 0.28709226846694946, 0.26531708240509033, 0.24640677869319916, 0.22982987761497498], "val_accuracy": [0.8887195587158203, 0.8988822102546692, 0.923272430896759, 0.9308943748474121, 0.9395325779914856, 0.9527439475059509, 0.9603659510612488, 0.96341472864151, 0.9654472470283508, 0.9679878950119019]}