{"loss": [0.7466168999671936, 0.5362416505813599, 0.4131116271018982, 0.33474260568618774, 0.28056958317756653, 0.24078647792339325, 0.21023470163345337, 0.18596158921718597, 0.16608239710330963, 0.14956636726856232], "accuracy": [0.3194573223590851, 0.8743574619293213, 0.966040313243866, 0.9812926650047302, 0.9887924790382385, 0.9911519289016724, 0.9917418360710144, 0.9924159646034241, 0.9925001859664917, 0.9931743741035461], "val_loss": [0.6129325032234192, 0.44605422019958496, 0.3462895154953003, 0.28278324007987976, 0.23801986873149872, 0.20482783019542694, 0.18018728494644165, 0.1600179821252823, 0.14413945376873016, 0.1303742378950119], "val_accuracy": [0.8566345572471619, 0.9517031908035278, 0.9669548273086548, 0.9857652187347412, 0.9877987504005432, 0.9883071184158325, 0.9888155460357666, 0.9888155460357666, 0.9903407096862793, 0.9893239140510559]}