{"loss": [0.6978248953819275, 0.6499027609825134, 0.623172402381897, 0.5879676938056946, 0.5429713129997253, 0.49153605103492737, 0.438627690076828, 0.38839054107666016, 0.34267982840538025, 0.30262020230293274], "accuracy": [0.5010949969291687, 0.534113883972168, 0.7343328595161438, 0.834147572517395, 0.8644710183143616, 0.9016172289848328, 0.918716311454773, 0.9321091175079346, 0.9423854351043701, 0.9494609236717224], "val_loss": [0.6595303416252136, 0.63407963514328, 0.6029869914054871, 0.5611169934272766, 0.5110591650009155, 0.45605409145355225, 0.4021107852458954, 0.35253870487213135, 0.30881115794181824, 0.2712381184101105], "val_accuracy": [0.5072901248931885, 0.6571141481399536, 0.813474178314209, 0.8753142952919006, 0.9155355095863342, 0.9321267604827881, 0.9406737685203552, 0.9462041854858398, 0.954751193523407, 0.9622926712036133]}