{"loss": [0.7097641825675964, 0.7008976936340332, 0.6975168585777283, 0.6940757036209106, 0.6906514167785645, 0.6872779130935669, 0.683849036693573, 0.680519163608551, 0.6771528720855713, 0.6738242506980896], "accuracy": [0.5088388919830322, 0.5088388919830322, 0.5088388919830322, 0.5088388919830322, 0.5088388919830322, 0.5088388919830322, 0.522367000579834, 0.5105817914009094, 0.5514150857925415, 0.5587185621261597], "val_loss": [0.7016586065292358, 0.6984418630599976, 0.6952710747718811, 0.6918544769287109, 0.6886182427406311, 0.685464084148407, 0.6823055744171143, 0.678955614566803, 0.6757201552391052, 0.6725490093231201], "val_accuracy": [0.5132114291191101, 0.5132114291191101, 0.5132114291191101, 0.5132114291191101, 0.5132114291191101, 0.5132114291191101, 0.5137195587158203, 0.5132114291191101, 0.5137195587158203, 0.5990853905677795]}