{"loss": [0.34132120013237, 0.22219155728816986, 0.17080385982990265, 0.14063550531864166, 0.1131393313407898, 0.0925237387418747, 0.07770640403032303, 0.06978363543748856, 0.05968635156750679, 0.051340412348508835], "accuracy": [0.9321713447570801, 0.983721137046814, 0.9886541366577148, 0.9847077131271362, 0.9889829754829407, 0.9912850856781006, 0.9913672804832458, 0.99103844165802, 0.9917783737182617, 0.9923538565635681], "val_loss": [0.25001609325408936, 0.1888425052165985, 0.1501806676387787, 0.12360865622758865, 0.09901615232229233, 0.0803036019206047, 0.07405002415180206, 0.05876648798584938, 0.05473607778549194, 0.04866694286465645], "val_accuracy": [0.9827330708503723, 0.9881598353385925, 0.9925999045372009, 0.985693097114563, 0.9886531829833984, 0.9945732355117798, 0.98421311378479, 0.993586540222168, 0.992106556892395, 0.992106556892395]}