{"loss": [0.6875127553939819, 0.6575403213500977, 0.6377210021018982, 0.6129698157310486, 0.5831487774848938, 0.5480366945266724, 0.5086848735809326, 0.46780362725257874, 0.4279577136039734, 0.3908012807369232], "accuracy": [0.5003779530525208, 0.5593348145484924, 0.7033677697181702, 0.7748383283615112, 0.8519358038902283, 0.8829259872436523, 0.8981271386146545, 0.9144200682640076, 0.9228184819221497, 0.926429808139801], "val_loss": [0.6610500812530518, 0.6428594589233398, 0.6191956400871277, 0.5912109017372131, 0.5564656257629395, 0.5170109868049622, 0.47631725668907166, 0.43300381302833557, 0.39519351720809937, 0.3623228967189789], "val_accuracy": [0.5066144466400146, 0.7555120587348938, 0.8500735759735107, 0.9176874756813049, 0.9289564490318298, 0.933366060256958, 0.9392455220222473, 0.9407154321670532, 0.9412053823471069, 0.9367957711219788]}