{"loss": [8.715412139892578, 2.1874923706054688, 1.5173259973526, 1.2407127618789673, 1.086710810661316, 0.9685875773429871, 0.8713399171829224, 0.7800264954566956, 0.7050371766090393, 0.6488664150238037], "accuracy": [0.9533175826072693, 0.9816746115684509, 0.9881517291069031, 0.9904423952102661, 0.9917852282524109, 0.9924170970916748, 0.9928910732269287, 0.9931280016899109, 0.9930490255355835, 0.9934439659118652], "val_loss": [1.9688085317611694, 1.2273340225219727, 1.0452316999435425, 0.9730135202407837, 0.9278623461723328, 0.9106605648994446, 0.8832876682281494, 0.8654060363769531, 0.7799181938171387, 0.724916934967041], "val_accuracy": [0.9856665134429932, 0.9928332567214966, 0.9928332567214966, 0.9937888383865356, 0.9937888383865356, 0.9937888383865356, 0.9937888383865356, 0.9933110475540161, 0.9933110475540161, 0.9928332567214966]}