{"loss": [0.6701332330703735, 0.6522812843322754, 0.6281911134719849, 0.5973778963088989, 0.5618414878845215, 0.5234110951423645, 0.4843106269836426, 0.4465624690055847, 0.41176125407218933, 0.380405455827713], "accuracy": [0.6858474612236023, 0.8546610474586487, 0.8707627058029175, 0.882796585559845, 0.889576256275177, 0.8955084681510925, 0.8983898162841797, 0.9013559222221375, 0.9048305153846741, 0.9074576497077942], "val_loss": [0.6587307453155518, 0.6362907290458679, 0.6064144968986511, 0.5702142119407654, 0.5302761793136597, 0.4884907901287079, 0.447478324174881, 0.4090401828289032, 0.3744145631790161, 0.3438195288181305], "val_accuracy": [0.8589870929718018, 0.8818272352218628, 0.8962264060974121, 0.903674304485321, 0.9091360569000244, 0.913604736328125, 0.9180734753608704, 0.9225422143936157, 0.9235352277755737, 0.9260178804397583]}