{"loss": [0.7563784122467041, 0.668659508228302, 0.6265414357185364, 0.5669020414352417, 0.488443523645401, 0.4082317650318146, 0.33872905373573303, 0.2831202447414398, 0.2400059700012207, 0.20667244493961334], "accuracy": [0.4456959664821625, 0.7309052348136902, 0.9689221382141113, 0.9727041125297546, 0.9748417735099792, 0.9741840362548828, 0.9738551378250122, 0.9738551378250122, 0.9736084938049316, 0.9741017818450928], "val_loss": [0.6933704614639282, 0.6469622850418091, 0.5978010296821594, 0.5247753858566284, 0.4403635859489441, 0.3624168336391449, 0.29811832308769226, 0.24763603508472443, 0.2087521255016327, 0.17830051481723785], "val_accuracy": [0.44005918502807617, 0.9832264184951782, 0.9797730445861816, 0.9832264184951782, 0.9827330708503723, 0.9807597398757935, 0.9807597398757935, 0.9807597398757935, 0.9812530875205994, 0.9812530875205994]}