{"loss": [0.7207024693489075, 0.6748735308647156, 0.6588947176933289, 0.6368192434310913, 0.6036568284034729, 0.5602224469184875, 0.5108025074005127, 0.4605209529399872, 0.41310134530067444, 0.36967188119888306], "accuracy": [0.46875736117362976, 0.6072807312011719, 0.8720352649688721, 0.9176581501960754, 0.9318414330482483, 0.9409029483795166, 0.9477581977844238, 0.9521707892417908, 0.9561105966567993, 0.959026038646698], "val_loss": [0.6835966110229492, 0.6644175052642822, 0.6454238295555115, 0.6156054735183716, 0.573542058467865, 0.5225642919540405, 0.46861395239830017, 0.4165688753128052, 0.36878228187561035, 0.3265269994735718], "val_accuracy": [0.4706156551837921, 0.8899253606796265, 0.9239738583564758, 0.9435634016990662, 0.9496268630027771, 0.9566231369972229, 0.9561566710472107, 0.9640858173370361, 0.9682835340499878, 0.9710820913314819]}