{"loss": [0.6912857294082642, 0.6741874814033508, 0.6519429683685303, 0.6205984950065613, 0.5804547667503357, 0.5336586833000183, 0.483825147151947, 0.4347209930419922, 0.38850289583206177, 0.34667813777923584], "accuracy": [0.535376787185669, 0.5661875605583191, 0.7253236174583435, 0.8503931164741516, 0.8925594091415405, 0.919320285320282, 0.9269435405731201, 0.9343286156654358, 0.9383785128593445, 0.9427459836006165], "val_loss": [0.6800594329833984, 0.6605581045150757, 0.6321099400520325, 0.593619167804718, 0.5470468401908875, 0.4949186146259308, 0.4428391754627228, 0.3931685984134674, 0.347830206155777, 0.3069649040699005], "val_accuracy": [0.5381697416305542, 0.6742532253265381, 0.8696064949035645, 0.9179706573486328, 0.9412043690681458, 0.9421526789665222, 0.9525842070579529, 0.9544808268547058, 0.9573257565498352, 0.956851601600647]}