{"loss": [0.7485808730125427, 0.644773542881012, 0.5927943587303162, 0.5562435984611511, 0.5280138254165649, 0.5052803158760071, 0.48690176010131836, 0.4719422161579132, 0.4597247540950775, 0.44979915022850037], "accuracy": [0.48253077268600464, 0.6184026002883911, 0.7741802334785461, 0.8130007386207581, 0.8285289406776428, 0.8381927609443665, 0.8406707048416138, 0.8431485891342163, 0.8476088047027588, 0.8471958637237549], "val_loss": [0.6759862899780273, 0.6114889979362488, 0.5686905980110168, 0.5359127521514893, 0.5095852613449097, 0.4880397617816925, 0.4704130291938782, 0.45585814118385315, 0.44377046823501587, 0.43382763862609863], "val_accuracy": [0.48855724930763245, 0.7457711696624756, 0.8104478120803833, 0.8318408131599426, 0.8412935733795166, 0.8442786335945129, 0.851243793964386, 0.8557214140892029, 0.8557214140892029, 0.8582090139389038]}