{"accuracy": [0.79, 0.86, 0.88, 0.88, 0.87], "val_accuracy": [0.886, 0.886, 0.886, 0.892, 0.888], "loss": [6.279874778723904, 4.2118306844399465, 4.146955164697943, 4.125343355527594, 4.134054789961147], "val_loss": [32.57383864299759, 30.86621627583302, 30.6900720615393, 30.45623093398234, 30.494073343460535]}