{"loss": [0.6882670521736145, 0.6743839979171753, 0.6528962850570679, 0.6195123791694641, 0.5743046402931213, 0.5216320157051086, 0.46705928444862366, 0.41495031118392944, 0.36780741810798645, 0.32698240876197815], "accuracy": [0.5437925457954407, 0.684183657169342, 0.8312075138092041, 0.8924319744110107, 0.9351190328598022, 0.9472789168357849, 0.9547619223594666, 0.9552721381187439, 0.9578231573104858, 0.9583333730697632], "val_loss": [0.6827925443649292, 0.6653335690498352, 0.6367698907852173, 0.5948347449302673, 0.5424156188964844, 0.48612821102142334, 0.43025562167167664, 0.379756361246109, 0.33528077602386475, 0.29808536171913147], "val_accuracy": [0.605670154094696, 0.7829897403717041, 0.8840206265449524, 0.931958794593811, 0.946391761302948, 0.9530928134918213, 0.9520618915557861, 0.9561855792999268, 0.9572165012359619, 0.9556701183319092]}