{"loss": [0.7174542546272278, 0.6854630708694458, 0.6536410450935364, 0.6094141602516174, 0.5498003363609314, 0.4811626076698303, 0.4131706655025482, 0.35281091928482056, 0.30246540904045105, 0.26130005717277527], "accuracy": [0.4966387152671814, 0.5242758989334106, 0.761059045791626, 0.8991617560386658, 0.9395800828933716, 0.9554319977760315, 0.9619055390357971, 0.9636484384536743, 0.9653913378715515, 0.9654743075370789], "val_loss": [0.6992931962013245, 0.669665515422821, 0.6319628357887268, 0.5775220990180969, 0.5097267627716064, 0.43821296095848083, 0.37231624126434326, 0.3135804235935211, 0.2684079110622406, 0.2319481372833252], "val_accuracy": [0.439024418592453, 0.7088415026664734, 0.9080285429954529, 0.9502032995223999, 0.9639228582382202, 0.9623984694480896, 0.9629065990447998, 0.9679878950119019, 0.9649391174316406, 0.9664635062217712]}