{"loss": [0.6722339391708374, 0.6397807002067566, 0.5882724523544312, 0.5237315893173218, 0.4556542634963989, 0.39139488339424133, 0.3340825140476227, 0.2850663661956787, 0.244132399559021, 0.21022462844848633], "accuracy": [0.5338072776794434, 0.6953396797180176, 0.8749605417251587, 0.9382306933403015, 0.9591627717018127, 0.9699052572250366, 0.9723539352416992, 0.9751974940299988, 0.9766983389854431, 0.9780411124229431], "val_loss": [0.653786301612854, 0.6100845336914062, 0.5483542680740356, 0.4791255593299866, 0.41123902797698975, 0.3491032123565674, 0.2957361936569214, 0.25114336609840393, 0.2145574390888214, 0.18440420925617218], "val_accuracy": [0.5747730731964111, 0.8036311864852905, 0.9340659379959106, 0.953177273273468, 0.9718108177185059, 0.9679885506629944, 0.9722886085510254, 0.9751552939414978, 0.9746775031089783, 0.9775441884994507]}