{"loss": [0.7661049962043762, 0.7052475214004517, 0.6731473803520203, 0.6315533518791199, 0.5598182082176208, 0.4650691747665405, 0.3738410472869873, 0.30051442980766296, 0.2453443855047226, 0.2042878121137619], "accuracy": [0.38464829325675964, 0.44223856925964355, 0.6083347797393799, 0.7853842377662659, 0.9109190702438354, 0.9527639746665955, 0.9725311994552612, 0.9761252999305725, 0.9768098592758179, 0.9770665764808655], "val_loss": [0.7240449786186218, 0.685972273349762, 0.6526612043380737, 0.5958012342453003, 0.5066944360733032, 0.4091498553752899, 0.3259139358997345, 0.262317031621933, 0.21482253074645996, 0.17942598462104797], "val_accuracy": [0.3291666805744171, 0.5458333492279053, 0.7151042222976685, 0.8833333849906921, 0.9385417103767395, 0.9703125357627869, 0.9739583730697632, 0.9760417342185974, 0.9796875715255737, 0.9791667461395264]}