{"accuracy": [0.77, 0.83, 0.94, 0.96, 0.97, 0.96, 0.96, 0.95, 0.95, 0.96], "val_accuracy": [0.6722408026755853, 0.8633540372670807, 0.9460105112279026, 0.9488772097467749, 0.9483994266602962, 0.9503105590062112, 0.9455327281414238, 0.9460105112279026, 0.9460105112279026, 0.9440993788819876], "loss": [77.932, 60.77600000000003, 34.75599999999998, 26.21200000000001, 23.96399999999999, 22.064, 22.40800000000001, 23.236000000000004, 22.416000000000007, 21.464000000000006], "val_loss": [1637.892000000001, 1082.4760000000015, 581.7480000000029, 496.2560000000034, 476.5680000000025, 450.6000000000027, 496.4720000000037, 459.0280000000022, 483.5800000000032, 459.1800000000033]}