{"loss": [0.6008239388465881, 0.36355799436569214, 0.23790864646434784, 0.18304678797721863, 0.15647414326667786, 0.14159369468688965, 0.13192647695541382, 0.1249794065952301, 0.11989174038171768, 0.11580710113048553], "accuracy": [0.6801767349243164, 0.9401818513870239, 0.9559011459350586, 0.9623587727546692, 0.9666072130203247, 0.9687314629554749, 0.9715354442596436, 0.9723851084709167, 0.9738295674324036, 0.9737446308135986], "val_loss": [0.4520215690135956, 0.26734113693237305, 0.18869926035404205, 0.15637101233005524, 0.1392061710357666, 0.130373015999794, 0.12362150102853775, 0.11941035091876984, 0.11487364768981934, 0.11186796426773071], "val_accuracy": [0.9378882050514221, 0.95652174949646, 0.9606625437736511, 0.9637681245803833, 0.966356098651886, 0.9689441323280334, 0.9689441323280334, 0.9694617390632629, 0.9694617390632629, 0.9710144996643066]}