{"loss": [248.96446228027344, 79.69371795654297, 10.332484245300293, 2.0453338623046875, 0.9557745456695557, 0.6833086013793945, 0.6078503727912903, 0.5437619090080261, 0.47485071420669556, 0.39322277903556824], "accuracy": [0.38597506284713745, 0.595110297203064, 0.8470306396484375, 0.9464772343635559, 0.965144157409668, 0.970099925994873, 0.970760703086853, 0.9711737036705017, 0.9705129265785217, 0.9705955386161804], "val_loss": [148.13363647460938, 26.351177215576172, 3.017843246459961, 1.158705234527588, 0.7997861504554749, 0.754915714263916, 0.6777686476707458, 0.5683614015579224, 0.4913009703159332, 0.39244070649147034], "val_accuracy": [0.48358210921287537, 0.7363184690475464, 0.9298508167266846, 0.9646766781806946, 0.9701492786407471, 0.9696517586708069, 0.9686567783355713, 0.9711443185806274, 0.9701492786407471, 0.9701492786407471]}