{"loss": [0.6941384673118591, 0.6906874179840088, 0.6878206729888916, 0.6845059990882874, 0.6808433532714844, 0.6767030358314514, 0.672065794467926, 0.6669970750808716, 0.6615009307861328, 0.6554320454597473], "accuracy": [0.5055550932884216, 0.5369349718093872, 0.554830014705658, 0.5726401805877686, 0.6086845993995667, 0.6317530870437622, 0.6591468453407288, 0.6645747423171997, 0.6857773065567017, 0.6891697645187378], "val_loss": [0.6925769448280334, 0.6893280744552612, 0.6858607530593872, 0.6819246411323547, 0.6775711178779602, 0.6726673245429993, 0.6672977805137634, 0.6613817811012268, 0.6550095081329346, 0.6482383608818054], "val_accuracy": [0.5153189301490784, 0.5489703416824341, 0.5554997324943542, 0.5806127786636353, 0.5886489152908325, 0.6418884992599487, 0.6393771767616272, 0.692114531993866, 0.6961326003074646, 0.710698127746582]}