{"loss": [7.182319164276123, 2.051887035369873, 1.5609946250915527, 1.2960675954818726, 1.0666476488113403, 0.8837412595748901, 0.730432391166687, 0.6044381260871887, 0.5005800127983093, 0.4123537838459015], "accuracy": [0.8933521509170532, 0.9262179732322693, 0.9089550971984863, 0.9167565703392029, 0.9104490280151367, 0.8986638188362122, 0.8821479082107544, 0.8659639954566956, 0.843223512172699, 0.8221428990364075], "val_loss": [2.5364696979522705, 1.6234767436981201, 1.3704934120178223, 1.168191909790039, 0.9848494529724121, 0.8262454867362976, 0.7042040824890137, 0.6004883646965027, 0.4883771538734436, 0.39491674304008484], "val_accuracy": [0.9222561717033386, 0.9110773205757141, 0.880589485168457, 0.9131098389625549, 0.9070122838020325, 0.8917683362960815, 0.8760163187980652, 0.858231782913208, 0.8404472470283508, 0.813008189201355]}