{"loss": [0.6040886044502258, 0.5683820247650146, 0.5387681126594543, 0.5127764940261841, 0.4896375834941864, 0.46882668137550354, 0.4497809112071991, 0.4323233664035797, 0.4163074195384979, 0.40158817172050476], "accuracy": [0.565978467464447, 0.6958110332489014, 0.8025320768356323, 0.8592913746833801, 0.8844422101974487, 0.896847665309906, 0.9094231128692627, 0.9157108068466187, 0.9214887022972107, 0.9247174859046936], "val_loss": [0.5730944871902466, 0.5413035154342651, 0.513282835483551, 0.4882204830646515, 0.4656812846660614, 0.44552192091941833, 0.42684486508369446, 0.40993133187294006, 0.394171804189682, 0.3798067569732666], "val_accuracy": [0.6765010356903076, 0.8178054094314575, 0.8809524178504944, 0.9068323373794556, 0.9197722673416138, 0.9265010356903076, 0.9311594367027283, 0.9306418299674988, 0.933747410774231, 0.9353002309799194]}