{"accuracy": [0.55, 0.59, 0.63, 0.62, 0.63, 0.62, 0.65, 0.63, 0.65, 0.64], "val_accuracy": [0.59, 0.611, 0.611, 0.623, 0.629, 0.629, 0.64, 0.656, 0.652, 0.663], "loss": [105.25199999999995, 84.824, 83.228, 82.25199999999998, 81.58, 81.28800000000003, 82.03600000000002, 80.58800000000001, 80.00400000000002, 79.81200000000001], "val_loss": [900.9599999999999, 863.7999999999996, 849.9319999999997, 823.7440000000007, 812.5839999999992, 817.3439999999996, 813.556, 764.6880000000002, 769.104, 760.1400000000004]}