{"loss": [2.0080554485321045, 0.4263943135738373, 0.2675381898880005, 0.2022748589515686, 0.16471484303474426, 0.13564683496952057, 0.11661472916603088, 0.10238520801067352, 0.09150772541761398, 0.0834149718284607], "accuracy": [0.7871248126029968, 0.9387046098709106, 0.9575830101966858, 0.9657188653945923, 0.9685624241828918, 0.9729068279266357, 0.9751185178756714, 0.976619303226471, 0.9791469573974609, 0.9793839454650879], "val_loss": [0.4927605986595154, 0.26107048988342285, 0.18541191518306732, 0.15774105489253998, 0.13677731156349182, 0.12061931192874908, 0.10266289860010147, 0.09453386813402176, 0.08514256030321121, 0.07925627380609512], "val_accuracy": [0.9125657081604004, 0.9603440165519714, 0.9713330268859863, 0.9737219214439392, 0.9789775609970093, 0.9794553518295288, 0.9804108738899231, 0.9827998280525208, 0.9837554097175598, 0.9832776188850403]}