{"loss": [0.6972244381904602, 0.6321794390678406, 0.5724573135375977, 0.505628228187561, 0.43851718306541443, 0.37642255425453186, 0.3222326934337616, 0.27672022581100464, 0.2395697832107544, 0.2095973938703537], "accuracy": [0.4967687129974365, 0.6232143044471741, 0.8089286088943481, 0.8707482814788818, 0.9206632971763611, 0.9443877935409546, 0.9573129415512085, 0.9636054635047913, 0.965221107006073, 0.9674319624900818], "val_loss": [0.6546849012374878, 0.6003031134605408, 0.5367739796638489, 0.4691937267780304, 0.4044293463230133, 0.3461168110370636, 0.2962409555912018, 0.2549903094768524, 0.22133590281009674, 0.1943734884262085], "val_accuracy": [0.5061855912208557, 0.7536082863807678, 0.8412371277809143, 0.8938144445419312, 0.9345360994338989, 0.9494845867156982, 0.9587629437446594, 0.9623711705207825, 0.9654639363288879, 0.9659793972969055]}