{"loss": [0.6721282005310059, 0.650003969669342, 0.625408411026001, 0.5953072309494019, 0.560062050819397, 0.5219264030456543, 0.48242688179016113, 0.44380733370780945, 0.40779930353164673, 0.37514176964759827], "accuracy": [0.5207045674324036, 0.6588195562362671, 0.7892285585403442, 0.8503683805465698, 0.8869506120681763, 0.8996527791023254, 0.90956050157547, 0.9181132912635803, 0.9226861000061035, 0.9266660809516907], "val_loss": [0.6566512584686279, 0.6354937553405762, 0.6075676083564758, 0.5741776823997498, 0.535552978515625, 0.49595069885253906, 0.4579581022262573, 0.419321745634079, 0.3830634653568268, 0.3537849485874176], "val_accuracy": [0.6136590242385864, 0.8265204429626465, 0.8723828792572021, 0.8923230171203613, 0.9012961387634277, 0.9117647409439087, 0.9142572283744812, 0.919242262840271, 0.9222333431243896, 0.9252243638038635]}