{"loss": [0.6746380925178528, 0.6380799412727356, 0.5845752358436584, 0.5167016983032227, 0.44454291462898254, 0.37852370738983154, 0.32283398509025574, 0.27788248658180237, 0.2420242726802826, 0.2133161723613739], "accuracy": [0.7211222648620605, 0.8677084445953369, 0.9252419471740723, 0.945041298866272, 0.9464618563652039, 0.9577377438545227, 0.9588031768798828, 0.962177038192749, 0.9654621481895447, 0.9681257009506226], "val_loss": [0.6590015888214111, 0.6131352186203003, 0.5498294234275818, 0.4760099947452545, 0.4040079116821289, 0.3413282334804535, 0.2901841402053833, 0.24949029088020325, 0.2169935703277588, 0.1908378005027771], "val_accuracy": [0.8244397044181824, 0.9183564186096191, 0.938100278377533, 0.9407683610916138, 0.9647811651229858, 0.9589114189147949, 0.9663820266723633, 0.9701173901557922, 0.9733190536499023, 0.9749199151992798]}