{"loss": [0.6959746479988098, 0.6467021703720093, 0.578716516494751, 0.4845365881919861, 0.3916568160057068, 0.31489697098731995, 0.25611716508865356, 0.21192528307437897, 0.17865070700645447, 0.15351876616477966], "accuracy": [0.4762681722640991, 0.7037209868431091, 0.8818457722663879, 0.9557213187217712, 0.9742872714996338, 0.9806572198867798, 0.982133150100708, 0.9836868047714233, 0.9836868047714233, 0.983609139919281], "val_loss": [0.6681910753250122, 0.6172827482223511, 0.529191792011261, 0.4293269217014313, 0.341769814491272, 0.2733575701713562, 0.22198815643787384, 0.18356046080589294, 0.15467296540737152, 0.13272903859615326], "val_accuracy": [0.470862478017807, 0.8074591755867004, 0.941724956035614, 0.97529137134552, 0.984149158000946, 0.9874125719070435, 0.9883449673652649, 0.9878787994384766, 0.9878787994384766, 0.9874125719070435]}