{"loss": [0.4007450342178345, 0.28940489888191223, 0.22573794424533844, 0.18289412558078766, 0.14741110801696777, 0.12584421038627625, 0.10144652426242828, 0.08936920762062073, 0.08266320824623108, 0.07220002263784409], "accuracy": [0.9540945291519165, 0.983543336391449, 0.983543336391449, 0.9867716431617737, 0.9855905771255493, 0.9807873964309692, 0.9896063208580017, 0.9889764189720154, 0.9836220741271973, 0.9874803423881531], "val_loss": [0.3328770101070404, 0.2481391578912735, 0.1990605741739273, 0.15393474698066711, 0.12532904744148254, 0.10596008598804474, 0.08759189397096634, 0.08243906497955322, 0.06903845071792603, 0.05677584931254387], "val_accuracy": [0.9787725210189819, 0.9861559867858887, 0.9783110618591309, 0.9940009713172913, 0.9926165342330933, 0.9880018830299377, 0.9921550750732422, 0.9820027947425842, 0.9870789647102356, 0.990770697593689]}