{"loss": [4.749138355255127, 1.9635686874389648, 1.268271803855896, 0.9100397825241089, 0.6899750232696533, 0.550916314125061, 0.42966383695602417, 0.36518675088882446, 0.3433484733104706, 0.3190069794654846], "accuracy": [0.7681326270103455, 0.8359041810035706, 0.8542008996009827, 0.8663439750671387, 0.8684772253036499, 0.8709386587142944, 0.87249755859375, 0.873400092124939, 0.8731539249420166, 0.8757794499397278], "val_loss": [2.2535698413848877, 1.4369784593582153, 0.9820778965950012, 0.7136693596839905, 0.5632769465446472, 0.44996073842048645, 0.33333346247673035, 0.3231954574584961, 0.2737148404121399, 0.28365761041641235], "val_accuracy": [0.8356574177742004, 0.8515936732292175, 0.8665338754653931, 0.8725099563598633, 0.8799800872802734, 0.8720119595527649, 0.8934262990951538, 0.8799800872802734, 0.8954183459281921, 0.8799800872802734]}