{"loss": [27.201374053955078, 4.049941539764404, 2.6126515865325928, 1.9635682106018066, 1.5731346607208252, 1.3009909391403198, 1.1042195558547974, 0.9451937675476074, 0.8449957370758057, 0.7302893400192261], "accuracy": [0.8077018857002258, 0.941322922706604, 0.9586687684059143, 0.9657232761383057, 0.968545138835907, 0.9726118445396423, 0.9736907482147217, 0.9749357104301453, 0.9752676486968994, 0.976097583770752], "val_loss": [5.071954250335693, 2.5965073108673096, 1.7815836668014526, 1.386765718460083, 1.1057571172714233, 0.9297235608100891, 0.7878170609474182, 0.7786242365837097, 0.6808024644851685, 0.6803444027900696], "val_accuracy": [0.9268293380737305, 0.9517276883125305, 0.9649391174316406, 0.9715448021888733, 0.9725610613822937, 0.9756098389625549, 0.9801830053329468, 0.9791667461395264, 0.9801830053329468, 0.980691134929657]}