{"loss": [214.9717559814453, 76.2430191040039, 8.132351875305176, 0.4772832989692688, 0.39506426453590393, 0.33716028928756714, 0.2956760823726654, 0.2658502459526062, 0.24436938762664795, 0.22890052199363708], "accuracy": [0.05542248487472534, 0.053935740143060684, 0.2945403456687927, 0.5174692273139954, 0.7322210073471069, 0.9433385729789734, 0.9408606886863708, 0.9393739104270935, 0.9381349682807922, 0.9379698038101196], "val_loss": [133.51365661621094, 32.84396743774414, 0.5330714583396912, 0.43259185552597046, 0.3633755147457123, 0.31371939182281494, 0.2779153287410736, 0.2520363926887512, 0.2333247810602188, 0.21956856548786163], "val_accuracy": [0.05572139471769333, 0.05522388219833374, 0.5114427804946899, 0.5114427804946899, 0.9427860975265503, 0.9427860975265503, 0.9412935972213745, 0.9393035173416138, 0.9388059973716736, 0.9383084774017334]}