{"loss": [0.5163240432739258, 0.3676641881465912, 0.30676165223121643, 0.2792690694332123, 0.2474934607744217, 0.23512838780879974, 0.20545221865177155, 0.19786038994789124, 0.2166469693183899, 0.20555469393730164], "accuracy": [0.7510645985603333, 0.9101313352584839, 0.9226402044296265, 0.9192689657211304, 0.9341731667518616, 0.9339957237243652, 0.9467707872390747, 0.9349716305732727, 0.9260113835334778, 0.9409155249595642], "val_loss": [0.41892433166503906, 0.32077789306640625, 0.2992812395095825, 0.29343029856681824, 0.23586612939834595, 0.22165071964263916, 0.23220494389533997, 0.19598521292209625, 0.2056112140417099, 0.18419161438941956], "val_accuracy": [0.8885316848754883, 0.9308682084083557, 0.906216561794281, 0.949088990688324, 0.9410504102706909, 0.9410504102706909, 0.892283022403717, 0.9464094638824463, 0.9340836405754089, 0.9496248960494995]}