{"loss": [0.6939204931259155, 0.679968535900116, 0.6554346084594727, 0.6052137017250061, 0.5280248522758484, 0.445267915725708, 0.37342172861099243, 0.3157398998737335, 0.27070555090904236, 0.23585502803325653], "accuracy": [0.5165656208992004, 0.5235961079597473, 0.5294841527938843, 0.7832850217819214, 0.9402408003807068, 0.9634414315223694, 0.9668688178062439, 0.9677476286888123, 0.968450665473938, 0.9682748913764954], "val_loss": [0.685530424118042, 0.6683972477912903, 0.6326257586479187, 0.5667489171028137, 0.4827796220779419, 0.40362024307250977, 0.3386513590812683, 0.2877655327320099, 0.2489350587129593, 0.21780188381671906], "val_accuracy": [0.5363825559616089, 0.5363825559616089, 0.5665280818939209, 0.9137214422225952, 0.9688149690628052, 0.9714137315750122, 0.9719334840774536, 0.9708939790725708, 0.9719334840774536, 0.9719334840774536]}