{"loss": [0.6934004426002502, 0.6771750450134277, 0.6620628833770752, 0.6375634074211121, 0.6009334325790405, 0.5535197257995605, 0.49997636675834656, 0.4459831118583679, 0.3952792286872864, 0.34972262382507324], "accuracy": [0.49357521533966064, 0.6434030532836914, 0.8107835650444031, 0.8791466951370239, 0.9290333390235901, 0.9486016631126404, 0.9559082984924316, 0.9624590277671814, 0.9636348485946655, 0.9646426439285278], "val_loss": [0.6849930286407471, 0.6726199388504028, 0.6527742743492126, 0.6211736798286438, 0.576702356338501, 0.5230357050895691, 0.46575212478637695, 0.41124290227890015, 0.3618682324886322, 0.31787097454071045], "val_accuracy": [0.48995593190193176, 0.7687408924102783, 0.8378246426582336, 0.9108281135559082, 0.9328761100769043, 0.9495345950126648, 0.9627634286880493, 0.9666830897331238, 0.9652131795883179, 0.969622790813446]}