{"loss": [0.6768983602523804, 0.6134787797927856, 0.5153195261955261, 0.41897356510162354, 0.3406676948070526, 0.2796958088874817, 0.23276697099208832, 0.19657118618488312, 0.16851629316806793, 0.14645454287528992], "accuracy": [0.4987054169178009, 0.7247974872589111, 0.9172304272651672, 0.9632506370544434, 0.9726885557174683, 0.9760293960571289, 0.9773657321929932, 0.9785350561141968, 0.9797878265380859, 0.9797043204307556], "val_loss": [0.6481742262840271, 0.5591172575950623, 0.4537312090396881, 0.36491823196411133, 0.2959394156932831, 0.2428126484155655, 0.20221704244613647, 0.1712699979543686, 0.14728869497776031, 0.12760187685489655], "val_accuracy": [0.6214860081672668, 0.881024181842804, 0.9633535146713257, 0.9789157509803772, 0.9819278120994568, 0.9834337830543518, 0.9844378232955933, 0.9844378232955933, 0.9864458441734314, 0.9844378232955933]}