{"loss": [0.7051191926002502, 0.68695068359375, 0.6708782315254211, 0.6538929343223572, 0.6334930658340454, 0.6076094508171082, 0.5754148364067078, 0.5376454591751099, 0.49630266427993774, 0.4542258083820343], "accuracy": [0.41939619183540344, 0.5993329286575317, 0.7454032301902771, 0.9081501364707947, 0.9562985897064209, 0.9597194790840149, 0.9646797180175781, 0.9597194790840149, 0.9580090045928955, 0.9548447728157043], "val_loss": [0.6937335133552551, 0.6766892075538635, 0.6598173379898071, 0.6406151652336121, 0.6166517734527588, 0.5866309404373169, 0.5495047569274902, 0.5082816481590271, 0.46503928303718567, 0.42278584837913513], "val_accuracy": [0.5092024207115173, 0.7091001868247986, 0.8798568248748779, 0.9504089951515198, 0.9642126560211182, 0.9672801494598389, 0.9698363542556763, 0.966257631778717, 0.9621676802635193, 0.9580776691436768]}