{"loss": [83.42919158935547, 27.06174087524414, 9.395648002624512, 4.461288928985596, 2.5224671363830566, 1.6475096940994263, 1.2828658819198608, 1.135939121246338, 1.0121642351150513, 0.8774638772010803], "accuracy": [0.7529101967811584, 0.8699125051498413, 0.930325448513031, 0.9592149257659912, 0.9712805151939392, 0.9762087464332581, 0.9777381420135498, 0.9785878658294678, 0.979012668132782, 0.9787577986717224], "val_loss": [38.81485366821289, 14.410491943359375, 6.577556133270264, 3.419908285140991, 2.000159740447998, 1.5009275674819946, 1.2949012517929077, 1.1698153018951416, 1.0345820188522339, 0.890567421913147], "val_accuracy": [0.8504140973091125, 0.9197722673416138, 0.9477226138114929, 0.9601449370384216, 0.9730849266052246, 0.9777432680130005, 0.9777432680130005, 0.9777432680130005, 0.9751552939414978, 0.9746376872062683]}