{"loss": [0.7100837230682373, 0.6793816089630127, 0.6566997170448303, 0.6189275979995728, 0.5642293095588684, 0.49924933910369873, 0.4336977005004883, 0.3745289742946625, 0.32471704483032227, 0.2844095528125763], "accuracy": [0.535376787185669, 0.535376787185669, 0.535376787185669, 0.5706344842910767, 0.8132296204566956, 0.9194790720939636, 0.9429842233657837, 0.9514015913009644, 0.9537044763565063, 0.9564043879508972], "val_loss": [0.6874617338180542, 0.6679704189300537, 0.6379030346870422, 0.5890716910362244, 0.5253105163574219, 0.4562181830406189, 0.3909682631492615, 0.3343084454536438, 0.28796982765197754, 0.25070491433143616], "val_accuracy": [0.5381697416305542, 0.5381697416305542, 0.5381697416305542, 0.6775723099708557, 0.9103841185569763, 0.9506875872612, 0.9639639854431152, 0.9691797494888306, 0.9706022143363953, 0.97202467918396]}