{"loss": [40.79985427856445, 12.37192440032959, 2.2153255939483643, 0.5126796364784241, 0.5073509216308594, 0.5028054714202881, 0.49944695830345154, 0.4962605834007263, 0.4939418137073517, 0.49291664361953735], "accuracy": [0.40900886058807373, 0.46143749356269836, 0.578519880771637, 0.6882179379463196, 0.6908434629440308, 0.7184115648269653, 0.7554972171783447, 0.7481129169464111, 0.7459796667098999, 0.7486872673034668], "val_loss": [20.788997650146484, 7.424600601196289, 0.4866564869880676, 0.48166823387145996, 0.4755954444408417, 0.46868792176246643, 0.4788941740989685, 0.46868696808815, 0.4656650722026825, 0.4609617590904236], "val_accuracy": [0.42629483342170715, 0.4850597679615021, 0.6972111463546753, 0.7036852836608887, 0.7121514081954956, 0.7734063863754272, 0.754482090473175, 0.7549800872802734, 0.7604581713676453, 0.762948215007782]}