{"loss": [0.6941953301429749, 0.6623027324676514, 0.6341827511787415, 0.6069362163543701, 0.580880343914032, 0.556195080280304, 0.5327160954475403, 0.5105457901954651, 0.48959845304489136, 0.46984776854515076, 0.4511326849460602, 0.4334229826927185, 0.41670170426368713, 0.40083396434783936, 0.3858729898929596], "accuracy": [0.5236440896987915, 0.6161016821861267, 0.7247457504272461, 0.8186440467834473, 0.8738135695457458, 0.9113559126853943, 0.9305932521820068, 0.9389830827713013, 0.9449999928474426, 0.9475423693656921, 0.9496610164642334, 0.9504237174987793, 0.9517796635627747, 0.9538983106613159, 0.9544915556907654], "val_loss": [0.6749787330627441, 0.6440062522888184, 0.6143408417701721, 0.5856872200965881, 0.558725893497467, 0.5331419706344604, 0.5088655352592468, 0.48611360788345337, 0.464707612991333, 0.4445057511329651, 0.42548829317092896, 0.40756434202194214, 0.390725702047348, 0.3747144341468811, 0.35970640182495117], "val_accuracy": [0.5585898756980896, 0.6946375370025635, 0.8053624629974365, 0.8738828301429749, 0.9190665483474731, 0.9334657192230225, 0.9414101243019104, 0.9493545293807983, 0.9558093547821045, 0.9572988748550415, 0.9577954411506653, 0.9597815275192261, 0.9587884545326233, 0.9597815275192261, 0.9597815275192261]}