{"loss": [0.7336883544921875, 0.67801833152771, 0.6580061316490173, 0.6330079436302185, 0.5976687669754028, 0.55224609375, 0.5001426935195923, 0.44627276062965393, 0.3938272297382355, 0.345411479473114], "accuracy": [0.46424028277397156, 0.6300063133239746, 0.8940718173980713, 0.9370629191398621, 0.9340432286262512, 0.9466782808303833, 0.9568499326705933, 0.9611411094665527, 0.9667037129402161, 0.9716306328773499], "val_loss": [0.6915174126625061, 0.6669061183929443, 0.6450475454330444, 0.6140562295913696, 0.5718454718589783, 0.5210140347480774, 0.46675804257392883, 0.4118865132331848, 0.360591858625412, 0.31565994024276733], "val_accuracy": [0.46386396884918213, 0.7713746428489685, 0.9234766364097595, 0.9121398329734802, 0.9357581734657288, 0.9418989419937134, 0.9433160424232483, 0.9527633786201477, 0.9593765139579773, 0.9617383480072021]}