{"loss": [0.6400152444839478, 0.5960083603858948, 0.5384594202041626, 0.47138094902038574, 0.40213677287101746, 0.3370262682437897, 0.2798851728439331, 0.23176658153533936, 0.19208650290966034, 0.15969698131084442], "accuracy": [0.7959731817245483, 0.8577970862388611, 0.9208053946495056, 0.9624950885772705, 0.9786024689674377, 0.9846032857894897, 0.9880774021148682, 0.9898934364318848, 0.992499053478241, 0.9932886362075806], "val_loss": [0.6179666519165039, 0.5659708976745605, 0.5016575455665588, 0.4313262104988098, 0.3625209331512451, 0.300577849149704, 0.24800053238868713, 0.20399543642997742, 0.16831423342227936, 0.13934637606143951], "val_accuracy": [0.7990543842315674, 0.886997640132904, 0.9650118350982666, 0.9796690344810486, 0.9886524677276611, 0.9914893507957458, 0.9924349784851074, 0.9943262338638306, 0.994799017906189, 0.9957446455955505]}