{"loss": [64.58578491210938, 5.953855991363525, 2.454698324203491, 1.6153299808502197, 1.2351362705230713, 0.9959156513214111, 0.842178225517273, 0.7145283818244934, 0.627123236656189, 0.5607990026473999], "accuracy": [0.567203164100647, 0.8861548900604248, 0.9429510235786438, 0.9586247801780701, 0.9661245346069336, 0.9704222083091736, 0.9727816581726074, 0.9765737056732178, 0.9776691794395447, 0.9785960912704468], "val_loss": [12.157477378845215, 3.9576377868652344, 2.61252760887146, 2.086751699447632, 1.739294409751892, 1.4544943571090698, 1.2502156496047974, 1.0912295579910278, 1.0373060703277588, 0.8706640005111694], "val_accuracy": [0.8174886107444763, 0.9201830625534058, 0.9481444358825684, 0.9552618861198425, 0.9583122134208679, 0.9593290090560913, 0.960854172706604, 0.962887704372406, 0.9700051546096802, 0.9720386862754822]}