{"accuracy": [0.59, 0.74, 0.74, 0.75, 0.8, 0.88, 0.91, 0.9, 0.9, 0.9], "val_accuracy": [0.627, 0.642, 0.664, 0.686, 0.74, 0.846, 0.843, 0.839, 0.836, 0.843], "loss": [100.83600000000004, 67.35600000000002, 64.65200000000002, 60.687999999999995, 55.652000000000015, 45.18000000000002, 40.23200000000002, 37.96000000000001, 38.695999999999984, 38.57599999999998], "val_loss": [812.5039999999999, 771.1400000000003, 759.2560000000002, 729.0839999999989, 661.1080000000003, 564.796000000001, 528.1960000000007, 519.5360000000003, 519.9000000000004, 502.6640000000008]}