{"loss": [0.6778972148895264, 0.6197404861450195, 0.5342432856559753, 0.4466553032398224, 0.37023115158081055, 0.3091413676738739, 0.26321882009506226, 0.2293078750371933, 0.20424441993236542, 0.18585969507694244], "accuracy": [0.6387509703636169, 0.8035519123077393, 0.8654153943061829, 0.896641731262207, 0.9245012998580933, 0.9400724172592163, 0.9485733509063721, 0.9507617354393005, 0.9523609280586243, 0.95194011926651], "val_loss": [0.6581370830535889, 0.5853222012519836, 0.49731606245040894, 0.41440197825431824, 0.3433362543582916, 0.2882543206214905, 0.2474225014448166, 0.21693429350852966, 0.19385892152786255, 0.17725545167922974], "val_accuracy": [0.7286282777786255, 0.8325050473213196, 0.8712724447250366, 0.9025845527648926, 0.9319086074829102, 0.9448310732841492, 0.9527833461761475, 0.9547714591026306, 0.9547714591026306, 0.9557654857635498]}