{"loss": [0.7012614607810974, 0.6670912504196167, 0.64191073179245, 0.6066025495529175, 0.5596027374267578, 0.5013167262077332, 0.44239944219589233, 0.39077821373939514, 0.3488073945045471, 0.31497132778167725], "accuracy": [0.4780844748020172, 0.738865852355957, 0.8996384143829346, 0.9071346521377563, 0.9099568128585815, 0.9193050265312195, 0.922568142414093, 0.9267131090164185, 0.9311226606369019, 0.9326218962669373], "val_loss": [0.6764013767242432, 0.6537114977836609, 0.6217343807220459, 0.5785424709320068, 0.5215785503387451, 0.4572744369506836, 0.39930203557014465, 0.3518647849559784, 0.31323450803756714, 0.2828810214996338], "val_accuracy": [0.4821621775627136, 0.9113513827323914, 0.9227027297019958, 0.9259459972381592, 0.930810809135437, 0.9340540766716003, 0.9378378391265869, 0.9372973442077637, 0.9383783936500549, 0.938918948173523]}