{"loss": [125.43376922607422, 16.23809242248535, 1.184903621673584, 0.8053423762321472, 0.7078463435173035, 0.6192265748977661, 0.5151128768920898, 0.3798460364341736, 0.2416945993900299, 0.1103416308760643], "accuracy": [0.526802659034729, 0.8006111979484558, 0.9568018317222595, 0.9666308760643005, 0.9665482640266418, 0.9660527110099792, 0.9661353230476379, 0.9670438766479492, 0.9663830995559692, 0.9688609838485718], "val_loss": [51.495147705078125, 2.2191615104675293, 0.9172114729881287, 0.7932644486427307, 0.7207179069519043, 0.6439497470855713, 0.46634185314178467, 0.3124142587184906, 0.1587749868631363, 0.0892765074968338], "val_accuracy": [0.6164179444313049, 0.93034827709198, 0.9686567783355713, 0.9691542983055115, 0.9711443185806274, 0.9686567783355713, 0.9696517586708069, 0.9706467986106873, 0.9706467986106873, 0.974626898765564]}