{"loss": [15.488001823425293, 4.0704803466796875, 2.833174705505371, 2.404989719390869, 2.1402931213378906, 1.9058531522750854, 1.699820876121521, 1.5198839902877808, 1.3653684854507446, 1.2195113897323608], "accuracy": [0.9298714995384216, 0.9682451486587524, 0.977858304977417, 0.9819557070732117, 0.9840831756591797, 0.9848711490631104, 0.9861318469047546, 0.9868410229682922, 0.987707793712616, 0.987707793712616], "val_loss": [4.729773998260498, 2.2379167079925537, 1.7346289157867432, 1.4901492595672607, 1.401606798171997, 1.3191345930099487, 1.2593644857406616, 1.1401301622390747, 1.0689984560012817, 1.0348609685897827], "val_accuracy": [0.9682835340499878, 0.9808768630027771, 0.9860074520111084, 0.9883395433425903, 0.9883395433425903, 0.9902052283287048, 0.9906716346740723, 0.9916044473648071, 0.9902052283287048, 0.9902052283287048]}