{"loss": [3.224923610687256, 0.7987582683563232, 0.5222291350364685, 0.39882731437683105, 0.28945305943489075, 0.24766699969768524, 0.20987991988658905, 0.18520550429821014, 0.1599697470664978, 0.17693361639976501], "accuracy": [0.9205359220504761, 0.968062698841095, 0.9754782319068909, 0.9787646532058716, 0.9833993315696716, 0.9844105243682861, 0.9860116243362427, 0.9876127243041992, 0.9887924790382385, 0.9892980456352234], "val_loss": [1.250426173210144, 0.8337754607200623, 0.7230889797210693, 0.5612970590591431, 0.6012070775032043, 0.40466174483299255, 0.4521450102329254, 0.4039174020290375, 0.5571458339691162, 0.48994171619415283], "val_accuracy": [0.9572954177856445, 0.9679716229438782, 0.9679716229438782, 0.9694967865943909, 0.9730554819107056, 0.9771226048469543, 0.9750890135765076, 0.9766141772270203, 0.9750890135765076, 0.9766141772270203]}