{"accuracy": [0.53, 0.99, 0.98, 0.97, 0.97, 0.99, 1.0, 0.98, 0.99, 0.99], "val_accuracy": [0.958, 0.979, 0.972, 0.966, 0.972, 0.977, 0.973, 0.969, 0.975, 0.978], "loss": [111.16000000000005, 17.272000000000002, 15.924, 14.748000000000008, 13.680000000000007, 14.287999999999997, 14.436, 14.58, 14.288000000000004, 14.716000000000008], "val_loss": [232.78000000000046, 205.99200000000008, 186.31600000000054, 194.05600000000032, 178.29600000000022, 173.2320000000001, 181.1240000000004, 186.68000000000035, 186.68000000000026, 190.5480000000002]}