{"loss": [0.5417571663856506, 0.3662591576576233, 0.2912965714931488, 0.24755354225635529, 0.21842792630195618, 0.19746901094913483, 0.18091055750846863, 0.16718271374702454, 0.15549863874912262, 0.144718199968338], "accuracy": [0.7551020383834839, 0.9796705842018127, 0.9836891889572144, 0.9829800128936768, 0.9817193150520325, 0.9820345044136047, 0.9810101389884949, 0.9808525443077087, 0.981167733669281, 0.9818769097328186], "val_loss": [0.4170299470424652, 0.304996520280838, 0.24343128502368927, 0.20463864505290985, 0.17649920284748077, 0.15711915493011475, 0.1414278745651245, 0.12885169684886932, 0.11889742314815521, 0.11047536134719849], "val_accuracy": [0.9799439907073975, 0.9897387623786926, 0.9878731369972229, 0.9878731369972229, 0.9883395433425903, 0.9883395433425903, 0.9883395433425903, 0.9874066710472107, 0.9874066710472107, 0.9878731369972229]}