{"loss": [5.9240312576293945, 2.4455015659332275, 1.3440974950790405, 0.5634381175041199, 0.38458436727523804, 0.3193422853946686, 0.27343297004699707, 0.2398955225944519, 0.21287000179290771, 0.1911357343196869], "accuracy": [0.8821485638618469, 0.9274882078170776, 0.9256714582443237, 0.9319115877151489, 0.9370458722114563, 0.9394944906234741, 0.9418641924858093, 0.9424170851707458, 0.9439969062805176, 0.9464455246925354], "val_loss": [2.761376142501831, 1.6468229293823242, 0.7062594294548035, 0.31405529379844666, 0.22852849960327148, 0.20133216679096222, 0.19150963425636292, 0.17530246078968048, 0.16469566524028778, 0.15947550535202026], "val_accuracy": [0.9259436130523682, 0.9288103580474854, 0.9216435551643372, 0.9273769855499268, 0.9383659958839417, 0.9426660537719727, 0.9464883208274841, 0.9483994245529175, 0.9464883208274841, 0.9493550062179565]}