{"loss": [12.565653800964355, 4.195042610168457, 3.198408365249634, 2.6045336723327637, 2.1692209243774414, 1.8234342336654663, 1.5456268787384033, 1.3011176586151123, 1.082794189453125, 0.8957036137580872], "accuracy": [0.8444684147834778, 0.9347663521766663, 0.9466345906257629, 0.9521952271461487, 0.9554319977760315, 0.958253800868988, 0.9596647024154663, 0.9608266353607178, 0.9627355337142944, 0.9634824395179749], "val_loss": [4.248934745788574, 2.7905664443969727, 2.2764124870300293, 1.9879810810089111, 1.7791357040405273, 1.44901442527771, 1.2551699876785278, 1.0805277824401855, 0.8905593156814575, 0.7353752255439758], "val_accuracy": [0.9197155237197876, 0.9456301331520081, 0.9552846550941467, 0.9593496918678284, 0.9588415622711182, 0.9664635062217712, 0.9623984694480896, 0.9654472470283508, 0.9654472470283508, 0.9654472470283508]}