{"accuracy": [0.67, 0.8, 0.88, 0.9, 0.91, 0.92, 0.94, 0.95, 0.95, 0.95], "val_accuracy": [0.756, 0.802, 0.834, 0.887, 0.923, 0.925, 0.935, 0.95, 0.939, 0.954], "loss": [88.84000000000003, 58.988, 48.72399999999999, 43.65600000000001, 39.916000000000025, 35.56, 34.70000000000001, 34.41999999999999, 33.528, 33.044], "val_loss": [640.2319999999985, 540.6919999999991, 478.8080000000001, 443.5479999999999, 387.3000000000005, 373.7440000000002, 351.9400000000002, 332.07200000000023, 334.6920000000003, 315.8600000000002]}