{"loss": [0.74360191822052, 0.6967074275016785, 0.6883279085159302, 0.6811297535896301, 0.6707655191421509, 0.6558701992034912, 0.6361151933670044, 0.6122039556503296, 0.5853522419929504, 0.5564302206039429], "accuracy": [0.5045374035835266, 0.504622220993042, 0.5622084736824036, 0.6336188912391663, 0.690441906452179, 0.7003647089004517, 0.7339496612548828, 0.7911967039108276, 0.8313968777656555, 0.856076717376709], "val_loss": [0.7049530148506165, 0.691816508769989, 0.6856327652931213, 0.6773743033409119, 0.665072500705719, 0.6478539109230042, 0.6262534260749817, 0.6010194420814514, 0.5733511447906494, 0.5442540645599365], "val_accuracy": [0.5067805051803589, 0.5072827935218811, 0.6182822585105896, 0.6845806241035461, 0.6574585437774658, 0.6865896582603455, 0.7564038038253784, 0.7990959286689758, 0.8206931352615356, 0.87242591381073]}