{"loss": [0.6954630613327026, 0.6918732523918152, 0.6865410804748535, 0.6751567721366882, 0.6552521586418152, 0.6220526099205017, 0.5758394598960876, 0.5278504490852356, 0.48439615964889526, 0.4467150568962097], "accuracy": [0.37466102838516235, 0.5236440896987915, 0.5447457432746887, 0.6722881197929382, 0.7408474683761597, 0.8700847625732422, 0.8838135600090027, 0.8848305344581604, 0.8864406943321228, 0.8873729109764099], "val_loss": [0.6934595108032227, 0.6898360848426819, 0.68185955286026, 0.6661309599876404, 0.6397508382797241, 0.5966402888298035, 0.5460473299026489, 0.49803707003593445, 0.45569300651550293, 0.4194353520870209], "val_accuracy": [0.49773070216178894, 0.5658093690872192, 0.595058023929596, 0.6732223629951477, 0.8310640454292297, 0.8946041464805603, 0.8905698657035828, 0.8915784358978271, 0.8930912613868713, 0.8976298570632935]}