{"loss": [0.5332428812980652, 0.4096526801586151, 0.3313699960708618, 0.2635914087295532, 0.2223583608865738, 0.18785201013088226, 0.15782567858695984, 0.1403968781232834, 0.1230330616235733, 0.10768210142850876], "accuracy": [0.9213067889213562, 0.9753086566925049, 0.9767363667488098, 0.9817754030227661, 0.9779121279716492, 0.9750567078590393, 0.981271505355835, 0.9777441620826721, 0.9817754030227661, 0.985470712184906], "val_loss": [0.45510438084602356, 0.37616655230522156, 0.2929641902446747, 0.24349075555801392, 0.20134671032428741, 0.18169650435447693, 0.14629347622394562, 0.136600062251091, 0.11695405840873718, 0.10671159625053406], "val_accuracy": [0.9701127409934998, 0.95688396692276, 0.9784420132637024, 0.9764822125434875, 0.9823616743087769, 0.9661931395530701, 0.9818717241287231, 0.9789319634437561, 0.9848114252090454, 0.983831524848938]}