{"loss": [0.7042317390441895, 0.6608095765113831, 0.6397402286529541, 0.6112440824508667, 0.5738757848739624, 0.5305646061897278, 0.4846360981464386, 0.4392382502555847, 0.3965056240558624, 0.35736799240112305], "accuracy": [0.4913721978664398, 0.5149328112602234, 0.7050771713256836, 0.8281898498535156, 0.8763066530227661, 0.9055085778236389, 0.9253360629081726, 0.9349594116210938, 0.9412643313407898, 0.9461590051651001], "val_loss": [0.6707332730293274, 0.6500818133354187, 0.6253796815872192, 0.5910579562187195, 0.5487186312675476, 0.5022390484809875, 0.45451268553733826, 0.4089749753475189, 0.36671069264411926, 0.3285561501979828], "val_accuracy": [0.49246230721473694, 0.594472348690033, 0.7919597625732422, 0.8658291101455688, 0.9070351719856262, 0.929648220539093, 0.9346733689308167, 0.9407035112380981, 0.9492462277412415, 0.9542713761329651]}