{"loss": [345.12945556640625, 94.7628402709961, 2.542955160140991, 0.5107599496841431, 0.40217941999435425, 0.3561941385269165, 0.3291166424751282, 0.30465683341026306, 0.27838608622550964, 0.24568669497966766], "accuracy": [0.3243006765842438, 0.560473620891571, 0.9233152866363525, 0.9762396216392517, 0.9808486700057983, 0.9821200966835022, 0.9825969338417053, 0.9829148054122925, 0.9829942584037781, 0.9832326769828796], "val_loss": [210.54237365722656, 15.554533004760742, 0.46750879287719727, 0.30550724267959595, 0.24918420612812042, 0.2209729105234146, 0.20432302355766296, 0.18726341426372528, 0.16927605867385864, 0.15666449069976807], "val_accuracy": [0.39867737889289856, 0.7548418045043945, 0.9740198850631714, 0.980160653591156, 0.9853566884994507, 0.9858290553092957, 0.9844119548797607, 0.9848843216896057, 0.9848843216896057, 0.9839395880699158]}