{"loss": [0.7290045022964478, 0.6915650367736816, 0.6573540568351746, 0.6246719360351562, 0.5938634872436523, 0.5648629069328308, 0.5376639366149902, 0.51250159740448, 0.48900797963142395, 0.46711620688438416], "accuracy": [0.4755244553089142, 0.5967100858688354, 0.9732993841171265, 0.9710743427276611, 0.9631277322769165, 0.9613795280456543, 0.9679751992225647, 0.9659885168075562, 0.9690082669258118, 0.9672600030899048], "val_loss": [0.7091674208641052, 0.6740784645080566, 0.6403792500495911, 0.6084842681884766, 0.5785024166107178, 0.5502857565879822, 0.5240225195884705, 0.4996950030326843, 0.4769449234008789, 0.45572423934936523], "val_accuracy": [0.465753436088562, 0.9395371079444885, 0.9730751514434814, 0.9603212475776672, 0.964100182056427, 0.9692962169647217, 0.9669343829154968, 0.9669343829154968, 0.9683514833450317, 0.9692962169647217]}