{"loss": [0.7052935361862183, 0.6948467493057251, 0.6914824843406677, 0.6865528225898743, 0.6780388355255127, 0.6628536581993103, 0.6370543837547302, 0.6017504334449768, 0.5602558851242065, 0.5176301598548889], "accuracy": [0.4941146671772003, 0.4566009044647217, 0.5503429770469666, 0.6975188255310059, 0.7091201543807983, 0.8226776123046875, 0.8659496903419495, 0.8997374773025513, 0.9017698168754578, 0.9053264260292053], "val_loss": [0.697333812713623, 0.6929751038551331, 0.689037024974823, 0.6825593113899231, 0.6706034541130066, 0.6493766903877258, 0.6158824563026428, 0.575668215751648, 0.5315108895301819, 0.4898746907711029], "val_accuracy": [0.438185453414917, 0.5004985332489014, 0.6316052079200745, 0.6984047889709473, 0.7706879377365112, 0.8095713257789612, 0.8654038310050964, 0.8644067645072937, 0.8703888654708862, 0.8713858723640442]}