{"loss": [0.5815154314041138, 0.25269171595573425, 0.14302736520767212, 0.10453170537948608, 0.0876869186758995, 0.07919362187385559, 0.07430867850780487, 0.07113423943519592, 0.06863386929035187, 0.0662924274802208], "accuracy": [0.7693523168563843, 0.9777251482009888, 0.982622504234314, 0.9852291345596313, 0.986492931842804, 0.9879937171936035, 0.9880726933479309, 0.9886256456375122, 0.9888626337051392, 0.989020586013794], "val_loss": [0.3600864112377167, 0.16586598753929138, 0.10380719602108002, 0.07724559307098389, 0.06439689546823502, 0.05803584307432175, 0.0531783327460289, 0.0498645156621933, 0.0474621020257473, 0.04541051760315895], "val_accuracy": [0.9751552939414978, 0.9851887226104736, 0.9890109896659851, 0.991399884223938, 0.9918776750564575, 0.9918776750564575, 0.9918776750564575, 0.9928332567214966, 0.9928332567214966, 0.9928332567214966]}