{"loss": [0.6900240778923035, 0.6679315567016602, 0.6453051567077637, 0.6103166341781616, 0.5646530985832214, 0.5125830769538879, 0.45785269141197205, 0.404506117105484, 0.35494139790534973, 0.31028950214385986], "accuracy": [0.5312426090240479, 0.5313214063644409, 0.5371522903442383, 0.6211488246917725, 0.7710976004600525, 0.8754234910011292, 0.923725426197052, 0.9508312344551086, 0.9602867960929871, 0.9674572348594666], "val_loss": [0.6749489307403564, 0.655216634273529, 0.6230180263519287, 0.5769429802894592, 0.5222721099853516, 0.4641335904598236, 0.4073687195777893, 0.35197514295578003, 0.3057413101196289, 0.2633211016654968], "val_accuracy": [0.5293843150138855, 0.5321828126907349, 0.6441231369972229, 0.8115671277046204, 0.919309675693512, 0.9673507213592529, 0.978078305721283, 0.978078305721283, 0.9813432693481445, 0.981809675693512]}