{"loss": [0.7006702423095703, 0.6347445845603943, 0.5250996947288513, 0.41524413228034973, 0.3308936059474945, 0.26966726779937744, 0.22468657791614532, 0.19120773673057556, 0.16585618257522583, 0.14640311896800995], "accuracy": [0.5228649973869324, 0.6539131999015808, 0.7841314673423767, 0.879658043384552, 0.9259689450263977, 0.9499543905258179, 0.9642294049263, 0.9690430760383606, 0.9721968770027161, 0.974520742893219], "val_loss": [0.6683761477470398, 0.5738115310668945, 0.44986629486083984, 0.35049736499786377, 0.2794555425643921, 0.22942011058330536, 0.19197022914886475, 0.16365620493888855, 0.1423282027244568, 0.12610380351543427], "val_accuracy": [0.6189025044441223, 0.7759146690368652, 0.8892276883125305, 0.9258130788803101, 0.9486789107322693, 0.965955376625061, 0.9720529317855835, 0.9740854501724243, 0.9756098389625549, 0.9766260981559753]}