{"loss": [0.7567558884620667, 0.701399028301239, 0.690811038017273, 0.6849944591522217, 0.6774038672447205, 0.6651639938354492, 0.6453102827072144, 0.6158910989761353, 0.5774567723274231, 0.5328806042671204], "accuracy": [0.46388840675354004, 0.4374465048313141, 0.5355981588363647, 0.53611159324646, 0.598750650882721, 0.7746020555496216, 0.842289924621582, 0.8739517331123352, 0.8966284394264221, 0.9154543876647949], "val_loss": [0.7139708399772644, 0.6939949989318848, 0.6872431635856628, 0.6802980899810791, 0.6698898077011108, 0.6529823541641235, 0.6266035437583923, 0.5904878973960876, 0.5458407402038574, 0.49718114733695984], "val_accuracy": [0.4645833671092987, 0.4921875298023224, 0.5354167222976685, 0.5473958849906921, 0.7791666984558105, 0.8500000238418579, 0.8776041865348816, 0.88958340883255, 0.9145833849906921, 0.9312500357627869]}