{"loss": [0.6876621246337891, 0.6806058883666992, 0.6737769246101379, 0.6656362414360046, 0.6560969948768616, 0.6456599831581116, 0.634801983833313, 0.6241393089294434, 0.6138641238212585, 0.6048976182937622], "accuracy": [0.5464337468147278, 0.6826393604278564, 0.7019761204719543, 0.7088457942008972, 0.7157154083251953, 0.7155457735061646, 0.715461015701294, 0.7136799693107605, 0.7180052995681763, 0.7160546779632568], "val_loss": [0.6816737651824951, 0.6746965646743774, 0.6662731766700745, 0.6561927795410156, 0.6449739336967468, 0.6328770518302917, 0.6208652257919312, 0.6093869209289551, 0.5988342761993408, 0.5893715620040894], "val_accuracy": [0.6901054978370667, 0.7066800594329834, 0.7202410697937012, 0.7232546210289001, 0.7267704606056213, 0.724761426448822, 0.724761426448822, 0.7242591381072998, 0.7252636551856995, 0.727774977684021]}