{"loss": [0.42525044083595276, 0.31201809644699097, 0.2452368587255478, 0.20178104937076569, 0.17263954877853394, 0.1441650241613388, 0.13399717211723328, 0.12660406529903412, 0.10962463915348053, 0.09808830916881561], "accuracy": [0.9144493341445923, 0.9541933536529541, 0.9637925028800964, 0.9710339903831482, 0.9738969206809998, 0.9774335026741028, 0.9734759330749512, 0.9701077938079834, 0.974065363407135, 0.9785281419754028], "val_loss": [0.34217268228530884, 0.2800094187259674, 0.21548490226268768, 0.181781604886055, 0.1492738276720047, 0.18930664658546448, 0.1236616000533104, 0.1118152067065239, 0.10568612068891525, 0.09789195656776428], "val_accuracy": [0.9562814235687256, 0.9402009844779968, 0.9728643298149109, 0.9718592762947083, 0.9814070463180542, 0.9140703678131104, 0.9788944721221924, 0.9758793711662292, 0.9819095134735107, 0.9783919453620911]}