{"loss": [0.6689661145210266, 0.6279432773590088, 0.5766523480415344, 0.5236414670944214, 0.4758412539958954, 0.43632107973098755, 0.405357301235199, 0.38137930631637573, 0.36259305477142334, 0.3473673462867737], "accuracy": [0.5562401413917542, 0.8056082725524902, 0.8357030153274536, 0.8560032248497009, 0.869510293006897, 0.8770932555198669, 0.88443922996521, 0.8879937529563904, 0.8910742998123169, 0.8920221328735352], "val_loss": [0.6435801982879639, 0.591374397277832, 0.5332696437835693, 0.47797098755836487, 0.4312840402126312, 0.3950904607772827, 0.3665359318256378, 0.3450010418891907, 0.32823121547698975, 0.3148905038833618], "val_accuracy": [0.8112756609916687, 0.8480649590492249, 0.8748208284378052, 0.8834209442138672, 0.8910654783248901, 0.8982322216033936, 0.901098906993866, 0.9006211161613464, 0.9025322794914246, 0.9039655923843384]}