{"loss": [0.6881184577941895, 0.6525929570198059, 0.6097074151039124, 0.5542293787002563, 0.4903312921524048, 0.4248202443122864, 0.3631086051464081, 0.3087562620639801, 0.26280543208122253, 0.2247425615787506], "accuracy": [0.6086697578430176, 0.8554186224937439, 0.9501912593841553, 0.9709307551383972, 0.9769655466079712, 0.9783255457878113, 0.9790055155754089, 0.9808754920959473, 0.9827454090118408, 0.9839354157447815], "val_loss": [0.6696723103523254, 0.6316255927085876, 0.580764651298523, 0.5185283422470093, 0.4516220688819885, 0.38682541251182556, 0.32790863513946533, 0.27763253450393677, 0.2363196760416031, 0.2021031379699707], "val_accuracy": [0.7986748814582825, 0.9306830167770386, 0.9699287414550781, 0.977064311504364, 0.9775739908218384, 0.9811417460441589, 0.9816514253616333, 0.9821611046791077, 0.9816514253616333, 0.9821611046791077]}