{"loss": [0.7566023468971252, 0.6797032356262207, 0.6430162787437439, 0.6260148882865906, 0.6181309223175049, 0.6142022609710693, 0.6122505068778992, 0.6113067865371704, 0.6106944680213928, 0.6104490756988525], "accuracy": [0.4484182596206665, 0.5621541142463684, 0.6767985224723816, 0.6824151277542114, 0.6837366819381714, 0.6826629042625427, 0.6843974590301514, 0.6822499632835388, 0.68514084815979, 0.6822499632835388], "val_loss": [0.7077141404151917, 0.6546992659568787, 0.6295655369758606, 0.6173557639122009, 0.6112937927246094, 0.6080899238586426, 0.6062662601470947, 0.6052433848381042, 0.6045866012573242, 0.60414719581604], "val_accuracy": [0.48855724930763245, 0.6890547871589661, 0.7034826278686523, 0.700497567653656, 0.7019900679588318, 0.7009950280189514, 0.6995025277137756, 0.6990050077438354, 0.6975124478340149, 0.6980099678039551]}