{"loss": [0.6914250254631042, 0.6666421890258789, 0.6284489631652832, 0.5724480152130127, 0.5087300539016724, 0.44974467158317566, 0.401108980178833, 0.3631610572338104, 0.33406999707221985, 0.31188303232192993], "accuracy": [0.5256387591362, 0.6853264570236206, 0.8120120763778687, 0.8533534407615662, 0.8739354014396667, 0.8852022886276245, 0.8908800482749939, 0.8987757563591003, 0.9015259146690369, 0.9051632285118103], "val_loss": [0.6792365908622742, 0.6496207118034363, 0.6021186709403992, 0.5397122502326965, 0.4766431748867035, 0.4219137728214264, 0.37796494364738464, 0.3438507914543152, 0.31748858094215393, 0.2971285879611969], "val_accuracy": [0.6028939485549927, 0.7475884556770325, 0.8397642374038696, 0.8740622401237488, 0.8821008205413818, 0.891211211681366, 0.8997856974601746, 0.9008575081825256, 0.9078242778778076, 0.9115756154060364]}