{"loss": [0.6991037130355835, 0.658350944519043, 0.6345565915107727, 0.6032242774963379, 0.5652679204940796, 0.5232492685317993, 0.4795094430446625, 0.4358811378479004, 0.39311113953590393, 0.3515600264072418], "accuracy": [0.5142411589622498, 0.5164573788642883, 0.5932857394218445, 0.777312695980072, 0.8888615369796753, 0.9449232816696167, 0.9615037441253662, 0.9775096774101257, 0.9815316796302795, 0.9828449487686157], "val_loss": [0.6680505275726318, 0.64630126953125, 0.6192756295204163, 0.5848531723022461, 0.5453255772590637, 0.5031569004058838, 0.4600125551223755, 0.4176808297634125, 0.37641283869743347, 0.3366343379020691], "val_accuracy": [0.5176233649253845, 0.5473313331604004, 0.7507553100585938, 0.8499496579170227, 0.9088620543479919, 0.9410876035690308, 0.964753270149231, 0.9712991118431091, 0.9718025922775269, 0.9733132123947144]}