{"loss": [23.856678009033203, 5.665233135223389, 2.609943389892578, 1.7160356044769287, 1.3673675060272217, 1.14725661277771, 0.9768295288085938, 0.8436054587364197, 0.7110198736190796, 0.6138677597045898], "accuracy": [0.6567115187644958, 0.8358221650123596, 0.8924351930618286, 0.9226288199424744, 0.9341155290603638, 0.9394486546516418, 0.9434689879417419, 0.9445356130599976, 0.9476534724235535, 0.9470791220664978], "val_loss": [8.736616134643555, 3.1494898796081543, 1.7271727323532104, 1.2560911178588867, 1.0608173608779907, 0.9454776644706726, 0.8983232378959656, 0.7192513942718506, 0.48444002866744995, 0.4792875647544861], "val_accuracy": [0.791832685470581, 0.8789840936660767, 0.9178287386894226, 0.9397410750389099, 0.9452191591262817, 0.9487051963806152, 0.9467131495475769, 0.9536852836608887, 0.9591633677482605, 0.9571713209152222]}