{"loss": [0.7755137085914612, 0.7364619374275208, 0.7107218503952026, 0.6868545413017273, 0.6634232401847839, 0.6406230926513672, 0.6185852289199829, 0.5973796248435974, 0.5770288109779358, 0.5576645135879517, 0.53934246301651, 0.5219979882240295, 0.5056015253067017, 0.4901678264141083, 0.475678950548172], "accuracy": [0.3969387710094452, 0.1438775509595871, 0.4396258592605591, 0.5032312870025635, 0.5335034132003784, 0.7046768665313721, 0.7854592204093933, 0.8282312750816345, 0.843367338180542, 0.8582482933998108, 0.8639456033706665, 0.8692176938056946, 0.8729591965675354, 0.8747448921203613, 0.8774660229682922], "val_loss": [0.7510075569152832, 0.7238974571228027, 0.6997667551040649, 0.6758372187614441, 0.6522979140281677, 0.6295672655105591, 0.6077450513839722, 0.586813747882843, 0.5668936371803284, 0.5481488704681396, 0.5305039286613464, 0.5138503909111023, 0.4982871115207672, 0.4837617576122284, 0.47016531229019165], "val_accuracy": [0.18659794330596924, 0.25, 0.4938144385814667, 0.4938144385814667, 0.6762886643409729, 0.7927835583686829, 0.8278350830078125, 0.8345361351966858, 0.8494845628738403, 0.8515464067459106, 0.8577319979667664, 0.8587629199028015, 0.8592783808708191, 0.8613402247428894, 0.8634020686149597]}