{"loss": [0.689585268497467, 0.6866781115531921, 0.6820319890975952, 0.6750171780586243, 0.6655102968215942, 0.6535775065422058, 0.6404789686203003, 0.6270713210105896, 0.6143799424171448, 0.6030703186988831], "accuracy": [0.530730664730072, 0.530730664730072, 0.5316828489303589, 0.6162569522857666, 0.6742555499076843, 0.7040339708328247, 0.70940101146698, 0.7097472548484802, 0.7092278599739075, 0.7094875574111938], "val_loss": [0.6879561543464661, 0.684104323387146, 0.6779552698135376, 0.6693863868713379, 0.6578742265701294, 0.6447180509567261, 0.6310279369354248, 0.6177624464035034, 0.6057577133178711, 0.59565269947052], "val_accuracy": [0.5310199856758118, 0.5310199856758118, 0.5567823648452759, 0.6356467008590698, 0.691903293132782, 0.6966351866722107, 0.7008412480354309, 0.7034700512886047, 0.7039958238601685, 0.6997897624969482]}