{"accuracy": [0.2, 0.5, 0.86, 0.95, 0.96], "val_accuracy": [0.24, 0.698, 0.946, 0.958, 0.96], "loss": [52.49526391099573, 28.199950840893937, 20.808019343163373, 16.640403812047776, 14.443348052506595], "val_loss": [177.9187054519671, 117.3430573205251, 86.25247538861171, 67.19280786192267, 58.10762235733114]}