{"loss": [0.6896046996116638, 0.6691592335700989, 0.6356080174446106, 0.5855283737182617, 0.5250598192214966, 0.46367156505584717, 0.407835990190506, 0.3600691854953766, 0.32101958990097046, 0.2898574769496918], "accuracy": [0.5932947397232056, 0.8245033025741577, 0.9053807854652405, 0.9230132699012756, 0.9308775067329407, 0.932864248752594, 0.934271514415741, 0.9348509907722473, 0.9356788396835327, 0.936175525188446], "val_loss": [0.6790510416030884, 0.6513972282409668, 0.6055291891098022, 0.5444016456604004, 0.4782677888870239, 0.41662532091140747, 0.3630804717540741, 0.3197505474090576, 0.28452828526496887, 0.25651949644088745], "val_accuracy": [0.7741456031799316, 0.8930163383483887, 0.9242199063301086, 0.9321445822715759, 0.9366022348403931, 0.9351163506507874, 0.9375928640365601, 0.9380881190299988, 0.9405646324157715, 0.9425457715988159]}