{"loss": [0.6947791576385498, 0.678892970085144, 0.6587321758270264, 0.6292899250984192, 0.5888192653656006, 0.5395192503929138, 0.4864431619644165, 0.43433961272239685, 0.38635486364364624, 0.34362858533859253], "accuracy": [0.5362827181816101, 0.5610131621360779, 0.6562553644180298, 0.7722060680389404, 0.8400650024414062, 0.8808830976486206, 0.9019339084625244, 0.9211021661758423, 0.9342803359031677, 0.9436932802200317], "val_loss": [0.6860768795013428, 0.6677638292312622, 0.6416103839874268, 0.6044156551361084, 0.5561498999595642, 0.5020897388458252, 0.4467596709728241, 0.39627188444137573, 0.3498457372188568, 0.31173112988471985], "val_accuracy": [0.5484375357627869, 0.6802083849906921, 0.8020833730697632, 0.8906250596046448, 0.9109375476837158, 0.9333333969116211, 0.9421875476837158, 0.9541667103767395, 0.9557292461395264, 0.9619792103767395]}