{"loss": [0.6848695874214172, 0.6456930637359619, 0.6075776219367981, 0.5606603622436523, 0.5081964135169983, 0.4546043574810028, 0.4032893180847168, 0.35673877596855164, 0.3156740069389343, 0.2801474332809448], "accuracy": [0.5325434803962708, 0.5361769795417786, 0.6172986030578613, 0.7590047717094421, 0.8734597563743591, 0.9142970442771912, 0.9315166473388672, 0.9400474429130554, 0.9456556439399719, 0.9506319761276245], "val_loss": [0.656696617603302, 0.6201584935188293, 0.5734066963195801, 0.5202814936637878, 0.4637753963470459, 0.40877410769462585, 0.358907550573349, 0.31534817814826965, 0.27818799018859863, 0.24639621376991272], "val_accuracy": [0.542283833026886, 0.5719063878059387, 0.735785961151123, 0.893454372882843, 0.9259436130523682, 0.9321548342704773, 0.940277099609375, 0.9455327391624451, 0.9460105299949646, 0.947921633720398]}