{"loss": [13.284309387207031, 4.731123924255371, 3.6630377769470215, 2.9813783168792725, 2.45407772064209, 2.0018832683563232, 1.5778635740280151, 1.2406150102615356, 0.9346233010292053, 0.7514661550521851], "accuracy": [0.8068583011627197, 0.916079044342041, 0.9300952553749084, 0.9367948174476624, 0.938381552696228, 0.938381552696228, 0.9373237490653992, 0.9340620636940002, 0.9353843927383423, 0.9342383742332458], "val_loss": [4.368200778961182, 3.1530725955963135, 2.492178440093994, 2.330312967300415, 1.888171911239624, 1.386217474937439, 1.4839330911636353, 0.9745057821273804, 0.8220024704933167, 0.5992876887321472], "val_accuracy": [0.9118590354919434, 0.9305555820465088, 0.942307710647583, 0.9407051801681519, 0.9428419470787048, 0.946581244468689, 0.9278846383094788, 0.9310898184776306, 0.9358974695205688, 0.9428419470787048]}