{"accuracy": [0.89, 0.91, 0.91, 0.91, 0.93, 0.9, 0.92, 0.92, 0.92, 0.92], "val_accuracy": [0.926, 0.939, 0.939, 0.939, 0.945, 0.943, 0.941, 0.944, 0.945, 0.945], "loss": [50.660000000000025, 29.940000000000005, 25.883999999999993, 28.19200000000001, 26.260000000000012, 27.576, 25.784000000000002, 27.276000000000007, 26.172000000000008, 25.616000000000007], "val_loss": [322.8160000000005, 265.74000000000024, 247.23600000000022, 284.2520000000003, 268.0080000000001, 251.78800000000018, 252.0720000000002, 237.4840000000003, 242.56800000000044, 242.00800000000012]}