{"loss": [0.5664471387863159, 0.4107809364795685, 0.3440109193325043, 0.30795615911483765, 0.26686185598373413, 0.24744662642478943, 0.22755847871303558, 0.21309182047843933, 0.2033568024635315, 0.20874592661857605], "accuracy": [0.7913413643836975, 0.924237072467804, 0.9386089444160461, 0.9416252970695496, 0.9445528984069824, 0.9459723234176636, 0.9448190331459045, 0.9410042762756348, 0.9407381415367126, 0.9434882998466492], "val_loss": [0.45558416843414307, 0.3727284073829651, 0.3161085546016693, 0.2741929590702057, 0.2501302659511566, 0.23100200295448303, 0.20661181211471558, 0.19822755455970764, 0.20229196548461914, 0.18681661784648895], "val_accuracy": [0.9222937226295471, 0.921221911907196, 0.9389067888259888, 0.9453376531600952, 0.949088990688324, 0.949088990688324, 0.9523044228553772, 0.9523044228553772, 0.9544480443000793, 0.9512326121330261]}