{"loss": [0.6886378526687622, 0.6683037281036377, 0.6540330648422241, 0.6354227662086487, 0.6101789474487305, 0.5785497426986694, 0.5431952476501465, 0.5071844458580017, 0.4724283218383789, 0.44026193022727966], "accuracy": [0.5221262574195862, 0.5414316058158875, 0.5999647378921509, 0.6797426342964172, 0.7654266953468323, 0.825722873210907, 0.8495240211486816, 0.8635402321815491, 0.8726199269294739, 0.8774682879447937], "val_loss": [0.6759210228919983, 0.6618208885192871, 0.6452341675758362, 0.622602105140686, 0.5929235219955444, 0.5579087734222412, 0.5207870602607727, 0.48451921343803406, 0.4501744210720062, 0.41886767745018005], "val_accuracy": [0.5235043168067932, 0.5689103007316589, 0.6233974695205688, 0.7275641560554504, 0.8039530515670776, 0.8344017267227173, 0.8584402203559875, 0.8669872283935547, 0.8750000596046448, 0.884615421295166]}