{"accuracy": [0.71, 0.92, 0.93, 0.96, 0.97, 0.98, 0.98, 0.98, 0.98, 0.98], "val_accuracy": [0.878, 0.916, 0.93, 0.939, 0.955, 0.962, 0.968, 0.965, 0.957, 0.968], "loss": [83.01200000000003, 34.647999999999996, 29.836000000000006, 26.55200000000001, 23.619999999999997, 21.992, 20.848, 21.907999999999998, 20.312, 19.735999999999994], "val_loss": [402.8719999999999, 330.4080000000001, 282.8840000000004, 275.6360000000003, 258.5920000000002, 260.84000000000026, 256.0200000000003, 249.28000000000003, 251.79200000000026, 251.4119999999999]}