{"loss": [0.5592072010040283, 0.4261428415775299, 0.3657269775867462, 0.31401005387306213, 0.2722429037094116, 0.26549768447875977, 0.24848291277885437, 0.2255336493253708, 0.20369133353233337, 0.21317313611507416], "accuracy": [0.8218490481376648, 0.9150797128677368, 0.9253809452056885, 0.9261600375175476, 0.9410492181777954, 0.9249480962753296, 0.927285373210907, 0.9384522438049316, 0.9432998895645142, 0.9481475353240967], "val_loss": [0.45641499757766724, 0.3754836618900299, 0.3280121088027954, 0.2769678831100464, 0.24487565457820892, 0.35738399624824524, 0.21971780061721802, 0.20744134485721588, 0.18357881903648376, 0.21238161623477936], "val_accuracy": [0.9227129817008972, 0.9353312849998474, 0.9311251640319824, 0.9479495882987976, 0.949001133441925, 0.7818086743354797, 0.9463722705841064, 0.9479495882987976, 0.9521557092666626, 0.9474238157272339]}