{"loss": [0.6651521325111389, 0.6058547496795654, 0.5212791562080383, 0.4310826063156128, 0.3578905463218689, 0.3036465644836426, 0.2640681266784668, 0.23512819409370422, 0.21411557495594025, 0.19850492477416992], "accuracy": [0.5253211259841919, 0.8170661926269531, 0.9340587854385376, 0.9415855407714844, 0.9411764740943909, 0.9421582221984863, 0.9425672888755798, 0.9433854222297668, 0.9433854222297668, 0.9434672594070435], "val_loss": [0.6385050415992737, 0.564652681350708, 0.46832147240638733, 0.38359013199806213, 0.32023459672927856, 0.2743067443370819, 0.24113669991493225, 0.2174193114042282, 0.19982662796974182, 0.1865653693675995], "val_accuracy": [0.6038835048675537, 0.9237864017486572, 0.9398058652877808, 0.9432039260864258, 0.9417476058006287, 0.9417476058006287, 0.9436893463134766, 0.9402912855148315, 0.9417476058006287, 0.9417476058006287]}