{"loss": [0.7252371907234192, 0.6178543567657471, 0.5328821539878845, 0.46543988585472107, 0.41178250312805176, 0.36842235922813416, 0.3328316807746887, 0.3031626045703888, 0.27805638313293457, 0.25653618574142456], "accuracy": [0.506432056427002, 0.5890945196151733, 0.771599292755127, 0.8547597527503967, 0.8941820859909058, 0.9195783734321594, 0.9409079551696777, 0.9589177370071411, 0.9680471420288086, 0.9748526811599731], "val_loss": [0.6622464060783386, 0.560350239276886, 0.47976648807525635, 0.41616150736808777, 0.36574143171310425, 0.3250279426574707, 0.2916077673435211, 0.26349112391471863, 0.23977476358413696, 0.21952880918979645], "val_accuracy": [0.5132114291191101, 0.7748984098434448, 0.8638212084770203, 0.9120935797691345, 0.9339431524276733, 0.9502032995223999, 0.96341472864151, 0.9695122838020325, 0.9801830053329468, 0.9847561717033386]}