{"loss": [0.7168940305709839, 0.6772863268852234, 0.6630265116691589, 0.6435018181800842, 0.6152010560035706, 0.577968180179596, 0.5342760682106018, 0.48721247911453247, 0.44017910957336426, 0.3961292505264282], "accuracy": [0.4967687129974365, 0.5001700520515442, 0.6152210831642151, 0.7312074899673462, 0.8142006993293762, 0.8736394643783569, 0.9174320101737976, 0.9326530694961548, 0.9458333253860474, 0.9524660110473633], "val_loss": [0.6826991438865662, 0.6682392358779907, 0.6514346599578857, 0.6260251998901367, 0.5910370349884033, 0.5481631755828857, 0.5005332827568054, 0.45170339941978455, 0.4052109718322754, 0.3634614050388336], "val_accuracy": [0.5061855912208557, 0.589175283908844, 0.7278350591659546, 0.8077319860458374, 0.8551546931266785, 0.9159794449806213, 0.9335051774978638, 0.9438144564628601, 0.9474227428436279, 0.9479382038116455]}