{"loss": [285.6139221191406, 75.48411560058594, 5.178174018859863, 0.34121382236480713, 0.33738231658935547, 0.335437536239624, 0.33197951316833496, 0.327621728181839, 0.31980839371681213, 0.3095179796218872], "accuracy": [0.12565357983112335, 0.2580297291278839, 0.6825462579727173, 0.821395993232727, 0.8225579261779785, 0.8265416026115417, 0.8311893343925476, 0.839903712272644, 0.8525189161300659, 0.8686197996139526], "val_loss": [171.9684295654297, 26.208206176757812, 0.3119066655635834, 0.2847781181335449, 0.2838078737258911, 0.28013521432876587, 0.27255842089653015, 0.25880223512649536, 0.24621127545833588, 0.23613545298576355], "val_accuracy": [0.13211382925510406, 0.3658536970615387, 0.8450204133987427, 0.8516260981559753, 0.8521342277526855, 0.8541667461395264, 0.8633130788803101, 0.8734756708145142, 0.8882114291191101, 0.9019309878349304]}