{"accuracy": [0.58, 0.62, 0.62, 0.62, 0.63, 0.63, 0.64, 0.64, 0.65, 0.65], "val_accuracy": [0.637, 0.671, 0.682, 0.678, 0.678, 0.681, 0.675, 0.671, 0.678, 0.676], "loss": [101.65199999999999, 82.068, 77.43199999999999, 75.44399999999999, 74.88000000000005, 75.82800000000005, 75.16399999999997, 75.70800000000001, 74.24400000000001, 73.97600000000001], "val_loss": [852.8639999999991, 740.6040000000013, 721.7560000000001, 717.1039999999997, 731.368, 729.416000000001, 734.1239999999996, 729.9239999999995, 730.5120000000002, 739.2000000000011]}