{"loss": [32.08311080932617, 8.28173542022705, 3.715209484100342, 2.301511526107788, 1.6386154890060425, 1.1499289274215698, 0.7988499999046326, 0.5539871454238892, 0.37378188967704773, 0.3138794004917145], "accuracy": [0.5038787126541138, 0.7053949236869812, 0.8279266953468323, 0.8662729263305664, 0.8887518048286438, 0.8957158327102661, 0.8943935632705688, 0.8928949236869812, 0.8944817185401917, 0.896773636341095], "val_loss": [15.118163108825684, 4.739022731781006, 2.5273170471191406, 1.5841516256332397, 1.0721355676651, 0.6568940281867981, 0.5247254371643066, 0.33523324131965637, 0.2943972647190094, 0.3262791335582733], "val_accuracy": [0.6025641560554504, 0.7916666865348816, 0.8600427508354187, 0.887286365032196, 0.8990384936332703, 0.8947650194168091, 0.9011752605438232, 0.9054487347602844, 0.8979701399803162, 0.879273533821106]}