{"loss": [10.637529373168945, 2.262474775314331, 1.6967939138412476, 1.3897943496704102, 1.1790465116500854, 1.0096546411514282, 0.9129654765129089, 0.838782787322998, 0.7420721650123596, 0.7237594127655029], "accuracy": [0.8498766422271729, 0.9543371200561523, 0.9636812806129456, 0.9668547511100769, 0.9710860848426819, 0.9702926874160767, 0.9717912673950195, 0.9718794226646423, 0.972937285900116, 0.9717912673950195], "val_loss": [2.5322978496551514, 1.2566003799438477, 1.002925992012024, 0.8246386647224426, 0.9644344449043274, 0.6237155795097351, 0.5709767937660217, 0.5334500074386597, 0.6275374293327332, 0.5584926009178162], "val_accuracy": [0.9508547186851501, 0.9711539149284363, 0.9770299792289734, 0.9791666865348816, 0.9748932123184204, 0.9780983328819275, 0.9818376302719116, 0.9813034534454346, 0.9786325097084045, 0.9813034534454346]}