{"loss": [0.6962722539901733, 0.6838887929916382, 0.6747305989265442, 0.6579508185386658, 0.6320345401763916, 0.5983003377914429, 0.5599150061607361, 0.5193293690681458, 0.4795461893081665, 0.44172945618629456], "accuracy": [0.5045304298400879, 0.5047844648361206, 0.525277316570282, 0.66855788230896, 0.7424845099449158, 0.8092132806777954, 0.8609535098075867, 0.889575719833374, 0.9060038924217224, 0.9176052212715149], "val_loss": [0.6866247653961182, 0.6800344586372375, 0.6670038104057312, 0.6443068981170654, 0.6125906109809875, 0.5746708512306213, 0.5332658290863037, 0.4916255474090576, 0.4522227942943573, 0.4146338403224945], "val_accuracy": [0.5144566297531128, 0.5144566297531128, 0.6121635437011719, 0.7193419933319092, 0.8359920382499695, 0.8873379826545715, 0.9052841663360596, 0.9147557616233826, 0.9232303500175476, 0.927716851234436]}