{"loss": [0.6868240237236023, 0.6022331118583679, 0.546197235584259, 0.4830819070339203, 0.41849276423454285, 0.3589133620262146, 0.30765992403030396, 0.2651546001434326, 0.23050624132156372, 0.20241646468639374], "accuracy": [0.5028464794158936, 0.5906194448471069, 0.8049112558364868, 0.8733962178230286, 0.9225082993507385, 0.9518226385116577, 0.9648228883743286, 0.9719602465629578, 0.9769734144210815, 0.9785028696060181], "val_loss": [0.6245254874229431, 0.5659355521202087, 0.5024908185005188, 0.4342649579048157, 0.3692898750305176, 0.31245872378349304, 0.26518726348876953, 0.22690537571907043, 0.19592244923114777, 0.17089736461639404], "val_accuracy": [0.4958592355251312, 0.7758799195289612, 0.8804348111152649, 0.9285714626312256, 0.9549689888954163, 0.9704968929290771, 0.9741200804710388, 0.9787784814834595, 0.979296088218689, 0.9808489084243774]}