{"loss": [0.6633203029632568, 0.5668718814849854, 0.47736936807632446, 0.38807326555252075, 0.31222298741340637, 0.25285354256629944, 0.20773625373840332, 0.17369236052036285, 0.14785464107990265, 0.1280665546655655], "accuracy": [0.5148506760597229, 0.6778798699378967, 0.8957171440124512, 0.9591401815414429, 0.975221574306488, 0.980636715888977, 0.9832622408866882, 0.9844929575920105, 0.9847391247749329, 0.9852313995361328], "val_loss": [0.606849193572998, 0.5217509865760803, 0.4279390275478363, 0.34272292256355286, 0.27371740341186523, 0.22087140381336212, 0.18059465289115906, 0.15009339153766632, 0.1266983300447464, 0.10855353623628616], "val_accuracy": [0.5298805236816406, 0.8127490282058716, 0.9407370686531067, 0.9790837168693542, 0.9850597977638245, 0.9870518445968628, 0.9880478382110596, 0.988545835018158, 0.9895418882369995, 0.9900398850440979]}