{"loss": [225.35951232910156, 31.018638610839844, 0.4071201682090759, 0.21747922897338867, 0.18395252525806427, 0.16677604615688324, 0.16168786585330963, 0.15154635906219482, 0.14169082045555115, 0.13083688914775848], "accuracy": [0.31258371472358704, 0.708927571773529, 0.9791978001594543, 0.9893624782562256, 0.9905444383621216, 0.9914900064468384, 0.9914112091064453, 0.99101722240448, 0.9905444383621216, 0.9907020330429077], "val_loss": [106.72764587402344, 0.8393330574035645, 0.21851539611816406, 0.17627468705177307, 0.15856188535690308, 0.13862399756908417, 0.145260751247406, 0.13477487862110138, 0.11600661277770996, 0.09892681986093521], "val_accuracy": [0.40858209133148193, 0.9603544473648071, 0.9902052283287048, 0.9920708537101746, 0.9916044473648071, 0.9920708537101746, 0.9916044473648071, 0.9916044473648071, 0.9939365386962891, 0.9920708537101746]}