{"loss": [0.7267226576805115, 0.7065243124961853, 0.6930980682373047, 0.6805052161216736, 0.6631424427032471, 0.6357190608978271, 0.5959926247596741, 0.546535849571228, 0.4937695264816284, 0.44380441308021545], "accuracy": [0.3562204837799072, 0.5202362537384033, 0.5308661460876465, 0.5356693267822266, 0.6552755832672119, 0.7690551280975342, 0.8481102585792542, 0.8777165412902832, 0.8907874226570129, 0.9007874131202698], "val_loss": [0.7192649245262146, 0.702703595161438, 0.6900191307067871, 0.6751125454902649, 0.6524797081947327, 0.6171286106109619, 0.5697864294052124, 0.5154683589935303, 0.46180278062820435, 0.4133196473121643], "val_accuracy": [0.4993078112602234, 0.5237656235694885, 0.5237656235694885, 0.5449931025505066, 0.7157360911369324, 0.8274111747741699, 0.8643286228179932, 0.8864790201187134, 0.8961698412895203, 0.9058606624603271]}