{"loss": [0.7922000288963318, 0.6962336301803589, 0.6780518889427185, 0.666141152381897, 0.6514592170715332, 0.6331274509429932, 0.6114454865455627, 0.5869025588035583, 0.561030924320221, 0.5351399779319763], "accuracy": [0.5125582814216614, 0.5125582814216614, 0.5125582814216614, 0.5281027555465698, 0.6198969483375549, 0.7240448594093323, 0.7656876444816589, 0.7962039113044739, 0.8153481483459473, 0.8280291557312012], "val_loss": [0.7239099740982056, 0.6866142749786377, 0.6733306050300598, 0.6598211526870728, 0.642866313457489, 0.6221246123313904, 0.5979947447776794, 0.5717769861221313, 0.5454318523406982, 0.5183387994766235], "val_accuracy": [0.49902912974357605, 0.49902912974357605, 0.49902912974357605, 0.6131067872047424, 0.7364077568054199, 0.7708737850189209, 0.8087378740310669, 0.8310679793357849, 0.8485437035560608, 0.8490291237831116]}