{"loss": [0.7024283409118652, 0.6685910820960999, 0.6167789101600647, 0.5352632403373718, 0.4404931664466858, 0.35442882776260376, 0.2864619493484497, 0.23589922487735748, 0.19884245097637177, 0.17162874341011047], "accuracy": [0.535759687423706, 0.5394945740699768, 0.8260489106178284, 0.9627304077148438, 0.976875364780426, 0.9796566963195801, 0.9806102514266968, 0.9809281229972839, 0.9809281229972839, 0.9812459945678711], "val_loss": [0.685775101184845, 0.6463069915771484, 0.5776309370994568, 0.4837900996208191, 0.38927343487739563, 0.3112267255783081, 0.25238683819770813, 0.20944979786872864, 0.17806604504585266, 0.15507076680660248], "val_accuracy": [0.5361360907554626, 0.6443080306053162, 0.9513462781906128, 0.9759093523025513, 0.9782711863517761, 0.979688286781311, 0.979688286781311, 0.979688286781311, 0.979688286781311, 0.979688286781311]}