{"loss": [0.633546769618988, 0.6007524728775024, 0.5629539489746094, 0.5211795568466187, 0.47840288281440735, 0.4368612468242645, 0.39859652519226074, 0.3647240400314331, 0.3352121114730835, 0.30976995825767517], "accuracy": [0.7553576231002808, 0.8891436457633972, 0.9102213382720947, 0.9190405011177063, 0.922568142414093, 0.9249492883682251, 0.9270658493041992, 0.9286532998085022, 0.9287415146827698, 0.9289178848266602], "val_loss": [0.6057330965995789, 0.5644792914390564, 0.5187158584594727, 0.47142067551612854, 0.4256094992160797, 0.38492533564567566, 0.3484768867492676, 0.31770166754722595, 0.29184332489967346, 0.27283310890197754], "val_accuracy": [0.8940540552139282, 0.9178378582000732, 0.9216216206550598, 0.9243243336677551, 0.9286486506462097, 0.9302703142166138, 0.9302703142166138, 0.9324324727058411, 0.930810809135437, 0.9291892051696777]}