{"loss": [0.7296504378318787, 0.7015851140022278, 0.692139744758606, 0.6837424635887146, 0.6732215285301208, 0.6575217843055725, 0.6335623860359192, 0.600416362285614, 0.5600789785385132, 0.5159997344017029], "accuracy": [0.53611159324646, 0.53611159324646, 0.53611159324646, 0.53611159324646, 0.53611159324646, 0.5361971259117126, 0.5515146255493164, 0.6340920925140381, 0.7397741079330444, 0.8316789269447327], "val_loss": [0.7086806893348694, 0.6961711049079895, 0.6877790689468384, 0.6783149242401123, 0.665069580078125, 0.6442840099334717, 0.6135551333427429, 0.5739917159080505, 0.528651237487793, 0.4814316928386688], "val_accuracy": [0.5354167222976685, 0.5354167222976685, 0.5354167222976685, 0.5354167222976685, 0.5354167222976685, 0.5354167222976685, 0.5880208611488342, 0.6937500238418579, 0.8015625476837158, 0.8916667103767395]}