{"loss": [0.7085039615631104, 0.68280029296875, 0.6720956563949585, 0.6554830074310303, 0.6304354071617126, 0.5969868302345276, 0.5570394992828369, 0.5136274099349976, 0.46928149461746216, 0.42649075388908386], "accuracy": [0.5086278915405273, 0.5086278915405273, 0.5169238448143005, 0.6301642656326294, 0.6987722516059875, 0.796416163444519, 0.8464410305023193, 0.8881699442863464, 0.912726104259491, 0.9259997010231018], "val_loss": [0.6878532767295837, 0.6769930124282837, 0.6634994745254517, 0.641887366771698, 0.611282467842102, 0.5730271339416504, 0.5297845602035522, 0.484430730342865, 0.43959125876426697, 0.397665798664093], "val_accuracy": [0.5075376629829407, 0.5075376629829407, 0.5748743414878845, 0.6643216013908386, 0.7839195728302002, 0.848743736743927, 0.9005025029182434, 0.9165828824043274, 0.9236180782318115, 0.9407035112380981]}