{"loss": [45.8460578918457, 4.1182146072387695, 2.3823490142822266, 1.8139628171920776, 1.4803872108459473, 1.241682767868042, 1.0701559782028198, 0.9309473037719727, 0.8081240653991699, 0.6922613978385925], "accuracy": [0.7436426877975464, 0.9595518112182617, 0.9776700139045715, 0.9829148054122925, 0.9856960773468018, 0.9872059226036072, 0.9884774088859558, 0.9893515110015869, 0.9895899295806885, 0.9895104765892029], "val_loss": [5.224274158477783, 1.5412769317626953, 0.9459373950958252, 0.6959273815155029, 0.4933595061302185, 0.3763927221298218, 0.31727659702301025, 0.2658395767211914, 0.22392387688159943, 0.18891002237796783], "val_accuracy": [0.9414265751838684, 0.9782711863517761, 0.9872461557388306, 0.9896079897880554, 0.9905527234077454, 0.9938592910766602, 0.9938592910766602, 0.9943316578865051, 0.9943316578865051, 0.9948040246963501]}