{"loss": [0.8469415307044983, 0.6190727949142456, 0.5041380524635315, 0.43745020031929016, 0.3901366591453552, 0.35258159041404724, 0.32131248712539673, 0.2945932149887085, 0.271391898393631, 0.2509692311286926], "accuracy": [0.5312426090240479, 0.5540146231651306, 0.8939405679702759, 0.9892836809158325, 0.9858166575431824, 0.984398365020752, 0.9831376075744629, 0.9835315942764282, 0.9847135543823242, 0.9851075410842896], "val_loss": [0.708804726600647, 0.5503195524215698, 0.46731117367744446, 0.41312965750694275, 0.37159740924835205, 0.33751463890075684, 0.3085803687572479, 0.2835395038127899, 0.2616416811943054, 0.24221333861351013], "val_accuracy": [0.5293843150138855, 0.6581156849861145, 0.9925373196601868, 0.9897387623786926, 0.9883395433425903, 0.9869402647018433, 0.9874066710472107, 0.9878731369972229, 0.9883395433425903, 0.9883395433425903]}