{"loss": [0.6360273957252502, 0.5579323172569275, 0.46486568450927734, 0.3770279884338379, 0.3060417175292969, 0.25212645530700684, 0.21176600456237793, 0.18150751292705536, 0.15866076946258545, 0.14116013050079346], "accuracy": [0.664161205291748, 0.8614025115966797, 0.943173348903656, 0.9607664942741394, 0.9655570983886719, 0.9679524302482605, 0.9683654308319092, 0.9692739844322205, 0.9696043729782104, 0.9703477621078491], "val_loss": [0.5967985987663269, 0.5067666172981262, 0.4111599624156952, 0.32968899607658386, 0.26711755990982056, 0.22052890062332153, 0.18591393530368805, 0.1600002497434616, 0.14039702713489532, 0.1254052370786667], "val_accuracy": [0.807462751865387, 0.9333333969116211, 0.9641791582107544, 0.9711443185806274, 0.9736318588256836, 0.9751244187355042, 0.9751244187355042, 0.9766169786453247, 0.9766169786453247, 0.9771144986152649]}