{"loss": [0.6711520552635193, 0.6495705246925354, 0.6216474175453186, 0.5865261554718018, 0.5459465980529785, 0.5024741888046265, 0.4592932164669037, 0.418794184923172, 0.3820275366306305, 0.34912392497062683], "accuracy": [0.6343886852264404, 0.8906197547912598, 0.9083866477012634, 0.9163017868995667, 0.9185752868652344, 0.9208487868309021, 0.9242169260978699, 0.9278376698493958, 0.9301953315734863, 0.932468831539154], "val_loss": [0.6595377922058105, 0.6352580189704895, 0.6036223769187927, 0.565651535987854, 0.523059070110321, 0.47993582487106323, 0.43885356187820435, 0.4002009928226471, 0.3659907281398773, 0.33528032898902893], "val_accuracy": [0.8090451955795288, 0.8733668327331543, 0.8859296441078186, 0.8984924554824829, 0.9080401659011841, 0.9090452194213867, 0.9085426926612854, 0.913567841053009, 0.91758793592453, 0.9206029772758484]}