{"loss": [208.36087036132812, 44.89474105834961, 6.140792369842529, 0.9008921980857849, 0.4335419535636902, 0.29359790682792664, 0.22243139147758484, 0.1802154779434204, 0.15087676048278809, 0.13381201028823853], "accuracy": [0.49953269958496094, 0.5624097585678101, 0.7947149872779846, 0.9315999746322632, 0.9600645899772644, 0.9686464667320251, 0.9729799032211304, 0.9755289554595947, 0.978927731513977, 0.9802872538566589], "val_loss": [79.0003890991211, 12.784488677978516, 1.5217262506484985, 0.48372170329093933, 0.2957596182823181, 0.21260899305343628, 0.17243129014968872, 0.14787130057811737, 0.1294710338115692, 0.11996004730463028], "val_accuracy": [0.534679114818573, 0.6925466060638428, 0.9011387228965759, 0.955486536026001, 0.9679089188575745, 0.9730849266052246, 0.9767081141471863, 0.9787784814834595, 0.9813664555549622, 0.9818840622901917]}