{"accuracy": [0.39, 0.61, 0.81, 0.9, 0.91], "val_accuracy": [0.438, 0.686, 0.82, 0.862, 0.86], "loss": [44.68443078040542, 26.464003847602232, 19.975006045472746, 17.899147883933896, 17.07914332304933], "val_loss": [267.63075852347174, 193.09610648694303, 160.64381157327327, 143.80251932521128, 136.3603020569256]}