{"loss": [1.0289983749389648, 0.837449312210083, 0.72026526927948, 0.6354885101318359, 0.5682386755943298, 0.5131692290306091, 0.46740999817848206, 0.42884084582328796, 0.395920068025589, 0.36758074164390564], "accuracy": [0.3904103934764862, 0.33799612522125244, 0.40996038913726807, 0.8819414973258972, 0.9635122418403625, 0.9664615988731384, 0.966208815574646, 0.9667986631393433, 0.9666301608085632, 0.9664615988731384], "val_loss": [0.9213945865631104, 0.7718684673309326, 0.670377790927887, 0.5922517776489258, 0.5289918184280396, 0.47702881693840027, 0.43417227268218994, 0.39782458543777466, 0.3671252429485321, 0.3401995003223419], "val_accuracy": [0.35688868165016174, 0.30350789427757263, 0.7203864455223083, 0.9562786817550659, 0.960854172706604, 0.960854172706604, 0.9618709683418274, 0.9613625407218933, 0.9623793363571167, 0.960854172706604]}