{"loss": [0.5718629956245422, 0.45790132880210876, 0.34925055503845215, 0.2640455663204193, 0.20524461567401886, 0.16546772420406342, 0.13811331987380981, 0.11885853111743927, 0.10498581826686859, 0.0949070006608963], "accuracy": [0.9392527341842651, 0.9641109704971313, 0.971490740776062, 0.9753748178482056, 0.9770838618278503, 0.978715181350708, 0.9805795550346375, 0.9812009930610657, 0.981278657913208, 0.9811233282089233], "val_loss": [0.508962869644165, 0.3928912878036499, 0.29189860820770264, 0.21958033740520477, 0.17075607180595398, 0.13752800226211548, 0.11416646093130112, 0.09735547006130219, 0.08513137698173523, 0.07598396390676498], "val_accuracy": [0.9645687341690063, 0.977622389793396, 0.9813519716262817, 0.9832167625427246, 0.9846153855323792, 0.9855477809906006, 0.9860140085220337, 0.9874125719070435, 0.9878787994384766, 0.9878787994384766]}