{"loss": [0.6855261325836182, 0.6720094084739685, 0.6499511003494263, 0.6171395778656006, 0.575344979763031, 0.5294676423072815, 0.4840671122074127, 0.4420437514781952, 0.40478515625, 0.37262916564941406], "accuracy": [0.6717571020126343, 0.7204119563102722, 0.8432921767234802, 0.8606055378913879, 0.8912367820739746, 0.898872435092926, 0.9014472365379333, 0.9061529040336609, 0.9069519639015198, 0.9077510237693787], "val_loss": [0.6781839728355408, 0.6593299508094788, 0.6288976073265076, 0.5878410935401917, 0.5392838716506958, 0.4904271066188812, 0.44603651762008667, 0.4037230908870697, 0.369771808385849, 0.3392482399940491], "val_accuracy": [0.7118462920188904, 0.8628601431846619, 0.8794023394584656, 0.9071504473686218, 0.915154755115509, 0.9167555570602417, 0.9124866127967834, 0.9135538935661316, 0.9114193916320801, 0.9140874743461609]}