{"loss": [0.584594190120697, 0.4504367709159851, 0.3657779097557068, 0.3019758462905884, 0.2547137439250946, 0.214522585272789, 0.19784872233867645, 0.178805410861969, 0.15354783833026886, 0.13738179206848145], "accuracy": [0.7436440587043762, 0.9584745764732361, 0.9610169529914856, 0.9686440825462341, 0.9686440825462341, 0.9714406728744507, 0.9649152755737305, 0.9715254306793213, 0.9696609973907471, 0.972796618938446], "val_loss": [0.49903759360313416, 0.4206695258617401, 0.328745573759079, 0.28797218203544617, 0.23295988142490387, 0.20261691510677338, 0.18208032846450806, 0.17597723007202148, 0.13711394369602203, 0.1268448382616043], "val_accuracy": [0.9510841965675354, 0.9299041628837585, 0.9677256941795349, 0.9490670561790466, 0.9737771153450012, 0.9762985110282898, 0.9707514047622681, 0.966212809085846, 0.9778113961219788, 0.9788199663162231]}