{"accuracy": [0.71, 0.84, 0.88, 0.94, 0.96, 0.97, 0.97, 0.97, 0.97, 0.96], "val_accuracy": [0.837, 0.868, 0.899, 0.943, 0.969, 0.974, 0.966, 0.975, 0.975, 0.972], "loss": [80.30399999999999, 46.355999999999995, 42.69199999999999, 33.048000000000016, 25.992000000000008, 21.112000000000005, 20.4, 20.819999999999997, 21.120000000000005, 20.408], "val_loss": [528.4760000000007, 467.6640000000006, 408.36800000000056, 290.54400000000027, 234.86800000000042, 234.66400000000016, 242.62000000000043, 254.40800000000024, 239.89600000000033, 241.08800000000005]}