{"loss": [0.5243942737579346, 0.46261608600616455, 0.41858452558517456, 0.38409069180488586, 0.3559812307357788, 0.33251991868019104, 0.3124871551990509, 0.29507407546043396, 0.27980631589889526, 0.2663034498691559], "accuracy": [0.7602686285972595, 0.8570300340652466, 0.9005529880523682, 0.9253554940223694, 0.9379937052726746, 0.9441548585891724, 0.9466825127601624, 0.9528436660766602, 0.9550553560256958, 0.9575039744377136], "val_loss": [0.4876014292240143, 0.43413281440734863, 0.3937232792377472, 0.36137622594833374, 0.3346436023712158, 0.3120003044605255, 0.29209765791893005, 0.27492448687553406, 0.25954583287239075, 0.24600717425346375], "val_accuracy": [0.8131868243217468, 0.884854257106781, 0.9187768697738647, 0.9354993104934692, 0.944577157497406, 0.9512661099433899, 0.9560439586639404, 0.9569995403289795, 0.9603440165519714, 0.96177738904953]}