{"accuracy": [0.59, 0.73, 0.92, 0.89, 0.86, 0.88, 0.89, 0.89, 0.89, 0.9], "val_accuracy": [0.758, 0.879, 0.922, 0.923, 0.938, 0.937, 0.936, 0.937, 0.936, 0.928], "loss": [104.76399999999998, 62.776000000000025, 44.08399999999998, 35.61600000000001, 35.46000000000001, 36.576, 35.56799999999999, 34.67200000000001, 35.23999999999998, 34.796], "val_loss": [619.008, 431.2320000000003, 326.9760000000004, 293.59200000000055, 278.6480000000004, 282.9320000000002, 294.7960000000008, 278.33600000000024, 285.996, 295.0959999999999]}