{"loss": [0.8950470089912415, 0.11236907541751862, 0.05427902936935425, 0.03921215981245041, 0.028780629858374596, 0.02484438754618168, 0.015383634716272354, 0.031137054786086082, 0.02061261422932148, 0.02767844870686531], "accuracy": [0.9761453866958618, 0.9950237274169922, 0.9973934292793274, 0.9977093935012817, 0.9978673458099365, 0.9987362027168274, 0.9988152384757996, 0.9981833100318909, 0.9985782504081726, 0.9984992742538452], "val_loss": [0.19742810726165771, 0.16811740398406982, 0.16950243711471558, 0.11357705295085907, 0.12076669931411743, 0.10915786027908325, 0.171000137925148, 0.11404256522655487, 0.14089573919773102, 0.1822170615196228], "val_accuracy": [0.9937888383865356, 0.9947444200515747, 0.9952221512794495, 0.9971333146095276, 0.9971333146095276, 0.9966555237770081, 0.9961777329444885, 0.9976111054420471, 0.9966555237770081, 0.9971333146095276]}