{"loss": [0.7225801348686218, 0.6923503279685974, 0.673202395439148, 0.6461215019226074, 0.6087005138397217, 0.5618797540664673, 0.5094200372695923, 0.4562133848667145, 0.4060729146003723, 0.3609013259410858], "accuracy": [0.49668368697166443, 0.5413265228271484, 0.7258503437042236, 0.8719387650489807, 0.9320578575134277, 0.949404776096344, 0.9549319744110107, 0.9562925100326538, 0.9573129415512085, 0.9582483172416687], "val_loss": [0.7007982730865479, 0.683257520198822, 0.6594725251197815, 0.6252071857452393, 0.5806391835212708, 0.5279496908187866, 0.4725940227508545, 0.4194135367870331, 0.3710388243198395, 0.3286685347557068], "val_accuracy": [0.47886601090431213, 0.5948453545570374, 0.8010309338569641, 0.9221649765968323, 0.9474227428436279, 0.9536082744598389, 0.9556701183319092, 0.9556701183319092, 0.9561855792999268, 0.9567010402679443]}