{"accuracy": [0.69, 0.85, 0.87, 0.9, 0.91, 0.91, 0.89, 0.94, 0.94, 0.96], "val_accuracy": [0.802, 0.811, 0.828, 0.843, 0.845, 0.854, 0.861, 0.869, 0.912, 0.944], "loss": [78.31600000000003, 48.748, 42.976, 37.843999999999994, 34.82, 32.87999999999999, 30.528, 30.62400000000001, 30.18000000000001, 27.32], "val_loss": [528.8720000000009, 493.22000000000054, 449.14800000000065, 423.51200000000114, 420.7520000000012, 401.22000000000077, 375.83600000000104, 353.6400000000009, 345.9680000000008, 315.80000000000064]}