{"loss": [0.7349019050598145, 0.6970390677452087, 0.6627168655395508, 0.6298781037330627, 0.5988616347312927, 0.5696243643760681, 0.5421754121780396, 0.5167604684829712, 0.49301785230636597, 0.4708845019340515], "accuracy": [0.45843926072120667, 0.5181182026863098, 0.962492048740387, 0.972504734992981, 0.9632072448730469, 0.9609026908874512, 0.9679751992225647, 0.965829610824585, 0.9689287543296814, 0.9670215845108032], "val_loss": [0.7147471308708191, 0.6795207262039185, 0.6456941366195679, 0.6136106848716736, 0.5834020972251892, 0.5549394488334656, 0.5284213423728943, 0.5038411617279053, 0.4808442294597626, 0.45938605070114136], "val_accuracy": [0.42324045300483704, 0.7949929237365723, 0.9744922518730164, 0.9603212475776672, 0.964100182056427, 0.9697685837745667, 0.9669343829154968, 0.9669343829154968, 0.9678791165351868, 0.9692962169647217]}