{"loss": [0.6939745545387268, 0.6837520003318787, 0.6743316650390625, 0.6615345478057861, 0.6445654034614563, 0.6236295700073242, 0.5993397235870361, 0.5722104907035828, 0.5434837341308594, 0.513724684715271], "accuracy": [0.5543040633201599, 0.5543040633201599, 0.5543040633201599, 0.5543040633201599, 0.5602236390113831, 0.6121022701263428, 0.7067335247993469, 0.7728356719017029, 0.8243854641914368, 0.851105809211731], "val_loss": [0.6858652234077454, 0.6770104765892029, 0.6648402214050293, 0.6485738754272461, 0.6278843879699707, 0.6032748222351074, 0.5752043128013611, 0.5451087355613708, 0.5129907727241516, 0.48113611340522766], "val_accuracy": [0.5599408149719238, 0.5599408149719238, 0.5599408149719238, 0.5599408149719238, 0.6097680926322937, 0.7084360718727112, 0.7908238768577576, 0.8539713621139526, 0.8722249269485474, 0.8959052562713623]}