{"accuracy": [0.47, 0.86, 0.93, 0.94, 0.94], "val_accuracy": [0.764, 0.928, 0.956, 0.962, 0.96], "loss": [35.51691494433905, 16.785575509736848, 13.064319934110438, 11.648361693262915, 11.344957369185607], "val_loss": [147.13449807638614, 93.85887133692434, 71.77526649887328, 61.646945539816656, 57.880157116367265]}