{"loss": [0.6463746428489685, 0.5285600423812866, 0.4121514856815338, 0.32332277297973633, 0.2591673731803894, 0.21293820440769196, 0.17915311455726624, 0.15396425127983093, 0.13506072759628296, 0.12040339410305023], "accuracy": [0.5471593737602234, 0.8662043809890747, 0.9731305241584778, 0.9848711490631104, 0.9858166575431824, 0.9862894415855408, 0.9860530495643616, 0.9852651357650757, 0.9854227304458618, 0.9857378602027893], "val_loss": [0.5922068357467651, 0.4659480154514313, 0.3617039918899536, 0.2848796248435974, 0.22883829474449158, 0.18911126255989075, 0.15866094827651978, 0.1360759735107422, 0.11903009563684464, 0.10579726845026016], "val_accuracy": [0.7807835936546326, 0.9622201323509216, 0.9878731369972229, 0.9906716346740723, 0.9906716346740723, 0.9897387623786926, 0.9906716346740723, 0.9906716346740723, 0.9897387623786926, 0.9892723560333252]}