{"loss": [0.6968481540679932, 0.6656745076179504, 0.6228459477424622, 0.5652910470962524, 0.505527675151825, 0.45414718985557556, 0.41471412777900696, 0.38588881492614746, 0.3650071322917938, 0.3498613238334656], "accuracy": [0.5127750039100647, 0.6762775182723999, 0.733853816986084, 0.8135202527046204, 0.8440383076667786, 0.863733172416687, 0.8682576417922974, 0.8702980875968933, 0.8747338652610779, 0.8757097125053406], "val_loss": [0.6829049587249756, 0.6494497656822205, 0.5991520285606384, 0.5387146472930908, 0.482504665851593, 0.43704378604888916, 0.403315931558609, 0.37903302907943726, 0.3615257740020752, 0.3489290773868561], "val_accuracy": [0.6516613364219666, 0.6913183927536011, 0.7947481870651245, 0.8274384140968323, 0.8595927357673645, 0.867095410823822, 0.8708468079566956, 0.8751340508460999, 0.8729904294013977, 0.8762058615684509]}