{"accuracy": [0.84, 0.96, 0.97, 0.97, 0.97, 0.97, 0.97, 0.97, 0.97, 0.97], "val_accuracy": [0.939, 0.964, 0.973, 0.976, 0.975, 0.983, 0.978, 0.982, 0.983, 0.978], "loss": [56.035999999999994, 26.448, 26.14800000000001, 24.016000000000005, 24.379999999999992, 24.05200000000001, 24.568, 23.596000000000007, 24.61600000000001, 23.99200000000001], "val_loss": [316.684, 247.93600000000063, 224.3760000000001, 220.57200000000077, 228.54000000000002, 223.5160000000003, 217.59200000000027, 226.576, 225.15999999999983, 222.31600000000014]}