{"loss": [0.6653133630752563, 0.5697687864303589, 0.49977269768714905, 0.44364050030708313, 0.39830872416496277, 0.36115366220474243, 0.33026182651519775, 0.30419570207595825, 0.28190645575523376, 0.26263195276260376], "accuracy": [0.7312639951705933, 0.8003984093666077, 0.8550087213516235, 0.8811519742012024, 0.8966719508171082, 0.9080421924591064, 0.9205743074417114, 0.9304506778717041, 0.9364262819290161, 0.9412399530410767], "val_loss": [0.6051294207572937, 0.5198373794555664, 0.4527598023414612, 0.3988902270793915, 0.3557797968387604, 0.32049351930618286, 0.2913358509540558, 0.2663674056529999, 0.24522311985492706, 0.2270435392856598], "val_accuracy": [0.8287602066993713, 0.8785569667816162, 0.9095529317855835, 0.9217480421066284, 0.9314025044441223, 0.9390244483947754, 0.9446138739585876, 0.9486789107322693, 0.9512195587158203, 0.9552846550941467]}