{"accuracy": [0.42, 0.62, 0.78, 0.81, 0.81], "val_accuracy": [0.57, 0.654, 0.732, 0.762, 0.786], "loss": [94.22531778052311, 42.83048402241607, 26.452415202565376, 20.82044583184574, 17.603063633477408], "val_loss": [321.29817409393587, 162.0049542704855, 113.51556265754037, 92.99281068258678, 85.73744529541753]}