{"loss": [0.7055151462554932, 0.6789565086364746, 0.6621382236480713, 0.6381960511207581, 0.6051000952720642, 0.564030110836029, 0.5180824398994446, 0.47125858068466187, 0.4265645742416382, 0.3858976364135742], "accuracy": [0.5003848075866699, 0.5078251957893372, 0.5679466128349304, 0.6747626662254333, 0.7752501368522644, 0.8543573021888733, 0.8973744511604309, 0.9203796982765198, 0.9332078695297241, 0.9363721609115601], "val_loss": [0.6873525381088257, 0.6715063452720642, 0.6512584090232849, 0.6220853328704834, 0.5837114453315735, 0.5386442542076111, 0.4905549883842468, 0.44377726316452026, 0.3993194103240967, 0.36006850004196167], "val_accuracy": [0.49795499444007874, 0.53476482629776, 0.6549079418182373, 0.7704498767852783, 0.8307770490646362, 0.8941717743873596, 0.920245349407196, 0.9437627792358398, 0.9442740082740784, 0.949386477470398]}