{"accuracy": [0.58, 0.64, 0.71, 0.69, 0.7, 0.7, 0.7, 0.69, 0.71, 0.7], "val_accuracy": [0.654, 0.726, 0.748, 0.756, 0.76, 0.76, 0.761, 0.755, 0.754, 0.758], "loss": [108.26000000000003, 82.65199999999997, 70.208, 68.372, 68.42000000000004, 68.48000000000002, 67.092, 66.99999999999999, 67.55600000000001, 67.92799999999998], "val_loss": [887.2560000000009, 662.3040000000008, 613.6240000000008, 605.9959999999998, 627.8600000000016, 605.444, 607.5080000000011, 607.2320000000011, 603.2400000000005, 606.6400000000015]}