{"loss": [0.672160267829895, 0.6367014050483704, 0.5856482982635498, 0.5238655209541321, 0.4587460160255432, 0.39664024114608765, 0.34026917815208435, 0.2911864221096039, 0.2494073361158371, 0.21424508094787598], "accuracy": [0.597286581993103, 0.9312378764152527, 0.9801129102706909, 0.9837363958358765, 0.9871070981025696, 0.9874441623687744, 0.9884553551673889, 0.9885396361351013, 0.989803671836853, 0.9903092384338379], "val_loss": [0.6549692749977112, 0.6084914207458496, 0.548136830329895, 0.48167863488197327, 0.41532188653945923, 0.3557268977165222, 0.3028498888015747, 0.2593054473400116, 0.22104384005069733, 0.19002485275268555], "val_accuracy": [0.9176411628723145, 0.9842400550842285, 0.9847484230995178, 0.9883071184158325, 0.9872903823852539, 0.9898322820663452, 0.9898322820663452, 0.9903407096862793, 0.9903407096862793, 0.9898322820663452]}