{"accuracy": [0.5, 0.76, 0.8, 0.82, 0.83], "val_accuracy": [0.844, 0.88, 0.876, 0.886, 0.89], "loss": [44.85339985388003, 20.539759226349457, 17.93969757377129, 16.857256883397298, 15.69194394384543], "val_loss": [122.00244736506238, 97.07128047042356, 88.68276193630496, 81.69343751199281, 78.24138100545287]}