{"loss": [0.7142118811607361, 0.6909742951393127, 0.6870363354682922, 0.683228611946106, 0.6788498163223267, 0.6738876104354858, 0.668387234210968, 0.6627097129821777, 0.6570408344268799, 0.6515504121780396], "accuracy": [0.5129359364509583, 0.48722776770591736, 0.49459636211395264, 0.526199460029602, 0.5522351264953613, 0.5804814100265503, 0.6087276935577393, 0.6302603483200073, 0.6421319842338562, 0.6476993560791016], "val_loss": [0.6986002326011658, 0.6919934749603271, 0.687999963760376, 0.6839480996131897, 0.6791006922721863, 0.6735118627548218, 0.6672806739807129, 0.6607881784439087, 0.6543493270874023, 0.6482222080230713], "val_accuracy": [0.5046637654304504, 0.4604811370372772, 0.4992636740207672, 0.5257732272148132, 0.5434463024139404, 0.5827197432518005, 0.6362298130989075, 0.6426117420196533, 0.6465390920639038, 0.648502767086029]}