{"loss": [0.7274920344352722, 0.685272753238678, 0.6718418002128601, 0.6564040780067444, 0.634915828704834, 0.6067459583282471, 0.5728655457496643, 0.5349470973014832, 0.4956309497356415, 0.4567040503025055], "accuracy": [0.5016840696334839, 0.5016840696334839, 0.5020208954811096, 0.5714887380599976, 0.7359380125999451, 0.8153418898582458, 0.8700740933418274, 0.8956719636917114, 0.9147019386291504, 0.9218592047691345], "val_loss": [0.6894665360450745, 0.6747969388961792, 0.6617698073387146, 0.6431770324707031, 0.617890477180481, 0.5863454341888428, 0.5501572489738464, 0.5112994909286499, 0.47279301285743713, 0.43482109904289246], "val_accuracy": [0.5185929536819458, 0.5185929536819458, 0.5195980072021484, 0.6356784105300903, 0.6914572715759277, 0.7834171056747437, 0.8396984934806824, 0.8723617792129517, 0.8909547924995422, 0.9100502133369446]}