{"loss": [11.891677856445312, 0.9860692024230957, 0.5458210706710815, 0.5265986323356628, 0.5182769298553467, 0.514832615852356, 0.5139641761779785, 0.5135653614997864, 0.5134710669517517, 0.5136047005653381], "accuracy": [0.22619888186454773, 0.433445006608963, 0.7703632116317749, 0.7640162706375122, 0.7604020237922668, 0.7587271332740784, 0.7583745121955872, 0.7575811147689819, 0.7576692700386047, 0.7574048042297363], "val_loss": [4.189487457275391, 0.5458261966705322, 0.5148079991340637, 0.50005042552948, 0.49358999729156494, 0.4895513355731964, 0.48875561356544495, 0.4878818094730377, 0.48851048946380615, 0.48869287967681885], "val_accuracy": [0.20779915153980255, 0.7927350997924805, 0.7825855016708374, 0.7761752605438232, 0.7740384936332703, 0.7740384936332703, 0.7729701399803162, 0.7729701399803162, 0.7697650194168091, 0.7681624293327332]}