{"loss": [10.732987403869629, 1.946577787399292, 1.4338984489440918, 1.0945289134979248, 0.8403250575065613, 0.6457390189170837, 0.5232430696487427, 0.43931451439857483, 0.3806476891040802, 0.33725717663764954], "accuracy": [0.8462964296340942, 0.938737690448761, 0.9466587901115417, 0.9500294923782349, 0.9530631303787231, 0.9550855159759521, 0.9573607444763184, 0.9571922421455383, 0.9594674110412598, 0.9614898562431335], "val_loss": [2.1781067848205566, 1.4801942110061646, 1.0348421335220337, 0.776947021484375, 0.6439676880836487, 0.7125966548919678, 0.5488722920417786, 0.40806564688682556, 0.357679545879364, 0.36312031745910645], "val_accuracy": [0.9354347586631775, 0.949669599533081, 0.9537367224693298, 0.960854172706604, 0.9583122134208679, 0.9445857405662537, 0.9466192722320557, 0.9578038454055786, 0.9598373770713806, 0.9562786817550659]}