{"loss": [0.7077006697654724, 0.5792520642280579, 0.488652765750885, 0.422567218542099, 0.37290704250335693, 0.33437517285346985, 0.3034844696521759, 0.27807727456092834, 0.2567910850048065, 0.2388337254524231], "accuracy": [0.4767772853374481, 0.7276461720466614, 0.872748851776123, 0.9137440919876099, 0.9302527904510498, 0.9432860016822815, 0.9477883577346802, 0.9600316286087036, 0.962638258934021, 0.967693567276001], "val_loss": [0.6370372772216797, 0.5267118811607361, 0.4477493464946747, 0.3894578814506531, 0.3447474241256714, 0.30956143140792847, 0.2797233760356903, 0.2558540999889374, 0.23499783873558044, 0.21788255870342255], "val_accuracy": [0.5279502868652344, 0.8327759504318237, 0.8944099545478821, 0.9225991368293762, 0.9369326233863831, 0.9460105299949646, 0.9584328532218933, 0.9622551202774048, 0.9703774452209473, 0.9713330268859863]}