{"loss": [0.7287551164627075, 0.6559558510780334, 0.6144549250602722, 0.5643498301506042, 0.5095878839492798, 0.45679622888565063, 0.4092230796813965, 0.3685559332370758, 0.3349045515060425, 0.30744755268096924], "accuracy": [0.5232189893722534, 0.5232189893722534, 0.6262972950935364, 0.777484655380249, 0.8494283556938171, 0.8815303444862366, 0.9042216539382935, 0.9207563996315002, 0.9273527264595032, 0.9328935742378235], "val_loss": [0.6747936606407166, 0.6335518956184387, 0.5869477987289429, 0.5318580269813538, 0.4758223295211792, 0.42341941595077515, 0.37760618329048157, 0.3392040431499481, 0.30743733048439026, 0.2816064655780792], "val_accuracy": [0.5307732820510864, 0.5307732820510864, 0.7348763942718506, 0.8311415314674377, 0.8674381971359253, 0.9042609333992004, 0.9174119234085083, 0.9263545274734497, 0.9321410059928894, 0.9358232617378235]}