{"loss": [0.6934547424316406, 0.6851921677589417, 0.6766797304153442, 0.6665341854095459, 0.6538525819778442, 0.6378399729728699, 0.6191880106925964, 0.5981687307357788, 0.5764421820640564, 0.5550552606582642], "accuracy": [0.5300745368003845, 0.5642299652099609, 0.6084989309310913, 0.6650993824005127, 0.6960610151290894, 0.7285308837890625, 0.7624201774597168, 0.7791873812675476, 0.790276825428009, 0.7947125434875488], "val_loss": [0.6904265880584717, 0.6825235486030579, 0.6736021041870117, 0.6625201106071472, 0.648469090461731, 0.6315575242042542, 0.6113565564155579, 0.589843213558197, 0.5678353905677795, 0.5471448302268982], "val_accuracy": [0.5401929616928101, 0.576098620891571, 0.6243301630020142, 0.6714898347854614, 0.7063237428665161, 0.769024670124054, 0.7813505530357361, 0.7904609441757202, 0.7904609441757202, 0.8006431460380554]}