{"loss": [0.6416168808937073, 0.6386147141456604, 0.6373883485794067, 0.6367439031600952, 0.6364216804504395, 0.6361413598060608, 0.6359716653823853, 0.6358916759490967, 0.6356843113899231, 0.6356534361839294], "accuracy": [0.6432642340660095, 0.6423556804656982, 0.6379780173301697, 0.6413645148277283, 0.6406211256980896, 0.6403733491897583, 0.6402907371520996, 0.6413645148277283, 0.6450813412666321, 0.6413645148277283], "val_loss": [0.6344662308692932, 0.631968080997467, 0.6310930848121643, 0.6301348805427551, 0.629721462726593, 0.629401683807373, 0.6291061043739319, 0.6289000511169434, 0.6287989020347595, 0.6285585165023804], "val_accuracy": [0.6557214260101318, 0.6537313461303711, 0.6636816263198853, 0.6572139859199524, 0.6597015261650085, 0.6587064862251282, 0.656218945980072, 0.6567164659500122, 0.6457711458206177, 0.6512438058853149]}