{"loss": [0.6456848382949829, 0.47278857231140137, 0.36716872453689575, 0.2986571192741394, 0.25095102190971375, 0.21574480831623077, 0.18858779966831207, 0.1669462025165558, 0.14917190372943878, 0.13431884348392487], "accuracy": [0.5544788241386414, 0.822870135307312, 0.9854217767715454, 0.9948596954345703, 0.9951124787330627, 0.9951967597007751, 0.9949439764022827, 0.9949439764022827, 0.9949439764022827, 0.9948596954345703], "val_loss": [0.5294724106788635, 0.3985123932361603, 0.31658512353897095, 0.2625100612640381, 0.22352510690689087, 0.193954199552536, 0.17153868079185486, 0.15308533608913422, 0.13833560049533844, 0.1254136711359024], "val_accuracy": [0.7554652094841003, 0.9562786817550659, 0.9893239140510559, 0.9898322820663452, 0.9903407096862793, 0.9903407096862793, 0.9903407096862793, 0.9903407096862793, 0.9903407096862793, 0.9903407096862793]}