{"loss": [0.5685086846351624, 0.46128422021865845, 0.36181917786598206, 0.2817980945110321, 0.22224614024162292, 0.17935001850128174, 0.14842447638511658, 0.12581264972686768, 0.10907401889562607, 0.09649185091257095], "accuracy": [0.8503663539886475, 0.9352296590805054, 0.9649357199668884, 0.9762035608291626, 0.9810101389884949, 0.9834527969360352, 0.9840043783187866, 0.9841619729995728, 0.9838467836380005, 0.9838467836380005], "val_loss": [0.5109944343566895, 0.4016701281070709, 0.30894577503204346, 0.23821115493774414, 0.18700306117534637, 0.15021245181560516, 0.12358856201171875, 0.10418950766324997, 0.0893433541059494, 0.07821251451969147], "val_accuracy": [0.9272387623786926, 0.9584887623786926, 0.9743469953536987, 0.9827424883842468, 0.9869402647018433, 0.9888059496879578, 0.9888059496879578, 0.9888059496879578, 0.9888059496879578, 0.9892723560333252]}