{"loss": [0.6923363208770752, 0.6628676652908325, 0.6148353219032288, 0.5539179444313049, 0.4898090660572052, 0.4299389123916626, 0.3785107731819153, 0.3365611732006073, 0.3036412000656128, 0.27740490436553955], "accuracy": [0.5071552991867065, 0.5146827697753906, 0.6978244781494141, 0.8402680158615112, 0.8989990949630737, 0.918520987033844, 0.9280337691307068, 0.9327487945556641, 0.9347341060638428, 0.936553955078125], "val_loss": [0.6821643114089966, 0.6434208750724792, 0.587659478187561, 0.5226284861564636, 0.4592556953430176, 0.4021401107311249, 0.3552028238773346, 0.31896066665649414, 0.28701460361480713, 0.26339587569236755], "val_accuracy": [0.4946131110191345, 0.549461305141449, 0.7517139911651611, 0.857982337474823, 0.8932418823242188, 0.9177277088165283, 0.9270322918891907, 0.9275220036506653, 0.9392752051353455, 0.9387854933738708]}