{"loss": [0.7207896709442139, 0.5180624127388, 0.3949054777622223, 0.3162972629070282, 0.2629275321960449, 0.22475698590278625, 0.19633066654205322, 0.17449161410331726, 0.15720471739768982, 0.143344908952713], "accuracy": [0.5056037902832031, 0.841240406036377, 0.9616583585739136, 0.972528874874115, 0.9779219627380371, 0.9807870388031006, 0.9812083840370178, 0.9828937649726868, 0.9833993315696716, 0.9843263030052185], "val_loss": [0.5916377305984497, 0.427988201379776, 0.32828715443611145, 0.264971524477005, 0.22130608558654785, 0.19017529487609863, 0.16755732893943787, 0.14984345436096191, 0.1363895982503891, 0.12517574429512024], "val_accuracy": [0.6517539620399475, 0.9547535181045532, 0.9649212956428528, 0.9755974411964417, 0.978139340877533, 0.9791561365127563, 0.9811897277832031, 0.9811897277832031, 0.9822064638137817, 0.9816980957984924]}