{"loss": [190.15602111816406, 9.845699310302734, 0.18258348107337952, 0.13904452323913574, 0.12215791642665863, 0.1116797998547554, 0.1015792042016983, 0.09160765260457993, 0.08187106251716614, 0.0703710988163948], "accuracy": [0.3257310688495636, 0.8332008719444275, 0.9875237941741943, 0.9897488355636597, 0.9900667071342468, 0.9900667071342468, 0.98982834815979, 0.9902256727218628, 0.9900667071342468, 0.9894310235977173], "val_loss": [59.49387741088867, 0.12966839969158173, 0.06851807236671448, 0.05236861854791641, 0.04324808716773987, 0.03695762902498245, 0.04409775882959366, 0.04475829750299454, 0.03476497903466225, 0.029739467427134514], "val_accuracy": [0.4615021347999573, 0.9877185225486755, 0.9910250902175903, 0.9914974570274353, 0.9919698238372803, 0.9924421906471252, 0.9910250902175903, 0.9914974570274353, 0.9914974570274353, 0.9914974570274353]}