{"loss": [0.7215709686279297, 0.6883776783943176, 0.6772878766059875, 0.664496898651123, 0.6450475454330444, 0.6165341734886169, 0.5795657634735107, 0.5367299318313599, 0.492045134305954, 0.4483451843261719], "accuracy": [0.49852707982063293, 0.49852707982063293, 0.5361501574516296, 0.6311758160591125, 0.7243497967720032, 0.7881491780281067, 0.8692871332168579, 0.9013551473617554, 0.9151586890220642, 0.9255955219268799], "val_loss": [0.6992258429527283, 0.6835477948188782, 0.6723253130912781, 0.6566113233566284, 0.6320897936820984, 0.5981067419052124, 0.556612491607666, 0.5112414360046387, 0.4656985402107239, 0.42240026593208313], "val_accuracy": [0.4870775640010834, 0.4870775640010834, 0.5641153454780579, 0.6396620869636536, 0.7798211574554443, 0.8817098140716553, 0.9070577025413513, 0.9189861416816711, 0.9343937039375305, 0.938369870185852]}