{"accuracy": [0.59, 0.75, 0.89, 0.95, 0.96, 0.96, 0.97, 0.96, 0.95, 0.96], "val_accuracy": [0.732, 0.842, 0.928, 0.936, 0.945, 0.947, 0.962, 0.961, 0.958, 0.958], "loss": [103.55600000000001, 62.403999999999996, 40.59599999999999, 33.35200000000001, 30.02799999999999, 30.252, 29.812, 27.596000000000004, 26.395999999999997, 25.3], "val_loss": [676.4919999999995, 500.40400000000096, 324.292, 312.024000000001, 301.59200000000004, 298.4799999999999, 280.6480000000007, 277.9720000000001, 281.19600000000025, 288.1200000000004]}