{"loss": [0.6646094918251038, 0.566635012626648, 0.49099284410476685, 0.4321464002132416, 0.38599488139152527, 0.3492511212825775, 0.3194398880004883, 0.2948753535747528, 0.27447065711021423, 0.25731196999549866], "accuracy": [0.4974084794521332, 0.6705752611160278, 0.8611606955528259, 0.9006713032722473, 0.9191945195198059, 0.9285411238670349, 0.9400119185447693, 0.9468094706535339, 0.9562410116195679, 0.9629535675048828], "val_loss": [0.605857253074646, 0.5178220272064209, 0.4492242634296417, 0.3956224024295807, 0.3532598912715912, 0.3199153244495392, 0.292307585477829, 0.2699371576309204, 0.25070834159851074, 0.23490895330905914], "val_accuracy": [0.5201863646507263, 0.8700828552246094, 0.9223602414131165, 0.9363354444503784, 0.9461697936058044, 0.9570393562316895, 0.9637681245803833, 0.9694617390632629, 0.9720497131347656, 0.9751552939414978]}