{"loss": [78.68145751953125, 7.041507720947266, 1.8509644269943237, 0.9560667872428894, 0.6367184519767761, 0.48722541332244873, 0.3999013900756836, 0.34647753834724426, 0.30065083503723145, 0.2681358754634857], "accuracy": [0.6417797207832336, 0.8654251098632812, 0.9250020980834961, 0.9429510235786438, 0.9492710828781128, 0.9537372589111328, 0.9560967683792114, 0.9567708969116211, 0.9634280204772949, 0.9665458798408508], "val_loss": [16.924976348876953, 2.6101460456848145, 1.0020586252212524, 0.6404119729995728, 0.4877268970012665, 0.4309738576412201, 0.40110138058662415, 0.3709489703178406, 0.3512491285800934, 0.33575519919395447], "val_accuracy": [0.7747839689254761, 0.9013727307319641, 0.927808940410614, 0.9440773725509644, 0.9466192722320557, 0.9420437812805176, 0.9527199268341064, 0.9572954177856445, 0.9618709683418274, 0.9623793363571167]}