{"loss": [0.6997933387756348, 0.692654013633728, 0.6866732239723206, 0.6782925128936768, 0.66478031873703, 0.6434256434440613, 0.613526463508606, 0.576496422290802, 0.5352165699005127, 0.4928537905216217], "accuracy": [0.5091376900672913, 0.5203158259391785, 0.5386798977851868, 0.560149073600769, 0.6377750039100647, 0.7506210207939148, 0.8388041257858276, 0.8874201774597168, 0.9111071825027466, 0.9177608489990234], "val_loss": [0.6944982409477234, 0.688403844833374, 0.6811164617538452, 0.6699202656745911, 0.6518246531486511, 0.6247545480728149, 0.5891214609146118, 0.5480302572250366, 0.504473090171814, 0.46116235852241516], "val_accuracy": [0.5187567472457886, 0.561093270778656, 0.5632368922233582, 0.5921757817268372, 0.741157591342926, 0.7968918085098267, 0.8708468079566956, 0.9147910475730896, 0.9330118298530579, 0.9324759244918823]}