{"loss": [0.4156838357448578, 0.1901397556066513, 0.14269153773784637, 0.12411905080080032, 0.11250974982976913, 0.1040661558508873, 0.09752107411623001, 0.0923224613070488, 0.08843425661325455, 0.085093654692173], "accuracy": [0.8847213983535767, 0.955795407295227, 0.968875527381897, 0.9743124842643738, 0.9776219129562378, 0.9792765974998474, 0.9796705842018127, 0.9804585576057434, 0.9812465310096741, 0.9810101389884949], "val_loss": [0.2371520698070526, 0.14124926924705505, 0.11355684697628021, 0.09884727001190186, 0.08947774767875671, 0.08193233609199524, 0.07675391435623169, 0.07208514213562012, 0.06903582811355591, 0.06651301681995392], "val_accuracy": [0.9486939907073975, 0.9673507213592529, 0.9762126803398132, 0.9827424883842468, 0.985541045665741, 0.9860074520111084, 0.985541045665741, 0.985541045665741, 0.9850745797157288, 0.9850745797157288]}