{"loss": [19.43334197998047, 3.9485652446746826, 2.8340935707092285, 2.3789186477661133, 2.050795793533325, 1.7819170951843262, 1.5075050592422485, 1.2470924854278564, 1.1353566646575928, 0.8940585851669312], "accuracy": [0.7610018253326416, 0.9062527418136597, 0.9229208827018738, 0.9278596043586731, 0.9304171204566956, 0.9322691559791565, 0.9349148869514465, 0.9327101111412048, 0.9299761652946472, 0.9343857169151306], "val_loss": [4.447390079498291, 2.6475698947906494, 2.22546648979187, 1.9387421607971191, 1.6526741981506348, 1.4805669784545898, 1.274297833442688, 1.1398348808288574, 0.9049398303031921, 0.7388923168182373], "val_accuracy": [0.8945946097373962, 0.9324324727058411, 0.9416216611862183, 0.9399999976158142, 0.9443243741989136, 0.9454054236412048, 0.9427027106285095, 0.9443243741989136, 0.9470270276069641, 0.9378378391265869]}