{"loss": [0.40783077478408813, 0.3405763506889343, 0.294678270816803, 0.2614624500274658, 0.23638252913951874, 0.21670114994049072, 0.2007606029510498, 0.18757286667823792, 0.17660750448703766, 0.167368546128273], "accuracy": [0.9493585228919983, 0.9586201310157776, 0.9604045152664185, 0.9621888399124146, 0.9641430974006653, 0.964652955532074, 0.9671170115470886, 0.967796802520752, 0.970090925693512, 0.970430850982666], "val_loss": [0.3514871299266815, 0.2953491508960724, 0.2558096945285797, 0.22647300362586975, 0.20374375581741333, 0.18675337731838226, 0.1720011681318283, 0.16060347855091095, 0.1500425934791565, 0.14200378954410553], "val_accuracy": [0.9679089188575745, 0.9694617390632629, 0.9704968929290771, 0.9704968929290771, 0.9704968929290771, 0.9736024737358093, 0.9736024737358093, 0.9746376872062683, 0.9736024737358093, 0.9746376872062683]}