{"loss": [0.6384016871452332, 0.5619905591011047, 0.46522217988967896, 0.37333980202674866, 0.3004041314125061, 0.24511098861694336, 0.2031131237745285, 0.17079617083072662, 0.1453632414340973, 0.1250883936882019], "accuracy": [0.6112749576568604, 0.8874189257621765, 0.9533159136772156, 0.9712648391723633, 0.9791859984397888, 0.9836521744728088, 0.9857588410377502, 0.9881182909011841, 0.989213764667511, 0.9899721741676331], "val_loss": [0.6048641800880432, 0.5154588222503662, 0.4164471924304962, 0.33422574400901794, 0.27172479033470154, 0.22477561235427856, 0.18860255181789398, 0.16095216572284698, 0.13880860805511475, 0.12073884904384613], "val_accuracy": [0.816980242729187, 0.9303508400917053, 0.9547535181045532, 0.9654296636581421, 0.974072277545929, 0.9791561365127563, 0.9842400550842285, 0.9862735867500305, 0.9872903823852539, 0.9883071184158325]}