{"accuracy": [0.49, 0.8, 0.94, 0.95, 0.95], "val_accuracy": [0.528, 0.888, 0.932, 0.936, 0.938], "loss": [50.80998923599535, 29.149786235498983, 19.862179257173885, 15.181662528107601, 12.731633235020029], "val_loss": [211.7194001782208, 131.9528385583732, 101.27470427797634, 82.48435114228943, 70.81172298508471]}