{"loss": [0.7172357439994812, 0.6259478330612183, 0.5664178133010864, 0.5202845335006714, 0.4834984242916107, 0.45328837633132935, 0.4281850755214691, 0.4070661664009094, 0.3891104757785797, 0.3738052546977997], "accuracy": [0.5228380560874939, 0.8373668193817139, 0.899727463722229, 0.9112910032272339, 0.9133559465408325, 0.9160816073417664, 0.9167423844337463, 0.9183943271636963, 0.9202940464019775, 0.9203766584396362], "val_loss": [0.6632169485092163, 0.5923759341239929, 0.5397080779075623, 0.4978155195713043, 0.4636669456958771, 0.43524402379989624, 0.41125577688217163, 0.3907395601272583, 0.3730986714363098, 0.35789942741394043], "val_accuracy": [0.5805970430374146, 0.9243781566619873, 0.9263681769371033, 0.921393096446991, 0.9273632168769836, 0.9273632168769836, 0.9298508167266846, 0.9318408370018005, 0.9318408370018005, 0.9328358769416809]}