{"loss": [0.6910578012466431, 0.6824207901954651, 0.6637480854988098, 0.6307384371757507, 0.584905207157135, 0.5321183204650879, 0.4789867401123047, 0.42997613549232483, 0.38745588064193726, 0.3515145182609558], "accuracy": [0.5308661460876465, 0.5524409413337708, 0.7421259880065918, 0.8325197100639343, 0.8668504357337952, 0.8803937435150146, 0.8914173245429993, 0.8978740572929382, 0.9044094681739807, 0.9077953100204468], "val_loss": [0.6889811158180237, 0.676101803779602, 0.6497029066085815, 0.6081644296646118, 0.5563467741012573, 0.5005342364311218, 0.44761455059051514, 0.40056151151657104, 0.36067983508110046, 0.3270980417728424], "val_accuracy": [0.5237656235694885, 0.6580526232719421, 0.8218736052513123, 0.8518689870834351, 0.8703276515007019, 0.8850946426391602, 0.8957083821296692, 0.9012460112571716, 0.9095523953437805, 0.9118597507476807]}