{"loss": [0.6850458979606628, 0.6591057181358337, 0.6349740624427795, 0.6039614081382751, 0.5667162537574768, 0.525654137134552, 0.4833744168281555, 0.4425816833972931, 0.40456151962280273, 0.37040236592292786], "accuracy": [0.6075437664985657, 0.7473589181900024, 0.8248597383499146, 0.880571186542511, 0.9021955132484436, 0.9108617305755615, 0.9164741039276123, 0.9205183982849121, 0.9233245849609375, 0.925553023815155], "val_loss": [0.6692894697189331, 0.6484251618385315, 0.6207595467567444, 0.5863742232322693, 0.5476396083831787, 0.5061601996421814, 0.4650772511959076, 0.4268277585506439, 0.3923177123069763, 0.36197271943092346], "val_accuracy": [0.7192807197570801, 0.7502497434616089, 0.867132842540741, 0.8861138820648193, 0.8906093835830688, 0.9000998735427856, 0.9060938954353333, 0.9080919027328491, 0.9105893969535828, 0.914085865020752]}