{"loss": [0.7111603617668152, 0.6764953136444092, 0.657636821269989, 0.6325843334197998, 0.6000370383262634, 0.5615598559379578, 0.5197817087173462, 0.47631731629371643, 0.4320232570171356, 0.3883952796459198], "accuracy": [0.5054049491882324, 0.5292836427688599, 0.701435923576355, 0.7873507738113403, 0.8309938311576843, 0.8825427293777466, 0.9038399457931519, 0.9241690635681152, 0.9344949722290039, 0.9413520097732544], "val_loss": [0.6854622960090637, 0.6664436459541321, 0.6446859240531921, 0.6146727800369263, 0.578330934047699, 0.5366219282150269, 0.4939954876899719, 0.44900965690612793, 0.4046481251716614, 0.3626362383365631], "val_accuracy": [0.5044161081314087, 0.671737015247345, 0.7855740785598755, 0.8243376016616821, 0.9013739228248596, 0.91167813539505, 0.9391560554504395, 0.9450441598892212, 0.9504415988922119, 0.9558390378952026]}