{"loss": [34.365047454833984, 13.878939628601074, 7.573559761047363, 4.630538463592529, 3.3484408855438232, 2.6759841442108154, 2.129655599594116, 1.6490122079849243, 1.2115974426269531, 0.863999605178833], "accuracy": [0.49821561574935913, 0.7240434885025024, 0.7864553332328796, 0.8273715972900391, 0.857166588306427, 0.8748443722724915, 0.8834758400917053, 0.8878745436668396, 0.8857996463775635, 0.8865466117858887], "val_loss": [18.65289306640625, 9.801619529724121, 5.624039649963379, 3.7663023471832275, 2.96362566947937, 2.3014020919799805, 1.8227962255477905, 1.3635458946228027, 0.9378633499145508, 0.6545093655586243], "val_accuracy": [0.6788618564605713, 0.7383130788803101, 0.7952236533164978, 0.837906539440155, 0.8683943748474121, 0.8770325779914856, 0.8846545219421387, 0.8816057443618774, 0.8938008546829224, 0.8892276883125305]}