{"loss": [8.06237506866455, 3.869126319885254, 3.0405776500701904, 2.5757901668548584, 2.244356393814087, 1.9436434507369995, 1.6631003618240356, 1.3956221342086792, 1.1334831714630127, 0.8616188764572144], "accuracy": [0.9560552835464478, 0.9779084324836731, 0.9815638661384583, 0.983550488948822, 0.9840273261070251, 0.9845835566520691, 0.9853782057762146, 0.9855371713638306, 0.9861729145050049, 0.9861729145050049], "val_loss": [3.741293430328369, 2.5427963733673096, 2.093942165374756, 1.7629306316375732, 1.4779161214828491, 1.221372127532959, 1.0087172985076904, 0.8331750631332397, 0.6456199288368225, 0.47190889716148376], "val_accuracy": [0.9730751514434814, 0.9825224876403809, 0.9853566884994507, 0.9844119548797607, 0.9863014221191406, 0.9872461557388306, 0.9877185225486755, 0.9853566884994507, 0.9863014221191406, 0.9872461557388306]}