{"loss": [0.7524255514144897, 0.7002010345458984, 0.6932121515274048, 0.690115213394165, 0.6868070960044861, 0.6829846501350403, 0.6787762641906738, 0.6742331385612488, 0.6697466373443604, 0.665189802646637], "accuracy": [0.487064003944397, 0.4840347170829773, 0.5167840123176575, 0.5438022017478943, 0.5749140381813049, 0.5939905047416687, 0.6255935430526733, 0.6356639862060547, 0.6369739770889282, 0.6444244384765625], "val_loss": [0.708237886428833, 0.6963467001914978, 0.693321704864502, 0.6900073885917664, 0.6859439015388489, 0.6810585260391235, 0.6762514710426331, 0.6714608669281006, 0.6664103269577026, 0.6615771055221558], "val_accuracy": [0.4953363239765167, 0.48257243633270264, 0.4987727403640747, 0.5331370234489441, 0.5738832354545593, 0.6141384840011597, 0.6210113167762756, 0.6372116208076477, 0.6381934881210327, 0.6455572247505188]}