{"accuracy": [0.63, 0.92, 0.95, 0.97, 0.98, 0.98, 0.98, 0.99, 0.99, 0.99], "val_accuracy": [0.856, 0.913, 0.91, 0.926, 0.938, 0.942, 0.943, 0.944, 0.943, 0.942], "loss": [95.04800000000002, 36.12800000000001, 28.003999999999998, 27.144000000000005, 26.41999999999999, 25.391999999999996, 24.108000000000008, 23.364000000000004, 22.731999999999992, 23.692000000000007], "val_loss": [469.94400000000036, 345.6960000000005, 334.1680000000003, 326.14400000000074, 314.3200000000007, 307.62400000000054, 310.28800000000047, 294.4880000000006, 288.7360000000008, 281.2040000000002]}