{"loss": [0.7142928838729858, 0.6452962160110474, 0.5553019642829895, 0.4485704302787781, 0.3572484254837036, 0.29024162888526917, 0.2422138750553131, 0.2074432522058487, 0.18179534375667572, 0.16262342035770416], "accuracy": [0.44183605909347534, 0.7134559154510498, 0.8622942566871643, 0.9282833337783813, 0.9495804905891418, 0.9593417048454285, 0.9628912210464478, 0.9651500582695007, 0.966198742389679, 0.9666021466255188], "val_loss": [0.6722550392150879, 0.599190890789032, 0.4959736764431, 0.3945291042327881, 0.3165261149406433, 0.26037079095840454, 0.21997486054897308, 0.19014570116996765, 0.16836893558502197, 0.1514708697795868], "val_accuracy": [0.6496565341949463, 0.8341511487960815, 0.9263984560966492, 0.9582924246788025, 0.96467125415802, 0.9685966372489929, 0.9695780277252197, 0.9710500240325928, 0.9705593585968018, 0.9700686931610107]}