{"loss": [0.4142712354660034, 0.2759222686290741, 0.20526452362537384, 0.15998995304107666, 0.1272660493850708, 0.10673537850379944, 0.08966109901666641, 0.07443095743656158, 0.06380972266197205, 0.05400204658508301], "accuracy": [0.9627304077148438, 0.9917355179786682, 0.9928480386734009, 0.9936426877975464, 0.9944373369216919, 0.9927685856819153, 0.9920533895492554, 0.9940400123596191, 0.9940400123596191, 0.9953114986419678], "val_loss": [0.3221997916698456, 0.23262852430343628, 0.17298637330532074, 0.13628540933132172, 0.10986848920583725, 0.09107455611228943, 0.08029739558696747, 0.06406322121620178, 0.05110512301325798, 0.044689930975437164], "val_accuracy": [0.9933869242668152, 0.9938592910766602, 0.9976382255554199, 0.997165858745575, 0.9976382255554199, 0.996221125125885, 0.9943316578865051, 0.996221125125885, 0.9981105923652649, 0.9976382255554199]}