{"loss": [0.5907390117645264, 0.4747037887573242, 0.40996119379997253, 0.3624270558357239, 0.3247414529323578, 0.29391923546791077, 0.2682110369205475, 0.24638165533542633, 0.22762823104858398, 0.21141333878040314], "accuracy": [0.6127962470054626, 0.9269352555274963, 0.9859400391578674, 0.98467618227005, 0.982622504234314, 0.9815166592597961, 0.9808847308158875, 0.9819115996360779, 0.9813586473464966, 0.9816746115684509], "val_loss": [0.5029869079589844, 0.42516762018203735, 0.3713931441307068, 0.32942432165145874, 0.29536473751068115, 0.26729103922843933, 0.24284043908119202, 0.22260017693042755, 0.2047460377216339, 0.18961702287197113], "val_accuracy": [0.8547539710998535, 0.9885331988334656, 0.991399884223938, 0.9870998859405518, 0.9847109317779541, 0.9837554097175598, 0.9851887226104736, 0.9851887226104736, 0.9870998859405518, 0.9866220951080322]}