{"loss": [0.6941901445388794, 0.6699187159538269, 0.6442977786064148, 0.608550488948822, 0.5665806531906128, 0.5221107602119446, 0.4784349203109741, 0.43803656101226807, 0.4021797478199005, 0.3715572655200958], "accuracy": [0.535376787185669, 0.535376787185669, 0.543635368347168, 0.65449059009552, 0.7797189354896545, 0.846660852432251, 0.8803303837776184, 0.89613276720047, 0.903359055519104, 0.9061383605003357], "val_loss": [0.6781724095344543, 0.6566515564918518, 0.6235906481742859, 0.5821120738983154, 0.5359347462654114, 0.49058446288108826, 0.4473991096019745, 0.4073794186115265, 0.3735719621181488, 0.3446686267852783], "val_accuracy": [0.5381697416305542, 0.5381697416305542, 0.5993362069129944, 0.7743006348609924, 0.8677098155021667, 0.9027975797653198, 0.9146515130996704, 0.9193931221961975, 0.9151256680488586, 0.9151256680488586]}