{"loss": [0.6744890213012695, 0.5597968697547913, 0.475538969039917, 0.4121361970901489, 0.363463819026947, 0.3251532018184662, 0.2942692041397095, 0.26893970370292664, 0.24777548015117645, 0.22983604669570923], "accuracy": [0.613909900188446, 0.9651423692703247, 0.9720308780670166, 0.9663872718811035, 0.9628185033798218, 0.9599967002868652, 0.9601626992225647, 0.9618225693702698, 0.961573600769043, 0.9624035358428955], "val_loss": [0.6063262820243835, 0.502688467502594, 0.4257934093475342, 0.36719056963920593, 0.3223269283771515, 0.286918967962265, 0.258334755897522, 0.23427000641822815, 0.21448253095149994, 0.19769658148288727], "val_accuracy": [0.8917683362960815, 0.9842480421066284, 0.9771342277526855, 0.9664635062217712, 0.9664635062217712, 0.9664635062217712, 0.9674797654151917, 0.9664635062217712, 0.9664635062217712, 0.9664635062217712]}