{"loss": [0.7203278541564941, 0.6870700120925903, 0.647286057472229, 0.5754311680793762, 0.4813630282878876, 0.3925181031227112, 0.3211354613304138, 0.2672274112701416, 0.2269192337989807, 0.19652482867240906], "accuracy": [0.4364149272441864, 0.5528948903083801, 0.7743093967437744, 0.8994269967079163, 0.9462071061134338, 0.9598904848098755, 0.9637389779090881, 0.9645941853523254, 0.965705931186676, 0.9664756655693054], "val_loss": [0.6985902786254883, 0.667216420173645, 0.6114209294319153, 0.52283775806427, 0.4286864697933197, 0.34911608695983887, 0.28759196400642395, 0.2412092685699463, 0.20597732067108154, 0.17886623740196228], "val_accuracy": [0.4718813896179199, 0.7111451625823975, 0.8767893314361572, 0.942740261554718, 0.9611451625823975, 0.966257631778717, 0.9677913784980774, 0.9698363542556763, 0.9688138961791992, 0.9703476428985596]}