{"loss": [0.803367555141449, 0.6048098802566528, 0.4996103346347809, 0.43283596634864807, 0.38462376594543457, 0.3474522531032562, 0.3176669180393219, 0.2931545376777649, 0.27250733971595764, 0.2548667788505554], "accuracy": [0.5015589594841003, 0.6400101184844971, 0.871323823928833, 0.9595516920089722, 0.9750568866729736, 0.9766579866409302, 0.9768264889717102, 0.9768264889717102, 0.9767422080039978, 0.9768264889717102], "val_loss": [0.6619610786437988, 0.5246269702911377, 0.4442017376422882, 0.3888809084892273, 0.3471023142337799, 0.31407979130744934, 0.28772157430648804, 0.2655576765537262, 0.24713832139968872, 0.23079001903533936], "val_accuracy": [0.5297407507896423, 0.8444331884384155, 0.9410269856452942, 0.9715303182601929, 0.974072277545929, 0.9730554819107056, 0.9755974411964417, 0.9755974411964417, 0.9755974411964417, 0.9750890135765076]}