{"accuracy": [0.71, 0.87, 0.89, 0.88, 0.89, 0.88, 0.86, 0.89, 0.88, 0.91], "val_accuracy": [0.811, 0.831, 0.836, 0.835, 0.843, 0.842, 0.851, 0.851, 0.855, 0.846], "loss": [74.97599999999998, 46.91599999999998, 43.05599999999998, 39.279999999999994, 38.50399999999999, 36.87599999999998, 36.56399999999999, 35.39199999999998, 35.56000000000001, 35.82], "val_loss": [600.8960000000001, 555.948000000001, 503.1960000000008, 492.58400000000034, 483.4640000000004, 491.4880000000001, 476.4320000000006, 477.8320000000007, 480.44800000000055, 492.51200000000074]}