{"loss": [0.5895907878875732, 0.5017454624176025, 0.43605270981788635, 0.37942907214164734, 0.3300293982028961, 0.2877589464187622, 0.25493836402893066, 0.22334162890911102, 0.19892460107803345, 0.17553384602069855], "accuracy": [0.9580804705619812, 0.9918051958084106, 0.9896776676177979, 0.9912536144256592, 0.9935386776924133, 0.9948782324790955, 0.9932234883308411, 0.9947994351387024, 0.9938538670539856, 0.9947994351387024], "val_loss": [0.5404868721961975, 0.4656766355037689, 0.40360212326049805, 0.3524725139141083, 0.3060215413570404, 0.2692778706550598, 0.23849619925022125, 0.21108420193195343, 0.18514271080493927, 0.16592048108577728], "val_accuracy": [0.9878731369972229, 0.9916044473648071, 0.9939365386962891, 0.9930037260055542, 0.9958022236824036, 0.9948693513870239, 0.9939365386962891, 0.9939365386962891, 0.9953358173370361, 0.9944029450416565]}