{"loss": [0.6696131825447083, 0.5125332474708557, 0.413673996925354, 0.347564697265625, 0.3006681203842163, 0.26572978496551514, 0.23862197995185852, 0.2170601636171341, 0.19944536685943604, 0.18479207158088684], "accuracy": [0.6117520332336426, 0.8775832056999207, 0.915843665599823, 0.9349323511123657, 0.9436467885971069, 0.9476305246353149, 0.953274130821228, 0.9580878019332886, 0.9604946374893188, 0.9621545672416687], "val_loss": [0.5657876133918762, 0.4369264245033264, 0.3540925681591034, 0.29693371057510376, 0.2559921443462372, 0.2252766489982605, 0.20125582814216614, 0.1815657615661621, 0.1657407134771347, 0.1524471789598465], "val_accuracy": [0.875508189201355, 0.9319106340408325, 0.9486789107322693, 0.9522358179092407, 0.9568090438842773, 0.9623984694480896, 0.9644309878349304, 0.9664635062217712, 0.9684960246086121, 0.9679878950119019]}