{"loss": [0.6722400188446045, 0.6459143161773682, 0.6117346882820129, 0.5684314370155334, 0.5212734341621399, 0.4758884906768799, 0.43464574217796326, 0.3991151750087738, 0.36914902925491333, 0.34434497356414795], "accuracy": [0.7046075463294983, 0.8169410228729248, 0.8571428656578064, 0.874762237071991, 0.8803871870040894, 0.8836132287979126, 0.8860121369361877, 0.8879973888397217, 0.8893209099769592, 0.8894863128662109], "val_loss": [0.65816330909729, 0.627976655960083, 0.5868938565254211, 0.5394203662872314, 0.49162936210632324, 0.44778555631637573, 0.41019055247306824, 0.3775228261947632, 0.35121995210647583, 0.3296806514263153], "val_accuracy": [0.7997061610221863, 0.8442702889442444, 0.8751224279403687, 0.8765915632247925, 0.8790401220321655, 0.8849167227745056, 0.8839372992515564, 0.8888344764709473, 0.8907933235168457, 0.8932418823242188]}