{"loss": [0.4392818808555603, 0.23821485042572021, 0.1902763843536377, 0.1590806394815445, 0.13975483179092407, 0.12938015162944794, 0.11606146395206451, 0.10886511206626892, 0.10630041360855103, 0.09054730832576752], "accuracy": [0.8846978545188904, 0.9651393890380859, 0.9604542255401611, 0.9658540487289429, 0.9660922884941101, 0.9715715050697327, 0.9745891094207764, 0.9675216674804688, 0.9696657061576843, 0.9782419204711914], "val_loss": [0.25835809111595154, 0.1909380853176117, 0.16229002177715302, 0.12306215614080429, 0.10983911901712418, 0.09143640846014023, 0.10165470093488693, 0.086128830909729, 0.0758165493607521, 0.06817703694105148], "val_accuracy": [0.9639639854431152, 0.9834044575691223, 0.9838786721229553, 0.9848269820213318, 0.9848269820213318, 0.9876719117164612, 0.9668089151382446, 0.9691797494888306, 0.9895685315132141, 0.9876719117164612]}