{"loss": [0.6644455194473267, 0.6104941368103027, 0.5386666059494019, 0.45731493830680847, 0.3820531666278839, 0.3210285007953644, 0.27446964383125305, 0.23934641480445862, 0.2130080759525299, 0.19322332739830017], "accuracy": [0.7125387191772461, 0.9012944102287292, 0.9459223747253418, 0.9517986178398132, 0.9539427161216736, 0.9539427161216736, 0.9553720355033875, 0.9556102752685547, 0.9560073018074036, 0.9556102752685547], "val_loss": [0.640233039855957, 0.576968252658844, 0.49475279450416565, 0.41127723455429077, 0.33985817432403564, 0.2839626371860504, 0.24179555475711823, 0.20950858294963837, 0.1856229305267334, 0.16693687438964844], "val_accuracy": [0.8786154985427856, 0.9464201331138611, 0.9577999114990234, 0.9644381403923035, 0.9653864502906799, 0.9658606052398682, 0.9653864502906799, 0.9658606052398682, 0.9639639854431152, 0.9653864502906799]}