{"loss": [0.7664773464202881, 0.7101438641548157, 0.6771510243415833, 0.657958447933197, 0.6471909880638123, 0.6409401893615723, 0.6373646259307861, 0.6353248357772827, 0.6340882182121277, 0.6334137916564941], "accuracy": [0.40720245242118835, 0.4451969861984253, 0.5784257054328918, 0.617824375629425, 0.6275708079338074, 0.6338481903076172, 0.6364912986755371, 0.6374824643135071, 0.6416949033737183, 0.6399603486061096], "val_loss": [0.7339833974838257, 0.6904770135879517, 0.664152979850769, 0.6487168669700623, 0.639775812625885, 0.6344500780105591, 0.6312306523323059, 0.6293010115623474, 0.6280403733253479, 0.6272710561752319], "val_accuracy": [0.4069651961326599, 0.5358209013938904, 0.6169154644012451, 0.630348265171051, 0.6447761654853821, 0.6482587456703186, 0.6507462859153748, 0.6532338857650757, 0.6482587456703186, 0.6537313461303711]}