{"loss": [178.8695526123047, 46.23577117919922, 8.29771900177002, 2.0587637424468994, 1.005071997642517, 0.6538326740264893, 0.4966258406639099, 0.3966147005558014, 0.32508718967437744, 0.27147597074508667], "accuracy": [0.4833572208881378, 0.621976912021637, 0.7739951014518738, 0.921631395816803, 0.9628381133079529, 0.9782590270042419, 0.9838206768035889, 0.9865172505378723, 0.9872756600379944, 0.989045262336731], "val_loss": [83.54419708251953, 17.081666946411133, 3.3002607822418213, 1.4782168865203857, 0.9126071929931641, 0.6833230257034302, 0.5574076771736145, 0.46791544556617737, 0.40173453092575073, 0.35648852586746216], "val_accuracy": [0.5592272877693176, 0.6685308218002319, 0.879003643989563, 0.9445857405662537, 0.9649212956428528, 0.9725471138954163, 0.9766141772270203, 0.9791561365127563, 0.980681300163269, 0.9842400550842285]}