{"loss": [0.7237375974655151, 0.6748747229576111, 0.6510754227638245, 0.6185532212257385, 0.574903666973114, 0.5231777429580688, 0.4685993790626526, 0.415685772895813, 0.3671056926250458, 0.32429230213165283], "accuracy": [0.5120688080787659, 0.5120688080787659, 0.5291071534156799, 0.6561430096626282, 0.8039755821228027, 0.8881650567054749, 0.9259166717529297, 0.9424538612365723, 0.9548985362052917, 0.9599097967147827], "val_loss": [0.6892695426940918, 0.6632768511772156, 0.6348174810409546, 0.5943014025688171, 0.543097734451294, 0.486461877822876, 0.4299168586730957, 0.37732625007629395, 0.33004555106163025, 0.28940123319625854], "val_accuracy": [0.5070281624794006, 0.507530152797699, 0.593875527381897, 0.7665663361549377, 0.8815261721611023, 0.9332330226898193, 0.9538153409957886, 0.9688755869865417, 0.9713855981826782, 0.972891628742218]}