{"loss": [31.88174057006836, 2.2945375442504883, 1.3530443906784058, 1.0040379762649536, 0.8159542083740234, 0.6962578296661377, 0.6072080731391907, 0.5547555088996887, 0.49668410420417786, 0.46416038274765015], "accuracy": [0.6190363764762878, 0.934913158416748, 0.961295485496521, 0.9715640544891357, 0.9765403270721436, 0.9797788858413696, 0.9822275638580322, 0.9830174446105957, 0.9843602180480957, 0.9857030510902405], "val_loss": [3.1579606533050537, 1.4488513469696045, 0.9426291584968567, 0.8182657361030579, 0.7243582010269165, 0.5448673367500305, 0.6205103397369385, 0.4818874001502991, 0.42806699872016907, 0.4317494034767151], "val_accuracy": [0.9168657660484314, 0.957477331161499, 0.9722886085510254, 0.9751552939414978, 0.9789775609970093, 0.9789775609970093, 0.9818442463874817, 0.9851887226104736, 0.9851887226104736, 0.9861443042755127]}