{"loss": [11.591431617736816, 1.3364592790603638, 0.8843742609024048, 0.6361110806465149, 0.48005369305610657, 0.4028501808643341, 0.35139068961143494, 0.3171907365322113, 0.27524954080581665, 0.2539038062095642], "accuracy": [0.8804880380630493, 0.9515312314033508, 0.9568428993225098, 0.9584197998046875, 0.9712839126586914, 0.9761806130409241, 0.976097583770752, 0.9755996465682983, 0.9754336476325989, 0.9754336476325989], "val_loss": [1.3366416692733765, 0.7144452333450317, 0.4510570764541626, 0.298502653837204, 0.2575666904449463, 0.23811189830303192, 0.22340649366378784, 0.19915398955345154, 0.22970092296600342, 0.20103256404399872], "val_accuracy": [0.9461382627487183, 0.9547765254974365, 0.9593496918678284, 0.960874080657959, 0.9786586165428162, 0.978150486946106, 0.9786586165428162, 0.978150486946106, 0.9766260981559753, 0.9761179685592651]}