{"loss": [0.7774328589439392, 0.739391028881073, 0.7266495823860168, 0.7203612923622131, 0.7149319052696228, 0.7096642851829529, 0.7045527100563049, 0.6996894478797913, 0.6950076818466187, 0.6906432509422302, 0.6865487098693848, 0.6827536225318909, 0.6792306900024414, 0.6760214567184448, 0.6730583906173706], "accuracy": [0.4838436245918274, 0.41582566499710083, 0.3869052827358246, 0.37723690271377563, 0.3827495872974396, 0.38665086030960083, 0.39233314990997314, 0.45543214678764343, 0.49546265602111816, 0.5139513611793518, 0.5675515532493591, 0.598168134689331, 0.6063099503517151, 0.6092783212661743, 0.6140276789665222], "val_loss": [0.7609216570854187, 0.7381249666213989, 0.728729248046875, 0.7220879793167114, 0.7156363129615784, 0.7095334529876709, 0.7035966515541077, 0.6979764699935913, 0.692659318447113, 0.6877092123031616, 0.6830632090568542, 0.6787864565849304, 0.6748718619346619, 0.6712206602096558, 0.6679080724716187], "val_accuracy": [0.44098442792892456, 0.388749361038208, 0.37368157505989075, 0.3656454086303711, 0.3706679940223694, 0.37719738483428955, 0.398794561624527, 0.4876946210861206, 0.4932194948196411, 0.5359116196632385, 0.5986941456794739, 0.6077347993850708, 0.6122551560401917, 0.6202912926673889, 0.6217980980873108]}