{"accuracy": [0.74, 0.93, 0.93, 0.95, 0.94, 0.96, 0.94, 0.96, 0.94, 0.95], "val_accuracy": [0.923, 0.933, 0.936, 0.936, 0.937, 0.934, 0.939, 0.936, 0.931, 0.938], "loss": [75.384, 30.77599999999999, 27.90000000000002, 28.444000000000006, 27.064000000000007, 27.336, 26.636000000000003, 26.17200000000001, 28.268000000000004, 26.920000000000005], "val_loss": [368.6440000000006, 312.61200000000053, 301.84800000000024, 288.0120000000002, 276.86400000000015, 279.2200000000005, 277.52000000000027, 280.8080000000002, 278.2840000000004, 276.13600000000065]}