{"accuracy": [0.54, 0.88, 0.89, 0.89, 0.89, 0.89, 0.89, 0.92, 0.92, 0.94], "val_accuracy": [0.866, 0.866, 0.859, 0.867, 0.875, 0.882, 0.896, 0.909, 0.93, 0.94], "loss": [107.17999999999999, 42.872, 40.1, 39.84000000000002, 38.959999999999994, 37.43599999999999, 36.575999999999986, 33.34799999999999, 32.108, 30.180000000000007], "val_loss": [485.7240000000001, 449.06799999999976, 447.82800000000105, 448.08799999999997, 441.1840000000004, 415.0760000000001, 396.8560000000002, 382.08800000000053, 357.0960000000001, 334.9760000000003]}