{"loss": [0.5277713537216187, 0.4674721360206604, 0.420118510723114, 0.3820509612560272, 0.3507842719554901, 0.3245247006416321, 0.302038311958313, 0.28264328837394714, 0.2656005620956421, 0.2505030333995819], "accuracy": [0.6754917502403259, 0.785542368888855, 0.8648850321769714, 0.9073781967163086, 0.9276288747787476, 0.9380031824111938, 0.9482114911079407, 0.9571748971939087, 0.961573600769043, 0.9641464352607727], "val_loss": [0.47406795620918274, 0.4196646213531494, 0.3765075206756592, 0.3415015935897827, 0.31289276480674744, 0.2888331413269043, 0.26847344636917114, 0.25037387013435364, 0.23462016880512238, 0.2207687646150589], "val_accuracy": [0.7870935797691345, 0.8760163187980652, 0.9161586165428162, 0.9329268932342529, 0.9481707811355591, 0.9563009142875671, 0.9639228582382202, 0.9674797654151917, 0.9710366725921631, 0.9725610613822937]}