{"loss": [0.9057875275611877, 0.7763416171073914, 0.6698772311210632, 0.582038402557373, 0.5099500417709351, 0.4503820538520813, 0.4007856249809265, 0.35924142599105835, 0.3239617347717285, 0.2937561571598053], "accuracy": [0.05244754999876022, 0.011522567830979824, 0.6583756804466248, 0.9519230723381042, 0.9673394560813904, 0.9762396216392517, 0.983709454536438, 0.9849808812141418, 0.9873648881912231, 0.9879211187362671], "val_loss": [0.8353575468063354, 0.7195453643798828, 0.6233755350112915, 0.5444883108139038, 0.47939127683639526, 0.425230473279953, 0.3800264596939087, 0.3418108820915222, 0.3092085123062134, 0.280952125787735], "val_accuracy": [0.007557865232229233, 0.061880022287368774, 0.9272555708885193, 0.9527633786201477, 0.9697685837745667, 0.9848843216896057, 0.9877185225486755, 0.9891356229782104, 0.9896079897880554, 0.9905527234077454]}