{"loss": [0.6939643025398254, 0.6745564937591553, 0.6522313356399536, 0.6220690608024597, 0.5833384990692139, 0.5374736189842224, 0.4879706799983978, 0.43820565938949585, 0.3909839689731598, 0.3482581377029419], "accuracy": [0.5220485925674438, 0.8403010964393616, 0.8888980150222778, 0.9110693335533142, 0.924077570438385, 0.933404266834259, 0.938640296459198, 0.941912829875946, 0.9451853036880493, 0.946330726146698], "val_loss": [0.6838147640228271, 0.6645210385322571, 0.6385045647621155, 0.6045463681221008, 0.5621103644371033, 0.5141823887825012, 0.465086430311203, 0.4168199300765991, 0.3732030689716339, 0.3337162733078003], "val_accuracy": [0.6398058533668518, 0.8864077925682068, 0.9038835167884827, 0.9145631194114685, 0.9266990423202515, 0.9339805841445923, 0.9393203854560852, 0.9422330260276794, 0.9422330260276794, 0.9446601867675781]}