{"accuracy": [0.74, 0.84, 0.87, 0.95, 0.97, 0.98, 0.98, 0.99, 1.0, 0.99], "val_accuracy": [0.823, 0.869, 0.937, 0.978, 0.98, 0.98, 0.981, 0.978, 0.977, 0.975], "loss": [69.80000000000003, 44.35599999999998, 36.232, 25.02399999999999, 21.88000000000001, 21.272000000000006, 20.808000000000007, 20.036000000000005, 20.416000000000004, 20.563999999999997], "val_loss": [518.8920000000005, 432.4840000000008, 333.0800000000008, 267.156, 249.6800000000006, 256.6960000000001, 245.524, 237.30400000000026, 244.56000000000037, 247.31200000000047]}