{"loss": [188.86766052246094, 14.259599685668945, 1.606506109237671, 0.948567807674408, 0.6992118954658508, 0.5818743109703064, 0.5356775522232056, 0.4699687063694, 0.4225517809391022, 0.36096781492233276], "accuracy": [0.3869662284851074, 0.7450235486030579, 0.8858511447906494, 0.8967539668083191, 0.898405909538269, 0.9148426651954651, 0.9427604079246521, 0.9404476881027222, 0.9395391345024109, 0.9367308020591736], "val_loss": [59.61089324951172, 2.044492721557617, 1.0668045282363892, 0.739393949508667, 0.6243643760681152, 0.6040695309638977, 0.5158867239952087, 0.48695245385169983, 0.39768582582473755, 0.35515740513801575], "val_accuracy": [0.5218905806541443, 0.8776119947433472, 0.89552241563797, 0.8970149755477905, 0.8990049958229065, 0.9532338976860046, 0.9457712173461914, 0.9497513175010681, 0.9477612376213074, 0.9472637176513672]}