{"loss": [0.7244058847427368, 0.6812396049499512, 0.666679322719574, 0.6486220955848694, 0.6235873103141785, 0.5922703146934509, 0.556592583656311, 0.5189014077186584, 0.4814832806587219, 0.44593149423599243], "accuracy": [0.5186895132064819, 0.5186895132064819, 0.5192222595214844, 0.5676107406616211, 0.7110894322395325, 0.790819525718689, 0.849507212638855, 0.8780964016914368, 0.8933676481246948, 0.9008257389068604], "val_loss": [0.6893545389175415, 0.6714021563529968, 0.6548197269439697, 0.630980908870697, 0.5998430252075195, 0.5633013248443604, 0.5238751769065857, 0.48454466462135315, 0.4463650584220886, 0.4115729331970215], "val_accuracy": [0.5240128040313721, 0.5240128040313721, 0.5373532176017761, 0.6696904897689819, 0.8046958446502686, 0.8783351182937622, 0.9098185300827026, 0.9183564186096191, 0.9188900589942932, 0.9188900589942932]}