{"loss": [0.7113276720046997, 0.6449123620986938, 0.6076669096946716, 0.5589865446090698, 0.5002286434173584, 0.4409238398075104, 0.38852202892303467, 0.3449172377586365, 0.3100171685218811, 0.2820121943950653], "accuracy": [0.5003779530525208, 0.5913328528404236, 0.8233811855316162, 0.8741076588630676, 0.8993868827819824, 0.9129083752632141, 0.9208868741989136, 0.9249181151390076, 0.9279415607452393, 0.9294532537460327], "val_loss": [0.6627304553985596, 0.6258326768875122, 0.5824530124664307, 0.5255788564682007, 0.46299034357070923, 0.40451833605766296, 0.35546013712882996, 0.3158232569694519, 0.2843838930130005, 0.2588907480239868], "val_accuracy": [0.5056345462799072, 0.7413033246994019, 0.8525233268737793, 0.890739917755127, 0.9113180637359619, 0.9230769872665405, 0.9289564490318298, 0.9289564490318298, 0.9299363493919373, 0.9314062595367432]}