{"loss": [0.6735677719116211, 0.5578925013542175, 0.4898563623428345, 0.4332004189491272, 0.3853624761104584, 0.34486910700798035, 0.31045567989349365, 0.2810679078102112, 0.2557298243045807, 0.2337486892938614], "accuracy": [0.5037348866462708, 0.8412269353866577, 0.9709948897361755, 0.9844246506690979, 0.9867291450500488, 0.9877622127532959, 0.9884774088859558, 0.9888747334480286, 0.9895104765892029, 0.9896693825721741], "val_loss": [0.6001055240631104, 0.5219252109527588, 0.46036094427108765, 0.40847834944725037, 0.3644464612007141, 0.3269962966442108, 0.2951103746891022, 0.26764366030693054, 0.24388118088245392, 0.22301900386810303], "val_accuracy": [0.6334435939788818, 0.9555975794792175, 0.9863014221191406, 0.9881908893585205, 0.9896079897880554, 0.9924421906471252, 0.9924421906471252, 0.9924421906471252, 0.9924421906471252, 0.9929145574569702]}