{"accuracy": [0.94, 0.94, 0.93, 0.95, 0.94], "val_accuracy": [0.91, 0.912, 0.914, 0.914, 0.916], "loss": [2.179816426202866, 1.4928806336707143, 1.5515851730977201, 1.5599366906889762, 1.5545614127674097], "val_loss": [16.010626446122505, 16.51440977394388, 18.119023475871103, 16.318363513783353, 17.43124282355591]}