{"loss": [0.694037675857544, 0.5875012874603271, 0.5115867853164673, 0.45177343487739563, 0.4039666950702667, 0.3652442991733551, 0.3332820534706116, 0.30654218792915344, 0.28398919105529785, 0.26475009322166443], "accuracy": [0.6373524069786072, 0.8353301286697388, 0.8591214418411255, 0.8891155123710632, 0.9098479151725769, 0.9199592471122742, 0.9341490864753723, 0.9410315752029419, 0.9509729146957397, 0.958365261554718], "val_loss": [0.6261506676673889, 0.5344676971435547, 0.4639139473438263, 0.4079730808734894, 0.3630848526954651, 0.32707542181015015, 0.2968890964984894, 0.2720232307910919, 0.25044718384742737, 0.23240162432193756], "val_accuracy": [0.8907867670059204, 0.8944099545478821, 0.9171842932701111, 0.9321946501731873, 0.9420289993286133, 0.9544513821601868, 0.9596273303031921, 0.9658385515213013, 0.968426525592804, 0.9730849266052246]}