{"accuracy": [0.79, 0.91, 0.94, 0.97, 0.97, 0.97, 0.97, 0.96, 0.96, 0.97], "val_accuracy": [0.894, 0.924, 0.942, 0.952, 0.95, 0.953, 0.951, 0.948, 0.949, 0.945], "loss": [65.59199999999997, 37.604000000000006, 33.48000000000001, 26.96, 25.187999999999995, 23.276000000000014, 23.072, 22.535999999999994, 22.799999999999997, 22.488], "val_loss": [409.1960000000007, 353.58400000000097, 300.1720000000005, 277.22000000000025, 284.2720000000006, 278.5880000000003, 287.69200000000063, 290.2480000000005, 291.2520000000002, 316.8000000000004]}