{"loss": [0.45462632179260254, 0.3313182294368744, 0.2607158124446869, 0.21120265126228333, 0.16939161717891693, 0.1443510800600052, 0.1255016028881073, 0.1062675267457962, 0.09347981959581375, 0.07666902244091034], "accuracy": [0.9478007555007935, 0.9788635969161987, 0.986907422542572, 0.9882765412330627, 0.9910148978233337, 0.9904158711433411, 0.9853671193122864, 0.9901591539382935, 0.9883621335029602, 0.9923840165138245], "val_loss": [0.3749978542327881, 0.29812365770339966, 0.23887066543102264, 0.18678976595401764, 0.16138191521167755, 0.14182423055171967, 0.1237935945391655, 0.10606484860181808, 0.10325296223163605, 0.0826282799243927], "val_accuracy": [0.9744791984558105, 0.9864583611488342, 0.9869792461395264, 0.9932292103767395, 0.9848958849906921, 0.9828125238418579, 0.9828125238418579, 0.9864583611488342, 0.9838542342185974, 0.9885417222976685]}