{"loss": [0.6706318855285645, 0.6519232988357544, 0.627165675163269, 0.5965636968612671, 0.5621953010559082, 0.5270288586616516, 0.4933248460292816, 0.4628235101699829, 0.4362250566482544, 0.4136294722557068], "accuracy": [0.6836087703704834, 0.8463528752326965, 0.8584543466567993, 0.8615423440933228, 0.8607077598571777, 0.8627942204475403, 0.8637122511863708, 0.8633784055709839, 0.8636288046836853, 0.8628776669502258], "val_loss": [0.6570501923561096, 0.6333962678909302, 0.6022540330886841, 0.5664493441581726, 0.5279762148857117, 0.4908885359764099, 0.456712007522583, 0.42687779664993286, 0.4015238583087921, 0.3802856504917145], "val_accuracy": [0.8397177457809448, 0.8603830337524414, 0.8704636693000793, 0.8694556355476379, 0.8729838728904724, 0.8699596524238586, 0.8699596524238586, 0.8709677457809448, 0.8704636693000793, 0.8714717626571655]}