{"loss": [8.874287605285645, 7.4016337394714355, 5.872662544250488, 4.354722023010254, 2.830773115158081, 1.3303942680358887, 0.16244933009147644, 0.08111786097288132, 0.08081375807523727, 0.08085870742797852], "accuracy": [0.9665087461471558, 0.9665877223014832, 0.9665877223014832, 0.9665877223014832, 0.9665877223014832, 0.9669826626777649, 0.9695103168487549, 0.9697473049163818, 0.9706951379776001, 0.9703791737556458], "val_loss": [6.647383213043213, 5.384522914886475, 4.157407283782959, 2.914858341217041, 1.6830216646194458, 0.466808944940567, 0.07271023839712143, 0.07357607036828995, 0.07359352707862854, 0.07186435908079147], "val_accuracy": [0.9708552360534668, 0.9708552360534668, 0.9708552360534668, 0.9708552360534668, 0.9708552360534668, 0.9713330268859863, 0.9727663993835449, 0.9722886085510254, 0.9737219214439392, 0.9732441306114197]}