{"loss": [0.4429018199443817, 0.3128073513507843, 0.24140016734600067, 0.19723257422447205, 0.16176597774028778, 0.13318337500095367, 0.12168759107589722, 0.10630786418914795, 0.09056546539068222, 0.08668005466461182], "accuracy": [0.9168042540550232, 0.975156843662262, 0.9816771745681763, 0.9786233305931091, 0.9813470244407654, 0.9831628203392029, 0.974909245967865, 0.9839056134223938, 0.9853912591934204, 0.9827501177787781], "val_loss": [0.3732946217060089, 0.27907803654670715, 0.23458163440227509, 0.1794881671667099, 0.14864856004714966, 0.13088646531105042, 0.11076176911592484, 0.10137397795915604, 0.10381347686052322, 0.09155205637216568], "val_accuracy": [0.962537407875061, 0.9725274443626404, 0.9760239720344543, 0.9805194735527039, 0.9830169677734375, 0.9805194735527039, 0.9830169677734375, 0.9790209531784058, 0.9650349617004395, 0.9790209531784058]}