{"loss": [0.5901047587394714, 0.5394163727760315, 0.5017929077148438, 0.46887341141700745, 0.43925991654396057, 0.41241517663002014, 0.387959361076355, 0.3655496835708618, 0.34503039717674255, 0.3260800242424011], "accuracy": [0.7724329233169556, 0.9258294105529785, 0.9518167972564697, 0.9597947001457214, 0.963823139667511, 0.9649289846420288, 0.9679305553436279, 0.9695103168487549, 0.9710111021995544, 0.9718009829521179], "val_loss": [0.5551268458366394, 0.5116594433784485, 0.4753017723560333, 0.442791610956192, 0.4135996103286743, 0.3873283565044403, 0.36335107684135437, 0.34156137704849243, 0.32148951292037964, 0.3031369745731354], "val_accuracy": [0.8772097826004028, 0.9426660537719727, 0.9598662257194519, 0.9627329111099243, 0.9660773873329163, 0.9689441323280334, 0.9689441323280334, 0.9708552360534668, 0.9713330268859863, 0.9718108177185059]}