{"loss": [0.5419708490371704, 0.4141260087490082, 0.34880030155181885, 0.30684536695480347, 0.2834523022174835, 0.2634289562702179, 0.24318498373031616, 0.2147877812385559, 0.2042386680841446, 0.20513729751110077], "accuracy": [0.8183864951133728, 0.9165512919425964, 0.9259868860244751, 0.92815101146698, 0.926419734954834, 0.9139543175697327, 0.9271122217178345, 0.936115026473999, 0.9434730410575867, 0.9332583546638489], "val_loss": [0.4389684200286865, 0.393728643655777, 0.3150184452533722, 0.2923080623149872, 0.28666359186172485, 0.25181326270103455, 0.2707950472831726, 0.22170855104923248, 0.19703887403011322, 0.21272070705890656], "val_accuracy": [0.9284963607788086, 0.9106204509735107, 0.9405888915061951, 0.9390116333961487, 0.910094678401947, 0.925341784954071, 0.9006309509277344, 0.9379600882530212, 0.949001133441925, 0.9153522849082947]}