{"accuracy": [0.79, 0.84, 0.88, 0.88, 0.88, 0.86, 0.88, 0.9, 0.86, 0.88], "val_accuracy": [0.823, 0.866, 0.876, 0.875, 0.885, 0.89, 0.881, 0.889, 0.889, 0.887], "loss": [71.49600000000001, 49.959999999999994, 46.812000000000005, 45.80400000000001, 44.256000000000014, 40.75200000000001, 38.580000000000005, 39.05199999999999, 38.35999999999999, 38.156000000000006], "val_loss": [526.5000000000009, 484.0440000000009, 468.7200000000009, 445.0880000000009, 396.78400000000016, 388.0480000000004, 387.66400000000056, 386.560000000001, 385.5720000000003, 385.480000000001]}