{"loss": [0.7555608749389648, 0.6699734330177307, 0.6393046975135803, 0.6043658256530762, 0.5599108934402466, 0.5082246661186218, 0.45348045229911804, 0.39970311522483826, 0.3497828543186188, 0.30555015802383423], "accuracy": [0.518336296081543, 0.5184131860733032, 0.5665411353111267, 0.7357577085494995, 0.8327823877334595, 0.8940570950508118, 0.9253479242324829, 0.93941730260849, 0.9511801600456238, 0.9568694233894348], "val_loss": [0.6849910020828247, 0.6492961049079895, 0.617817223072052, 0.5761011838912964, 0.5260690450668335, 0.4713570177555084, 0.4164729714393616, 0.3658340275287628, 0.31940957903862, 0.2807918190956116], "val_accuracy": [0.5247341990470886, 0.5376791954040527, 0.7434119582176208, 0.8358761072158813, 0.9006010293960571, 0.9334258437156677, 0.9468331336975098, 0.9574665427207947, 0.9616274237632751, 0.9662505984306335]}