{"accuracy": [0.71, 0.8, 0.8, 0.81, 0.8, 0.81, 0.83, 0.87, 0.87, 0.87], "val_accuracy": [0.701, 0.697, 0.696, 0.702, 0.715, 0.726, 0.762, 0.782, 0.785, 0.799], "loss": [78.46400000000006, 57.52400000000001, 55.67999999999998, 53.867999999999995, 52.92000000000001, 51.012000000000015, 49.539999999999985, 44.76799999999998, 45.636, 46.41999999999999], "val_loss": [692.5520000000012, 709.4240000000009, 696.9959999999999, 692.4879999999999, 678.38, 634.7240000000005, 609.4200000000003, 595.5200000000007, 590.564, 578.3120000000004]}