{"loss": [2.169891357421875, 0.6619603633880615, 0.42299672961235046, 0.3023771047592163, 0.2508741617202759, 0.21066303551197052, 0.1459214836359024, 0.13924016058444977, 0.0960131287574768, 0.10138273984193802], "accuracy": [0.9536529779434204, 0.9809556007385254, 0.9855902791023254, 0.9882025718688965, 0.9887081980705261, 0.991657555103302, 0.9929215312004089, 0.991657555103302, 0.9935956597328186, 0.993679940700531], "val_loss": [0.9175015091896057, 0.6331324577331543, 0.5768537521362305, 0.43311846256256104, 0.5093573331832886, 0.3798239231109619, 0.36199769377708435, 0.4260864853858948, 0.5351253747940063, 0.31446826457977295], "val_accuracy": [0.9715303182601929, 0.9791561365127563, 0.9827148914337158, 0.9837316274642944, 0.9842400550842285, 0.9827148914337158, 0.9847484230995178, 0.9832232594490051, 0.9801729321479797, 0.9877987504005432]}