{"loss": [140.31971740722656, 21.735898971557617, 4.228579521179199, 2.1888465881347656, 1.5389350652694702, 1.1964174509048462, 0.9831147789955139, 0.8457196354866028, 0.7587879300117493, 0.6975592374801636], "accuracy": [0.610298752784729, 0.8478226065635681, 0.9493801593780518, 0.9731404781341553, 0.9802923798561096, 0.9840273261070251, 0.9858550429344177, 0.9872059226036072, 0.9881595373153687, 0.9888747334480286], "val_loss": [57.24195098876953, 6.125308036804199, 2.309497117996216, 1.2681905031204224, 0.877442479133606, 0.6811556220054626, 0.5823329091072083, 0.5007518529891968, 0.4325120747089386, 0.37680137157440186], "val_accuracy": [0.7269721627235413, 0.9300897717475891, 0.9664620161056519, 0.9792159199714661, 0.9848843216896057, 0.9881908893585205, 0.9900803565979004, 0.9905527234077454, 0.9905527234077454, 0.9910250902175903]}