{"loss": [0.40842828154563904, 0.29224100708961487, 0.23210886120796204, 0.1847093403339386, 0.15393848717212677, 0.1280435472726822, 0.11358954012393951, 0.09856554120779037, 0.08494674414396286, 0.07354652136564255], "accuracy": [0.9385266900062561, 0.9830762147903442, 0.9870582818984985, 0.9896300435066223, 0.9898789525032043, 0.9896300435066223, 0.9896300435066223, 0.9842376708984375, 0.9906255602836609, 0.9888834357261658], "val_loss": [0.32614678144454956, 0.24687638878822327, 0.20147033035755157, 0.16422678530216217, 0.13545691967010498, 0.11177881807088852, 0.09755922108888626, 0.08058471232652664, 0.0661700889468193, 0.06813137978315353], "val_accuracy": [0.9804019927978516, 0.994472324848175, 0.9914572834968567, 0.9894472360610962, 0.9949748516082764, 0.9934673309326172, 0.9949748516082764, 0.9914572834968567, 0.9949748516082764, 0.9859296083450317]}