{"loss": [0.3786850571632385, 0.26234790682792664, 0.20348188281059265, 0.15839549899101257, 0.12886464595794678, 0.10803892463445663, 0.0946597307920456, 0.08157476037740707, 0.06852581351995468, 0.05683080106973648], "accuracy": [0.9415351152420044, 0.9786185622215271, 0.9847991466522217, 0.9872212409973145, 0.9897269010543823, 0.9913973212242126, 0.9847155809402466, 0.9873883128166199, 0.9883905649185181, 0.9915643334388733], "val_loss": [0.29100319743156433, 0.220136821269989, 0.17070676386356354, 0.14028874039649963, 0.11382076889276505, 0.0973338931798935, 0.08709784597158432, 0.06971938908100128, 0.058435432612895966, 0.05628389120101929], "val_accuracy": [0.9834337830543518, 0.989457905292511, 0.9919679760932922, 0.9914659261703491, 0.9904619455337524, 0.9924699664115906, 0.9859438538551331, 0.9919679760932922, 0.9939759969711304, 0.9904619455337524]}