{"loss": [0.665271520614624, 0.6284106373786926, 0.5822831392288208, 0.5268377661705017, 0.46732237935066223, 0.40908196568489075, 0.3557765781879425, 0.30969688296318054, 0.270874947309494, 0.23881280422210693], "accuracy": [0.774492621421814, 0.9046187400817871, 0.9543138742446899, 0.9606614708900452, 0.9630836248397827, 0.9642528891563416, 0.9655892252922058, 0.9659233093261719, 0.9667585492134094, 0.966340959072113], "val_loss": [0.6436580419540405, 0.601069450378418, 0.5464944243431091, 0.4850865304470062, 0.4230350852012634, 0.365352988243103, 0.314563512802124, 0.27189716696739197, 0.23641358315944672, 0.20780985057353973], "val_accuracy": [0.908634603023529, 0.9588354229927063, 0.9648594856262207, 0.9678715467453003, 0.9698795676231384, 0.9703816175460815, 0.9703816175460815, 0.9718876481056213, 0.9713855981826782, 0.9718876481056213]}