{"loss": [240.00062561035156, 55.658912658691406, 7.47471809387207, 1.467989206314087, 0.4953050911426544, 0.2700428366661072, 0.20800769329071045, 0.18094301223754883, 0.16451844573020935, 0.15663640201091766], "accuracy": [0.33930784463882446, 0.5025191903114319, 0.8667712807655334, 0.9487899541854858, 0.9697695374488831, 0.9748905897140503, 0.9764599204063416, 0.9759643077850342, 0.9744775891304016, 0.9734864234924316], "val_loss": [125.33216094970703, 14.52949333190918, 2.7062950134277344, 0.6625773310661316, 0.2712225019931793, 0.17738030850887299, 0.13384468853473663, 0.11676119267940521, 0.11099325120449066, 0.10178084671497345], "val_accuracy": [0.4109452962875366, 0.7298507690429688, 0.9263681769371033, 0.9646766781806946, 0.972636878490448, 0.9736318588256836, 0.9810945987701416, 0.9791045188903809, 0.9761194586753845, 0.9736318588256836]}