{"accuracy": [0.78, 0.89, 0.89, 0.89, 0.91, 0.92, 0.91, 0.91, 0.9, 0.88], "val_accuracy": [0.782, 0.833, 0.851, 0.852, 0.846, 0.854, 0.864, 0.851, 0.85, 0.86], "loss": [67.86399999999999, 42.876, 37.232, 37.65200000000001, 38.53599999999999, 37.024000000000015, 38.08, 37.23999999999999, 36.20000000000001, 37.75999999999999], "val_loss": [569.1880000000003, 475.80800000000085, 460.244, 443.0320000000003, 449.54400000000066, 453.49600000000044, 438.7320000000002, 441.7800000000013, 449.8320000000002, 426.796]}