{"loss": [0.6893049478530884, 0.678765058517456, 0.6736093163490295, 0.6669200658798218, 0.6588736772537231, 0.6494690775871277, 0.6390096545219421, 0.6281065940856934, 0.6175431609153748, 0.6077616810798645], "accuracy": [0.5499480962753296, 0.555747926235199, 0.5739266276359558, 0.6166898012161255, 0.6631752252578735, 0.6858553290367126, 0.6968490481376648, 0.7020429968833923, 0.7068040370941162, 0.7104398012161255], "val_loss": [0.6800321340560913, 0.6753742694854736, 0.669285237789154, 0.6615986824035645, 0.6527635455131531, 0.6426358222961426, 0.6315954923629761, 0.6207464337348938, 0.610465943813324, 0.6013481616973877], "val_accuracy": [0.5562565922737122, 0.5525762438774109, 0.6004206538200378, 0.6556257009506226, 0.6640378832817078, 0.6845425963401794, 0.6924290657043457, 0.6940063238143921, 0.6950578689575195, 0.6992639899253845]}