{"loss": [0.6965157985687256, 0.6789605617523193, 0.6543434262275696, 0.6117416620254517, 0.557550311088562, 0.5008596181869507, 0.44727593660354614, 0.39901262521743774, 0.35660797357559204, 0.31978946924209595], "accuracy": [0.5044233798980713, 0.5329384207725525, 0.636729896068573, 0.8342812657356262, 0.8790679574012756, 0.8943918347358704, 0.9030806422233582, 0.9123223423957825, 0.9209321141242981, 0.9290679693222046], "val_loss": [0.684769332408905, 0.6651616096496582, 0.6267161965370178, 0.5703279972076416, 0.5074339509010315, 0.4462641477584839, 0.3921031951904297, 0.3447648584842682, 0.3039294481277466, 0.26988422870635986], "val_accuracy": [0.5475394129753113, 0.5427615642547607, 0.8179646730422974, 0.8987100124359131, 0.9216435551643372, 0.9292880892753601, 0.9340659379959106, 0.9393215775489807, 0.9464883208274841, 0.9493550062179565]}