{"loss": [0.6901600360870361, 0.6801213026046753, 0.6535917520523071, 0.6115096211433411, 0.5635207295417786, 0.5182824730873108, 0.4797631800174713, 0.44854506850242615, 0.42349982261657715, 0.403765469789505], "accuracy": [0.5032839179039001, 0.7629673480987549, 0.8386662006378174, 0.8474233746528625, 0.8515493273735046, 0.8554226756095886, 0.8571909666061401, 0.8572751879692078, 0.8574435710906982, 0.8582856059074402], "val_loss": [0.6875888109207153, 0.6727278828620911, 0.6407052874565125, 0.5988567471504211, 0.5556783676147461, 0.5170074701309204, 0.48495692014694214, 0.45869728922843933, 0.4376194179058075, 0.4208523631095886], "val_accuracy": [0.5301507711410522, 0.8155778646469116, 0.8100502490997314, 0.8231155872344971, 0.8366833925247192, 0.839195966720581, 0.8452261090278625, 0.8457286357879639, 0.8457286357879639, 0.8467336297035217]}