{"loss": [0.6700009703636169, 0.6362080574035645, 0.6055638194084167, 0.5775806307792664, 0.5519939661026001, 0.5285314917564392, 0.5070920586585999, 0.4874706566333771, 0.46949201822280884, 0.4529445767402649], "accuracy": [0.7314631938934326, 0.811283528804779, 0.8352375626564026, 0.8532817959785461, 0.8663619756698608, 0.8833031058311462, 0.8840910792350769, 0.888424813747406, 0.8960680365562439, 0.9029232859611511], "val_loss": [0.6519405245780945, 0.6195329427719116, 0.5898513197898865, 0.5627539157867432, 0.5379043221473694, 0.5150495767593384, 0.49417921900749207, 0.4749452471733093, 0.4573163390159607, 0.44097286462783813], "val_accuracy": [0.7817164063453674, 0.8111007213592529, 0.8409515023231506, 0.858208954334259, 0.8759328126907349, 0.8763992190361023, 0.8913245797157288, 0.8997201323509216, 0.9048507213592529, 0.9076492190361023]}