{"loss": [56.80564880371094, 24.558795928955078, 5.454178333282471, 0.7226542830467224, 0.39501795172691345, 0.3875550925731659, 0.3803841471672058, 0.37462061643600464, 0.36637094616889954, 0.3620501160621643], "accuracy": [0.48954933881759644, 0.5381426811218262, 0.6952112317085266, 0.8397566080093384, 0.857394814491272, 0.8577476143836975, 0.858982264995575, 0.8583649396896362, 0.8617162108421326, 0.8630390763282776], "val_loss": [41.86371612548828, 11.850404739379883, 1.792401671409607, 0.39663997292518616, 0.38706737756729126, 0.3828064799308777, 0.37914106249809265, 0.3684474527835846, 0.3645173907279968, 0.3628825545310974], "val_accuracy": [0.5059459805488586, 0.6129729747772217, 0.7827027440071106, 0.8605405688285828, 0.8632432818412781, 0.8664864897727966, 0.8497297763824463, 0.8708108067512512, 0.86972975730896, 0.8751351833343506]}