{"accuracy": [0.59, 0.84, 0.91, 0.92, 0.92, 0.93, 0.93, 0.92, 0.92, 0.92], "val_accuracy": [0.853, 0.926, 0.94, 0.937, 0.94, 0.939, 0.941, 0.936, 0.94, 0.943], "loss": [103.608, 39.211999999999975, 30.559999999999988, 29.61599999999999, 30.863999999999997, 29.13600000000001, 29.984, 28.708000000000006, 29.784000000000013, 28.628000000000004], "val_loss": [495.44800000000004, 278.312, 271.8360000000002, 267.3000000000009, 275.4640000000007, 253.4480000000006, 256.1800000000005, 278.80800000000056, 260.76400000000103, 277.64000000000084]}