{"loss": [0.6856628656387329, 0.6488668918609619, 0.5866590142250061, 0.5077701210975647, 0.4353392422199249, 0.3774760663509369, 0.3331322968006134, 0.29885998368263245, 0.2720564901828766, 0.2506755292415619], "accuracy": [0.6044094562530518, 0.810314953327179, 0.8582677245140076, 0.881023645401001, 0.8937007784843445, 0.8985039591789246, 0.9061417579650879, 0.9112598299980164, 0.9168503880500793, 0.9218897819519043], "val_loss": [0.6710098385810852, 0.6241942048072815, 0.5481982827186584, 0.4683893620967865, 0.4010365307331085, 0.34900757670402527, 0.3078222870826721, 0.2759523093700409, 0.2504082918167114, 0.22962602972984314], "val_accuracy": [0.7503461241722107, 0.8195662498474121, 0.8610983490943909, 0.8786340951919556, 0.8910937309265137, 0.9017074704170227, 0.9104753732681274, 0.9173973798751831, 0.9233964085578918, 0.9317028522491455]}