{"loss": [0.5367215871810913, 0.41060081124305725, 0.3262162208557129, 0.2694126069545746, 0.22203896939754486, 0.18476897478103638, 0.16629882156848907, 0.14279334247112274, 0.12138763815164566, 0.11121289432048798], "accuracy": [0.9225082993507385, 0.970090925693512, 0.9796074628829956, 0.9792675971984863, 0.984790563583374, 0.9843657612800598, 0.973574697971344, 0.9760387539863586, 0.982581377029419, 0.9849605560302734], "val_loss": [0.45473578572273254, 0.3581252992153168, 0.28743883967399597, 0.24125833809375763, 0.20455852150917053, 0.1720653474330902, 0.1634129136800766, 0.14987394213676453, 0.11727900058031082, 0.10504854470491409], "val_accuracy": [0.9787784814834595, 0.9777432680130005, 0.9844720959663391, 0.9834368824958801, 0.9844720959663391, 0.9824016690254211, 0.979296088218689, 0.9580745697021484, 0.9855072498321533, 0.9834368824958801]}