{"loss": [0.44250398874282837, 0.3178138732910156, 0.2650163173675537, 0.21656270325183868, 0.19248579442501068, 0.16851894557476044, 0.14911231398582458, 0.14417828619480133, 0.1256026327610016, 0.11422335356473923], "accuracy": [0.9010457992553711, 0.9572018384933472, 0.9512259364128113, 0.9624747037887573, 0.9620352983474731, 0.9647596478462219, 0.9624747037887573, 0.9560593962669373, 0.9712628722190857, 0.9724053144454956], "val_loss": [0.3550345301628113, 0.2798673212528229, 0.23082207143306732, 0.19640126824378967, 0.18276548385620117, 0.15072335302829742, 0.16396118700504303, 0.1319301277399063, 0.12022627890110016, 0.11576469987630844], "val_accuracy": [0.9604989886283875, 0.9636174440383911, 0.9651767015457153, 0.9682952165603638, 0.959979236125946, 0.9719334840774536, 0.9350311756134033, 0.9714137315750122, 0.9719334840774536, 0.9719334840774536]}