{"loss": [0.8869579434394836, 0.6900556087493896, 0.5729585886001587, 0.49140429496765137, 0.4291650652885437, 0.3798075318336487, 0.3398691713809967, 0.306977778673172, 0.2795529365539551, 0.25635606050491333], "accuracy": [0.5156409740447998, 0.555669367313385, 0.8074225783348083, 0.9323142170906067, 0.9736033082008362, 0.9852651357650757, 0.9866834282875061, 0.9878653883934021, 0.9879441857337952, 0.9891261458396912], "val_loss": [0.7711554169654846, 0.621734082698822, 0.5248134136199951, 0.45287129282951355, 0.3963718116283417, 0.35092881321907043, 0.313625693321228, 0.28257402777671814, 0.2565407454967499, 0.2343774139881134], "val_accuracy": [0.5163246393203735, 0.65625, 0.91697758436203, 0.9734141826629639, 0.9827424883842468, 0.9911380410194397, 0.9911380410194397, 0.9911380410194397, 0.9920708537101746, 0.9930037260055542]}