{"loss": [0.5288087725639343, 0.4627106189727783, 0.41033846139907837, 0.3675617575645447, 0.33216363191604614, 0.30232730507850647, 0.27684295177459717, 0.2548310458660126, 0.23558738827705383, 0.2186606526374817], "accuracy": [0.8521137833595276, 0.9385727643966675, 0.9544659852981567, 0.9667831659317017, 0.9716306328773499, 0.9745708703994751, 0.9781468510627747, 0.9801334738731384, 0.981961190700531, 0.9825969338417053], "val_loss": [0.49418821930885315, 0.43593528866767883, 0.3884369432926178, 0.3495207130908966, 0.31672272086143494, 0.2888013422489166, 0.26478615403175354, 0.24384206533432007, 0.2254662662744522, 0.20904652774333954], "val_accuracy": [0.9230042695999146, 0.9532357454299927, 0.9664620161056519, 0.9688238501548767, 0.9768540859222412, 0.9815777540206909, 0.9834672212600708, 0.9872461557388306, 0.9877185225486755, 0.9886632561683655]}