{"loss": [0.7353417873382568, 0.6200400590896606, 0.567016065120697, 0.5410043597221375, 0.5270100831985474, 0.5183218717575073, 0.5124422311782837, 0.5080704689025879, 0.5044564604759216, 0.501416802406311], "accuracy": [0.47171059250831604, 0.7812009453773499, 0.8082101345062256, 0.8042454719543457, 0.8031717538833618, 0.8027587532997131, 0.804162859916687, 0.8045758605003357, 0.8113487958908081, 0.8095316886901855], "val_loss": [0.6624909043312073, 0.5888240933418274, 0.5547893643379211, 0.537216067314148, 0.5273503065109253, 0.520888090133667, 0.5162686109542847, 0.5127214789390564, 0.5091572999954224, 0.5062876343727112], "val_accuracy": [0.5611940622329712, 0.8169154524803162, 0.8124378323554993, 0.8019900918006897, 0.8044776320457458, 0.8044776320457458, 0.8054726719856262, 0.8109453320503235, 0.8034826517105103, 0.8054726719856262]}