{"loss": [0.6744987964630127, 0.579526424407959, 0.5052282214164734, 0.44637876749038696, 0.39901643991470337, 0.36031219363212585, 0.32832416892051697, 0.30148255825042725, 0.27876296639442444, 0.2592736482620239], "accuracy": [0.5905759930610657, 0.8319281339645386, 0.9000078439712524, 0.9250649809837341, 0.9424000978469849, 0.9604443907737732, 0.9671420454978943, 0.97344571352005, 0.9780158996582031, 0.9796705842018127], "val_loss": [0.6236932277679443, 0.5393587946891785, 0.47235122323036194, 0.41845738887786865, 0.37444499135017395, 0.33804842829704285, 0.3074267506599426, 0.28138643503189087, 0.25914376974105835, 0.23989130556583405], "val_accuracy": [0.7509328126907349, 0.8759328126907349, 0.9183768630027771, 0.9426305890083313, 0.9584887623786926, 0.9603544473648071, 0.9766790866851807, 0.9864738583564758, 0.9874066710472107, 0.9883395433425903]}