{"loss": [34.54932403564453, 15.787468910217285, 8.849233627319336, 5.004335403442383, 2.690419912338257, 1.6246639490127563, 1.1898328065872192, 0.9202022552490234, 0.6330125331878662, 0.3318118453025818], "accuracy": [0.8784360885620117, 0.9284360408782959, 0.9518957734107971, 0.9655608534812927, 0.9749605655670166, 0.9789890050888062, 0.9790679812431335, 0.9787520170211792, 0.9786730408668518, 0.9792259335517883], "val_loss": [15.820374488830566, 9.046429634094238, 5.279444217681885, 2.996997594833374, 1.632340908050537, 1.1023176908493042, 0.9254497289657593, 0.6813918948173523, 0.42821648716926575, 0.15682008862495422], "val_accuracy": [0.9407548904418945, 0.9584328532218933, 0.9675107598304749, 0.9746775031089783, 0.9818442463874817, 0.9837554097175598, 0.9804108738899231, 0.9818442463874817, 0.9808886647224426, 0.9827998280525208]}