{"loss": [0.7494763135910034, 0.6785478591918945, 0.6151552796363831, 0.5346735715866089, 0.44759082794189453, 0.37095898389816284, 0.30955567955970764, 0.2619079649448395, 0.2251577377319336, 0.1966562271118164], "accuracy": [0.4096749722957611, 0.5647098422050476, 0.7652641534805298, 0.8673049211502075, 0.9160158038139343, 0.9360880255699158, 0.9495254755020142, 0.9573360085487366, 0.9613672494888306, 0.9640547633171082], "val_loss": [0.7057614326477051, 0.6420689821243286, 0.566388726234436, 0.47490936517715454, 0.3882712125778198, 0.3178357183933258, 0.26295408606529236, 0.22094392776489258, 0.18835186958312988, 0.16316749155521393], "val_accuracy": [0.49485549330711365, 0.6996570825576782, 0.8633023500442505, 0.9147477746009827, 0.939735472202301, 0.9495345950126648, 0.9598236680030823, 0.9676629900932312, 0.9740324020385742, 0.9740324020385742]}