{"loss": [0.7012982964515686, 0.5633966326713562, 0.4680711328983307, 0.399955153465271, 0.34952524304389954, 0.31079110503196716, 0.2800609767436981, 0.2551173269748688, 0.23439402878284454, 0.2168864905834198], "accuracy": [0.4278363287448883, 0.8460453152656555, 0.8867126107215881, 0.9093700647354126, 0.9227321743965149, 0.929786741733551, 0.9362602829933167, 0.9419038891792297, 0.9452236890792847, 0.9495393633842468], "val_loss": [0.6109095811843872, 0.4911457300186157, 0.4076720178127289, 0.34690919518470764, 0.30188772082328796, 0.2671301066875458, 0.23949161171913147, 0.21636535227298737, 0.19743385910987854, 0.18143805861473083], "val_accuracy": [0.858231782913208, 0.9120935797691345, 0.9334350228309631, 0.940548837184906, 0.9471545219421387, 0.9512195587158203, 0.9563009142875671, 0.9573171734809875, 0.960874080657959, 0.9613822102546692]}