{"loss": [0.6501613855361938, 0.6042589545249939, 0.544966995716095, 0.4798177182674408, 0.41701948642730713, 0.3616143465042114, 0.3152818977832794, 0.2774132192134857, 0.2469932585954666, 0.22229374945163727], "accuracy": [0.7950847744941711, 0.8920338749885559, 0.9293220639228821, 0.946101725101471, 0.9534745812416077, 0.9549999833106995, 0.9569491744041443, 0.9588135480880737, 0.958220362663269, 0.9593220353126526], "val_loss": [0.6287042498588562, 0.5737148523330688, 0.5083020329475403, 0.441677987575531, 0.38086631894111633, 0.32951822876930237, 0.2870677709579468, 0.2531198561191559, 0.22555166482925415, 0.20326586067676544], "val_accuracy": [0.8614696860313416, 0.9101290702819824, 0.943892776966095, 0.9538232088088989, 0.9572988748550415, 0.9582919478416443, 0.9572988748550415, 0.9572988748550415, 0.9582919478416443, 0.9582919478416443]}