{"loss": [0.6841810345649719, 0.6123625040054321, 0.5573934316635132, 0.4908390939235687, 0.4219505786895752, 0.35937485098838806, 0.3061809837818146, 0.26245611906051636, 0.2269662469625473, 0.1982026994228363], "accuracy": [0.4911611080169678, 0.6087642312049866, 0.8416466116905212, 0.9487924575805664, 0.9769275784492493, 0.9806622862815857, 0.9813262820243835, 0.9811602830886841, 0.9815752506256104, 0.9815752506256104], "val_loss": [0.6353858113288879, 0.5817974805831909, 0.516564667224884, 0.44383513927459717, 0.374899297952652, 0.31561288237571716, 0.2663528323173523, 0.22670042514801025, 0.1945839375257492, 0.1691742092370987], "val_accuracy": [0.48678866028785706, 0.7886179685592651, 0.9237805604934692, 0.9720529317855835, 0.9817073941230774, 0.983231782913208, 0.9842480421066284, 0.9847561717033386, 0.9842480421066284, 0.985772430896759]}