{"accuracy": [0.45, 0.82, 0.86, 0.9, 0.91, 0.91, 0.9, 0.91, 0.91, 0.93], "val_accuracy": [0.674, 0.81, 0.865, 0.891, 0.888, 0.895, 0.898, 0.886, 0.901, 0.891], "loss": [132.33199999999997, 51.94400000000001, 41.18799999999999, 39.18400000000002, 37.82000000000001, 37.452000000000005, 36.24800000000002, 36.51599999999999, 36.712, 35.288], "val_loss": [811.9119999999994, 450.2720000000016, 388.7360000000009, 376.53600000000114, 365.1720000000005, 372.4600000000008, 367.8000000000005, 386.64800000000065, 369.62000000000023, 371.07200000000057]}