{"loss": [0.7306077480316162, 0.6791467666625977, 0.6591516137123108, 0.6389747262001038, 0.6126185655593872, 0.5785393714904785, 0.5382289290428162, 0.4957717955112457, 0.45389536023139954, 0.4149155616760254], "accuracy": [0.5045304298400879, 0.5045304298400879, 0.5062240362167358, 0.6187653541564941, 0.7510373592376709, 0.8562960624694824, 0.8981285095214844, 0.9145566821098328, 0.9192988276481628, 0.9201456308364868], "val_loss": [0.6891873478889465, 0.6654674410820007, 0.6468529105186462, 0.6237084269523621, 0.5931211709976196, 0.5552449226379395, 0.5134885907173157, 0.47135379910469055, 0.4315817356109619, 0.39551153779029846], "val_accuracy": [0.5144566297531128, 0.5144566297531128, 0.5329012870788574, 0.6555334329605103, 0.7911266088485718, 0.858424723148346, 0.8968095779418945, 0.9032901525497437, 0.9102692008018494, 0.9132602214813232]}