{"loss": [280.2718811035156, 50.18809509277344, 1.2521978616714478, 0.25511837005615234, 0.19354604184627533, 0.17050544917583466, 0.15532901883125305, 0.14951007068157196, 0.14435940980911255, 0.1408817619085312], "accuracy": [0.3766982853412628, 0.6841232776641846, 0.9657188653945923, 0.988783597946167, 0.9920221567153931, 0.9929700493812561, 0.993838906288147, 0.9941548705101013, 0.9939178824424744, 0.9941548705101013], "val_loss": [125.8929443359375, 3.188615560531616, 0.326388418674469, 0.26266735792160034, 0.2433706372976303, 0.22454963624477386, 0.21867312490940094, 0.20291315019130707, 0.18631289899349213, 0.17524775862693787], "val_accuracy": [0.4811275601387024, 0.9374104142189026, 0.9894887804985046, 0.992355465888977, 0.9928332567214966, 0.9918776750564575, 0.9918776750564575, 0.9918776750564575, 0.992355465888977, 0.9928332567214966]}