{"accuracy": [0.52, 0.54, 0.53, 0.55, 0.52, 0.53, 0.55, 0.56, 0.57, 0.59], "val_accuracy": [0.47, 0.487, 0.5, 0.508, 0.512, 0.497, 0.497, 0.516, 0.526, 0.533], "loss": [114.00000000000003, 98.988, 94.308, 94.06000000000002, 94.65200000000003, 94.86000000000001, 93.24800000000002, 92.97599999999998, 92.368, 91.64799999999998], "val_loss": [1055.5000000000002, 999.7000000000008, 999.8720000000003, 1001.7719999999997, 995.6079999999992, 1006.6519999999991, 1001.5880000000002, 1003.9320000000001, 1002.3559999999999, 994.7879999999997]}