{"accuracy": [0.76, 0.87, 0.89, 0.97, 0.98, 0.98, 0.99, 0.98, 0.99, 0.99], "val_accuracy": [0.897, 0.889, 0.913, 0.971, 0.962, 0.961, 0.962, 0.962, 0.959, 0.961], "loss": [68.12799999999994, 45.54400000000001, 40.37200000000001, 33.23600000000001, 24.236000000000015, 19.776, 18.900000000000002, 20.404000000000003, 20.027999999999995, 19.516], "val_loss": [444.37999999999994, 388.6400000000004, 353.2720000000004, 286.3560000000005, 254.56000000000031, 242.0400000000002, 237.54399999999987, 238.26400000000015, 254.52800000000016, 244.08800000000036]}