{"loss": [0.6819111108779907, 0.49716776609420776, 0.3878272771835327, 0.3188132345676422, 0.27228525280952454, 0.23888367414474487, 0.21361808478832245, 0.19372884929180145, 0.17760924994945526, 0.16438093781471252], "accuracy": [0.5430489778518677, 0.8676145672798157, 0.9308057427406311, 0.949842095375061, 0.960110604763031, 0.9676145911216736, 0.9691943526268005, 0.9740126729011536, 0.9749605655670166, 0.9774882197380066], "val_loss": [0.570441722869873, 0.4271029233932495, 0.3402910828590393, 0.28352081775665283, 0.24382223188877106, 0.21475043892860413, 0.19071222841739655, 0.17246708273887634, 0.15684744715690613, 0.14445576071739197], "val_accuracy": [0.794553279876709, 0.9202102422714233, 0.9464883208274841, 0.95652174949646, 0.9622551202774048, 0.9646440744400024, 0.9751552939414978, 0.9765886664390564, 0.9818442463874817, 0.9818442463874817]}