{"loss": [0.7238375544548035, 0.6778136491775513, 0.6596413850784302, 0.6393089890480042, 0.6139353513717651, 0.5837517976760864, 0.5500073432922363, 0.514534592628479, 0.478952556848526, 0.4447278380393982], "accuracy": [0.5049152374267578, 0.5049152374267578, 0.539322018623352, 0.6766101717948914, 0.75, 0.8253389596939087, 0.869915246963501, 0.8848305344581604, 0.9025423526763916, 0.9076271057128906], "val_loss": [0.684893786907196, 0.6646673679351807, 0.6453731060028076, 0.6207579374313354, 0.5909278988838196, 0.5563135147094727, 0.5190015435218811, 0.4811905324459076, 0.44415172934532166, 0.4094043970108032], "val_accuracy": [0.5124130845069885, 0.5143992304801941, 0.6444885730743408, 0.7457795143127441, 0.8455809354782104, 0.8778550028800964, 0.8862959146499634, 0.9141013026237488, 0.9185699820518494, 0.9265143871307373]}