{"loss": [0.5712977647781372, 0.499113529920578, 0.44339099526405334, 0.3987089693546295, 0.36203914880752563, 0.3313858211040497, 0.30545783042907715, 0.283174604177475, 0.26388758420944214, 0.24697715044021606], "accuracy": [0.908439040184021, 0.9017413854598999, 0.921597957611084, 0.9360964298248291, 0.9477581977844238, 0.9591836333274841, 0.9617838859558105, 0.9674572348594666, 0.9711606502532959, 0.9730517268180847], "val_loss": [0.5319932699203491, 0.46877288818359375, 0.4181986451148987, 0.3768242597579956, 0.3423267900943756, 0.31318697333335876, 0.28805387020111084, 0.2662147581577301, 0.24718084931373596, 0.230319082736969], "val_accuracy": [0.8931902647018433, 0.9132462739944458, 0.9361007213592529, 0.9491603970527649, 0.9626865386962891, 0.9631529450416565, 0.9692164063453674, 0.9729477167129517, 0.9757462739944458, 0.9785447716712952]}