{"loss": [0.7210015654563904, 0.6109794974327087, 0.5262000560760498, 0.45937010645866394, 0.40595588088035583, 0.362653911113739, 0.32713252305984497, 0.2975226640701294, 0.2726101577281952, 0.2513546943664551], "accuracy": [0.46875736117362976, 0.8205814957618713, 0.988968551158905, 0.9894412755966187, 0.9891261458396912, 0.989835262298584, 0.9893624782562256, 0.9893624782562256, 0.9893624782562256, 0.9895200729370117], "val_loss": [0.6596962809562683, 0.5638010501861572, 0.4880676865577698, 0.42773276567459106, 0.3790327310562134, 0.3392539620399475, 0.30613330006599426, 0.2783041000366211, 0.2547769546508789, 0.2345293015241623], "val_accuracy": [0.4706156551837921, 0.9911380410194397, 0.9930037260055542, 0.9925373196601868, 0.9925373196601868, 0.9930037260055542, 0.9930037260055542, 0.9930037260055542, 0.9925373196601868, 0.9925373196601868]}