{"loss": [0.685969352722168, 0.6724071502685547, 0.6556940674781799, 0.6347299218177795, 0.6093623638153076, 0.579720139503479, 0.5477349162101746, 0.5151850581169128, 0.483883798122406, 0.45505890250205994], "accuracy": [0.6009674668312073, 0.6590149402618408, 0.7216358780860901, 0.7912929058074951, 0.8267370462417603, 0.8443272113800049, 0.8521547913551331, 0.8571680188179016, 0.859982430934906, 0.8633245825767517], "val_loss": [0.6776611804962158, 0.6620078086853027, 0.6423043012619019, 0.6180849671363831, 0.5890911221504211, 0.5564257502555847, 0.522331178188324, 0.48875483870506287, 0.45707064867019653, 0.4287389814853668], "val_accuracy": [0.6454497575759888, 0.6922672390937805, 0.7653866410255432, 0.80641770362854, 0.8442924618721008, 0.8569174408912659, 0.8637559413909912, 0.865860104560852, 0.8711204528808594, 0.8748027682304382]}