{"loss": [0.7264531254768372, 0.6994875073432922, 0.6928154230117798, 0.6869237422943115, 0.6786972880363464, 0.6646695733070374, 0.641396701335907, 0.608505368232727, 0.5681650638580322, 0.5241864323616028], "accuracy": [0.5186895132064819, 0.5177128911018372, 0.5238391160964966, 0.557577908039093, 0.6192843914031982, 0.7628518342971802, 0.8239367604255676, 0.8840451240539551, 0.9004705548286438, 0.9096155762672424], "val_loss": [0.7048115730285645, 0.6954622864723206, 0.6895962953567505, 0.6825360655784607, 0.6714676022529602, 0.6520544290542603, 0.6221963167190552, 0.5833028554916382, 0.5385021567344666, 0.49219173192977905], "val_accuracy": [0.5240128040313721, 0.5128068327903748, 0.5458911061286926, 0.5800426602363586, 0.6974385976791382, 0.7454642057418823, 0.8778014779090881, 0.8991461992263794, 0.9066168665885925, 0.9108858108520508]}