{"loss": [0.708471953868866, 0.6878148317337036, 0.673829197883606, 0.652005672454834, 0.6214292049407959, 0.5855960845947266, 0.5491762161254883, 0.5157991647720337, 0.48677146434783936, 0.4621995687484741], "accuracy": [0.4900684356689453, 0.5933901071548462, 0.6167584657669067, 0.7779169082641602, 0.8139709830284119, 0.8230679631233215, 0.8264897465705872, 0.8292438983917236, 0.8314138054847717, 0.8317476511001587], "val_loss": [0.6940611004829407, 0.6821341514587402, 0.6650002002716064, 0.6387894749641418, 0.6058098077774048, 0.5689361095428467, 0.534707248210907, 0.5037633776664734, 0.47747278213500977, 0.4557397663593292], "val_accuracy": [0.4989919066429138, 0.549899160861969, 0.6834677457809448, 0.7646169066429138, 0.7913306355476379, 0.8094757795333862, 0.8125, 0.8195564150810242, 0.8205645084381104, 0.8230846524238586]}