{"loss": [0.4471014738082886, 0.31750088930130005, 0.2546481192111969, 0.20007739961147308, 0.16119232773780823, 0.13646258413791656, 0.12979756295681, 0.11423410475254059, 0.09382201731204987, 0.08258206397294998], "accuracy": [0.9164260625839233, 0.9735009670257568, 0.9751996397972107, 0.9837778806686401, 0.9883642792701721, 0.9882793426513672, 0.9780873656272888, 0.9825888276100159, 0.9863258600234985, 0.9889587759971619], "val_loss": [0.3594992756843567, 0.27725717425346375, 0.21873436868190765, 0.1731094866991043, 0.14402681589126587, 0.139276385307312, 0.11470182985067368, 0.093190036714077, 0.08351893723011017, 0.09031041711568832], "val_accuracy": [0.9667348861694336, 0.9815762639045715, 0.9866939187049866, 0.9907881021499634, 0.9907881021499634, 0.9698055386543274, 0.984135091304779, 0.9902763366699219, 0.9897645711898804, 0.9774820804595947]}