{"loss": [0.6983333230018616, 0.6757842898368835, 0.6623900532722473, 0.6443841457366943, 0.6197200417518616, 0.5870673656463623, 0.5459620356559753, 0.4985920786857605, 0.44918471574783325, 0.40120312571525574], "accuracy": [0.5099521279335022, 0.7097505927085876, 0.8167464733123779, 0.8722600340843201, 0.9041740298271179, 0.9270176887512207, 0.9352481961250305, 0.9471739530563354, 0.9533887505531311, 0.9575039744377136], "val_loss": [0.6804523468017578, 0.6677307486534119, 0.6516945958137512, 0.629462718963623, 0.5996922850608826, 0.5612398386001587, 0.5144380927085876, 0.46365535259246826, 0.41320493817329407, 0.3654927909374237], "val_accuracy": [0.599216103553772, 0.8211661577224731, 0.8833905458450317, 0.9005390405654907, 0.9132778644561768, 0.9196472764015198, 0.9377756714820862, 0.9480647444725037, 0.9529643058776855, 0.9598236680030823]}