{"loss": [8.036367416381836, 2.961440324783325, 1.8111364841461182, 1.4004175662994385, 1.2137280702590942, 1.0714163780212402, 0.9414313435554504, 0.8196682929992676, 0.7067564129829407, 0.6059731841087341], "accuracy": [0.845996081829071, 0.8981785774230957, 0.9143419861793518, 0.9255825877189636, 0.9275516867637634, 0.9313259124755859, 0.9334591627120972, 0.9328027963638306, 0.9340335130691528, 0.9377256631851196], "val_loss": [3.705815076828003, 1.9590568542480469, 1.3654855489730835, 1.2006664276123047, 1.0214018821716309, 0.9593461155891418, 0.9496296644210815, 0.7630195617675781, 0.5636135935783386, 0.49845173954963684], "val_accuracy": [0.892430305480957, 0.9208167791366577, 0.9337649941444397, 0.9342629909515381, 0.9367530345916748, 0.93824702501297, 0.9267928600311279, 0.931274950504303, 0.9501992464065552, 0.9447211623191833]}