{"loss": [0.6580915451049805, 0.5891783833503723, 0.5105668306350708, 0.4370068907737732, 0.3773690164089203, 0.33177679777145386, 0.29752373695373535, 0.2719591557979584, 0.25287923216819763, 0.23855523765087128], "accuracy": [0.5709762573242188, 0.8785400390625, 0.9179419875144958, 0.923306941986084, 0.923922598361969, 0.9252418875694275, 0.9261214137077332, 0.927616536617279, 0.9273527264595032, 0.9273527264595032], "val_loss": [0.6261458396911621, 0.5487443804740906, 0.46819645166397095, 0.3988181948661804, 0.3446863293647766, 0.3033698797225952, 0.2725110948085785, 0.24915170669555664, 0.23159794509410858, 0.21832461655139923], "val_accuracy": [0.7943187952041626, 0.9189900159835815, 0.9326670169830322, 0.9400315880775452, 0.9395055174827576, 0.9395055174827576, 0.9389795064926147, 0.9395055174827576, 0.9395055174827576, 0.9400315880775452]}