{"loss": [8.882280349731445, 1.6578584909439087, 1.1431429386138916, 0.9212021231651306, 0.7898915410041809, 0.6840387582778931, 0.5916683077812195, 0.48871681094169617, 0.37889939546585083, 0.24796059727668762], "accuracy": [0.9005085825920105, 0.9769548177719116, 0.9833121299743652, 0.9851398468017578, 0.9860934019088745, 0.9860139489173889, 0.9860139489173889, 0.9866496920585632, 0.9860934019088745, 0.9863318204879761], "val_loss": [1.441002607345581, 0.8723928928375244, 0.6767930388450623, 0.5771005153656006, 0.4985986649990082, 0.43508437275886536, 0.37557104229927063, 0.3045397400856018, 0.21922807395458221, 0.11584436148405075], "val_accuracy": [0.9829948544502258, 0.9877185225486755, 0.9886632561683655, 0.9881908893585205, 0.9891356229782104, 0.9905527234077454, 0.9905527234077454, 0.9891356229782104, 0.9914974570274353, 0.9896079897880554]}