{"loss": [51.335323333740234, 1.2440837621688843, 0.5312108993530273, 0.38363584876060486, 0.3301144242286682, 0.29420366883277893, 0.2630850672721863, 0.24328316748142242, 0.21465632319450378, 0.2005317658185959], "accuracy": [0.6926715970039368, 0.9643954038619995, 0.9818242192268372, 0.9848950505256653, 0.9858079552650452, 0.9863889217376709, 0.9863059520721436, 0.9854759573936462, 0.9851440191268921, 0.9844800233840942], "val_loss": [2.830441474914551, 0.6976226568222046, 0.4611935317516327, 0.32590582966804504, 0.29104742407798767, 0.27250775694847107, 0.27498555183410645, 0.20170976221561432, 0.17471817135810852, 0.15898160636425018], "val_accuracy": [0.9237805604934692, 0.9801830053329468, 0.9847561717033386, 0.9872968196868896, 0.9883130788803101, 0.9878049492835999, 0.9862805604934692, 0.9872968196868896, 0.9867886900901794, 0.9852643013000488]}