{"loss": [0.6496180891990662, 0.5669378638267517, 0.46089059114456177, 0.34425777196884155, 0.2599574029445648, 0.2040940225124359, 0.16592639684677124, 0.1389758139848709, 0.11933640390634537, 0.10465855151414871], "accuracy": [0.518871009349823, 0.8379554152488708, 0.9799803495407104, 0.981949508190155, 0.9821135997772217, 0.982441782951355, 0.9825237989425659, 0.9829340577125549, 0.9829340577125549, 0.9831802248954773], "val_loss": [0.6062566637992859, 0.5177308917045593, 0.3946693539619446, 0.2901621460914612, 0.2202100157737732, 0.173153817653656, 0.1400894969701767, 0.11627472937107086, 0.09853819757699966, 0.08519019931554794], "val_accuracy": [0.6688247323036194, 0.975597620010376, 0.9870518445968628, 0.9900398850440979, 0.9900398850440979, 0.9900398850440979, 0.9895418882369995, 0.9895418882369995, 0.9905378818511963, 0.9905378818511963]}