{"loss": [0.6894633769989014, 0.6614325642585754, 0.6283981204032898, 0.586426317691803, 0.5365535616874695, 0.4828781187534332, 0.4292474389076233, 0.3789461851119995, 0.3335110545158386, 0.2936522364616394], "accuracy": [0.5696597099304199, 0.7560646533966064, 0.8604278564453125, 0.9253705739974976, 0.9435646533966064, 0.9582210183143616, 0.9638645052909851, 0.9679918885231018, 0.9690026640892029, 0.9733827114105225], "val_loss": [0.671075701713562, 0.6408526301383972, 0.6018163561820984, 0.5537514090538025, 0.49989569187164307, 0.44532307982444763, 0.3928622603416443, 0.3462632894515991, 0.3038082718849182, 0.26868531107902527], "val_accuracy": [0.661136269569397, 0.7642031311988831, 0.873303234577179, 0.904474675655365, 0.9276018738746643, 0.9336350560188293, 0.945198655128479, 0.945198655128479, 0.9552539587020874, 0.9557567238807678]}