{"loss": [0.6061797142028809, 0.4470370411872864, 0.3592385947704315, 0.30300173163414, 0.26395320892333984, 0.23515591025352478, 0.21293270587921143, 0.19522234797477722, 0.1809447556734085, 0.16918252408504486], "accuracy": [0.6203585863113403, 0.9489336609840393, 0.9792675971984863, 0.9803721904754639, 0.9791826605796814, 0.9779080748558044, 0.9785028696060181, 0.9779930710792542, 0.9781630039215088, 0.9785028696060181], "val_loss": [0.505645215511322, 0.3875187039375305, 0.31626319885253906, 0.26857995986938477, 0.23430082201957703, 0.20956172049045563, 0.18977485597133636, 0.17461059987545013, 0.16127482056617737, 0.15116015076637268], "val_accuracy": [0.8571428656578064, 0.9767081141471863, 0.980331301689148, 0.9798136949539185, 0.9787784814834595, 0.979296088218689, 0.9787784814834595, 0.9798136949539185, 0.97826087474823, 0.9787784814834595]}