{"loss": [0.4867616295814514, 0.4216447174549103, 0.37299224734306335, 0.3348592519760132, 0.30441415309906006, 0.2796303629875183, 0.2590256333351135, 0.2416239082813263, 0.22683744132518768, 0.21410168707370758], "accuracy": [0.9410315752029419, 0.9214887022972107, 0.9272665977478027, 0.9348288178443909, 0.942391037940979, 0.9460447430610657, 0.952587366104126, 0.955306351184845, 0.9605744481086731, 0.9632084369659424], "val_loss": [0.44083935022354126, 0.3840523362159729, 0.3406137228012085, 0.306153267621994, 0.278491735458374, 0.2563554346561432, 0.2375587671995163, 0.22211740911006927, 0.20824265480041504, 0.19700226187705994], "val_accuracy": [0.9415113925933838, 0.945652186870575, 0.9503105878829956, 0.9544513821601868, 0.957556962966919, 0.9616977572441101, 0.9658385515213013, 0.9689441323280334, 0.9699792861938477, 0.9725673198699951]}