{"loss": [0.7341742515563965, 0.6923550963401794, 0.6797200441360474, 0.6650252938270569, 0.6371674537658691, 0.5953377485275269, 0.5506039261817932, 0.5102387070655823, 0.4768542945384979, 0.45047977566719055], "accuracy": [0.5116841793060303, 0.5116841793060303, 0.5344683527946472, 0.7375229597091675, 0.8295777440071106, 0.8390085101127625, 0.8387581706047058, 0.8389250636100769, 0.8397596478462219, 0.8408446311950684], "val_loss": [0.7034417986869812, 0.6857439875602722, 0.6732214689254761, 0.6529744863510132, 0.6144258975982666, 0.5676089525222778, 0.5213173031806946, 0.4820648729801178, 0.4503824710845947, 0.4261162579059601], "val_accuracy": [0.5090725421905518, 0.5090725421905518, 0.5826612710952759, 0.7540322542190552, 0.8472781777381897, 0.8457661271095276, 0.8477822542190552, 0.8472781777381897, 0.8497983813285828, 0.8503023982048035]}