{"loss": [30.08454704284668, 9.433558464050293, 5.683807849884033, 4.311417579650879, 3.6906707286834717, 3.240349292755127, 2.8458011150360107, 2.475407838821411, 2.1041150093078613, 1.7720335721969604], "accuracy": [0.8684894442558289, 0.9499645233154297, 0.9665904641151428, 0.9727365374565125, 0.9741548895835876, 0.9753367900848389, 0.9758095741271973, 0.9770703315734863, 0.9777795076370239, 0.9779371023178101], "val_loss": [11.326573371887207, 5.131687164306641, 3.224531650543213, 2.5231971740722656, 2.2166733741760254, 1.9725592136383057, 1.737818717956543, 1.5139743089675903, 1.2658257484436035, 1.0486379861831665], "val_accuracy": [0.9398320913314819, 0.9678171277046204, 0.9771454930305481, 0.981809675693512, 0.9846081733703613, 0.9864738583564758, 0.9860074520111084, 0.9869402647018433, 0.9874066710472107, 0.9874066710472107]}