{"loss": [0.6753705739974976, 0.5922676920890808, 0.47252073884010315, 0.3776646852493286, 0.30954140424728394, 0.2604418992996216, 0.22430159151554108, 0.19702447950839996, 0.17626023292541504, 0.16012032330036163], "accuracy": [0.5312426090240479, 0.6903316974639893, 0.9750216603279114, 0.9841619729995728, 0.9816405177116394, 0.9803797602653503, 0.9795917868614197, 0.9795129895210266, 0.9795917868614197, 0.9795129895210266], "val_loss": [0.6482180953025818, 0.5292890071868896, 0.41788119077682495, 0.3350893259048462, 0.2746691405773163, 0.23087196052074432, 0.19663846492767334, 0.17042696475982666, 0.15023067593574524, 0.13416242599487305], "val_accuracy": [0.5293843150138855, 0.9421641826629639, 0.9902052283287048, 0.9874066710472107, 0.9860074520111084, 0.9846081733703613, 0.9850745797157288, 0.9850745797157288, 0.9850745797157288, 0.9850745797157288]}