{"loss": [2.1286909580230713, 0.277676522731781, 0.16298089921474457, 0.12265665829181671, 0.08217855542898178, 0.057603154331445694, 0.03361475095152855, 0.046265874058008194, 0.0496506504714489, 0.006212186999619007], "accuracy": [0.9667456746101379, 0.9946287870407104, 0.9962875843048096, 0.9969984889030457, 0.997077465057373, 0.9975513815879822, 0.9984202980995178, 0.9977883696556091, 0.9982622861862183, 0.9993681311607361], "val_loss": [0.7374504208564758, 0.5013388395309448, 0.37434229254722595, 0.3802741467952728, 0.27732133865356445, 0.333126425743103, 0.28471001982688904, 0.1918223649263382, 0.19121703505516052, 0.2622687816619873], "val_accuracy": [0.9909221529960632, 0.9909221529960632, 0.9937888383865356, 0.9937888383865356, 0.9952221512794495, 0.9942666292190552, 0.995699942111969, 0.9971333146095276, 0.9976111054420471, 0.9971333146095276]}