{"loss": [0.6915087103843689, 0.673590898513794, 0.6559910178184509, 0.631746768951416, 0.5991305708885193, 0.5591545104980469, 0.5133504867553711, 0.46381571888923645, 0.4137645661830902, 0.36707353591918945], "accuracy": [0.5299603939056396, 0.6051502227783203, 0.6782767176628113, 0.7925883531570435, 0.888247013092041, 0.9159789085388184, 0.9341367483139038, 0.9404094219207764, 0.9441235065460205, 0.9465996026992798], "val_loss": [0.6849756240844727, 0.6688166260719299, 0.6487201452255249, 0.6205952167510986, 0.5851542353630066, 0.5417505502700806, 0.49457624554634094, 0.4445800483226776, 0.3964022994041443, 0.3531774580478668], "val_accuracy": [0.5489510297775269, 0.5919080972671509, 0.6688311696052551, 0.8141857981681824, 0.8626373410224915, 0.9170829057693481, 0.9300699234008789, 0.9400599002838135, 0.9390609264373779, 0.9380618929862976]}