{"loss": [0.695304274559021, 0.6803125739097595, 0.6554849743843079, 0.6115955114364624, 0.5498999357223511, 0.48061978816986084, 0.41427621245384216, 0.35630902647972107, 0.30764278769493103, 0.2674761116504669], "accuracy": [0.48997795581817627, 0.6933073401451111, 0.8286054730415344, 0.895022988319397, 0.921352207660675, 0.9375743865966797, 0.94513338804245, 0.9519280195236206, 0.954475998878479, 0.9587226510047913], "val_loss": [0.6886218786239624, 0.6706428527832031, 0.6375160813331604, 0.583367109298706, 0.515647828578949, 0.4455054700374603, 0.382702112197876, 0.32787081599235535, 0.28367137908935547, 0.24586504697799683], "val_accuracy": [0.5926305055618286, 0.775844395160675, 0.8654043078422546, 0.9201637506484985, 0.9488229155540466, 0.957522988319397, 0.9621289372444153, 0.9646878242492676, 0.9698055386543274, 0.9713408350944519]}