{"loss": [243.76547241210938, 56.508758544921875, 3.6881020069122314, 1.0504499673843384, 0.7742178440093994, 0.6870840787887573, 0.6448009014129639, 0.6101961135864258, 0.5716801881790161, 0.5260263681411743], "accuracy": [0.4474729597568512, 0.7000159025192261, 0.9287189841270447, 0.9744914174079895, 0.9800540208816528, 0.9821200966835022, 0.9826763868331909, 0.9829942584037781, 0.9828352928161621, 0.9829148054122925], "val_loss": [132.30886840820312, 10.93792724609375, 1.1628987789154053, 0.6272615790367126, 0.48564738035202026, 0.4266831874847412, 0.3975197970867157, 0.37649041414260864, 0.3517248332500458, 0.32044902443885803], "val_accuracy": [0.5621162056922913, 0.847898006439209, 0.9688238501548767, 0.9829948544502258, 0.9844119548797607, 0.9858290553092957, 0.9848843216896057, 0.9844119548797607, 0.9844119548797607, 0.9844119548797607]}