{"loss": [0.5553300976753235, 0.42079880833625793, 0.3347502052783966, 0.2862791121006012, 0.2463160753250122, 0.22950494289398193, 0.19642968475818634, 0.19502867758274078, 0.18611273169517517, 0.17141278088092804], "accuracy": [0.8126356601715088, 0.9129527807235718, 0.928642988204956, 0.9398264288902283, 0.9491737484931946, 0.9480888247489929, 0.9566850662231445, 0.9450843334197998, 0.9372392296791077, 0.9541813135147095], "val_loss": [0.45998987555503845, 0.3353489637374878, 0.2882736325263977, 0.26319506764411926, 0.28521227836608887, 0.2007889747619629, 0.18246757984161377, 0.17448486387729645, 0.16558820009231567, 0.17580558359622955], "val_accuracy": [0.9183467626571655, 0.9495967626571655, 0.9435483813285828, 0.9455645084381104, 0.9506047964096069, 0.956149160861969, 0.961693525314331, 0.9541330337524414, 0.9601814150810242, 0.946068525314331]}