{"loss": [18.541969299316406, 2.8945915699005127, 1.6860355138778687, 1.3899550437927246, 1.1629176139831543, 0.9958341121673584, 0.8703640699386597, 0.7536699175834656, 0.6512726545333862, 0.5852663516998291], "accuracy": [0.815313458442688, 0.9131081104278564, 0.9297927021980286, 0.9243413209915161, 0.9212026000022888, 0.9196332693099976, 0.9187247157096863, 0.9180639386177063, 0.918146550655365, 0.919468104839325], "val_loss": [4.844873428344727, 2.269477367401123, 1.6256322860717773, 1.3720216751098633, 1.1845908164978027, 1.1060290336608887, 0.8304274678230286, 0.7163091897964478, 0.6451834440231323, 0.5108827352523804], "val_accuracy": [0.8860697150230408, 0.9393035173416138, 0.9308457970619202, 0.9263681769371033, 0.9288557767868042, 0.9333333969116211, 0.9124378561973572, 0.93034827709198, 0.9313433170318604, 0.9343283772468567]}