{"loss": [0.8161283135414124, 0.6157947182655334, 0.4943865239620209, 0.4140773117542267, 0.3569062352180481, 0.313834011554718, 0.2801404595375061, 0.25315427780151367, 0.23097628355026245, 0.21249397099018097], "accuracy": [0.5080260634422302, 0.6745867729187012, 0.9822790622711182, 0.9805307984352112, 0.970756471157074, 0.9671010375022888, 0.9675778746604919, 0.9676573276519775, 0.9710743427276611, 0.9713922142982483], "val_loss": [0.6978232860565186, 0.5466509461402893, 0.44992920756340027, 0.3831290900707245, 0.3335040211677551, 0.29503607749938965, 0.2644212543964386, 0.23939542472362518, 0.21862810850143433, 0.20087940990924835], "val_accuracy": [0.5361360907554626, 0.9362305402755737, 0.9919698238372803, 0.9726027846336365, 0.9692962169647217, 0.9697685837745667, 0.9692962169647217, 0.9721304178237915, 0.9702409505844116, 0.9749646186828613]}