{"loss": [0.648139476776123, 0.5634163022041321, 0.4978485107421875, 0.44562453031539917, 0.4033661186695099, 0.3683726489543915, 0.33891260623931885, 0.313863068819046, 0.2921847403049469, 0.27326831221580505], "accuracy": [0.6016370058059692, 0.8359822034835815, 0.8943102359771729, 0.9229974150657654, 0.9316592216491699, 0.9400826096534729, 0.9499363899230957, 0.9535123705863953, 0.958439290523529, 0.9601080417633057], "val_loss": [0.6030454635620117, 0.5297061800956726, 0.4714580774307251, 0.424808144569397, 0.38632333278656006, 0.35404542088508606, 0.326686829328537, 0.30312708020210266, 0.28258779644966125, 0.2643756866455078], "val_accuracy": [0.7543694376945496, 0.8696268796920776, 0.915446400642395, 0.9296174049377441, 0.9452055096626282, 0.9532357454299927, 0.9555975794792175, 0.9603212475776672, 0.9622107148170471, 0.9664620161056519]}