{"loss": [607.4507446289062, 334.6750183105469, 91.22708892822266, 0.06378507614135742, 0.062392707914114, 0.06188853830099106, 0.060480743646621704, 0.05923840403556824, 0.058424051851034164, 0.05714743956923485], "accuracy": [0.058466628193855286, 0.12252777069807053, 0.32708218693733215, 0.9762035608291626, 0.9773855209350586, 0.9771491289138794, 0.9775431156158447, 0.9785674810409546, 0.9791978001594543, 0.9791978001594543], "val_loss": [492.2402038574219, 220.39892578125, 0.04575316980481148, 0.04379650950431824, 0.04636426642537117, 0.0421048179268837, 0.040147971361875534, 0.03913293406367302, 0.03855333849787712, 0.0389881432056427], "val_accuracy": [0.06716417521238327, 0.1473880559206009, 0.9822760820388794, 0.9836753606796265, 0.9836753606796265, 0.9841417670249939, 0.9850745797157288, 0.9864738583564758, 0.9860074520111084, 0.9874066710472107]}