{"loss": [0.6561952829360962, 0.6311128735542297, 0.5983540415763855, 0.557793378829956, 0.5107043981552124, 0.46041160821914673, 0.4106917679309845, 0.36489662528038025, 0.32424023747444153, 0.2892240881919861], "accuracy": [0.659248948097229, 0.8261474370956421, 0.8974883556365967, 0.9282500147819519, 0.9460034370422363, 0.9524666666984558, 0.9529575705528259, 0.954839289188385, 0.9553301334381104, 0.9544302225112915], "val_loss": [0.6469883918762207, 0.61861252784729, 0.582118034362793, 0.537987470626831, 0.4887872338294983, 0.4384118914604187, 0.39069071412086487, 0.34824472665786743, 0.31096088886260986, 0.2795742154121399], "val_accuracy": [0.8305825591087341, 0.8975728154182434, 0.9286407828330994, 0.9402912855148315, 0.9466019868850708, 0.9475728273391724, 0.9490291476249695, 0.9485437273979187, 0.9504854679107666, 0.9495145678520203]}