{"loss": [0.7239919900894165, 0.6735938191413879, 0.6495928168296814, 0.6144334673881531, 0.5637045502662659, 0.50235515832901, 0.43898841738700867, 0.38047391176223755, 0.3293459415435791, 0.2860495448112488], "accuracy": [0.46424028277397156, 0.6225365400314331, 0.9512078762054443, 0.9453274011611938, 0.9606643319129944, 0.9721868634223938, 0.9752066135406494, 0.9764780402183533, 0.9760012626647949, 0.9753655195236206], "val_loss": [0.6852589249610901, 0.6589680314064026, 0.6289575099945068, 0.582565426826477, 0.5221261978149414, 0.45614200830459595, 0.3935707211494446, 0.33840635418891907, 0.2916777431964874, 0.25492581725120544], "val_accuracy": [0.46386396884918213, 0.8578177094459534, 0.915446400642395, 0.9234766364097595, 0.9371752738952637, 0.9489844441413879, 0.9589041471481323, 0.9674067497253418, 0.9702409505844116, 0.9716580510139465]}