{"loss": [0.7054737210273743, 0.6970489621162415, 0.6927990317344666, 0.6856439709663391, 0.6699443459510803, 0.6434032917022705, 0.6071494221687317, 0.5637784004211426, 0.51577228307724, 0.46527794003486633], "accuracy": [0.5082579255104065, 0.41339531540870667, 0.5088388919830322, 0.5101668238639832, 0.5277616381645203, 0.6290148496627808, 0.8017262816429138, 0.8884555101394653, 0.9449747204780579, 0.9614905714988708], "val_loss": [0.6996845006942749, 0.6939531564712524, 0.6886398792266846, 0.6761186718940735, 0.6527581214904785, 0.618349015712738, 0.5752794742584229, 0.5270395874977112, 0.47509580850601196, 0.42299890518188477], "val_accuracy": [0.5020325779914856, 0.5132114291191101, 0.5172764658927917, 0.5162602066993713, 0.6244919300079346, 0.798272430896759, 0.8810976147651672, 0.9491870403289795, 0.9568090438842773, 0.9710366725921631]}