{"loss": [0.6909395456314087, 0.6598952412605286, 0.6010526418685913, 0.5177193880081177, 0.4297886788845062, 0.3520984649658203, 0.289897084236145, 0.24198299646377563, 0.20548096299171448, 0.17748065292835236], "accuracy": [0.49587902426719666, 0.7360013723373413, 0.8841872811317444, 0.9402668476104736, 0.9599796533584595, 0.9675418734550476, 0.9710255861282349, 0.9736596345901489, 0.9743394255638123, 0.9752740859985352], "val_loss": [0.6803618669509888, 0.636872410774231, 0.5612752437591553, 0.4701964855194092, 0.38398224115371704, 0.3125600516796112, 0.2569006383419037, 0.2146514654159546, 0.1824088841676712, 0.15759210288524628], "val_accuracy": [0.6086956858634949, 0.8550724983215332, 0.9327122569084167, 0.9570393562316895, 0.9720497131347656, 0.9730849266052246, 0.9761905074119568, 0.9777432680130005, 0.9787784814834595, 0.9787784814834595]}