{"loss": [0.8702777624130249, 0.7207910418510437, 0.6696207523345947, 0.6276106238365173, 0.569645881652832, 0.49545803666114807, 0.41683244705200195, 0.3446406126022339, 0.28399020433425903, 0.23520012199878693], "accuracy": [0.4986938536167145, 0.4988623857498169, 0.5892812013626099, 0.7511586546897888, 0.8836268782615662, 0.9351984262466431, 0.9550012946128845, 0.9683154821395874, 0.9742141962051392, 0.9780905246734619], "val_loss": [0.7728164792060852, 0.6939457654953003, 0.6539416313171387, 0.6065137982368469, 0.539557695388794, 0.46100297570228577, 0.3838443160057068, 0.31668519973754883, 0.26167207956314087, 0.2180829793214798], "val_accuracy": [0.4870361387729645, 0.4860193431377411, 0.6939502358436584, 0.8581597208976746, 0.9334011673927307, 0.9562786817550659, 0.9623793363571167, 0.9684799909591675, 0.9725471138954163, 0.976105809211731]}