{"accuracy": [0.74, 0.79, 0.87, 0.89, 0.9, 0.91, 0.93, 0.92, 0.92, 0.92], "val_accuracy": [0.749, 0.771, 0.826, 0.857, 0.881, 0.872, 0.856, 0.864, 0.858, 0.865], "loss": [77.44799999999998, 58.615999999999985, 47.855999999999995, 44.73599999999998, 41.39599999999998, 40.452, 38.675999999999995, 38.852000000000004, 37.44400000000001, 38.056000000000004], "val_loss": [611.4640000000011, 534.8520000000003, 482.9840000000008, 466.00800000000095, 459.508, 459.58799999999997, 480.5720000000013, 475.1760000000001, 491.78400000000033, 495.32800000000043]}