{"loss": [0.7520366907119751, 0.6238711476325989, 0.5411777496337891, 0.4779953956604004, 0.4282234013080597, 0.38826245069503784, 0.35565441846847534, 0.3284951448440552, 0.3056026101112366, 0.28598031401634216], "accuracy": [0.46875736117362976, 0.564336895942688, 0.7931604981422424, 0.8762114644050598, 0.9176581501960754, 0.9423213005065918, 0.9493341445922852, 0.9573713541030884, 0.9646205902099609, 0.9685603380203247], "val_loss": [0.6736268401145935, 0.5769080519676208, 0.5044439435005188, 0.44750022888183594, 0.40188437700271606, 0.3647949993610382, 0.33380961418151855, 0.3076320290565491, 0.2853151559829712, 0.2659723162651062], "val_accuracy": [0.4706156551837921, 0.6800373196601868, 0.8414179086685181, 0.9090484976768494, 0.9435634016990662, 0.9510260820388794, 0.9617537260055542, 0.965018630027771, 0.96875, 0.9729477167129517]}