{"loss": [3.8410286903381348, 0.42965513467788696, 0.30022525787353516, 0.2362699955701828, 0.17805054783821106, 0.19538697600364685, 0.16104653477668762, 0.11907000094652176, 0.11276746541261673, 0.10527432709932327], "accuracy": [0.9506892561912537, 0.9908106327056885, 0.9927797913551331, 0.9943386912345886, 0.9950771331787109, 0.9953233003616333, 0.9960617423057556, 0.9960617423057556, 0.9963078498840332, 0.9964719414710999], "val_loss": [0.6136215329170227, 0.5869839787483215, 0.47626984119415283, 0.37649884819984436, 0.314456045627594, 0.35084640979766846, 0.3396121859550476, 0.5053945183753967, 0.302691251039505, 0.41130131483078003], "val_accuracy": [0.9880478382110596, 0.9910358786582947, 0.9925299286842346, 0.9940239191055298, 0.993027925491333, 0.993027925491333, 0.9935259222984314, 0.9925299286842346, 0.9940239191055298, 0.9935259222984314]}