{"accuracy": [0.76, 0.77, 0.77, 0.79, 0.8], "val_accuracy": [0.649, 0.664, 0.664, 0.675, 0.682], "loss": [75.53599999999999, 55.28800000000002, 53.391999999999996, 52.883999999999986, 52.02799999999998], "val_loss": [852.6959999999997, 807.7600000000002, 796.6159999999992, 749.7319999999995, 732.5040000000006]}