{"loss": [0.4117584526538849, 0.2996388375759125, 0.23456692695617676, 0.18290744721889496, 0.14177557826042175, 0.11990348994731903, 0.09622307866811752, 0.07957738637924194, 0.06727046519517899, 0.057699836790561676], "accuracy": [0.9742496609687805, 0.9910743236541748, 0.9902843832969666, 0.9944708347320557, 0.9973934292793274, 0.9930490255355835, 0.9962086081504822, 0.9967615008354187, 0.997314453125, 0.9972354173660278], "val_loss": [0.3352735936641693, 0.2586537003517151, 0.20027832686901093, 0.1581936776638031, 0.12644244730472565, 0.10772780328989029, 0.08680050820112228, 0.07292839884757996, 0.065115787088871, 0.05366327613592148], "val_accuracy": [0.991399884223938, 0.9947444200515747, 0.9952221512794495, 0.9966555237770081, 0.9966555237770081, 0.9937888383865356, 0.9976111054420471, 0.9971333146095276, 0.9952221512794495, 0.9966555237770081]}