{"accuracy": [0.44, 0.6, 0.72, 0.69, 0.69, 0.72, 0.74, 0.74, 0.75, 0.77], "val_accuracy": [0.555, 0.63, 0.638, 0.638, 0.638, 0.646, 0.668, 0.68, 0.698, 0.725], "loss": [127.69600000000004, 86.78400000000002, 77.91199999999999, 73.964, 73.94799999999998, 73.27599999999998, 73.10399999999997, 71.176, 67.75599999999997, 64.264], "val_loss": [965.1279999999988, 867.6519999999998, 862.5680000000004, 852.396, 850.6799999999996, 837.2080000000001, 802.3479999999992, 779.7839999999997, 736.8239999999989, 691.2880000000004]}