{"loss": [0.4861627221107483, 0.3291628658771515, 0.25924545526504517, 0.20654326677322388, 0.17147071659564972, 0.14835749566555023, 0.1200825646519661, 0.11376269161701202, 0.10620094835758209, 0.0867157056927681], "accuracy": [0.8791666626930237, 0.9731292724609375, 0.9751700758934021, 0.9793367385864258, 0.9801871180534363, 0.977721095085144, 0.9835034012794495, 0.9774659872055054, 0.9686224460601807, 0.9831632971763611], "val_loss": [0.38097965717315674, 0.2846831679344177, 0.22475938498973846, 0.18980520963668823, 0.14981666207313538, 0.14175331592559814, 0.1118575930595398, 0.10109350085258484, 0.09361554682254791, 0.0766458511352539], "val_accuracy": [0.9618557095527649, 0.9824742674827576, 0.9850515723228455, 0.98195880651474, 0.9845361113548279, 0.9670103192329407, 0.9871134161949158, 0.9829897284507751, 0.98195880651474, 0.9865979552268982]}