{"loss": [0.7481932640075684, 0.6895270347595215, 0.6542367339134216, 0.6083674430847168, 0.5494360327720642, 0.48279353976249695, 0.41624489426612854, 0.3561898171901703, 0.30525362491607666, 0.26342999935150146], "accuracy": [0.5003848075866699, 0.5005558729171753, 0.5948858261108398, 0.7518172860145569, 0.8571794629096985, 0.8943812251091003, 0.9427862763404846, 0.9637389779090881, 0.9725476503372192, 0.9771658182144165], "val_loss": [0.7097923159599304, 0.6730099320411682, 0.6317086815834045, 0.5764172077178955, 0.509584367275238, 0.43899914622306824, 0.37317955493927, 0.31626999378204346, 0.26936089992523193, 0.2314445674419403], "val_accuracy": [0.49795499444007874, 0.5030674934387207, 0.6743353605270386, 0.8440694808959961, 0.8742331266403198, 0.9294478297233582, 0.9575664401054382, 0.9718813896179199, 0.9790388345718384, 0.9805725812911987]}