{"loss": [0.6854042410850525, 0.6622828245162964, 0.6390255093574524, 0.6059756278991699, 0.5650811195373535, 0.5205148458480835, 0.47642841935157776, 0.436339408159256, 0.40125322341918945, 0.3709997236728668], "accuracy": [0.5214658379554749, 0.7945239543914795, 0.8602035045623779, 0.8647531270980835, 0.8687236905097961, 0.8733559846878052, 0.8758375644683838, 0.8808007836341858, 0.8839440941810608, 0.8887418508529663], "val_loss": [0.6700342297554016, 0.6495373845100403, 0.6196354031562805, 0.5805590748786926, 0.5357517004013062, 0.48977047204971313, 0.44750678539276123, 0.40920165181159973, 0.377751886844635, 0.35030338168144226], "val_accuracy": [0.6909891963005066, 0.8667972087860107, 0.8623898029327393, 0.8653280735015869, 0.8692458271980286, 0.8741430044174194, 0.8741430044174194, 0.8795298337936401, 0.8834475874900818, 0.886875569820404]}