{"loss": [0.6298475861549377, 0.5055531859397888, 0.42415621876716614, 0.36633411049842834, 0.32321596145629883, 0.2896569073200226, 0.26274511218070984, 0.24077428877353668, 0.22246991097927094, 0.2069719284772873], "accuracy": [0.8382072448730469, 0.9700412750244141, 0.9594722986221313, 0.957247257232666, 0.9554195404052734, 0.9576445817947388, 0.9611411094665527, 0.9628099203109741, 0.9670215845108032, 0.967418909072876], "val_loss": [0.5597285032272339, 0.46177807450294495, 0.3934272229671478, 0.34353533387184143, 0.3050015866756439, 0.2743171453475952, 0.24939505755901337, 0.22866703569889069, 0.21124035120010376, 0.1961827278137207], "val_accuracy": [0.9844119548797607, 0.9692962169647217, 0.9612659811973572, 0.9574870467185974, 0.9607936143875122, 0.9626830816268921, 0.964100182056427, 0.9674067497253418, 0.9702409505844116, 0.9721304178237915]}