{"loss": [0.6892853379249573, 0.6762941479682922, 0.6482654809951782, 0.6006148457527161, 0.5392815470695496, 0.4732343256473541, 0.409402459859848, 0.35214030742645264, 0.3029741048812866, 0.2615951597690582], "accuracy": [0.5034971237182617, 0.6626780033111572, 0.9403387308120728, 0.9583719372749329, 0.9678941369056702, 0.9730344414710999, 0.9754782319068909, 0.9772478342056274, 0.9785960912704468, 0.979607343673706], "val_loss": [0.6821873188018799, 0.6628572344779968, 0.6225955486297607, 0.5648403167724609, 0.49893274903297424, 0.4331664741039276, 0.3735664188861847, 0.32142630219459534, 0.277906209230423, 0.24311846494674683], "val_accuracy": [0.5129639506340027, 0.9079817533493042, 0.9379766583442688, 0.9572954177856445, 0.9618709683418274, 0.9649212956428528, 0.9684799909591675, 0.9720386862754822, 0.9715303182601929, 0.9689883589744568]}