{"loss": [0.7372979521751404, 0.6830868124961853, 0.6699352860450745, 0.656031608581543, 0.6346541047096252, 0.6035912036895752, 0.5641112923622131, 0.5197449326515198, 0.47475823760032654, 0.4324477016925812], "accuracy": [0.4954695403575897, 0.4992802143096924, 0.7441781759262085, 0.7908374667167664, 0.8446947336196899, 0.8262342214584351, 0.8689135313034058, 0.876704216003418, 0.8922855257987976, 0.9020238518714905], "val_loss": [0.6976651549339294, 0.6760993003845215, 0.6637335419654846, 0.6463072299957275, 0.6203232407569885, 0.5839975476264954, 0.5415102243423462, 0.4966011047363281, 0.45314279198646545, 0.4138934016227722], "val_accuracy": [0.4855433702468872, 0.5717846751213074, 0.8220338821411133, 0.8549352288246155, 0.8330010175704956, 0.8664008378982544, 0.8748753666877747, 0.8898305296897888, 0.9017946124076843, 0.9067796468734741]}