{"loss": [0.6012654304504395, 0.445617139339447, 0.36997315287590027, 0.3138883411884308, 0.2754785716533661, 0.2400602251291275, 0.2062336653470993, 0.1688416302204132, 0.13548718392848969, 0.12585240602493286], "accuracy": [0.5004629492759705, 0.8825856447219849, 0.9668378233909607, 0.9737396240234375, 0.9750862717628479, 0.977948009967804, 0.9839239120483398, 0.9823247194290161, 0.9826614260673523, 0.9765171408653259], "val_loss": [0.48826509714126587, 0.3864516019821167, 0.3239893317222595, 0.29230403900146484, 0.29493480920791626, 0.21116308867931366, 0.18602053821086884, 0.1340499371290207, 0.11175844818353653, 0.11118462681770325], "val_accuracy": [0.5129225254058838, 0.9860835671424866, 0.9845924973487854, 0.9716700315475464, 0.944334089756012, 0.9885686635971069, 0.9895626902580261, 0.9885686635971069, 0.9895626902580261, 0.9786282777786255]}