{"loss": [0.5704604983329773, 0.4018234312534332, 0.3274295926094055, 0.2800682485103607, 0.2347206026315689, 0.19769755005836487, 0.17543867230415344, 0.14996576309204102, 0.1384395807981491, 0.12018027901649475], "accuracy": [0.5869491696357727, 0.9644067883491516, 0.9749152660369873, 0.969152569770813, 0.974237322807312, 0.9761016964912415, 0.9712712168693542, 0.9739830493927002, 0.9757627248764038, 0.9794067740440369], "val_loss": [0.43436339497566223, 0.3556506633758545, 0.2962392568588257, 0.24870648980140686, 0.22575579583644867, 0.18199953436851501, 0.1657559871673584, 0.14478757977485657, 0.12333396077156067, 0.11782687902450562], "val_accuracy": [0.968222439289093, 0.9801390171051025, 0.9806355237960815, 0.9801390171051025, 0.9558093547821045, 0.9796425104141235, 0.9746772646903992, 0.976166844367981, 0.9816285967826843, 0.976166844367981]}