{"loss": [49.08656311035156, 7.0701799392700195, 2.7435309886932373, 1.7082492113113403, 1.311622142791748, 1.1668671369552612, 1.0721018314361572, 0.9865626692771912, 0.8759826421737671, 0.7553117275238037], "accuracy": [0.739230215549469, 0.9252273440361023, 0.9631235003471375, 0.9723001718521118, 0.9748492240905762, 0.9759538173675537, 0.9766335487365723, 0.9762087464332581, 0.9760387539863586, 0.9746792912483215], "val_loss": [11.164775848388672, 3.2272653579711914, 2.1400766372680664, 1.6798033714294434, 1.4611314535140991, 1.3712090253829956, 1.255910873413086, 1.1108951568603516, 0.9778039455413818, 0.8320446014404297], "val_accuracy": [0.8711180090904236, 0.9601449370384216, 0.9699792861938477, 0.9741200804710388, 0.9751552939414978, 0.9756729006767273, 0.9761905074119568, 0.9751552939414978, 0.9761905074119568, 0.9751552939414978]}