{"loss": [0.8193208575248718, 0.7449244856834412, 0.67911297082901, 0.6211015582084656, 0.5701159834861755, 0.5253039598464966, 0.4857950806617737, 0.45083385705947876, 0.4197307229042053, 0.39196839928627014], "accuracy": [0.03469167649745941, 0.14922399818897247, 0.6252801418304443, 0.9538550972938538, 0.9638144373893738, 0.9654743075370789, 0.9668852090835571, 0.9683791399002075, 0.9689601063728333, 0.9687110781669617], "val_loss": [0.7884283661842346, 0.713196337223053, 0.6468520760536194, 0.5886447429656982, 0.5378128290176392, 0.49326634407043457, 0.45416221022605896, 0.41950294375419617, 0.38875681161880493, 0.36145591735839844], "val_accuracy": [0.04522358253598213, 0.5132114291191101, 0.9547765254974365, 0.9669716358184814, 0.9674797654151917, 0.9664635062217712, 0.9674797654151917, 0.9669716358184814, 0.9669716358184814, 0.9674797654151917]}