{"loss": [0.7078986167907715, 0.6871711015701294, 0.6707628965377808, 0.6509851813316345, 0.625638484954834, 0.5939084887504578, 0.5563057065010071, 0.5146721601486206, 0.4720163643360138, 0.43085047602653503], "accuracy": [0.4522365629673004, 0.5276386141777039, 0.6947886347770691, 0.813955545425415, 0.9197644591331482, 0.9338254928588867, 0.9376922249794006, 0.9392740726470947, 0.9394498467445374, 0.9400650262832642], "val_loss": [0.6946497559547424, 0.6782155632972717, 0.6600136160850525, 0.637625515460968, 0.6082425713539124, 0.5727499127388, 0.531949520111084, 0.4892714023590088, 0.4464689791202545, 0.4067576229572296], "val_accuracy": [0.5363825559616089, 0.5420997738838196, 0.7713097929954529, 0.9365904331207275, 0.939708948135376, 0.9376299381256104, 0.9391891956329346, 0.9365904331207275, 0.9391891956329346, 0.9391891956329346]}