{"loss": [0.720689058303833, 0.683711051940918, 0.664603590965271, 0.6377668380737305, 0.6007285714149475, 0.5546264052391052, 0.5029754042625427, 0.45019373297691345, 0.39984798431396484, 0.354321151971817], "accuracy": [0.49978888034820557, 0.613123893737793, 0.82020103931427, 0.9250063896179199, 0.9471328854560852, 0.9516088962554932, 0.9522000551223755, 0.9537201523780823, 0.9541424512863159, 0.9552403092384338], "val_loss": [0.6951625347137451, 0.6760252118110657, 0.6531431078910828, 0.6205456852912903, 0.5780746936798096, 0.5282156467437744, 0.47466841340065, 0.4230298697948456, 0.37473899126052856, 0.3325386643409729], "val_accuracy": [0.49690404534339905, 0.7131063342094421, 0.8962848782539368, 0.9334365725517273, 0.9406605362892151, 0.944272518157959, 0.946852445602417, 0.9473684430122375, 0.9489164352416992, 0.9489164352416992]}