{"loss": [0.7363299131393433, 0.5897130966186523, 0.498970627784729, 0.43136066198349, 0.3782035708427429, 0.33541348576545715, 0.3003740608692169, 0.271160751581192, 0.24651101231575012, 0.22551725804805756], "accuracy": [0.5196682810783386, 0.7551343441009521, 0.9828594326972961, 0.9924960732460022, 0.9931280016899109, 0.9931280016899109, 0.9928910732269287, 0.9930490255355835, 0.9928120374679565, 0.9928120374679565], "val_loss": [0.6426243185997009, 0.5316727161407471, 0.4529625177383423, 0.3920689523220062, 0.343578964471817, 0.3043484687805176, 0.27133750915527344, 0.2442781925201416, 0.22100453078746796, 0.20152421295642853], "val_accuracy": [0.542283833026886, 0.9665551781654358, 0.9942666292190552, 0.9947444200515747, 0.9947444200515747, 0.9942666292190552, 0.9947444200515747, 0.9947444200515747, 0.9947444200515747, 0.9947444200515747]}