{"loss": [0.6560617089271545, 0.5859211683273315, 0.49765774607658386, 0.4055299460887909, 0.32577067613601685, 0.26285824179649353, 0.21523328125476837, 0.17922954261302948, 0.15174582600593567, 0.1305578351020813], "accuracy": [0.7033324837684631, 0.9767810702323914, 0.9803724884986877, 0.9818758964538574, 0.9827946424484253, 0.9837133288383484, 0.9842144846916199, 0.9850496649742126, 0.9854673147201538, 0.9857178330421448], "val_loss": [0.622934103012085, 0.5420276522636414, 0.4471223056316376, 0.3585474193096161, 0.28614842891693115, 0.2308211475610733, 0.18934805691242218, 0.15800006687641144, 0.134179025888443, 0.11566529422998428], "val_accuracy": [0.9799197316169739, 0.9844378232955933, 0.9864458441734314, 0.9874498844146729, 0.9889559149742126, 0.9884538650512695, 0.9884538650512695, 0.9884538650512695, 0.9889559149742126, 0.9889559149742126]}