{"loss": [0.5139610171318054, 0.25352299213409424, 0.162893146276474, 0.1250525712966919, 0.10502906888723373, 0.09317035973072052, 0.08521588891744614, 0.07975926250219345, 0.0758519321680069, 0.07279377430677414], "accuracy": [0.8471242785453796, 0.9455556273460388, 0.9631505012512207, 0.9707029461860657, 0.9777575135231018, 0.9804133176803589, 0.9831521511077881, 0.9837331175804138, 0.9845630526542664, 0.9848120212554932], "val_loss": [0.31623375415802, 0.1674327701330185, 0.11312848329544067, 0.08813775330781937, 0.07298740744590759, 0.0642206147313118, 0.05720937252044678, 0.052955593913793564, 0.049366939812898636, 0.04680933058261871], "val_accuracy": [0.9446138739585876, 0.9644309878349304, 0.9710366725921631, 0.978150486946106, 0.9801830053329468, 0.9878049492835999, 0.9872968196868896, 0.9893293380737305, 0.9893293380737305, 0.9903455972671509]}