{"loss": [0.5740361213684082, 0.43740567564964294, 0.35677117109298706, 0.30388250946998596, 0.26672235131263733, 0.2391739934682846, 0.21787029504776, 0.20090839266777039, 0.18726897239685059, 0.1760583221912384], "accuracy": [0.7562240362167358, 0.9764636158943176, 0.9706857204437256, 0.9697510600090027, 0.9699209928512573, 0.9686464667320251, 0.9708556532859802, 0.9706007838249207, 0.9723851084709167, 0.9729799032211304], "val_loss": [0.4852540194988251, 0.37953296303749084, 0.3134153485298157, 0.26832687854766846, 0.2355935126543045, 0.2121160626411438, 0.1931043416261673, 0.1787489354610443, 0.16592729091644287, 0.1564159095287323], "val_accuracy": [0.9730849266052246, 0.9761905074119568, 0.9730849266052246, 0.9720497131347656, 0.9689441323280334, 0.9725673198699951, 0.9725673198699951, 0.9736024737358093, 0.9730849266052246, 0.9736024737358093]}