{"loss": [0.7705482840538025, 0.5720769166946411, 0.45106562972068787, 0.37001127004623413, 0.31369754672050476, 0.2692628502845764, 0.2369130700826645, 0.21927618980407715, 0.2001783847808838, 0.17741602659225464], "accuracy": [0.4945950210094452, 0.4945950210094452, 0.9034366011619568, 0.9756373167037964, 0.9789448380470276, 0.9812842607498169, 0.9815263152122498, 0.9772506952285767, 0.9757179617881775, 0.9801548719406128], "val_loss": [0.6532940864562988, 0.5042301416397095, 0.4036504924297333, 0.3484444320201874, 0.3019537627696991, 0.2578480839729309, 0.2334291785955429, 0.2066674381494522, 0.18570753931999207, 0.17590364813804626], "val_accuracy": [0.4955839216709137, 0.4955839216709137, 0.9774288535118103, 0.9710500240325928, 0.9715407490730286, 0.9779195189476013, 0.9754661321640015, 0.9779195189476013, 0.9798822402954102, 0.9764475226402283]}