{"loss": [0.5722731351852417, 0.4366343915462494, 0.3434673845767975, 0.2797059714794159, 0.23220579326152802, 0.1931692510843277, 0.16992968320846558, 0.1453092396259308, 0.12756948173046112, 0.12055987864732742], "accuracy": [0.9212712049484253, 0.9704237580299377, 0.9761016964912415, 0.9759321808815002, 0.9773728847503662, 0.9773728847503662, 0.9685593247413635, 0.9800000190734863, 0.9810169339179993, 0.9767796397209167], "val_loss": [0.49030715227127075, 0.38251927495002747, 0.30420348048210144, 0.2550047039985657, 0.206257164478302, 0.17957687377929688, 0.15547068417072296, 0.1403491348028183, 0.12140586972236633, 0.12076910585165024], "val_accuracy": [0.9731876850128174, 0.9776564240455627, 0.9781529307365417, 0.9841111898422241, 0.9851042628288269, 0.9806355237960815, 0.9811320900917053, 0.9786494374275208, 0.9756702780723572, 0.9806355237960815]}