{"loss": [46.14237594604492, 3.431750774383545, 2.239910364151001, 1.671766996383667, 1.221784234046936, 0.8677948117256165, 0.639140784740448, 0.4774099588394165, 0.40754181146621704, 0.3450915217399597], "accuracy": [0.5820342302322388, 0.8518580794334412, 0.8726721405982971, 0.8812673687934875, 0.888598620891571, 0.8945816159248352, 0.8963512182235718, 0.9023342132568359, 0.903261125087738, 0.9116878509521484], "val_loss": [4.986354351043701, 2.5298831462860107, 1.833657145500183, 1.394775390625, 0.9509627819061279, 0.7229030132293701, 0.5270807147026062, 0.42100754380226135, 0.6106947660446167, 0.31372350454330444], "val_accuracy": [0.8134214878082275, 0.8688358664512634, 0.8840875029563904, 0.8896797895431519, 0.9054397940635681, 0.8957804441452026, 0.9064565896987915, 0.9217082262039185, 0.8439248204231262, 0.9247586131095886]}