{"loss": [0.6938443779945374, 0.6620665192604065, 0.6286031007766724, 0.5828748941421509, 0.528541624546051, 0.47083228826522827, 0.4145432412624359, 0.3627256751060486, 0.31674572825431824, 0.27702733874320984], "accuracy": [0.5036564469337463, 0.7028911709785461, 0.9259353876113892, 0.9665816426277161, 0.9681972861289978, 0.9681972861289978, 0.9690476059913635, 0.969897985458374, 0.9714285731315613, 0.9725340008735657], "val_loss": [0.675679087638855, 0.6477549076080322, 0.6087267994880676, 0.5588330030441284, 0.5041221976280212, 0.4502663314342499, 0.39800533652305603, 0.3539940416812897, 0.315947026014328, 0.28111499547958374], "val_accuracy": [0.5154639482498169, 0.8994845747947693, 0.9644330143928528, 0.9536082744598389, 0.9458763003349304, 0.9443299174308777, 0.9453608393669128, 0.946391761302948, 0.946391761302948, 0.9474227428436279]}