{"loss": [22.327320098876953, 2.537532091140747, 1.4330992698669434, 1.0446994304656982, 0.849114716053009, 0.7338992953300476, 0.6364089250564575, 0.5694698095321655, 0.5130060911178589, 0.4390559494495392], "accuracy": [0.7239087820053101, 0.9307515621185303, 0.9544634222984314, 0.9643091559410095, 0.9701345562934875, 0.9716114401817322, 0.9741549491882324, 0.9751394987106323, 0.9774368405342102, 0.9791598320007324], "val_loss": [3.777186393737793, 1.7078158855438232, 1.0339250564575195, 0.784214437007904, 0.6600303053855896, 0.6127396821975708, 0.7080928683280945, 0.4444880783557892, 0.39318257570266724, 0.3339356780052185], "val_accuracy": [0.9143426418304443, 0.9497012495994568, 0.9656375050544739, 0.9736056327819824, 0.9760956764221191, 0.981573760509491, 0.9750996232032776, 0.9845618009567261, 0.9850597977638245, 0.9860557913780212]}