{"loss": [51.19116973876953, 6.222950458526611, 1.092745304107666, 0.8663747310638428, 0.6040969491004944, 0.36327892541885376, 0.29800117015838623, 0.29820358753204346, 0.2979726493358612, 0.2988167703151703], "accuracy": [0.49225911498069763, 0.750236988067627, 0.8924961090087891, 0.8929700255393982, 0.8925750851631165, 0.8906003832817078, 0.8872828483581543, 0.8838073015213013, 0.8841232657432556, 0.8842812180519104], "val_loss": [22.189062118530273, 1.1536858081817627, 0.9520881772041321, 0.7183775901794434, 0.4389776885509491, 0.28321993350982666, 0.2812047600746155, 0.28055912256240845, 0.2846354842185974, 0.28083524107933044], "val_accuracy": [0.5795508623123169, 0.9039655923843384, 0.9025322794914246, 0.9006211161613464, 0.897754430770874, 0.9001433253288269, 0.8958432674407959, 0.8972766399383545, 0.8776875138282776, 0.8982322216033936]}