{"loss": [3.075568914413452, 0.8042359948158264, 0.45734813809394836, 0.32836559414863586, 0.2517436146736145, 0.19434495270252228, 0.14806729555130005, 0.11296727508306503, 0.08729543536901474, 0.06786718219518661], "accuracy": [0.9332597851753235, 0.971239447593689, 0.9773855209350586, 0.9782522916793823, 0.9791190028190613, 0.978725016117096, 0.9792765974998474, 0.9794341921806335, 0.9796705842018127, 0.9803009629249573], "val_loss": [0.682156503200531, 0.3242497742176056, 0.21587032079696655, 0.1659570038318634, 0.12338024377822876, 0.0971018448472023, 0.07834244519472122, 0.06823249906301498, 0.052010372281074524, 0.04107877239584923], "val_accuracy": [0.9706156253814697, 0.9822760820388794, 0.9864738583564758, 0.9869402647018433, 0.9860074520111084, 0.9864738583564758, 0.9850745797157288, 0.9846081733703613, 0.9883395433425903, 0.9902052283287048]}