{"loss": [0.59959477186203, 0.4296509325504303, 0.3094007968902588, 0.23437528312206268, 0.18519346415996552, 0.1508682817220688, 0.1260208636522293, 0.10758864879608154, 0.09366721659898758, 0.08309826254844666], "accuracy": [0.6780146360397339, 0.8994691371917725, 0.9437937140464783, 0.9626696109771729, 0.9755625128746033, 0.9820510745048523, 0.9844105243682861, 0.9863486886024475, 0.9875284433364868, 0.9880340695381165], "val_loss": [0.49644508957862854, 0.3445069491863251, 0.2537822723388672, 0.19802163541316986, 0.16049574315547943, 0.13369980454444885, 0.11430443078279495, 0.09968278557062149, 0.08875808864831924, 0.08042949438095093], "val_accuracy": [0.9069650173187256, 0.9405186176300049, 0.9547535181045532, 0.9700051546096802, 0.978139340877533, 0.980681300163269, 0.9832232594490051, 0.9837316274642944, 0.9847484230995178, 0.9847484230995178]}