{"loss": [0.7003472447395325, 0.6734289526939392, 0.6418540477752686, 0.5936155915260315, 0.5335550904273987, 0.47074899077415466, 0.41207608580589294, 0.36301180720329285, 0.324985146522522, 0.296188086271286], "accuracy": [0.46808886528015137, 0.7224083542823792, 0.8627468347549438, 0.9120240211486816, 0.9125528931617737, 0.9129936695098877, 0.9142278432846069, 0.914756715297699, 0.9138752222061157, 0.9139633774757385], "val_loss": [0.6844133138656616, 0.6598508954048157, 0.6203352212905884, 0.565336287021637, 0.5028653144836426, 0.44063693284988403, 0.3850829601287842, 0.3403034806251526, 0.305992990732193, 0.2797923982143402], "val_accuracy": [0.7051282525062561, 0.8311966061592102, 0.9129273891448975, 0.9246795177459717, 0.9204060435295105, 0.9209402203559875, 0.9204060435295105, 0.9193376302719116, 0.9182692766189575, 0.9177350997924805]}