{"loss": [818.2550048828125, 599.5171508789062, 380.2641906738281, 161.10311889648438, 6.137574195861816, 0.06961288303136826, 0.06934606283903122, 0.06931266188621521, 0.06930474936962128, 0.06930312514305115], "accuracy": [0.026544198393821716, 0.026544198393821716, 0.026544198393821716, 0.026544198393821716, 0.7501474618911743, 0.9734557867050171, 0.9734557867050171, 0.9734557867050171, 0.9734557867050171, 0.9732030034065247], "val_loss": [739.2623901367188, 510.5986022949219, 281.91998291015625, 53.502445220947266, 0.08469519019126892, 0.0852893814444542, 0.085838682949543, 0.0859411209821701, 0.08603227138519287, 0.08602294325828552], "val_accuracy": [0.029994918033480644, 0.029994918033480644, 0.029994918033480644, 0.029994918033480644, 0.9700051546096802, 0.9700051546096802, 0.9700051546096802, 0.9700051546096802, 0.9700051546096802, 0.9700051546096802]}