{"accuracy": [0.85, 0.9, 0.92, 0.91, 0.91], "val_accuracy": [0.912, 0.928, 0.93, 0.928, 0.932], "loss": [5.905673480722182, 2.9871089887632447, 2.866442001837779, 2.8478364611174514, 2.6992937986168974], "val_loss": [23.336375366936128, 18.042444135083684, 17.481677117452588, 17.131022768805458, 16.934997870698705]}