{"accuracy": [0.68, 0.93, 0.92, 0.93, 0.94, 0.94, 0.94, 0.95, 0.93, 0.95], "val_accuracy": [0.868, 0.917, 0.943, 0.956, 0.953, 0.951, 0.955, 0.949, 0.954, 0.946], "loss": [78.79199999999999, 31.676000000000002, 27.635999999999996, 24.832000000000008, 21.564000000000014, 21.684, 23.236000000000008, 22.835999999999995, 22.51600000000001, 21.820000000000014], "val_loss": [428.18400000000065, 300.1240000000007, 258.5520000000006, 227.77600000000066, 239.01200000000028, 237.60400000000013, 234.8480000000005, 232.99200000000042, 223.72800000000063, 245.62400000000062]}