{"loss": [0.6955943703651428, 0.6910930275917053, 0.6841812133789062, 0.6694756150245667, 0.6422483325004578, 0.6017138957977295, 0.5509259700775146, 0.4956457316875458, 0.44071459770202637, 0.38991010189056396], "accuracy": [0.48016369342803955, 0.5453102588653564, 0.7217906713485718, 0.8053119778633118, 0.9447924494743347, 0.9483838677406311, 0.9571536183357239, 0.9586569666862488, 0.9595757126808167, 0.9610791206359863], "val_loss": [0.6936632394790649, 0.6885772943496704, 0.6783204078674316, 0.6571283340454102, 0.6218777894973755, 0.5739955902099609, 0.5186907649040222, 0.4610993564128876, 0.40660202503204346, 0.357621431350708], "val_accuracy": [0.5245984196662903, 0.5808233618736267, 0.7314257621765137, 0.9327309727668762, 0.9518073201179504, 0.9608434438705444, 0.9618474841117859, 0.9648594856262207, 0.9648594856262207, 0.967369556427002]}