{"loss": [0.8431456685066223, 0.7025654911994934, 0.6579043865203857, 0.6261799335479736, 0.5893799662590027, 0.5458807349205017, 0.49826326966285706, 0.4505605101585388, 0.4058896601200104, 0.36616209149360657], "accuracy": [0.4780844748020172, 0.4951053857803345, 0.6605520844459534, 0.8170914649963379, 0.8734456300735474, 0.8971690535545349, 0.9118087887763977, 0.9207161068916321, 0.9252138733863831, 0.9290942549705505], "val_loss": [0.7532647252082825, 0.6799911856651306, 0.6448123455047607, 0.6094382405281067, 0.5668692588806152, 0.5183924436569214, 0.46774670481681824, 0.4191335439682007, 0.37547701597213745, 0.3379124701023102], "val_accuracy": [0.4821621775627136, 0.546486496925354, 0.7599999904632568, 0.8572973012924194, 0.8902702927589417, 0.908108115196228, 0.9216216206550598, 0.9281081557273865, 0.9329729676246643, 0.9335135221481323]}