{"loss": [0.5605419278144836, 0.40818482637405396, 0.31827232241630554, 0.26006704568862915, 0.22016702592372894, 0.19144830107688904, 0.169915109872818, 0.15322349965572357, 0.13995473086833954, 0.12932604551315308], "accuracy": [0.8419431447982788, 0.935150146484375, 0.966113805770874, 0.9733808040618896, 0.9778831601142883, 0.979857861995697, 0.9807267189025879, 0.982385516166687, 0.9827804565429688, 0.9834913611412048], "val_loss": [0.4648953676223755, 0.34789490699768066, 0.27522578835487366, 0.22637832164764404, 0.19196920096874237, 0.1668921560049057, 0.14610175788402557, 0.13084225356578827, 0.11779060959815979, 0.10773105174303055], "val_accuracy": [0.905398964881897, 0.9598662257194519, 0.9718108177185059, 0.9770663976669312, 0.9818442463874817, 0.9827998280525208, 0.9870998859405518, 0.9875776767730713, 0.9904443621635437, 0.9904443621635437]}