{"loss": [0.7071194648742676, 0.664634644985199, 0.6091276407241821, 0.5465865731239319, 0.4841887652873993, 0.42394664883613586, 0.36716169118881226, 0.3155267834663391, 0.27083292603492737, 0.23368890583515167], "accuracy": [0.5088388919830322, 0.5131546258926392, 0.7657067179679871, 0.9033944606781006, 0.9394140839576721, 0.955265998840332, 0.9679641723632812, 0.9733588099479675, 0.9777575135231018, 0.9804962873458862], "val_loss": [0.6864306330680847, 0.6357652544975281, 0.5718607306480408, 0.5060503482818604, 0.4422192871570587, 0.3814775049686432, 0.3253004252910614, 0.2757274806499481, 0.23389405012130737, 0.1996372640132904], "val_accuracy": [0.5132114291191101, 0.6183943748474121, 0.9029472470283508, 0.9456301331520081, 0.960874080657959, 0.9705285429954529, 0.9801830053329468, 0.983231782913208, 0.9847561717033386, 0.9867886900901794]}