{"loss": [0.5075763463973999, 0.4522053003311157, 0.4074925482273102, 0.3707040548324585, 0.340080589056015, 0.3141288161277771, 0.2918490469455719, 0.2725927531719208, 0.25573426485061646, 0.24087807536125183], "accuracy": [0.9671010375022888, 0.9697234034538269, 0.9692466259002686, 0.9694055914878845, 0.9682930707931519, 0.9678162336349487, 0.9690877199172974, 0.9692466259002686, 0.9717100858688354, 0.9717100858688354], "val_loss": [0.4797247350215912, 0.43051791191101074, 0.39006146788597107, 0.3566388487815857, 0.32833603024482727, 0.3040590286254883, 0.28309154510498047, 0.26478639245033264, 0.24867840111255646, 0.23427583277225494], "val_accuracy": [0.9702409505844116, 0.9697685837745667, 0.9702409505844116, 0.9683514833450317, 0.9697685837745667, 0.9702409505844116, 0.9702409505844116, 0.9702409505844116, 0.9702409505844116, 0.9726027846336365]}