{"accuracy": [0.77, 0.83, 0.85, 0.92, 0.96, 0.97, 0.97, 0.98, 0.99, 0.99], "val_accuracy": [0.792, 0.825, 0.876, 0.911, 0.938, 0.949, 0.947, 0.947, 0.948, 0.951], "loss": [72.15200000000003, 50.51199999999999, 43.035999999999994, 35.448, 31.548000000000005, 28.316000000000003, 25.648000000000003, 24.612000000000013, 23.724000000000007, 23.176], "val_loss": [583.7000000000003, 507.3920000000007, 432.4360000000005, 365.3280000000007, 341.2840000000007, 323.75200000000024, 324.38800000000106, 317.79600000000016, 303.77200000000016, 323.8440000000004]}