{"loss": [0.6958876252174377, 0.6675510406494141, 0.6419961452484131, 0.6095951199531555, 0.5701981782913208, 0.5269104838371277, 0.48284390568733215, 0.44083741307258606, 0.4023119807243347, 0.36794304847717285], "accuracy": [0.4959321916103363, 0.7172033786773682, 0.869915246963501, 0.9166101813316345, 0.9258474707603455, 0.9261016845703125, 0.9272881150245667, 0.9280508756637573, 0.9301695227622986, 0.9324576258659363], "val_loss": [0.6777904033660889, 0.653618574142456, 0.6236916184425354, 0.5849186778068542, 0.5414826273918152, 0.49548205733299255, 0.45114660263061523, 0.4103032350540161, 0.3730248808860779, 0.3414965569972992], "val_accuracy": [0.5229450464248657, 0.8693898320198059, 0.8850226998329163, 0.9208270311355591, 0.9183055758476257, 0.9248613119125366, 0.9243570566177368, 0.9248613119125366, 0.92738276720047, 0.9278870224952698]}