{"loss": [0.7821720242500305, 0.6010680794715881, 0.4985983073711395, 0.42569342255592346, 0.3711415231227875, 0.32896241545677185, 0.29543337225914, 0.268248051404953, 0.245752215385437, 0.22688481211662292], "accuracy": [0.4911611080169678, 0.606938362121582, 0.9492074251174927, 0.9804133176803589, 0.9772595167160034, 0.9739397764205933, 0.9728608131408691, 0.9719479084014893, 0.9718648791313171, 0.9713669419288635], "val_loss": [0.6689364314079285, 0.5361239910125732, 0.4465447962284088, 0.3805825114250183, 0.3310372829437256, 0.2924143373966217, 0.2616913914680481, 0.23619672656059265, 0.21528317034244537, 0.19775304198265076], "val_accuracy": [0.48678866028785706, 0.8455285429954529, 0.980691134929657, 0.9801830053329468, 0.9771342277526855, 0.9766260981559753, 0.9761179685592651, 0.9751017093658447, 0.9751017093658447, 0.9751017093658447]}