{"loss": [0.6903343200683594, 0.6713849902153015, 0.6561126112937927, 0.6342594623565674, 0.6058481335639954, 0.5726445317268372, 0.5365235805511475, 0.49990102648735046, 0.4642227590084076, 0.4304099678993225], "accuracy": [0.5016840696334839, 0.5370495319366455, 0.6159481406211853, 0.7171606421470642, 0.7903334498405457, 0.8262882828712463, 0.8560963273048401, 0.879841685295105, 0.890282928943634, 0.8971033692359924], "val_loss": [0.6722658276557922, 0.657929539680481, 0.6362758874893188, 0.6065647602081299, 0.5704048871994019, 0.530698835849762, 0.4899301826953888, 0.4505460858345032, 0.41345152258872986, 0.3794339895248413], "val_accuracy": [0.5185929536819458, 0.5773869156837463, 0.7030150890350342, 0.7879396677017212, 0.8190954923629761, 0.8547738790512085, 0.8829145431518555, 0.8869346380233765, 0.8964824080467224, 0.9020100235939026]}