{"loss": [0.7159265875816345, 0.6940511465072632, 0.6890470385551453, 0.6831169724464417, 0.6731261014938354, 0.6570644974708557, 0.6339356899261475, 0.6044813394546509, 0.5708919763565063, 0.5355289578437805], "accuracy": [0.5045304298400879, 0.5045304298400879, 0.513337254524231, 0.5394190549850464, 0.6614446640014648, 0.6063172221183777, 0.7315606474876404, 0.7754254937171936, 0.8352104425430298, 0.8652722239494324], "val_loss": [0.6955958008766174, 0.6896981000900269, 0.6846138834953308, 0.6763187050819397, 0.6616230010986328, 0.6409122943878174, 0.612003743648529, 0.5791082382202148, 0.5436705350875854, 0.5087561011314392], "val_accuracy": [0.5144566297531128, 0.5144566297531128, 0.5887337923049927, 0.7283150553703308, 0.6355932354927063, 0.8359920382499695, 0.8499501347541809, 0.8883349895477295, 0.8923230171203613, 0.8908275365829468]}