{"loss": [0.705727219581604, 0.6677847504615784, 0.6275178790092468, 0.5786927938461304, 0.5288465619087219, 0.48202744126319885, 0.4397786259651184, 0.4022967219352722, 0.3686707317829132, 0.33672308921813965], "accuracy": [0.5325434803962708, 0.5325434803962708, 0.5911532640457153, 0.7375987768173218, 0.8187204003334045, 0.8515798449516296, 0.8677725791931152, 0.8804897665977478, 0.8872038125991821, 0.8925750851631165], "val_loss": [0.6814681887626648, 0.6449397206306458, 0.5950449705123901, 0.5412466526031494, 0.4894523322582245, 0.4423743188381195, 0.40116986632347107, 0.3654877245426178, 0.3337651193141937, 0.3025418519973755], "val_accuracy": [0.542283833026886, 0.542283833026886, 0.7439082860946655, 0.84233158826828, 0.8638318181037903, 0.8786430954933167, 0.8896321058273315, 0.8982322216033936, 0.9030100703239441, 0.9068322777748108]}