{"loss": [0.5873298645019531, 0.5480004549026489, 0.5169030427932739, 0.4902377426624298, 0.4667859375476837, 0.4457336366176605, 0.42662620544433594, 0.4091856777667999, 0.39309272170066833, 0.37817060947418213], "accuracy": [0.5604614615440369, 0.6697651147842407, 0.7730101943016052, 0.8533488512039185, 0.8975018858909607, 0.9190804362297058, 0.9327744841575623, 0.9436467885971069, 0.9511992931365967, 0.954602062702179], "val_loss": [0.5515410900115967, 0.5175406336784363, 0.48828691244125366, 0.4626898169517517, 0.439910888671875, 0.4193306267261505, 0.4006916880607605, 0.38337844610214233, 0.36741459369659424, 0.35270068049430847], "val_accuracy": [0.6432927250862122, 0.7804878950119019, 0.8683943748474121, 0.9049797654151917, 0.9288618564605713, 0.9410569667816162, 0.9542683959007263, 0.9603659510612488, 0.9639228582382202, 0.9669716358184814]}