{"loss": [0.6848871111869812, 0.6589544415473938, 0.6247602701187134, 0.5734531283378601, 0.5082587003707886, 0.43950143456459045, 0.37612393498420715, 0.322017639875412, 0.2774728536605835, 0.24135321378707886], "accuracy": [0.503057599067688, 0.7229489088058472, 0.9396976828575134, 0.9677255749702454, 0.9630542397499084, 0.9610158801078796, 0.9599117040634155, 0.96050626039505, 0.9626295566558838, 0.963563859462738], "val_loss": [0.6717549562454224, 0.6444925665855408, 0.6018873453140259, 0.5419633388519287, 0.4725155532360077, 0.4046807587146759, 0.3452816307544708, 0.2956000864505768, 0.2546122074127197, 0.2213374525308609], "val_accuracy": [0.5015352964401245, 0.8080859780311584, 0.9718526005744934, 0.9764585494995117, 0.9754350185394287, 0.9718526005744934, 0.9728761315345764, 0.9744114279747009, 0.9749231934547424, 0.9759467840194702]}