{"loss": [0.7327926754951477, 0.6931477189064026, 0.6888025999069214, 0.6878724694252014, 0.6869540810585022, 0.6858951449394226, 0.6846258640289307, 0.6832214593887329, 0.6816713213920593, 0.6799889206886292], "accuracy": [0.48092618584632874, 0.5063875317573547, 0.5597054958343506, 0.5444464087486267, 0.5566891431808472, 0.5638750791549683, 0.573988676071167, 0.5768275260925293, 0.5843683481216431, 0.5907558798789978], "val_loss": [0.7026689052581787, 0.6912125945091248, 0.6896992921829224, 0.6890150308609009, 0.6882110834121704, 0.6872721910476685, 0.6862413287162781, 0.6851032972335815, 0.6837384104728699, 0.6822627782821655], "val_accuracy": [0.478027880191803, 0.5493033528327942, 0.5557342171669006, 0.5589496493339539, 0.568060040473938, 0.576098620891571, 0.5862808227539062, 0.5878885388374329, 0.5905680656433105, 0.5927116870880127]}