{"loss": [0.6221417784690857, 0.5204504728317261, 0.45655280351638794, 0.4036961793899536, 0.3597220182418823, 0.32294708490371704, 0.2919868230819702, 0.2657601535320282, 0.2432875782251358, 0.22389741241931915], "accuracy": [0.5687380433082581, 0.9215670228004456, 0.9755244255065918, 0.9831531643867493, 0.9845041036605835, 0.9849808812141418, 0.9864907264709473, 0.9863318204879761, 0.987047016620636, 0.987047016620636], "val_loss": [0.5585241317749023, 0.48615574836730957, 0.4280994236469269, 0.37991538643836975, 0.3395184874534607, 0.3055196702480316, 0.2768014669418335, 0.2522485852241516, 0.23110893368721008, 0.21263888478279114], "val_accuracy": [0.7888521552085876, 0.9678791165351868, 0.9881908893585205, 0.9886632561683655, 0.9900803565979004, 0.9905527234077454, 0.9905527234077454, 0.9919698238372803, 0.9919698238372803, 0.9919698238372803]}