{"loss": [57.83412551879883, 4.585519790649414, 1.8260838985443115, 1.0807793140411377, 0.7853558659553528, 0.5923000574111938, 0.463299959897995, 0.37306034564971924, 0.3201275169849396, 0.2783953547477722], "accuracy": [0.7131712436676025, 0.9243921041488647, 0.9507843255996704, 0.9581708312034607, 0.9649763703346252, 0.9681301712989807, 0.9730268120765686, 0.9763466119766235, 0.9784214496612549, 0.978504478931427], "val_loss": [10.396309852600098, 2.184267282485962, 1.1938750743865967, 0.8865503668785095, 0.6718540787696838, 0.5393153429031372, 0.45604678988456726, 0.3808760643005371, 0.3329154849052429, 0.2924565374851227], "val_accuracy": [0.8739838004112244, 0.9451220035552979, 0.9578253030776978, 0.9623984694480896, 0.9695122838020325, 0.9766260981559753, 0.9786586165428162, 0.9801830053329468, 0.9811992645263672, 0.983231782913208]}