{"loss": [0.5172443389892578, 0.3943996727466583, 0.3133124113082886, 0.2536013722419739, 0.21866460144519806, 0.1829279512166977, 0.15448640286922455, 0.13624393939971924, 0.12605220079421997, 0.11105305701494217], "accuracy": [0.9373312592506409, 0.9749652743339539, 0.9795467853546143, 0.9807739853858948, 0.9742289185523987, 0.9815102815628052, 0.9819193482398987, 0.9826556444168091, 0.9786468148231506, 0.9825738668441772], "val_loss": [0.45544224977493286, 0.35715389251708984, 0.2938340902328491, 0.24255844950675964, 0.20762419700622559, 0.18613959848880768, 0.16277000308036804, 0.14074201881885529, 0.1262645423412323, 0.12153171002864838], "val_accuracy": [0.9635922312736511, 0.9713592529296875, 0.9699029326438904, 0.9762136340141296, 0.9762136340141296, 0.9684466123580933, 0.9747573137283325, 0.9771844744682312, 0.981067955493927, 0.9733009934425354]}