{"loss": [0.5395438075065613, 0.39042723178863525, 0.3160437047481537, 0.26382824778556824, 0.24737165868282318, 0.2123093456029892, 0.1951819211244583, 0.18967604637145996, 0.17716671526432037, 0.16652901470661163], "accuracy": [0.8011195659637451, 0.9166314005851746, 0.9363922476768494, 0.9457213878631592, 0.932321310043335, 0.9474175572395325, 0.9438555240631104, 0.9421593546867371, 0.9371554851531982, 0.943770706653595], "val_loss": [0.4495900571346283, 0.37176749110221863, 0.30217018723487854, 0.2461835741996765, 0.22238881886005402, 0.2034856677055359, 0.19938935339450836, 0.2278958261013031, 0.16254426538944244, 0.16696034371852875], "val_accuracy": [0.8920140862464905, 0.9000502228736877, 0.9236564636230469, 0.9467604160308838, 0.9462581872940063, 0.939226508140564, 0.9357106685638428, 0.8764439821243286, 0.9467604160308838, 0.9467604160308838]}