{"loss": [0.44663670659065247, 0.33854609727859497, 0.277590274810791, 0.23895473778247833, 0.2122792750597, 0.1929064244031906, 0.1782478541135788, 0.16679075360298157, 0.15771977603435516, 0.15034781396389008], "accuracy": [0.9484673738479614, 0.9451579451560974, 0.9547710418701172, 0.9589472413063049, 0.9620990753173828, 0.9672996401786804, 0.9683239459991455, 0.9705302715301514, 0.9719485640525818, 0.9732881188392639], "val_loss": [0.3784361183643341, 0.2982379198074341, 0.24921652674674988, 0.21568259596824646, 0.1916128695011139, 0.17378845810890198, 0.15948744118213654, 0.14815838634967804, 0.13917315006256104, 0.1316746026277542], "val_accuracy": [0.9458954930305481, 0.9566231369972229, 0.9580223560333252, 0.965018630027771, 0.9724813103675842, 0.9678171277046204, 0.9738805890083313, 0.9785447716712952, 0.9785447716712952, 0.9799439907073975]}