{"accuracy": [0.65, 0.84, 0.86, 0.88, 0.89, 0.91, 0.93, 0.93, 0.93, 0.94], "val_accuracy": [0.808, 0.855, 0.883, 0.896, 0.92, 0.929, 0.939, 0.94, 0.946, 0.949], "loss": [99.75200000000004, 48.59199999999999, 44.95200000000002, 41.98800000000001, 38.54399999999999, 36.29200000000001, 32.94800000000001, 29.70400000000001, 27.79200000000001, 26.744000000000007], "val_loss": [534.4320000000002, 468.0360000000004, 425.6560000000011, 418.8839999999995, 382.19600000000037, 363.9120000000003, 327.16800000000023, 325.512000000001, 293.5600000000006, 284.18800000000033]}