{"loss": [0.6649934649467468, 0.6194896697998047, 0.5512803792953491, 0.4781529903411865, 0.4144970774650574, 0.36413684487342834, 0.3257010579109192, 0.2966436743736267, 0.2747386395931244, 0.2582862079143524], "accuracy": [0.7615479826927185, 0.8273977637290955, 0.8903385400772095, 0.9084979295730591, 0.911406934261322, 0.9129055142402649, 0.9136989116668701, 0.914315938949585, 0.914315938949585, 0.9151093363761902], "val_loss": [0.6450955271720886, 0.5859832167625427, 0.5123357176780701, 0.44281959533691406, 0.38555195927619934, 0.3407742977142334, 0.30649280548095703, 0.2802189290523529, 0.2601848542690277, 0.24478928744792938], "val_accuracy": [0.7895299792289734, 0.8728632926940918, 0.9070513248443604, 0.9107906222343445, 0.9139957427978516, 0.9166666865348816, 0.9155983328819275, 0.9161325097084045, 0.9172009229660034, 0.9166666865348816]}