{"loss": [0.7047700881958008, 0.6666310429573059, 0.6287910342216492, 0.5640494227409363, 0.48219773173332214, 0.4008813202381134, 0.3302851617336273, 0.2730299234390259, 0.22770211100578308, 0.19198289513587952], "accuracy": [0.5205130577087402, 0.5543040633201599, 0.6218860745429993, 0.8685357570648193, 0.9673600196838379, 0.9817479252815247, 0.982816755771637, 0.9828989505767822, 0.9830633997917175, 0.9834744930267334], "val_loss": [0.6787193417549133, 0.6498856544494629, 0.5969252586364746, 0.5183373689651489, 0.4320465624332428, 0.35364043712615967, 0.28868645429611206, 0.2372715324163437, 0.19673798978328705, 0.1648835390806198], "val_accuracy": [0.5609274506568909, 0.5599408149719238, 0.7671435475349426, 0.945239245891571, 0.9851998090744019, 0.992106556892395, 0.9925999045372009, 0.9930932521820068, 0.992106556892395, 0.9930932521820068]}