{"loss": [0.3780125379562378, 0.32202228903770447, 0.32546383142471313, 0.3228164613246918, 0.3241872489452362, 0.3225254416465759, 0.3239626884460449, 0.32210975885391235, 0.32526350021362305, 0.32305440306663513], "accuracy": [0.860659122467041, 0.8592549562454224, 0.8592549562454224, 0.8575204610824585, 0.8572726845741272, 0.8576030731201172, 0.8573552370071411, 0.8577682375907898, 0.8567770719528198, 0.8579334616661072], "val_loss": [0.2814362943172455, 0.3033270537853241, 0.28439652919769287, 0.2815033495426178, 0.28922635316848755, 0.2831588387489319, 0.28103238344192505, 0.2910611927509308, 0.2824682295322418, 0.29022836685180664], "val_accuracy": [0.8781095147132874, 0.8761194348335266, 0.8776119947433472, 0.8781095147132874, 0.8756219148635864, 0.8766169548034668, 0.8776119947433472, 0.8741294145584106, 0.8756219148635864, 0.8751243948936462]}