{"loss": [0.5550006031990051, 0.4574333727359772, 0.4040362238883972, 0.3668558597564697, 0.3390975594520569, 0.3174193203449249, 0.30004212260246277, 0.2857681214809418, 0.27373284101486206, 0.2634505331516266], "accuracy": [0.6712732911109924, 0.906968891620636, 0.9374736547470093, 0.9389904737472534, 0.9400016665458679, 0.9400016665458679, 0.9400859475135803, 0.9400859475135803, 0.9401702284812927, 0.9390747547149658], "val_loss": [0.4820278584957123, 0.41745224595069885, 0.3729909658432007, 0.3417232632637024, 0.3170221447944641, 0.29675936698913574, 0.2814386785030365, 0.2676996886730194, 0.2568245232105255, 0.24651575088500977], "val_accuracy": [0.8952720761299133, 0.9313676357269287, 0.9334011673927307, 0.9405186176300049, 0.9400102496147156, 0.9384850859642029, 0.9400102496147156, 0.9384850859642029, 0.9395018219947815, 0.9384850859642029]}