{"loss": [0.5770195722579956, 0.42986536026000977, 0.3517822027206421, 0.311862975358963, 0.2787560224533081, 0.2461276799440384, 0.23784533143043518, 0.22245971858501434, 0.2195267677307129, 0.19218261539936066], "accuracy": [0.7789127826690674, 0.9140409231185913, 0.9239959120750427, 0.9271122217178345, 0.911270797252655, 0.9327389597892761, 0.9224377274513245, 0.9165512919425964, 0.9181960225105286, 0.9328255653381348], "val_loss": [0.4653952121734619, 0.3737797439098358, 0.311732679605484, 0.28427159786224365, 0.28579196333885193, 0.22745661437511444, 0.2146734595298767, 0.20894604921340942, 0.2743925452232361, 0.16730663180351257], "val_accuracy": [0.9164038300514221, 0.9348055124282837, 0.9432176947593689, 0.9148265719413757, 0.9164038300514221, 0.9395374059677124, 0.9411146640777588, 0.9516299366950989, 0.8412198424339294, 0.9505783915519714]}