{"loss": [0.764095664024353, 0.6921389698982239, 0.6781924366950989, 0.6670078635215759, 0.6515395045280457, 0.6300678849220276, 0.6024219393730164, 0.5692145228385925, 0.5328680276870728, 0.49601635336875916], "accuracy": [0.5071552991867065, 0.5071552991867065, 0.5532302260398865, 0.6979072093963623, 0.7429895401000977, 0.7760774493217468, 0.8263711333274841, 0.8403507471084595, 0.8557366728782654, 0.8674828410148621], "val_loss": [0.7121889591217041, 0.6835853457450867, 0.6721497178077698, 0.6583570241928101, 0.6393025517463684, 0.6138292551040649, 0.5821582078933716, 0.5460556149482727, 0.5087932348251343, 0.471883624792099], "val_accuracy": [0.4946131110191345, 0.4946131110191345, 0.680705189704895, 0.7830557823181152, 0.8129284977912903, 0.8452497124671936, 0.848188042640686, 0.8589617609977722, 0.8682664036750793, 0.8736532330513]}