{"accuracy": [0.69, 0.84, 0.89, 0.89, 0.91, 0.92, 0.94, 0.93, 0.93, 0.95], "val_accuracy": [0.82, 0.855, 0.868, 0.867, 0.885, 0.899, 0.92, 0.923, 0.929, 0.934], "loss": [81.94, 45.02799999999999, 40.85200000000002, 40.06399999999998, 38.519999999999996, 32.30400000000001, 32.81600000000001, 31.30000000000001, 30.54399999999999, 28.976], "val_loss": [543.0720000000001, 485.56000000000114, 438.4200000000014, 429.98400000000026, 357.95200000000034, 325.5080000000001, 320.67600000000067, 315.69200000000046, 324.56800000000084, 321.9480000000004]}