{"loss": [0.6414503455162048, 0.563854992389679, 0.5035525560379028, 0.45555999875068665, 0.38412848114967346, 0.2707294821739197, 0.22126136720180511, 0.19389697909355164, 0.17339543998241425, 0.14858441054821014], "accuracy": [0.8877326250076294, 0.9617249965667725, 0.9631360769271851, 0.958902895450592, 0.9626951217651367, 0.9638416171073914, 0.9637534022331238, 0.9619014263153076, 0.960490345954895, 0.9648116827011108], "val_loss": [0.5951614379882812, 0.5271017551422119, 0.4707975685596466, 0.42719024419784546, 0.3071923553943634, 0.22816677391529083, 0.18783347308635712, 0.19192978739738464, 0.14806371927261353, 0.1538940817117691], "val_accuracy": [0.9686486721038818, 0.9740540981292725, 0.9735135436058044, 0.9664865136146545, 0.9697297811508179, 0.9708108305931091, 0.9735135436058044, 0.9594594836235046, 0.9686486721038818, 0.95513516664505]}