{"accuracy": [0.61, 0.83, 0.84, 0.87, 0.88, 0.9, 0.9, 0.92, 0.91, 0.91], "val_accuracy": [0.764616935483871, 0.7867943548387096, 0.8069556451612904, 0.8180443548387096, 0.8306451612903226, 0.844758064516129, 0.8558467741935484, 0.8513104838709677, 0.8543346774193549, 0.8533266129032258], "loss": [77.50799999999998, 51.44400000000002, 47.92800000000004, 47.66799999999999, 44.388, 43.852000000000004, 40.72399999999998, 38.587999999999994, 38.14, 37.65199999999999], "val_loss": [1289.9239999999982, 1168.9759999999997, 1111.4759999999985, 1067.9319999999996, 1047.3599999999965, 1013.7519999999997, 970.9480000000002, 973.5160000000014, 970.3999999999976, 959.3959999999993]}