{"loss": [0.6801639795303345, 0.6618770956993103, 0.6368147730827332, 0.6045016646385193, 0.5670711994171143, 0.5269468426704407, 0.48659688234329224, 0.4481745660305023, 0.41216373443603516, 0.3796420097351074], "accuracy": [0.712782084941864, 0.8207308650016785, 0.8714213371276855, 0.8854833245277405, 0.8983664512634277, 0.904344916343689, 0.9089760780334473, 0.9106601476669312, 0.9139440655708313, 0.9160491824150085], "val_loss": [0.6667612195014954, 0.6414284706115723, 0.6067548990249634, 0.5654939413070679, 0.5202557444572449, 0.47462156414985657, 0.4311808943748474, 0.3911289572715759, 0.3559722900390625, 0.3243432343006134], "val_accuracy": [0.8341708183288574, 0.8964824080467224, 0.9010050296783447, 0.9085426926612854, 0.9120603203773499, 0.9140703678131104, 0.9140703678131104, 0.9165828824043274, 0.9150753617286682, 0.9160804152488708]}