{"loss": [0.7520678043365479, 0.7051323056221008, 0.6964439153671265, 0.6899900436401367, 0.681769073009491, 0.6712647080421448, 0.6578947305679321, 0.6415947079658508, 0.6222521662712097, 0.600227415561676], "accuracy": [0.49546265602111816, 0.49546265602111816, 0.44907134771347046, 0.5725553631782532, 0.6502417325973511, 0.7162242531776428, 0.7455686926841736, 0.8408956527709961, 0.8592995405197144, 0.8763464093208313], "val_loss": [0.714792788028717, 0.6993396878242493, 0.6931617259979248, 0.6861773133277893, 0.677129864692688, 0.6656127572059631, 0.6511040925979614, 0.6334020495414734, 0.6129366755485535, 0.5899321436882019], "val_accuracy": [0.4932194948196411, 0.47965845465660095, 0.49422401189804077, 0.6413862109184265, 0.6820693016052246, 0.7086890935897827, 0.8543445467948914, 0.8478151559829712, 0.8749372363090515, 0.8859869241714478]}