{"loss": [0.6943920254707336, 0.68996661901474, 0.6840826272964478, 0.6717807054519653, 0.6482763886451721, 0.6090748906135559, 0.558997392654419, 0.5042557716369629, 0.45059797167778015, 0.4010285437107086], "accuracy": [0.49474576115608215, 0.6909322142601013, 0.7785593271255493, 0.7358474731445312, 0.8940678238868713, 0.9515254497528076, 0.9576271176338196, 0.9576271176338196, 0.9577118754386902, 0.9571186304092407], "val_loss": [0.6918419599533081, 0.6876816153526306, 0.6788322925567627, 0.6608758568763733, 0.6271950006484985, 0.5782811641693115, 0.5218929648399353, 0.4642278850078583, 0.4100557863712311, 0.3619178831577301], "val_accuracy": [0.4885799288749695, 0.7859979867935181, 0.5491558909416199, 0.7999007105827332, 0.9508441090583801, 0.9627606868743896, 0.9622641205787659, 0.9617676138877869, 0.9597815275192261, 0.9602780342102051]}