{"loss": [0.5622198581695557, 0.5199095010757446, 0.48953530192375183, 0.4654787480831146, 0.44555291533470154, 0.4284246265888214, 0.41350865364074707, 0.4003792107105255, 0.38868850469589233, 0.3782285749912262], "accuracy": [0.749566376209259, 0.8588420152664185, 0.8900635838508606, 0.9022053480148315, 0.9046832323074341, 0.906665563583374, 0.9068307876586914, 0.9070785641670227, 0.9081523418426514, 0.9084001183509827], "val_loss": [0.5346390604972839, 0.49964091181755066, 0.4723759591579437, 0.4498797357082367, 0.4306719899177551, 0.4138873219490051, 0.39905044436454773, 0.38579732179641724, 0.3738681972026825, 0.3631128668785095], "val_accuracy": [0.8253731727600098, 0.8915423154830933, 0.9174129962921143, 0.9223880767822266, 0.9228855967521667, 0.9233831167221069, 0.9233831167221069, 0.9238806366920471, 0.9233831167221069, 0.9243781566619873]}