{"loss": [0.7051501870155334, 0.6725772023200989, 0.6418311595916748, 0.5976356863975525, 0.5429098606109619, 0.4832400679588318, 0.42422470450401306, 0.3694266974925995, 0.3211704194545746, 0.2802857458591461], "accuracy": [0.4911611080169678, 0.5415387153625488, 0.7735081911087036, 0.8770022392272949, 0.9261349439620972, 0.9450576901435852, 0.9550170302391052, 0.9624865055084229, 0.966221272945404, 0.9681301712989807], "val_loss": [0.6862974762916565, 0.6596688032150269, 0.6201719641685486, 0.5678969621658325, 0.507698118686676, 0.44630083441734314, 0.38748279213905334, 0.3346724510192871, 0.28900668025016785, 0.2514221668243408], "val_accuracy": [0.48678866028785706, 0.6443089842796326, 0.8587399125099182, 0.915650486946106, 0.9375000596046448, 0.9435976147651672, 0.9527439475059509, 0.9618903398513794, 0.9664635062217712, 0.9690041542053223]}