{"loss": [0.6683751940727234, 0.6100115180015564, 0.5176064968109131, 0.41991564631462097, 0.3386974036693573, 0.2758246064186096, 0.22818726301193237, 0.19184458255767822, 0.16384565830230713, 0.14199964702129364], "accuracy": [0.5613743662834167, 0.7735081911087036, 0.9037264585494995, 0.9474645256996155, 0.9663042426109314, 0.9749357104301453, 0.9786704182624817, 0.9805793166160583, 0.9814092516899109, 0.9809113144874573], "val_loss": [0.641255259513855, 0.5626904964447021, 0.4603268802165985, 0.36978259682655334, 0.2983992099761963, 0.24445733428001404, 0.20305927097797394, 0.17137645184993744, 0.14684265851974487, 0.12747351825237274], "val_accuracy": [0.645325243473053, 0.8699187636375427, 0.9375000596046448, 0.9649391174316406, 0.9766260981559753, 0.9822155237197876, 0.983231782913208, 0.9827236533164978, 0.9837399125099182, 0.9842480421066284]}