{"accuracy": [0.67, 0.82, 0.84, 0.83, 0.85, 0.84, 0.84, 0.84, 0.85, 0.86], "val_accuracy": [0.83, 0.838, 0.838, 0.85, 0.849, 0.842, 0.832, 0.834, 0.841, 0.838], "loss": [87.43199999999995, 50.1, 48.17200000000001, 47.663999999999994, 46.38800000000001, 45.53200000000001, 46.471999999999994, 45.62000000000001, 46.400000000000006, 44.35600000000001], "val_loss": [473.02000000000123, 471.4080000000006, 468.4760000000011, 477.2800000000001, 481.0760000000005, 482.23199999999986, 488.18800000000056, 495.98800000000034, 480.37200000000104, 477.5040000000005]}