{"loss": [152.50144958496094, 0.838300883769989, 0.0849643275141716, 0.08450337499380112, 0.0840972438454628, 0.08363551646471024, 0.08329273015260696, 0.08298208564519882, 0.08287541568279266, 0.08263000845909119], "accuracy": [0.03191237896680832, 0.8959892392158508, 0.9673784375190735, 0.9678512215614319, 0.968008816242218, 0.9680876135826111, 0.9680876135826111, 0.9686391353607178, 0.9690331220626831, 0.9693483114242554], "val_loss": [20.42303466796875, 0.06598256528377533, 0.06611370295286179, 0.06617473065853119, 0.06598172336816788, 0.06593942642211914, 0.06626754999160767, 0.06613978743553162, 0.06645970046520233, 0.06683214753866196], "val_accuracy": [0.02705223858356476, 0.9734141826629639, 0.9729477167129517, 0.9720149040222168, 0.9715484976768494, 0.9729477167129517, 0.9729477167129517, 0.9724813103675842, 0.9729477167129517, 0.9724813103675842]}