{"loss": [0.6884402632713318, 0.655803918838501, 0.5870197415351868, 0.4941500425338745, 0.40604129433631897, 0.3342788815498352, 0.2788977026939392, 0.23664666712284088, 0.20460863411426544, 0.18020638823509216], "accuracy": [0.4946756958961487, 0.6289932131767273, 0.8411584496498108, 0.9198935031890869, 0.952484667301178, 0.9632139205932617, 0.967973530292511, 0.969586968421936, 0.9703936576843262, 0.9712810516357422], "val_loss": [0.6756171584129333, 0.627537190914154, 0.5409072637557983, 0.44681790471076965, 0.366275429725647, 0.30331340432167053, 0.25528764724731445, 0.2184096723794937, 0.19142092764377594, 0.16998234391212463], "val_accuracy": [0.49852797389030457, 0.7634935975074768, 0.8768400549888611, 0.9337586164474487, 0.9558390378952026, 0.9612365365028381, 0.9622178673744202, 0.965652585029602, 0.965652585029602, 0.9681059718132019]}