{"accuracy": [0.59, 0.84, 0.88, 0.93, 0.93, 0.91, 0.94, 0.93, 0.93, 0.93], "val_accuracy": [0.823, 0.883, 0.908, 0.936, 0.939, 0.944, 0.937, 0.941, 0.936, 0.942], "loss": [107.56800000000004, 52.244, 42.112000000000016, 34.428000000000004, 30.88, 30.328, 30.368, 29.640000000000008, 29.696000000000005, 29.07200000000001], "val_loss": [619.5919999999993, 463.6520000000001, 379.7760000000006, 290.2920000000004, 259.13600000000014, 253.11200000000042, 287.8400000000006, 257.54400000000027, 259.94800000000066, 254.39999999999992]}