{"loss": [434.72509765625, 165.1769561767578, 7.308464050292969, 0.31954315304756165, 0.2507160007953644, 0.23079335689544678, 0.20841237902641296, 0.1803680658340454, 0.1502353399991989, 0.11542283743619919], "accuracy": [0.25346502661705017, 0.35588017106056213, 0.8391568064689636, 0.9731928110122681, 0.9757656455039978, 0.9762635827064514, 0.9756826162338257, 0.9761806130409241, 0.9755996465682983, 0.9762635827064514], "val_loss": [286.7414855957031, 42.3364372253418, 0.34862178564071655, 0.21147000789642334, 0.2045622169971466, 0.1832444965839386, 0.1678224802017212, 0.13325579464435577, 0.1068015843629837, 0.08618602901697159], "val_accuracy": [0.2815040946006775, 0.5248984098434448, 0.9684960246086121, 0.9786586165428162, 0.9786586165428162, 0.9791667461395264, 0.9776423573493958, 0.9796748757362366, 0.9786586165428162, 0.9771342277526855]}