{"loss": [0.7631205916404724, 0.5720342397689819, 0.46699854731559753, 0.39672282338142395, 0.34418052434921265, 0.3026157319545746, 0.2687016427516937, 0.24048498272895813, 0.21665149927139282, 0.196342334151268], "accuracy": [0.5073733925819397, 0.6728743314743042, 0.9430353045463562, 0.987359881401062, 0.9935956597328186, 0.993679940700531, 0.993679940700531, 0.993679940700531, 0.993679940700531, 0.993679940700531], "val_loss": [0.6279516816139221, 0.4983959496021271, 0.4170854687690735, 0.35841068625450134, 0.312509685754776, 0.27548882365226746, 0.24503076076507568, 0.21935531497001648, 0.1976974904537201, 0.1788153499364853], "val_accuracy": [0.5414336919784546, 0.8947636485099792, 0.9791561365127563, 0.9933910369873047, 0.9933910369873047, 0.9933910369873047, 0.9933910369873047, 0.9933910369873047, 0.9933910369873047, 0.9933910369873047]}