{"loss": [0.5971186757087708, 0.5523241758346558, 0.5173943638801575, 0.48638829588890076, 0.45879697799682617, 0.43416252732276917, 0.41197752952575684, 0.3919573426246643, 0.3739326000213623, 0.35762646794319153], "accuracy": [0.6897782683372498, 0.8937888145446777, 0.9275214672088623, 0.9383125305175781, 0.9416263699531555, 0.9410315752029419, 0.9434956312179565, 0.9434956312179565, 0.9451100826263428, 0.9452800154685974], "val_loss": [0.5620200037956238, 0.524799644947052, 0.49134203791618347, 0.46114736795425415, 0.4342016875743866, 0.4107542932033539, 0.3892419934272766, 0.37031522393226624, 0.35262081027030945, 0.3370792269706726], "val_accuracy": [0.8897515535354614, 0.9363354444503784, 0.9358178377151489, 0.9394410252571106, 0.9378882050514221, 0.9415113925933838, 0.9399586319923401, 0.9415113925933838, 0.9409937858581543, 0.9420289993286133]}