{"loss": [28.000513076782227, 5.533466815948486, 3.3166165351867676, 2.447293996810913, 1.9243637323379517, 1.5352059602737427, 1.1812212467193604, 0.8895937204360962, 0.635879397392273, 0.3766106367111206], "accuracy": [0.8421276807785034, 0.9349987506866455, 0.955306351184845, 0.9613391757011414, 0.9633784294128418, 0.9620189070701599, 0.9585351943969727, 0.9541167616844177, 0.9525023698806763, 0.9479990005493164], "val_loss": [8.984305381774902, 4.1968464851379395, 2.831247568130493, 2.243844985961914, 1.807492971420288, 1.4751873016357422, 1.1648755073547363, 0.7986406087875366, 0.5187606811523438, 0.28120359778404236], "val_accuracy": [0.9120082855224609, 0.9466874003410339, 0.9606625437736511, 0.9632505178451538, 0.9616977572441101, 0.955486536026001, 0.9528985619544983, 0.9503105878829956, 0.944616973400116, 0.9404761791229248]}