{"loss": [0.5139830112457275, 0.45781826972961426, 0.41644081473350525, 0.3832223117351532, 0.3560398519039154, 0.3332878649234772, 0.31383535265922546, 0.2970491051673889, 0.28246477246284485, 0.2696550786495209], "accuracy": [0.6810264587402344, 0.7913162112236023, 0.8578469157218933, 0.8937888145446777, 0.9163905382156372, 0.9268417358398438, 0.9360184073448181, 0.9409465789794922, 0.9460447430610657, 0.9488487243652344], "val_loss": [0.4606197774410248, 0.41456538438796997, 0.3775120973587036, 0.3473571538925171, 0.32240790128707886, 0.3019302487373352, 0.2841591238975525, 0.2691325545310974, 0.25548455119132996, 0.24395287036895752], "val_accuracy": [0.8090062141418457, 0.8793995976448059, 0.9130434989929199, 0.9311594367027283, 0.9368529915809631, 0.9404761791229248, 0.9420289993286133, 0.9451345801353455, 0.945652186870575, 0.9477226138114929]}