{"loss": [0.6874352693557739, 0.6800737977027893, 0.6648975014686584, 0.6376826763153076, 0.5995239615440369, 0.5542322993278503, 0.507102906703949, 0.4622132182121277, 0.4222370386123657, 0.38778629899024963], "accuracy": [0.535376787185669, 0.535376787185669, 0.535376787185669, 0.5544350147247314, 0.6831573247909546, 0.797188937664032, 0.8576987385749817, 0.8860478401184082, 0.8966092467308044, 0.8996267914772034], "val_loss": [0.6834954619407654, 0.672369122505188, 0.6497234106063843, 0.6146055459976196, 0.5695077776908875, 0.5201063752174377, 0.4721061587333679, 0.4286409616470337, 0.39132243394851685, 0.35713666677474976], "val_accuracy": [0.5381697416305542, 0.5381697416305542, 0.5386438965797424, 0.6477003693580627, 0.7942153215408325, 0.8824087381362915, 0.911806583404541, 0.9155998229980469, 0.9160739779472351, 0.9151256680488586]}