{"accuracy": [0.77, 0.97, 0.98, 0.98, 0.99, 0.98, 0.99, 0.99, 0.99, 0.99], "val_accuracy": [0.9725609756097561, 0.9735772357723578, 0.9751016260162602, 0.9745934959349594, 0.9735772357723578, 0.975609756097561, 0.9766260162601627, 0.9761178861788617, 0.9766260162601627, 0.9735772357723578], "loss": [57.059999999999974, 23.712, 20.564, 20.291999999999998, 18.72, 18.556000000000004, 19.048000000000002, 18.62400000000001, 18.648, 19.035999999999998], "val_loss": [502.9680000000013, 478.3240000000021, 440.9760000000024, 439.83200000000187, 436.836000000002, 472.31200000000234, 446.76800000000236, 451.42000000000223, 476.4400000000019, 433.40800000000155]}