{"loss": [0.604759931564331, 0.2949175238609314, 0.17533989250659943, 0.12630267441272736, 0.10097980499267578, 0.08609165996313095, 0.07675312459468842, 0.0707339346408844, 0.06676196306943893, 0.06401220709085464], "accuracy": [0.7672441005706787, 0.9525587558746338, 0.9708359837532043, 0.9797361493110657, 0.9830737113952637, 0.9842656850814819, 0.9847425222396851, 0.9849014282226562, 0.9852192997932434, 0.9858550429344177], "val_loss": [0.4086301326751709, 0.21284504234790802, 0.13801001012325287, 0.10224853456020355, 0.0818580687046051, 0.06933954358100891, 0.06141325458884239, 0.05640881136059761, 0.05301187187433243, 0.050142478197813034], "val_accuracy": [0.9489844441413879, 0.963627815246582, 0.981105387210846, 0.9877185225486755, 0.9891356229782104, 0.9905527234077454, 0.9914974570274353, 0.9914974570274353, 0.9914974570274353, 0.9914974570274353]}