{"loss": [0.5400630831718445, 0.4437251389026642, 0.3798238933086395, 0.3330900967121124, 0.29753461480140686, 0.26946258544921875, 0.24672329425811768, 0.22803521156311035, 0.21240262687206268, 0.19917407631874084], "accuracy": [0.7596153616905212, 0.9172759056091309, 0.9535918235778809, 0.9649554491043091, 0.9690877199172974, 0.9720279574394226, 0.9742529988288879, 0.975286066532135, 0.9764780402183533, 0.9765574932098389], "val_loss": [0.48421138525009155, 0.4079652726650238, 0.3530828356742859, 0.3121223449707031, 0.2798837423324585, 0.2539638578891754, 0.23266522586345673, 0.21490392088890076, 0.1998928040266037, 0.18693311512470245], "val_accuracy": [0.8724610805511475, 0.9499291777610779, 0.964100182056427, 0.9683514833450317, 0.9740198850631714, 0.9768540859222412, 0.9777988195419312, 0.979688286781311, 0.980160653591156, 0.9815777540206909]}