{"loss": [0.7018131613731384, 0.6882896423339844, 0.6780241131782532, 0.6582790017127991, 0.6255616545677185, 0.5813119411468506, 0.5300586223602295, 0.4774581491947174, 0.4278411865234375, 0.3829173147678375], "accuracy": [0.5002111792564392, 0.5169327259063721, 0.5525715947151184, 0.7085550427436829, 0.7574529647827148, 0.8628494739532471, 0.9185879826545715, 0.9288911819458008, 0.9358162879943848, 0.9413901567459106], "val_loss": [0.6918620467185974, 0.6842027902603149, 0.6696937680244446, 0.6430094242095947, 0.6034417152404785, 0.55516117811203, 0.5020546913146973, 0.4513916075229645, 0.4058855473995209, 0.36435896158218384], "val_accuracy": [0.5056759715080261, 0.571723461151123, 0.7229102253913879, 0.7703818678855896, 0.8529412150382996, 0.9122807383537292, 0.9215686917304993, 0.9298245906829834, 0.930340588092804, 0.930340588092804]}