{"loss": [0.7328972816467285, 0.6829662919044495, 0.6639221906661987, 0.642250120639801, 0.6134498119354248, 0.5772914290428162, 0.5349299907684326, 0.4878164529800415, 0.43857261538505554, 0.3902268707752228], "accuracy": [0.4989049732685089, 0.513308584690094, 0.6931434869766235, 0.7816711664199829, 0.8658187389373779, 0.9367418885231018, 0.95670485496521, 0.9718665480613708, 0.9765835404396057, 0.9784366488456726], "val_loss": [0.698476254940033, 0.6742615699768066, 0.6551031470298767, 0.6293789744377136, 0.595983624458313, 0.555210530757904, 0.5090768933296204, 0.4591723680496216, 0.40911319851875305, 0.36180052161216736], "val_accuracy": [0.4927099347114563, 0.5887380838394165, 0.7184514999389648, 0.8557064533233643, 0.935646116733551, 0.9567622542381287, 0.9713424444198608, 0.976370096206665, 0.9768728613853455, 0.9758673310279846]}