{"loss": [0.5798375010490417, 0.49280914664268494, 0.42813363671302795, 0.37805745005607605, 0.3382960259914398, 0.30605992674827576, 0.2795007824897766, 0.2572033405303955, 0.23828059434890747, 0.22195713222026825], "accuracy": [0.7996217608451843, 0.9847135543823242, 0.9855015277862549, 0.9855015277862549, 0.985580325126648, 0.9851863384246826, 0.9857378602027893, 0.9860530495643616, 0.9859742522239685, 0.9858166575431824], "val_loss": [0.5286903381347656, 0.4544452130794525, 0.39729928970336914, 0.3523826003074646, 0.3163211941719055, 0.2869863212108612, 0.2624172866344452, 0.2417106330394745, 0.22419413924217224, 0.20897753536701202], "val_accuracy": [0.9785447716712952, 0.9869402647018433, 0.9860074520111084, 0.9850745797157288, 0.9850745797157288, 0.9864738583564758, 0.9860074520111084, 0.9860074520111084, 0.9869402647018433, 0.9874066710472107]}