{"loss": [0.8086894154548645, 0.7061002850532532, 0.6826077699661255, 0.6692266464233398, 0.654021680355072, 0.6343509554862976, 0.6091402173042297, 0.5776674747467041, 0.5401749014854431, 0.4983084499835968], "accuracy": [0.5174692273139954, 0.5174692273139954, 0.5177170038223267, 0.5579416751861572, 0.6597009897232056, 0.7513009309768677, 0.7868175506591797, 0.834062933921814, 0.8704055547714233, 0.8991492390632629], "val_loss": [0.7348496317863464, 0.6910339593887329, 0.6752740740776062, 0.6609957814216614, 0.6431372165679932, 0.6202055215835571, 0.5909726023674011, 0.5550845861434937, 0.5141772031784058, 0.46938756108283997], "val_accuracy": [0.5114427804946899, 0.5114427804946899, 0.5179104804992676, 0.6333333849906921, 0.702487587928772, 0.7248756289482117, 0.7751244306564331, 0.8368159532546997, 0.8601990342140198, 0.9069651961326599]}