{"loss": [0.6072854995727539, 0.4979676604270935, 0.38750365376472473, 0.3001020550727844, 0.237856924533844, 0.194196879863739, 0.16335105895996094, 0.14119520783424377, 0.12502865493297577, 0.11305136233568192], "accuracy": [0.7056969404220581, 0.949104368686676, 0.9698624014854431, 0.9723995327949524, 0.9732452034950256, 0.9739371538162231, 0.9747059941291809, 0.9751672744750977, 0.9763205051422119, 0.9766280055046082], "val_loss": [0.5541098713874817, 0.43911224603652954, 0.3392344117164612, 0.26648738980293274, 0.21576735377311707, 0.18031363189220428, 0.15521149337291718, 0.1370302438735962, 0.12395693361759186, 0.11404217034578323], "val_accuracy": [0.9278779625892639, 0.9630143642425537, 0.9667129516601562, 0.9680998921394348, 0.970411479473114, 0.9708738327026367, 0.9713361263275146, 0.972723126411438, 0.972723126411438, 0.972723126411438]}