{"accuracy": [0.84, 0.85, 0.86, 0.85, 0.84], "val_accuracy": [0.85, 0.916, 0.926, 0.934, 0.93], "loss": [23.530123373773048, 11.470008876871105, 8.88766096249411, 7.501986414558437, 6.671020853841414], "val_loss": [94.76240710120511, 58.764841591953385, 44.767146324603814, 38.217617227504846, 36.56883617957629]}