{"loss": [5.548429489135742, 4.704227447509766, 3.8643100261688232, 3.0329604148864746, 2.203730344772339, 1.390457272529602, 0.579725980758667, 0.08118370175361633, 0.07184705883264542, 0.07157891243696213], "accuracy": [0.9724458456039429, 0.9724458456039429, 0.9724458456039429, 0.972528874874115, 0.9726118445396423, 0.9726118445396423, 0.9730268120765686, 0.9721139073371887, 0.9723628759384155, 0.973109781742096], "val_loss": [4.209231853485107, 3.5260024070739746, 2.840682029724121, 2.1561129093170166, 1.4718436002731323, 0.8045881390571594, 0.14461617171764374, 0.06112761050462723, 0.061539426445961, 0.06152934581041336], "val_accuracy": [0.9756098389625549, 0.9756098389625549, 0.9756098389625549, 0.9751017093658447, 0.9751017093658447, 0.9751017093658447, 0.9761179685592651, 0.9740854501724243, 0.9735773205757141, 0.9735773205757141]}