{"loss": [0.6882948279380798, 0.6606997847557068, 0.6297057867050171, 0.5837671160697937, 0.5257970690727234, 0.4631247818470001, 0.40302878618240356, 0.3491543233394623, 0.3026319444179535, 0.26346057653427124], "accuracy": [0.5030292868614197, 0.8193210959434509, 0.8990787863731384, 0.9211552739143372, 0.9366752505302429, 0.9457216262817383, 0.9551830291748047, 0.961241602897644, 0.9643123745918274, 0.9678811430931091], "val_loss": [0.6695329546928406, 0.6421212553977966, 0.600314199924469, 0.5433191657066345, 0.47823745012283325, 0.41579052805900574, 0.3569416403770447, 0.30539602041244507, 0.26200637221336365, 0.22739703953266144], "val_accuracy": [0.6183943748474121, 0.8744919300079346, 0.920731782913208, 0.9476626515388489, 0.9537602066993713, 0.960874080657959, 0.9654472470283508, 0.9684960246086121, 0.9710366725921631, 0.9735773205757141]}