{"loss": [0.7801119685173035, 0.6925647854804993, 0.6714531779289246, 0.6517199277877808, 0.6251738667488098, 0.5912256240844727, 0.5515135526657104, 0.5085093975067139, 0.46406927704811096, 0.41950830817222595], "accuracy": [0.4969424307346344, 0.4972821772098541, 0.638780415058136, 0.7488534450531006, 0.8602854013442993, 0.9150671362876892, 0.9499745965003967, 0.9631391763687134, 0.9696789979934692, 0.9709529876708984], "val_loss": [0.7110213041305542, 0.6789955496788025, 0.6613852977752686, 0.6381529569625854, 0.6070410013198853, 0.5689836144447327, 0.526485025882721, 0.4824511408805847, 0.43632668256759644, 0.3911742568016052], "val_accuracy": [0.4984646737575531, 0.5138177871704102, 0.725179135799408, 0.853121817111969, 0.9053223729133606, 0.955475926399231, 0.9718526005744934, 0.9805526733398438, 0.9805526733398438, 0.9815762639045715]}