{"loss": [0.7455616593360901, 0.5930887460708618, 0.5196828842163086, 0.4615044593811035, 0.41168296337127686, 0.36901435256004333, 0.3324727416038513, 0.3011389672756195, 0.27407586574554443, 0.2505947947502136], "accuracy": [0.47250476479530334, 0.6997774839401245, 0.936029851436615, 0.9767164587974548, 0.9818022847175598, 0.9843451976776123, 0.9862523674964905, 0.9866496920585632, 0.9880006313323975, 0.9883184432983398], "val_loss": [0.6457846164703369, 0.5527176856994629, 0.489197701215744, 0.4353191554546356, 0.38899165391921997, 0.34922799468040466, 0.31516340374946594, 0.2857549488544464, 0.2602664530277252, 0.23790985345840454], "val_accuracy": [0.5063769817352295, 0.8729334473609924, 0.9669343829154968, 0.980160653591156, 0.9896079897880554, 0.9896079897880554, 0.9900803565979004, 0.9905527234077454, 0.9914974570274353, 0.9919698238372803]}