{"loss": [0.7325235605239868, 0.6461624503135681, 0.5505991578102112, 0.43978992104530334, 0.3394927978515625, 0.2618863582611084, 0.20504188537597656, 0.16353747248649597, 0.13286030292510986, 0.10979348421096802], "accuracy": [0.5144053101539612, 0.7832225561141968, 0.95542973279953, 0.97504723072052, 0.9822704195976257, 0.9848149418830872, 0.9857178330421448, 0.9869490265846252, 0.9885085821151733, 0.9899860620498657], "val_loss": [0.6899835467338562, 0.607090950012207, 0.4991973638534546, 0.3889652490615845, 0.2990473806858063, 0.23252910375595093, 0.18461912870407104, 0.1495145559310913, 0.12356241047382355, 0.1040147915482521], "val_accuracy": [0.5362537503242493, 0.9108761548995972, 0.9702920317649841, 0.9848942756652832, 0.9869083762168884, 0.9874118566513062, 0.9874118566513062, 0.9869083762168884, 0.9884189367294312, 0.9884189367294312]}