{"loss": [0.7003914713859558, 0.6541919708251953, 0.5868197083473206, 0.49129700660705566, 0.40316084027290344, 0.33188092708587646, 0.27600324153900146, 0.2330116629600525, 0.1999504715204239, 0.17454926669597626], "accuracy": [0.5176886916160583, 0.6991239786148071, 0.8273248076438904, 0.895215630531311, 0.9298349022865295, 0.9480289816856384, 0.957547128200531, 0.9630222320556641, 0.9666441679000854, 0.9694238305091858], "val_loss": [0.6721348762512207, 0.6250362396240234, 0.5357440710067749, 0.4395815134048462, 0.3600809574127197, 0.29770928621292114, 0.2495546191930771, 0.2120654284954071, 0.1834382563829422, 0.16119995713233948], "val_accuracy": [0.6309703588485718, 0.7863248586654663, 0.875817060470581, 0.9220714569091797, 0.9401710033416748, 0.9522373676300049, 0.9597788453102112, 0.964303731918335, 0.9698341488838196, 0.9728507399559021]}