{"loss": [0.711662769317627, 0.6938201785087585, 0.6910739541053772, 0.6910669803619385, 0.6910754442214966, 0.6910626888275146, 0.6910642385482788, 0.6910688877105713, 0.6910600662231445, 0.6910622715950012], "accuracy": [0.4315955936908722, 0.5093997120857239, 0.5325434803962708, 0.5325434803962708, 0.5325434803962708, 0.5325434803962708, 0.5325434803962708, 0.5325434803962708, 0.5325434803962708, 0.5325434803962708], "val_loss": [0.6963642835617065, 0.6899163126945496, 0.6897568106651306, 0.6898218393325806, 0.6898505687713623, 0.6898450255393982, 0.6897477507591248, 0.6897600293159485, 0.6896710395812988, 0.6896836161613464], "val_accuracy": [0.49450549483299255, 0.542283833026886, 0.542283833026886, 0.542283833026886, 0.542283833026886, 0.542283833026886, 0.542283833026886, 0.542283833026886, 0.542283833026886, 0.542283833026886]}