{"loss": [2.581395387649536, 0.28179821372032166, 0.17207524180412292, 0.12801207602024078, 0.11695018410682678, 0.11312562227249146, 0.10547235608100891, 0.09180688112974167, 0.12916816771030426, 0.050391893833875656], "accuracy": [0.9602888226509094, 0.9926156997680664, 0.9937644004821777, 0.9958155751228333, 0.9952412247657776, 0.9959796667098999, 0.9965540170669556, 0.9969642758369446, 0.9963078498840332, 0.9980309009552002], "val_loss": [0.5791115164756775, 0.4814818203449249, 0.5129503011703491, 0.3525848090648651, 0.26208311319351196, 0.272567480802536, 0.39509114623069763, 0.7253522872924805, 0.29415255784988403, 0.3409323990345001], "val_accuracy": [0.9890438318252563, 0.9910358786582947, 0.9920319318771362, 0.9910358786582947, 0.9940239191055298, 0.9935259222984314, 0.9935259222984314, 0.9870518445968628, 0.9950199723243713, 0.9940239191055298]}