{"accuracy": [0.67, 0.79, 0.82, 0.83, 0.84, 0.85, 0.87, 0.9, 0.93, 0.93], "val_accuracy": [0.671, 0.693, 0.713, 0.734, 0.751, 0.766, 0.808, 0.834, 0.871, 0.891], "loss": [90.50400000000002, 64.612, 57.51599999999999, 52.667999999999985, 50.21200000000002, 45.41199999999999, 41.41199999999999, 36.71599999999999, 33.016, 32.492000000000004], "val_loss": [856.6800000000001, 791.2360000000007, 746.8479999999993, 701.1760000000004, 655.0319999999999, 590.1920000000003, 535.7680000000003, 472.62000000000063, 452.004000000001, 413.4000000000006]}