{"loss": [0.5108965039253235, 0.4256111979484558, 0.36333298683166504, 0.315650999546051, 0.27808696031570435, 0.24783509969711304, 0.22306792438030243, 0.2024359107017517, 0.1849355697631836, 0.1698857694864273], "accuracy": [0.9620797038078308, 0.9466587901115417, 0.9625853300094604, 0.9815454483032227, 0.9876127243041992, 0.9930900931358337, 0.9962079524993896, 0.996292233467102, 0.9962079524993896, 0.996123731136322], "val_loss": [0.4629893898963928, 0.3905305862426758, 0.33514702320098877, 0.2926512360572815, 0.25845617055892944, 0.23046746850013733, 0.20795264840126038, 0.18863753974437714, 0.1725565493106842, 0.15809319913387299], "val_accuracy": [0.9445857405662537, 0.9537367224693298, 0.976105809211731, 0.9801729321479797, 0.9883071184158325, 0.993899405002594, 0.993899405002594, 0.9944077730178833, 0.9944077730178833, 0.9944077730178833]}