{"loss": [0.8449852466583252, 0.7500469088554382, 0.6775679588317871, 0.6177074909210205, 0.5670630931854248, 0.5236788392066956, 0.4861837327480316, 0.45339158177375793, 0.42448821663856506, 0.3988533318042755], "accuracy": [0.478909969329834, 0.5325434803962708, 0.5327804088592529, 0.9029226303100586, 0.9325435161590576, 0.9229068160057068, 0.9145340323448181, 0.9280411005020142, 0.9301738142967224, 0.9377567768096924], "val_loss": [0.7943334579467773, 0.7126151919364929, 0.646491527557373, 0.5907116532325745, 0.543012797832489, 0.5018088221549988, 0.46566271781921387, 0.43404459953308105, 0.40584951639175415, 0.38079720735549927], "val_accuracy": [0.542283833026886, 0.542283833026886, 0.5695174336433411, 0.9374104142189026, 0.9173435568809509, 0.9168657660484314, 0.9311992526054382, 0.9374104142189026, 0.9450549483299255, 0.9483994245529175]}