{"loss": [0.7056307792663574, 0.639288604259491, 0.5727024078369141, 0.5085484981536865, 0.4467878043651581, 0.3876838982105255, 0.33361947536468506, 0.2872979938983917, 0.24971243739128113, 0.21982704102993011], "accuracy": [0.5235961079597473, 0.587925136089325, 0.804376482963562, 0.9058792591094971, 0.9432287216186523, 0.9558836221694946, 0.9606292247772217, 0.9634414315223694, 0.9647596478462219, 0.9657263159751892], "val_loss": [0.6666696071624756, 0.5989840030670166, 0.5328435897827148, 0.4693164527416229, 0.4079263210296631, 0.35025283694267273, 0.29974398016929626, 0.2576683461666107, 0.22394052147865295, 0.1974005550146103], "val_accuracy": [0.5363825559616089, 0.747401237487793, 0.8825364112854004, 0.9360706806182861, 0.9542619585990906, 0.9651767015457153, 0.9719334840774536, 0.9719334840774536, 0.9708939790725708, 0.9708939790725708]}