{"loss": [0.6871066689491272, 0.6488925814628601, 0.586017906665802, 0.4976482391357422, 0.4088519811630249, 0.33296409249305725, 0.2724125385284424, 0.22537028789520264, 0.1889229565858841, 0.1605353057384491], "accuracy": [0.5480555891990662, 0.5594837069511414, 0.8304694890975952, 0.9845433235168457, 0.9857765436172485, 0.9847077131271362, 0.9842966794967651, 0.9841322302818298, 0.9843788743019104, 0.9847899675369263], "val_loss": [0.6673571467399597, 0.6203752160072327, 0.5380612015724182, 0.44354817271232605, 0.358349472284317, 0.28924044966697693, 0.23537839949131012, 0.1938614845275879, 0.16172099113464355, 0.13662104308605194], "val_accuracy": [0.5599408149719238, 0.6092748045921326, 0.984706461429596, 0.9906265139579773, 0.9911198616027832, 0.992106556892395, 0.9925999045372009, 0.9925999045372009, 0.9925999045372009, 0.9925999045372009]}