{"loss": [0.6823216676712036, 0.6648252606391907, 0.6329426169395447, 0.5802357792854309, 0.5154047012329102, 0.44797930121421814, 0.3840257525444031, 0.32751357555389404, 0.27920448780059814, 0.23869554698467255], "accuracy": [0.4968975782394409, 0.6760730743408203, 0.9353166222572327, 0.9777305722236633, 0.9847853779792786, 0.984955370426178, 0.9854653477668762, 0.986910343170166, 0.9864853620529175, 0.986910343170166], "val_loss": [0.6724822521209717, 0.6505919098854065, 0.6061964631080627, 0.5441338419914246, 0.4753050208091736, 0.40749526023864746, 0.345828115940094, 0.29231977462768555, 0.24734990298748016, 0.21009105443954468], "val_accuracy": [0.5229358077049255, 0.8532110452651978, 0.9780836701393127, 0.9882773160934448, 0.9887869954109192, 0.9887869954109192, 0.9918451309204102, 0.9903160929679871, 0.9898064136505127, 0.9933741688728333]}