{"loss": [384.69525146484375, 175.18858337402344, 62.59206008911133, 7.884877681732178, 0.5084930062294006, 0.4155272841453552, 0.3354503810405731, 0.26585543155670166, 0.20658113062381744, 0.16007769107818604], "accuracy": [0.577876627445221, 0.5828830003738403, 0.587492048740387, 0.765098512172699, 0.9814049601554871, 0.9813254475593567, 0.9813254475593567, 0.9813254475593567, 0.9814049601554871, 0.9815638661384583], "val_loss": [249.30831909179688, 101.49026489257812, 26.38127899169922, 0.3112211227416992, 0.26222580671310425, 0.22047296166419983, 0.18229059875011444, 0.15046143531799316, 0.12355951219797134, 0.1031048521399498], "val_accuracy": [0.5918753147125244, 0.5937647819519043, 0.5951818823814392, 0.9848843216896057, 0.9853566884994507, 0.9858290553092957, 0.9853566884994507, 0.9858290553092957, 0.9863014221191406, 0.9863014221191406]}