{"loss": [2.9180386066436768, 1.0243282318115234, 0.8031868934631348, 0.6881918907165527, 0.5500097274780273, 0.5766470432281494, 0.4626791775226593, 0.4985227882862091, 0.4998653829097748, 0.48086169362068176], "accuracy": [0.9342093467712402, 0.9690448641777039, 0.9699267745018005, 0.9746891260147095, 0.9761883616447449, 0.9772466421127319, 0.9782167673110962, 0.9788340926170349, 0.9779521822929382, 0.9786577224731445], "val_loss": [1.026234745979309, 0.8287887573242188, 0.9722113013267517, 0.7944576144218445, 1.042137861251831, 0.7277930974960327, 1.0396212339401245, 1.7026984691619873, 0.7440769672393799, 0.9588952660560608], "val_accuracy": [0.9675675630569458, 0.976756751537323, 0.9729729890823364, 0.978378415107727, 0.9643243551254272, 0.9751351475715637, 0.9735135436058044, 0.954594612121582, 0.978378415107727, 0.976756751537323]}