{"loss": [0.6857635974884033, 0.6677350997924805, 0.6369244456291199, 0.5907576084136963, 0.5332568287849426, 0.47286126017570496, 0.4166502356529236, 0.3681761920452118, 0.328078955411911, 0.2955692708492279], "accuracy": [0.7142384052276611, 0.8889901041984558, 0.933112621307373, 0.932947039604187, 0.9335265159606934, 0.9355132579803467, 0.9350993633270264, 0.9356788396835327, 0.936092734336853, 0.9370861053466797], "val_loss": [0.6775707602500916, 0.6516075134277344, 0.6097036600112915, 0.5524550676345825, 0.4877370297908783, 0.4259822368621826, 0.3723045289516449, 0.3281412422657013, 0.29026588797569275, 0.2625088691711426], "val_accuracy": [0.710252583026886, 0.9370975494384766, 0.9286775588989258, 0.9375928640365601, 0.9430410861968994, 0.9410598874092102, 0.940069317817688, 0.9390787482261658, 0.9440316557884216, 0.9430410861968994]}