{"loss": [0.6964673399925232, 0.6911038756370544, 0.6872296929359436, 0.6745837330818176, 0.6449987292289734, 0.5979422330856323, 0.5404632091522217, 0.4797694683074951, 0.42180782556533813, 0.369880735874176], "accuracy": [0.49242717027664185, 0.5184131860733032, 0.6225878596305847, 0.8535404205322266, 0.8878296613693237, 0.9042823314666748, 0.9500269293785095, 0.9590989947319031, 0.9618667364120483, 0.9627892971038818], "val_loss": [0.6919907927513123, 0.689612090587616, 0.6828902363777161, 0.6626672148704529, 0.6230654120445251, 0.5681516528129578, 0.506863534450531, 0.4461740255355835, 0.39019572734832764, 0.34155628085136414], "val_accuracy": [0.5247341990470886, 0.5247341990470886, 0.8025889992713928, 0.8511326909065247, 0.8589921593666077, 0.9431345462799072, 0.9542302489280701, 0.9588534832000732, 0.9607027769088745, 0.9611650705337524]}