{"loss": [0.6912643313407898, 0.6100020408630371, 0.5129523277282715, 0.40632152557373047, 0.3162231743335724, 0.24916240572929382, 0.20118610560894012, 0.16685408353805542, 0.14204303920269012, 0.12401482462882996], "accuracy": [0.5237318873405457, 0.8339159488677979, 0.9780160188674927, 0.9814340472221375, 0.9828323125839233, 0.9830653667449951, 0.9831430315971375, 0.9832206964492798, 0.9832206964492798, 0.9832984209060669], "val_loss": [0.6449396014213562, 0.5602300763130188, 0.4497952163219452, 0.34683647751808167, 0.2676481306552887, 0.21105776727199554, 0.17045919597148895, 0.1416180580854416, 0.12065117806196213, 0.10531829297542572], "val_accuracy": [0.5291375517845154, 0.9771561622619629, 0.9869464039802551, 0.9874125719070435, 0.9874125719070435, 0.9878787994384766, 0.9874125719070435, 0.9874125719070435, 0.9874125719070435, 0.9874125719070435]}