{"loss": [0.44137337803840637, 0.3125903606414795, 0.23954904079437256, 0.1955237239599228, 0.1595716029405594, 0.13504239916801453, 0.11795712262392044, 0.11948726326227188, 0.09179741889238358, 0.09313151985406876], "accuracy": [0.9168145060539246, 0.9674014449119568, 0.9784647226333618, 0.978802502155304, 0.9849675297737122, 0.9842074513435364, 0.9842919111251831, 0.9750021696090698, 0.9840385913848877, 0.9738198518753052], "val_loss": [0.35292986035346985, 0.26678168773651123, 0.2254074215888977, 0.20369696617126465, 0.14338169991970062, 0.1560920625925064, 0.10359883308410645, 0.10297014564275742, 0.1738370656967163, 0.08543352782726288], "val_accuracy": [0.9669762849807739, 0.9788442254066467, 0.9700722694396973, 0.9453044533729553, 0.988132119178772, 0.9463364481925964, 0.988132119178772, 0.9845201969146729, 0.8839010000228882, 0.9840041995048523]}