{"accuracy": [0.28, 0.31, 0.48, 0.8, 0.86], "val_accuracy": [0.24, 0.298, 0.502, 0.89, 0.91], "loss": [64.19968321696611, 43.764371174801845, 36.32525006052005, 32.769474000204646, 29.50370263771979], "val_loss": [286.08252059378606, 198.47682520532112, 156.1350295126312, 133.40691452109178, 116.87030161655649]}