{"loss": [0.7272505760192871, 0.6805509328842163, 0.6650360226631165, 0.6481667160987854, 0.6275316476821899, 0.6034561991691589, 0.5767267942428589, 0.5482234954833984, 0.5184187293052673, 0.48759642243385315], "accuracy": [0.4958474636077881, 0.49889829754829407, 0.637627124786377, 0.7765254378318787, 0.7943220138549805, 0.8361864686012268, 0.8548305034637451, 0.8651695251464844, 0.8746610283851624, 0.8786440491676331], "val_loss": [0.6919123530387878, 0.6724811792373657, 0.6566066145896912, 0.6371102333068848, 0.6137492060661316, 0.5872263312339783, 0.5584028363227844, 0.5280143022537231, 0.49637657403945923, 0.4641459882259369], "val_accuracy": [0.49117499589920044, 0.5148764252662659, 0.780635416507721, 0.7982854247093201, 0.8552697896957397, 0.8683812618255615, 0.8678769469261169, 0.8764498233795166, 0.8875441551208496, 0.8900655508041382]}