{"accuracy": [0.33, 0.51, 0.73, 0.82, 0.82], "val_accuracy": [0.497, 0.83, 0.827, 0.846, 0.866], "loss": [77.15403606877672, 42.82811940386875, 30.268254833172495, 24.9231691455133, 21.167720186649618], "val_loss": [502.4485715402038, 329.14121001628996, 257.195760444779, 212.22684012942727, 180.2854565778784]}