{"loss": [0.8669975399971008, 0.7065023183822632, 0.6696609854698181, 0.6575847864151001, 0.6470417976379395, 0.6339623928070068, 0.6174498200416565, 0.5974907279014587, 0.5745206475257874, 0.5491512417793274], "accuracy": [0.4778737723827362, 0.4778737723827362, 0.5870063900947571, 0.8371827006340027, 0.8712095022201538, 0.8765867948532104, 0.8738540410995483, 0.8767630457878113, 0.8752644658088684, 0.8780853748321533], "val_loss": [0.7515674829483032, 0.6802878975868225, 0.6632416248321533, 0.6534149050712585, 0.6422131061553955, 0.6279281377792358, 0.6100922226905823, 0.5891983509063721, 0.5654392838478088, 0.5399152040481567], "val_accuracy": [0.47649574279785156, 0.47649574279785156, 0.7387821078300476, 0.8525641560554504, 0.8584402203559875, 0.8611111640930176, 0.8600427508354187, 0.8547009229660034, 0.8595085740089417, 0.8621795177459717]}