{"loss": [0.44545528292655945, 0.31349918246269226, 0.24350647628307343, 0.2014230638742447, 0.17341527342796326, 0.14177516102790833, 0.1330871731042862, 0.10660488903522491, 0.09165510535240173, 0.0956454649567604], "accuracy": [0.921022891998291, 0.9707970023155212, 0.9781380891799927, 0.9784607887268066, 0.9720070958137512, 0.9779767394065857, 0.9707970023155212, 0.984188437461853, 0.9854791760444641, 0.9791868329048157], "val_loss": [0.35552752017974854, 0.27551761269569397, 0.21967047452926636, 0.18446283042430878, 0.19647036492824554, 0.1319608986377716, 0.12272467464208603, 0.11047713458538055, 0.09432860463857651, 0.08952278643846512], "val_accuracy": [0.9739941358566284, 0.9720314145088196, 0.9784101843833923, 0.9739941358566284, 0.9543670415878296, 0.981844961643219, 0.9764475226402283, 0.9793915748596191, 0.981844961643219, 0.983316957950592]}