{"loss": [0.6134767532348633, 0.46714016795158386, 0.37875720858573914, 0.3212777376174927, 0.2811102569103241, 0.25121691823005676, 0.22792281210422516, 0.20928023755550385, 0.19392848014831543, 0.1811404526233673], "accuracy": [0.6611570119857788, 0.8708677291870117, 0.906230092048645, 0.9307851195335388, 0.9454068541526794, 0.9558168649673462, 0.9642402529716492, 0.9688493013381958, 0.9743324518203735, 0.975842297077179], "val_loss": [0.5282700657844543, 0.4173905849456787, 0.3468559980392456, 0.29911285638809204, 0.26406827569007874, 0.23686937987804413, 0.21530039608478546, 0.19761863350868225, 0.18297991156578064, 0.1704101711511612], "val_accuracy": [0.8427019715309143, 0.8899386525154114, 0.9220595359802246, 0.9357581734657288, 0.9513462781906128, 0.9650449156761169, 0.9707133173942566, 0.9777988195419312, 0.9777988195419312, 0.981105387210846]}