{"loss": [0.642396867275238, 0.5820391178131104, 0.5158237218856812, 0.4489637613296509, 0.3872346878051758, 0.3335936367511749, 0.28915196657180786, 0.2527969479560852, 0.2234889268875122, 0.1997838020324707], "accuracy": [0.7446917295455933, 0.8697978854179382, 0.9100561141967773, 0.927722156047821, 0.9399524927139282, 0.9497197866439819, 0.9577034711837769, 0.9641583561897278, 0.9688296914100647, 0.9710379242897034], "val_loss": [0.613027811050415, 0.549530029296875, 0.48197537660598755, 0.41631972789764404, 0.35715463757514954, 0.30703508853912354, 0.26536422967910767, 0.23154692351818085, 0.20380595326423645, 0.1812335103750229], "val_accuracy": [0.854145348072052, 0.9063459634780884, 0.9273285269737244, 0.9437052011489868, 0.956499457359314, 0.9600818753242493, 0.9667348861694336, 0.9733878970146179, 0.9764585494995117, 0.9764585494995117]}