{"loss": [0.7212122678756714, 0.6845764517784119, 0.6720826029777527, 0.6552708148956299, 0.6305222511291504, 0.5985409617424011, 0.5611833930015564, 0.5212243795394897, 0.48125895857810974, 0.4429945647716522], "accuracy": [0.4829151928424835, 0.5700726509094238, 0.7508254051208496, 0.8021624684333801, 0.8265104293823242, 0.8515186905860901, 0.8731430172920227, 0.8903104066848755, 0.9029383063316345, 0.9113569259643555], "val_loss": [0.69283127784729, 0.679137110710144, 0.665900707244873, 0.6451732516288757, 0.616402268409729, 0.581434428691864, 0.542663037776947, 0.5032975673675537, 0.46509501338005066, 0.429524302482605], "val_accuracy": [0.4865134656429291, 0.6993007063865662, 0.7887112498283386, 0.7977022528648376, 0.8171827793121338, 0.847152829170227, 0.8716283440589905, 0.8916083574295044, 0.8996003866195679, 0.9075923562049866]}