{"loss": [0.7554643750190735, 0.7024095058441162, 0.6961986422538757, 0.6942917108535767, 0.6925221681594849, 0.690619945526123, 0.6886056065559387, 0.6863469481468201, 0.683822751045227, 0.6809796094894409], "accuracy": [0.5129359364509583, 0.5117897391319275, 0.4935320019721985, 0.48542654514312744, 0.49459636211395264, 0.5063861012458801, 0.5149828195571899, 0.5307843089103699, 0.551825761795044, 0.5672997832298279], "val_loss": [0.7182287573814392, 0.6998080611228943, 0.6963092684745789, 0.6943747997283936, 0.6923986077308655, 0.6904494762420654, 0.6881271600723267, 0.6856277585029602, 0.6829466223716736, 0.6798526048660278], "val_accuracy": [0.5046637654304504, 0.5012273192405701, 0.4648993909358978, 0.47079041600227356, 0.4815906286239624, 0.48306336998939514, 0.5198822021484375, 0.5611193180084229, 0.5763378143310547, 0.5964654684066772]}