{"loss": [0.7007656693458557, 0.5757251977920532, 0.48339182138442993, 0.41651299595832825, 0.3702481985092163, 0.33780595660209656, 0.3149538040161133, 0.29877179861068726, 0.2870769798755646, 0.2784155607223511], "accuracy": [0.4485008716583252, 0.8395143151283264, 0.9121995568275452, 0.92442387342453, 0.9261584281921387, 0.92640620470047, 0.92508465051651, 0.9256628751754761, 0.9256628751754761, 0.9265714287757874], "val_loss": [0.6288341283798218, 0.5238116383552551, 0.44153082370758057, 0.3831714987754822, 0.3415396213531494, 0.3116000294685364, 0.290502667427063, 0.2744423747062683, 0.26272451877593994, 0.25456079840660095], "val_accuracy": [0.8159204125404358, 0.9134328961372375, 0.9373134970664978, 0.9437811374664307, 0.9442786574363708, 0.9417911171913147, 0.9427860975265503, 0.9427860975265503, 0.9407960772514343, 0.9383084774017334]}