{"loss": [0.5722858905792236, 0.43478575348854065, 0.34123358130455017, 0.27688294649124146, 0.2272566705942154, 0.18511392176151276, 0.15507803857326508, 0.1411157250404358, 0.11837553977966309, 0.10353808104991913], "accuracy": [0.9303268790245056, 0.9727219343185425, 0.9752554893493652, 0.9734820127487183, 0.9791403412818909, 0.9817583560943604, 0.9826873540878296, 0.9665569067001343, 0.982265055179596, 0.9801537394523621], "val_loss": [0.4892883896827698, 0.38297805190086365, 0.3023611009120941, 0.250439316034317, 0.2074386179447174, 0.17363354563713074, 0.16948913037776947, 0.1295752227306366, 0.11538002640008926, 0.10575807094573975], "val_accuracy": [0.9798762202262878, 0.9783282279968262, 0.985552191734314, 0.9742002487182617, 0.980908215045929, 0.9819402098655701, 0.944272518157959, 0.9829722046852112, 0.9824562072753906, 0.9778122305870056]}