{"loss": [0.7260180711746216, 0.6800775527954102, 0.6512821316719055, 0.5978697538375854, 0.5255446434020996, 0.44992804527282715, 0.3807956874370575, 0.32208505272865295, 0.27415284514427185, 0.23575103282928467], "accuracy": [0.4719230532646179, 0.6054427623748779, 0.7820439338684082, 0.9054509997367859, 0.9357888698577881, 0.9474636316299438, 0.9549453258514404, 0.9610293507575989, 0.9652224183082581, 0.9681000113487244], "val_loss": [0.6911424994468689, 0.6663021445274353, 0.6252447962760925, 0.5573963522911072, 0.4792715907096863, 0.40423583984375, 0.3389423191547394, 0.28494560718536377, 0.24149739742279053, 0.2067326158285141], "val_accuracy": [0.6250616312026978, 0.6748889684677124, 0.890971839427948, 0.9403058290481567, 0.9536260366439819, 0.9615194797515869, 0.9659595489501953, 0.9713862538337708, 0.9733596444129944, 0.9753329753875732]}