{"loss": [0.3516712188720703, 0.24664662778377533, 0.18552479147911072, 0.1466503143310547, 0.11817249655723572, 0.09511551260948181, 0.07811208069324493, 0.06528615951538086, 0.05684094876050949, 0.046748317778110504], "accuracy": [0.9676145911216736, 0.989020586013794, 0.9942338466644287, 0.9942338466644287, 0.9951817393302917, 0.9950237274169922, 0.9945498108863831, 0.9947077631950378, 0.99478679895401, 0.9957346320152283], "val_loss": [0.28412047028541565, 0.21116480231285095, 0.16471530497074127, 0.13165022432804108, 0.1047620177268982, 0.08959440141916275, 0.07456588745117188, 0.06322900950908661, 0.05616239458322525, 0.04546302184462547], "val_accuracy": [0.988055408000946, 0.9928332567214966, 0.9928332567214966, 0.9947444200515747, 0.9961777329444885, 0.9947444200515747, 0.9942666292190552, 0.9961777329444885, 0.9947444200515747, 0.9961777329444885]}