{"loss": [0.6534317135810852, 0.5846807360649109, 0.4940049946308136, 0.40168339014053345, 0.3224002420902252, 0.2594156861305237, 0.21107827126979828, 0.1740524023771286, 0.14547669887542725, 0.12327928841114044], "accuracy": [0.5884402990341187, 0.9813854694366455, 0.9911602139472961, 0.9915851950645447, 0.991500198841095, 0.9918401837348938, 0.9913302063941956, 0.991500198841095, 0.9911602139472961, 0.9919251799583435], "val_loss": [0.62284255027771, 0.5405418872833252, 0.44436895847320557, 0.3563182055950165, 0.2842322885990143, 0.22826920449733734, 0.18513540923595428, 0.15201479196548462, 0.12628652155399323, 0.1061115711927414], "val_accuracy": [0.9510704278945923, 0.9928644895553589, 0.9964323043823242, 0.9954128861427307, 0.9964323043823242, 0.9964323043823242, 0.9964323043823242, 0.9964323043823242, 0.9964323043823242, 0.9964323043823242]}