{"loss": [0.6923211812973022, 0.6491103768348694, 0.6197876334190369, 0.581743597984314, 0.5363494157791138, 0.48818692564964294, 0.440509557723999, 0.39628955721855164, 0.35703879594802856, 0.32298147678375244], "accuracy": [0.5002111792564392, 0.5219154357910156, 0.7054303288459778, 0.8230724334716797, 0.8924922347068787, 0.9175745844841003, 0.9287222623825073, 0.9342116713523865, 0.9370830655097961, 0.9393633008003235], "val_loss": [0.6601070761680603, 0.6340837478637695, 0.6008175015449524, 0.5592044591903687, 0.5119631886482239, 0.46487030386924744, 0.420255184173584, 0.3800866901874542, 0.3435150682926178, 0.31435588002204895], "val_accuracy": [0.5056759715080261, 0.6651186943054199, 0.820433497428894, 0.8900929093360901, 0.9081527590751648, 0.9215686917304993, 0.9246646165847778, 0.9277606010437012, 0.9267286062240601, 0.9287925958633423]}