{"loss": [0.5411946773529053, 0.42337891459465027, 0.3510075807571411, 0.30209067463874817, 0.266335129737854, 0.23884212970733643, 0.21697038412094116, 0.1990102082490921, 0.18408021330833435, 0.17136327922344208], "accuracy": [0.7709400057792664, 0.8947285413742065, 0.928216814994812, 0.9429516792297363, 0.9529587626457214, 0.9613111019134521, 0.9650145173072815, 0.970136284828186, 0.97344571352005, 0.9754155874252319], "val_loss": [0.4731186628341675, 0.38255858421325684, 0.3232462704181671, 0.28073132038116455, 0.24856799840927124, 0.22344353795051575, 0.20256629586219788, 0.18540948629379272, 0.17102567851543427, 0.15860487520694733], "val_accuracy": [0.8624066710472107, 0.9211753606796265, 0.9398320913314819, 0.9556902647018433, 0.9664179086685181, 0.9626865386962891, 0.9720149040222168, 0.9743469953536987, 0.9762126803398132, 0.9785447716712952]}