{"loss": [0.7010849118232727, 0.6816551089286804, 0.6657456755638123, 0.6437510848045349, 0.6152897477149963, 0.5816566944122314, 0.5442335605621338, 0.5043715238571167, 0.4633358120918274, 0.42233991622924805], "accuracy": [0.5543040633201599, 0.5543040633201599, 0.5543040633201599, 0.5543040633201599, 0.5607169270515442, 0.6236948370933533, 0.7839348912239075, 0.8764285445213318, 0.9160569310188293, 0.933486819267273], "val_loss": [0.6865185499191284, 0.6723093390464783, 0.6525402665138245, 0.6257345676422119, 0.5931301712989807, 0.5564610958099365, 0.5165101885795593, 0.4749358296394348, 0.43287158012390137, 0.39160972833633423], "val_accuracy": [0.5599408149719238, 0.5599408149719238, 0.5599408149719238, 0.5599408149719238, 0.5934879183769226, 0.7705969214439392, 0.8865318298339844, 0.9294523596763611, 0.9442525506019592, 0.9511593580245972]}