{"loss": [9.722031593322754, 1.1237986087799072, 0.5790895223617554, 0.43784117698669434, 0.3454485833644867, 0.2888000011444092, 0.24611623585224152, 0.20704497396945953, 0.1770399510860443, 0.15680743753910065], "accuracy": [0.8634027242660522, 0.9301424026489258, 0.9473329186439514, 0.9556754231452942, 0.9628381133079529, 0.9672200083732605, 0.9710120558738708, 0.9753096699714661, 0.9785118699073792, 0.9809556007385254], "val_loss": [2.348092555999756, 0.8752506375312805, 0.5872446894645691, 0.4380718469619751, 0.35471057891845703, 0.29514652490615845, 0.26858416199684143, 0.23302367329597473, 0.20986607670783997, 0.185165137052536], "val_accuracy": [0.910015344619751, 0.9435689449310303, 0.9532283544540405, 0.960854172706604, 0.9669548273086548, 0.9689883589744568, 0.9730554819107056, 0.9766141772270203, 0.978647768497467, 0.9816980957984924]}