{"loss": [0.3682233989238739, 0.24913519620895386, 0.20007656514644623, 0.15929433703422546, 0.13635872304439545, 0.11760228127241135, 0.10383379459381104, 0.09536557644605637, 0.08406290411949158, 0.07420141249895096], "accuracy": [0.9398419857025146, 0.9746792912483215, 0.9756139516830444, 0.9812219142913818, 0.9773982763290405, 0.979012668132782, 0.9806271195411682, 0.9756988883018494, 0.979012668132782, 0.9833461046218872], "val_loss": [0.2890348434448242, 0.2298576831817627, 0.17803309857845306, 0.14350350201129913, 0.13740341365337372, 0.11646715551614761, 0.12444613128900528, 0.10551178455352783, 0.08402976393699646, 0.08120197802782059], "val_accuracy": [0.9596273303031921, 0.9580745697021484, 0.9787784814834595, 0.9834368824958801, 0.9710144996643066, 0.9849896430969238, 0.9560041427612305, 0.9642857313156128, 0.9813664555549622, 0.9808489084243774]}