{"accuracy": [0.71, 0.94, 0.96, 0.97, 0.98, 0.98, 0.98, 0.98, 0.98, 0.98], "val_accuracy": [0.853, 0.903, 0.933, 0.95, 0.959, 0.961, 0.963, 0.96, 0.962, 0.968], "loss": [73.47600000000001, 27.156000000000013, 23.93200000000001, 21.883999999999997, 20.724000000000004, 19.37599999999999, 19.863999999999997, 17.608000000000004, 17.592, 19.020000000000003], "val_loss": [417.9080000000013, 308.6160000000007, 256.7240000000002, 235.936, 214.05600000000015, 212.51600000000016, 200.1960000000004, 207.65600000000038, 213.25600000000017, 207.0280000000002]}