{"loss": [0.6743029952049255, 0.6324127912521362, 0.5869349241256714, 0.5309160947799683, 0.4777998626232147, 0.4352019131183624, 0.40320780873298645, 0.37988391518592834, 0.3633292615413666, 0.3516756594181061], "accuracy": [0.511283278465271, 0.7041091322898865, 0.8005220293998718, 0.8533176183700562, 0.867127001285553, 0.8696531057357788, 0.8699057102203369, 0.8707477450370789, 0.8708319067955017, 0.8714213371276855], "val_loss": [0.6538291573524475, 0.6156113147735596, 0.5634739995002747, 0.5089644193649292, 0.46326273679733276, 0.42836663126945496, 0.40280044078826904, 0.3843943774700165, 0.3713666796684265, 0.3623320758342743], "val_accuracy": [0.5839195847511292, 0.7512562870979309, 0.8336683511734009, 0.856783926486969, 0.8582914471626282, 0.8597989678382874, 0.8597989678382874, 0.8618090152740479, 0.8633165955543518, 0.8653266429901123]}