{"loss": [0.3761349022388458, 0.22070564329624176, 0.16848094761371613, 0.14019997417926788, 0.11877083033323288, 0.1062130257487297, 0.09495139122009277, 0.0808493047952652, 0.07881718873977661, 0.06858192384243011], "accuracy": [0.883601188659668, 0.9679481387138367, 0.9800230860710144, 0.977625846862793, 0.978247344493866, 0.9804670214653015, 0.9783361554145813, 0.9820652008056641, 0.9771819114685059, 0.9814436435699463], "val_loss": [0.24537315964698792, 0.19068226218223572, 0.1438571661710739, 0.12941399216651917, 0.09795303642749786, 0.09600267559289932, 0.08079095184803009, 0.07464609295129776, 0.06955508887767792, 0.05490646883845329], "val_accuracy": [0.9514407515525818, 0.9759871959686279, 0.9823905825614929, 0.9834578037261963, 0.9871931672096252, 0.9834578037261963, 0.979188859462738, 0.9877267479896545, 0.9802561402320862, 0.9871931672096252]}