{"loss": [0.5096817016601562, 0.39820268750190735, 0.31742942333221436, 0.26054316759109497, 0.22024017572402954, 0.19112664461135864, 0.16973581910133362, 0.15379364788532257, 0.14207333326339722, 0.13313017785549164], "accuracy": [0.8232645392417908, 0.9042400121688843, 0.9391622543334961, 0.952162504196167, 0.9586201310157776, 0.9621888399124146, 0.964652955532074, 0.9649928212165833, 0.9664372801780701, 0.9672020077705383], "val_loss": [0.44289979338645935, 0.3490833044052124, 0.2828127443790436, 0.23722952604293823, 0.2048807293176651, 0.18217024207115173, 0.1651969999074936, 0.15294131636619568, 0.14345519244670868, 0.13707159459590912], "val_accuracy": [0.9078674912452698, 0.9399586319923401, 0.9472050070762634, 0.9539337754249573, 0.9585921764373779, 0.9596273303031921, 0.9611801505088806, 0.9611801505088806, 0.9611801505088806, 0.9627329111099243]}