{"loss": [0.6618568897247314, 0.615068793296814, 0.5402612090110779, 0.45059823989868164, 0.36472034454345703, 0.2925091087818146, 0.23539412021636963, 0.19114063680171967, 0.15703926980495453, 0.13052904605865479], "accuracy": [0.5943940281867981, 0.8052112460136414, 0.9254639148712158, 0.9654955267906189, 0.9784445762634277, 0.9830241203308105, 0.9864193201065063, 0.9876826405525208, 0.9892618060112, 0.9901303052902222], "val_loss": [0.6411530375480652, 0.5732779502868652, 0.4802260100841522, 0.3840949535369873, 0.3013461232185364, 0.23664629459381104, 0.18735575675964355, 0.15009692311286926, 0.12190335243940353, 0.10019051283597946], "val_accuracy": [0.7683215141296387, 0.916312038898468, 0.973522424697876, 0.9862884283065796, 0.9886524677276611, 0.9910165667533875, 0.9929077625274658, 0.9929077625274658, 0.9938533902168274, 0.993380606174469]}