{"loss": [0.6527084112167358, 0.5803622007369995, 0.5301175117492676, 0.4922179579734802, 0.46281352639198303, 0.4388919770717621, 0.4191161096096039, 0.402559369802475, 0.3884257376194, 0.3763953149318695], "accuracy": [0.5443958044052124, 0.8332369923591614, 0.9112083911895752, 0.9108780026435852, 0.9084827303886414, 0.906995952129364, 0.9050136208534241, 0.9045180678367615, 0.906995952129364, 0.9050136208534241], "val_loss": [0.6108545064926147, 0.5511402487754822, 0.5067535042762756, 0.47235965728759766, 0.4448258876800537, 0.42189791798591614, 0.4025725722312927, 0.38605648279190063, 0.3718479871749878, 0.35952228307724], "val_accuracy": [0.6870647072792053, 0.9343283772468567, 0.9323383569717407, 0.9253731966018677, 0.9258707165718079, 0.9208955764770508, 0.9203980565071106, 0.921393096446991, 0.9184079766273499, 0.9203980565071106]}