{"loss": [5.324740409851074, 1.3568668365478516, 0.959385335445404, 0.7832944989204407, 0.6415526866912842, 0.50895094871521, 0.3865974247455597, 0.2733887732028961, 0.17474299669265747, 0.12478224188089371], "accuracy": [0.9250574111938477, 0.9687314629554749, 0.9729799032211304, 0.9729799032211304, 0.9734897017478943, 0.9733197689056396, 0.973574697971344, 0.9732348322868347, 0.9724701046943665, 0.9683915972709656], "val_loss": [2.008492946624756, 1.1275513172149658, 0.8951125741004944, 0.7374601364135742, 0.600922167301178, 0.4654693305492401, 0.34436967968940735, 0.23350133001804352, 0.1464499533176422, 0.12677092850208282], "val_accuracy": [0.9637681245803833, 0.9720497131347656, 0.9725673198699951, 0.9746376872062683, 0.9730849266052246, 0.9736024737358093, 0.9725673198699951, 0.9725673198699951, 0.9710144996643066, 0.9653209447860718]}