{"loss": [0.8827005624771118, 0.7358018159866333, 0.6754260063171387, 0.6276651620864868, 0.586154580116272, 0.549964427947998, 0.5187451839447021, 0.4919654428958893, 0.46894440054893494, 0.44926097989082336], "accuracy": [0.500454306602478, 0.4447014033794403, 0.53729248046875, 0.7917733788490295, 0.8690840005874634, 0.8918807506561279, 0.9011315703392029, 0.9041050672531128, 0.9034442901611328, 0.9041050672531128], "val_loss": [0.786594569683075, 0.7028555274009705, 0.6500577926635742, 0.604260265827179, 0.5643497109413147, 0.5295527577400208, 0.4994090795516968, 0.47336795926094055, 0.45081791281700134, 0.4313725233078003], "val_accuracy": [0.44975125789642334, 0.43034827709198, 0.6800995469093323, 0.8597015142440796, 0.9059702157974243, 0.9238806366920471, 0.9248756766319275, 0.9248756766319275, 0.9273632168769836, 0.9273632168769836]}