{"loss": [214.38458251953125, 81.37509155273438, 14.171026229858398, 0.6619895100593567, 0.5921059250831604, 0.5407822728157043, 0.5018739104270935, 0.46980059146881104, 0.44073668122291565, 0.41042235493659973], "accuracy": [0.15572595596313477, 0.17266368865966797, 0.27260470390319824, 0.5013061165809631, 0.5013061165809631, 0.7316086888313293, 0.8136007189750671, 0.8162130117416382, 0.8224487900733948, 0.833066463470459], "val_loss": [145.964599609375, 43.76639175415039, 0.6976261138916016, 0.6181877851486206, 0.5599887371063232, 0.5167321562767029, 0.4797725975513458, 0.4492953419685364, 0.4198065996170044, 0.391040563583374], "val_accuracy": [0.17336046695709229, 0.18912050127983093, 0.5129639506340027, 0.5129639506340027, 0.5129639506340027, 0.8139299154281616, 0.819013774394989, 0.8230808973312378, 0.8327402472496033, 0.8454499840736389]}