{"loss": [0.7042979598045349, 0.6932445168495178, 0.6839819550514221, 0.6747123003005981, 0.6651555299758911, 0.6549158692359924, 0.6444521546363831, 0.6335550546646118, 0.6228541135787964, 0.6125902533531189], "accuracy": [0.4519563913345337, 0.5270949006080627, 0.5388677716255188, 0.5836219191551208, 0.6644737124443054, 0.699272871017456, 0.7143352031707764, 0.7152008414268494, 0.7151142954826355, 0.7130367159843445], "val_loss": [0.6954273581504822, 0.6855998635292053, 0.6759455800056458, 0.6661846041679382, 0.6558398604393005, 0.6451776027679443, 0.6341846585273743, 0.6232799887657166, 0.6127198934555054, 0.6030529141426086], "val_accuracy": [0.5189274549484253, 0.5341745615005493, 0.5620399713516235, 0.6608833074569702, 0.6934806108474731, 0.7024185657501221, 0.7060988545417786, 0.707150399684906, 0.7050473690032959, 0.7039958238601685]}