{"loss": [0.7162967920303345, 0.6928917765617371, 0.656299889087677, 0.5896631479263306, 0.5001899003982544, 0.4032534658908844, 0.31836172938346863, 0.25265979766845703, 0.2040344774723053, 0.1682005077600479], "accuracy": [0.3228280246257782, 0.48066064715385437, 0.6047021150588989, 0.9172495007514954, 0.9775006175041199, 0.9777534604072571, 0.9791017174720764, 0.9806185364723206, 0.9820510745048523, 0.9822195768356323], "val_loss": [0.7023300528526306, 0.6791234612464905, 0.626506507396698, 0.5480055212974548, 0.45202988386154175, 0.3590257167816162, 0.2837209403514862, 0.22745828330516815, 0.18615008890628815, 0.15557976067066193], "val_accuracy": [0.400610089302063, 0.5282155871391296, 0.7819014191627502, 0.9755974411964417, 0.9745806455612183, 0.9725471138954163, 0.9745806455612183, 0.976105809211731, 0.9776309728622437, 0.978647768497467]}