{"loss": [22.86631965637207, 3.656256914138794, 2.4664061069488525, 1.9517472982406616, 1.6318728923797607, 1.3667880296707153, 1.1206493377685547, 0.9087213277816772, 0.7005550265312195, 0.49275749921798706], "accuracy": [0.7032948732376099, 0.8891042470932007, 0.9169967174530029, 0.9248335957527161, 0.9250863790512085, 0.9280357360839844, 0.9278671741485596, 0.9316592216491699, 0.9314064383506775, 0.9333445429801941], "val_loss": [4.800268173217773, 2.920055627822876, 2.1989407539367676, 1.8403689861297607, 1.5307526588439941, 1.3324517011642456, 1.0937485694885254, 0.8847512006759644, 0.6408816576004028, 0.44425317645072937], "val_accuracy": [0.8662939071655273, 0.9049314260482788, 0.9171327352523804, 0.927808940410614, 0.9283173084259033, 0.9267921447753906, 0.9323844313621521, 0.9262837767601013, 0.9267921447753906, 0.9252669811248779]}