{"loss": [44.064231872558594, 17.282835006713867, 0.8052933216094971, 0.5925614833831787, 0.5881156325340271, 0.5861203074455261, 0.5806631445884705, 0.5741020441055298, 0.5694018602371216, 0.566615879535675], "accuracy": [0.6266983151435852, 0.6289889812469482, 0.7024486660957336, 0.7131121754646301, 0.7157978415489197, 0.7161927819252014, 0.7186414003372192, 0.7214850187301636, 0.7220379710197449, 0.7244076132774353], "val_loss": [30.178306579589844, 3.7788095474243164, 0.5891897678375244, 0.5850372314453125, 0.5815420150756836, 0.5768594145774841, 0.5726908445358276, 0.5664908289909363, 0.5625805854797363, 0.5583428740501404], "val_accuracy": [0.6407071352005005, 0.6516961455345154, 0.7157190442085266, 0.7185857892036438, 0.7157190442085266, 0.7224080562591553, 0.7267080545425415, 0.7214524745941162, 0.7286192178726196, 0.72288578748703]}