{"loss": [11.047502517700195, 2.8771393299102783, 2.266665458679199, 1.8492006063461304, 1.5625778436660767, 1.345588207244873, 1.2353354692459106, 1.0580376386642456, 1.0024532079696655, 0.9334939122200012], "accuracy": [0.8718581795692444, 0.9438222050666809, 0.9536995887756348, 0.9551106691360474, 0.9588146805763245, 0.9606667160987854, 0.9596965909004211, 0.9625187516212463, 0.9605785608291626, 0.9629597067832947], "val_loss": [2.5338521003723145, 1.9383517503738403, 1.6351866722106934, 1.378385066986084, 1.2381945848464966, 1.1596804857254028, 1.172717809677124, 1.0304325819015503, 0.8538824915885925, 0.8893502354621887], "val_accuracy": [0.9454054236412048, 0.9535135626792908, 0.9578378796577454, 0.962702751159668, 0.9600000381469727, 0.9583783745765686, 0.9605405926704407, 0.9605405926704407, 0.9637838006019592, 0.9654054045677185]}