{"loss": [0.6496838927268982, 0.6147805452346802, 0.5834833979606628, 0.5546776652336121, 0.5283560752868652, 0.5043811202049255, 0.48239895701408386, 0.462080717086792, 0.4433375597000122, 0.4260692298412323], "accuracy": [0.665165901184082, 0.8105055689811707, 0.8731437921524048, 0.903001606464386, 0.9180884957313538, 0.927804172039032, 0.9274092316627502, 0.9398894906044006, 0.9402844309806824, 0.9464455246925354], "val_loss": [0.6298660635948181, 0.5957659482955933, 0.5646031498908997, 0.5361252427101135, 0.5102061629295349, 0.4865145683288574, 0.4644838273525238, 0.4443870782852173, 0.4257139563560486, 0.4086517095565796], "val_accuracy": [0.7582417726516724, 0.8490205407142639, 0.8867654204368591, 0.905398964881897, 0.9173435568809509, 0.9311992526054382, 0.9460105299949646, 0.9474438428878784, 0.9526994824409485, 0.9526994824409485]}