{"loss": [0.5597445368766785, 0.49961426854133606, 0.4652482271194458, 0.4433296024799347, 0.4284127354621887, 0.4175542891025543, 0.4094996452331543, 0.4033079445362091, 0.398467093706131, 0.3947387635707855], "accuracy": [0.8769307136535645, 0.8877509236335754, 0.8808953762054443, 0.8835384845733643, 0.8824647068977356, 0.8829602599143982, 0.8827124834060669, 0.8837862610816956, 0.8856033682823181, 0.8848599791526794], "val_loss": [0.5168032050132751, 0.4694893956184387, 0.43990665674209595, 0.41956356167793274, 0.40470701456069946, 0.3932535946369171, 0.3845185339450836, 0.3773384094238281, 0.37160012125968933, 0.36693131923675537], "val_accuracy": [0.9054726958274841, 0.8910447955131531, 0.8950248956680298, 0.8915423154830933, 0.893532395362854, 0.8910447955131531, 0.8930348753929138, 0.893532395362854, 0.8915423154830933, 0.8930348753929138]}