{"loss": [1.4202362298965454, 0.29467830061912537, 0.15711437165737152, 0.12131049484014511, 0.08284107595682144, 0.06367653608322144, 0.06133788824081421, 0.06232662498950958, 0.0434175468981266, 0.05395333096385002], "accuracy": [0.972528874874115, 0.9931743741035461, 0.9957023859024048, 0.9969663619995117, 0.9974719882011414, 0.997977614402771, 0.9980618357658386, 0.9980618357658386, 0.9982303977012634, 0.997977614402771], "val_loss": [0.5897760391235352, 0.3725014328956604, 0.4269019365310669, 0.4350803792476654, 0.23697830736637115, 0.2826883792877197, 0.2634393274784088, 0.40032508969306946, 0.30328938364982605, 0.21463385224342346], "val_accuracy": [0.9903407096862793, 0.9944077730178833, 0.9928826093673706, 0.993899405002594, 0.9944077730178833, 0.995932936668396, 0.9954245686531067, 0.9928826093673706, 0.9928826093673706, 0.9964413642883301]}