{"loss": [0.4251302480697632, 0.2949388027191162, 0.22729475796222687, 0.1821223944425583, 0.144468292593956, 0.11574441939592361, 0.09736518561840057, 0.08008884638547897, 0.07032010704278946, 0.05966063216328621], "accuracy": [0.9405705332756042, 0.9898516535758972, 0.9923118948936462, 0.990620493888855, 0.9923118948936462, 0.9944645762443542, 0.9934651255607605, 0.9947720766067505, 0.993849515914917, 0.9951565265655518], "val_loss": [0.33943864703178406, 0.2572785019874573, 0.2192649096250534, 0.1670764684677124, 0.13148973882198334, 0.11180601269006729, 0.09291676431894302, 0.07916413992643356, 0.07094833999872208, 0.058638155460357666], "val_accuracy": [0.9898290038108826, 0.9930652379989624, 0.9856680631637573, 0.9902912974357605, 0.9926028847694397, 0.9930652379989624, 0.9930652379989624, 0.9926028847694397, 0.9921405911445618, 0.9930652379989624]}