{"loss": [0.719602108001709, 0.6999968886375427, 0.6877571940422058, 0.6481005549430847, 0.5626384019851685, 0.4690307676792145, 0.39013344049453735, 0.32938966155052185, 0.2835831642150879, 0.24884599447250366], "accuracy": [0.5125582814216614, 0.4739425778388977, 0.588808000087738, 0.8379285335540771, 0.9371676445007324, 0.9497668743133545, 0.9521394371986389, 0.9530393481254578, 0.9543483853340149, 0.9554937481880188], "val_loss": [0.7073796987533569, 0.695598840713501, 0.6767708659172058, 0.6089334487915039, 0.510683000087738, 0.4215944707393646, 0.3519233167171478, 0.29935309290885925, 0.26005953550338745, 0.23030886054039001], "val_accuracy": [0.49902912974357605, 0.4072815477848053, 0.6500000357627869, 0.9135922789573669, 0.9436893463134766, 0.9446601867675781, 0.9466019868850708, 0.9500000476837158, 0.9509708881378174, 0.9538835287094116]}