{"loss": [118.36907958984375, 21.741117477416992, 5.1486406326293945, 2.161503791809082, 1.35446298122406, 0.9928107857704163, 0.7722809314727783, 0.6056430339813232, 0.4780712425708771, 0.3538770377635956], "accuracy": [0.566769003868103, 0.7545854449272156, 0.8933521509170532, 0.9492074251174927, 0.9674661755561829, 0.9730268120765686, 0.9738567471504211, 0.9762635827064514, 0.9767615795135498, 0.9765955805778503], "val_loss": [45.597373962402344, 7.995987415313721, 2.232316017150879, 1.0642839670181274, 0.6556558012962341, 0.4432259202003479, 0.3306204676628113, 0.2535194456577301, 0.21098127961158752, 0.14347068965435028], "val_accuracy": [0.6392276883125305, 0.832825243473053, 0.9359756708145142, 0.9639228582382202, 0.9761179685592651, 0.9786586165428162, 0.980691134929657, 0.9817073941230774, 0.9801830053329468, 0.9817073941230774]}