{"accuracy": [0.42, 0.68, 0.81, 0.82, 0.86, 0.86, 0.86, 0.88, 0.89, 0.9], "val_accuracy": [0.513, 0.733, 0.774, 0.807, 0.843, 0.837, 0.836, 0.845, 0.852, 0.863], "loss": [134.31999999999996, 81.296, 55.68, 51.73200000000001, 51.128, 50.120000000000005, 47.81199999999999, 46.272, 44.903999999999996, 41.712], "val_loss": [979.5839999999994, 652.3319999999991, 588.8960000000006, 562.6000000000007, 543.1120000000005, 516.7680000000009, 507.71200000000096, 503.95200000000085, 493.4600000000006, 478.03199999999987]}