{"loss": [47.34396743774414, 10.36191177368164, 3.209243059158325, 2.1500117778778076, 1.6609280109405518, 1.3172459602355957, 1.0331850051879883, 0.7544093728065491, 0.5186180472373962, 0.36397531628608704], "accuracy": [0.4031014144420624, 0.5470134615898132, 0.7395799160003662, 0.7874138951301575, 0.808254063129425, 0.8273711800575256, 0.8519035577774048, 0.8609288334846497, 0.866672158241272, 0.8686413168907166], "val_loss": [22.777015686035156, 4.57133150100708, 2.502382516860962, 1.7454650402069092, 1.3066469430923462, 1.0034680366516113, 0.7602322697639465, 0.5276579856872559, 0.3583109676837921, 0.28977909684181213], "val_accuracy": [0.462649405002594, 0.705677330493927, 0.7808765172958374, 0.8092629909515381, 0.8331673741340637, 0.8605577945709229, 0.8730080127716064, 0.8754980564117432, 0.8784860968589783, 0.875]}