{"loss": [0.7100863456726074, 0.6884515881538391, 0.6732922792434692, 0.6435989141464233, 0.5938706398010254, 0.530977725982666, 0.46621185541152954, 0.40626952052116394, 0.35378891229629517, 0.3090422451496124], "accuracy": [0.5010107755661011, 0.5502863526344299, 0.6782344579696655, 0.7799865007400513, 0.8585748076438904, 0.8975741267204285, 0.9189689755439758, 0.9308456778526306, 0.9404481053352356, 0.9473550915718079], "val_loss": [0.6945294737815857, 0.6827313303947449, 0.6622774004936218, 0.6208975911140442, 0.5596997141838074, 0.4918883144855499, 0.4258415102958679, 0.3674636483192444, 0.31801098585128784, 0.2757643759250641], "val_accuracy": [0.5032680034637451, 0.6209150552749634, 0.7124183177947998, 0.8164907693862915, 0.888888955116272, 0.920060396194458, 0.9326295256614685, 0.9441931247711182, 0.9532428979873657, 0.9597788453102112]}