{"accuracy": [0.66, 0.78, 0.8, 0.83, 0.84, 0.85, 0.89, 0.89, 0.95, 0.94], "val_accuracy": [0.777, 0.782, 0.789, 0.803, 0.803, 0.835, 0.869, 0.884, 0.914, 0.929], "loss": [77.82400000000003, 57.507999999999996, 54.99200000000001, 53.42800000000001, 48.307999999999986, 42.29200000000002, 39.168, 35.048000000000016, 33.248, 28.98400000000001], "val_loss": [637.3800000000001, 646.7400000000006, 633.9120000000005, 603.0640000000005, 578.9760000000003, 537.0600000000012, 480.6280000000007, 448.5720000000011, 397.0360000000006, 354.60400000000067]}