{"loss": [0.6978272795677185, 0.6903018951416016, 0.6660767793655396, 0.6137938499450684, 0.5409179925918579, 0.45887553691864014, 0.3858681917190552, 0.327798455953598, 0.28319820761680603, 0.2490084171295166], "accuracy": [0.48220568895339966, 0.5899533629417419, 0.9091057777404785, 0.9393765926361084, 0.9516485333442688, 0.9538574814796448, 0.9558210372924805, 0.9560664296150208, 0.9574573040008545, 0.9581117630004883], "val_loss": [0.6940838694572449, 0.6832336187362671, 0.642639696598053, 0.5781794786453247, 0.4966205060482025, 0.41637274622917175, 0.3509114682674408, 0.30010396242141724, 0.2617206871509552, 0.23226706683635712], "val_accuracy": [0.49902912974357605, 0.8864077925682068, 0.9155340194702148, 0.9475728273391724, 0.9490291476249695, 0.9533980488777161, 0.9538835287094116, 0.9543689489364624, 0.9548543691635132, 0.9553398489952087]}