{"loss": [0.6172817945480347, 0.5422896146774292, 0.4827609360218048, 0.43502160906791687, 0.3964531421661377, 0.3648175597190857, 0.33837226033210754, 0.3160529136657715, 0.29711413383483887, 0.2809228301048279], "accuracy": [0.5850964784622192, 0.7735576629638672, 0.8649843335151672, 0.8891155123710632, 0.9020307660102844, 0.909762978553772, 0.9190245866775513, 0.9231030941009521, 0.9297306537628174, 0.9345738887786865], "val_loss": [0.5672176480293274, 0.49810951948165894, 0.44336509704589844, 0.39964962005615234, 0.3643438220024109, 0.33588796854019165, 0.31194543838500977, 0.29218602180480957, 0.27510327100753784, 0.26094162464141846], "val_accuracy": [0.752070426940918, 0.884575605392456, 0.9047619104385376, 0.9130434989929199, 0.9223602414131165, 0.9296066164970398, 0.9332298040390015, 0.9353002309799194, 0.9368529915809631, 0.9389234185218811]}