{"loss": [13.842681884765625, 2.559565782546997, 1.7646708488464355, 1.581497073173523, 1.454493522644043, 1.3137131929397583, 1.148949384689331, 0.9487544298171997, 0.7261195182800293, 0.4764922261238098], "accuracy": [0.878494381904602, 0.9640581607818604, 0.9728949069976807, 0.9734047651290894, 0.9740844964981079, 0.9739145636558533, 0.9745942950248718, 0.9739145636558533, 0.9738295674324036, 0.9734897017478943], "val_loss": [4.039834976196289, 2.022418737411499, 1.7311227321624756, 1.6034830808639526, 1.466293215751648, 1.309913158416748, 1.10529625415802, 0.8896062970161438, 0.6333443522453308, 0.355427086353302], "val_accuracy": [0.9513458013534546, 0.9704968929290771, 0.9720497131347656, 0.9746376872062683, 0.9730849266052246, 0.9746376872062683, 0.9746376872062683, 0.9741200804710388, 0.9730849266052246, 0.9746376872062683]}