{"loss": [5.731191635131836, 1.17166006565094, 0.8621912598609924, 0.738296389579773, 0.6309324502944946, 0.5966005325317383, 0.5241978168487549, 0.5120571851730347, 0.5444334149360657, 0.4815763533115387], "accuracy": [0.9084575176239014, 0.9685157537460327, 0.9721315503120422, 0.9740718007087708, 0.9755710363388062, 0.9761002063751221, 0.9794514775276184, 0.978569507598877, 0.9783049821853638, 0.9790986776351929], "val_loss": [1.435109257698059, 1.366531252861023, 1.1445356607437134, 1.1559600830078125, 1.1334649324417114, 1.0696755647659302, 1.058310866355896, 1.6461002826690674, 0.8822630643844604, 1.1241813898086548], "val_accuracy": [0.9729729890823364, 0.9691892266273499, 0.9735135436058044, 0.9735135436058044, 0.9724324345588684, 0.9724324345588684, 0.9713513851165771, 0.9643243551254272, 0.9794594645500183, 0.976756751537323]}