{"loss": [0.663359522819519, 0.49932944774627686, 0.40346044301986694, 0.33987924456596375, 0.2953374981880188, 0.26250842213630676, 0.2372724562883377, 0.21723978221416473, 0.20110519230365753, 0.18781886994838715], "accuracy": [0.5398079752922058, 0.8206304907798767, 0.8957430720329285, 0.9199592471122742, 0.9342340230941772, 0.9416263699531555, 0.9485088586807251, 0.9532670974731445, 0.9592998623847961, 0.9621038436889648], "val_loss": [0.5478362441062927, 0.4265347719192505, 0.34774190187454224, 0.2938363552093506, 0.2549128234386444, 0.2268761694431305, 0.20423679053783417, 0.18708674609661102, 0.17182020843029022, 0.16033688187599182], "val_accuracy": [0.7577639818191528, 0.9120082855224609, 0.9415113925933838, 0.945652186870575, 0.9508281946182251, 0.9560041427612305, 0.9580745697021484, 0.9658385515213013, 0.9658385515213013, 0.9699792861938477]}