{"loss": [0.6980495452880859, 0.6755658388137817, 0.6541000604629517, 0.6248031854629517, 0.5895376801490784, 0.5508213043212891, 0.5106859803199768, 0.4708203077316284, 0.4329383075237274, 0.3977951109409332], "accuracy": [0.49246689677238464, 0.5685430765151978, 0.7701159119606018, 0.8256622552871704, 0.8572847843170166, 0.878311276435852, 0.8926324844360352, 0.9034768342971802, 0.9103477001190186, 0.9167218804359436], "val_loss": [0.6824581027030945, 0.6636541485786438, 0.6358725428581238, 0.6007694602012634, 0.560763418674469, 0.5182723999023438, 0.47529336810112, 0.43359872698783875, 0.3954501152038574, 0.3605731725692749], "val_accuracy": [0.49975234270095825, 0.7236255407333374, 0.8236750960350037, 0.8628033399581909, 0.8940069079399109, 0.9063892960548401, 0.9167904853820801, 0.9222387075424194, 0.9316493272781372, 0.9380881190299988]}