{"loss": [0.548815131187439, 0.3916386365890503, 0.30995768308639526, 0.25957387685775757, 0.22547191381454468, 0.20080849528312683, 0.18203216791152954, 0.16718944907188416, 0.15511545538902283, 0.14526037871837616], "accuracy": [0.7613744735717773, 0.9525277018547058, 0.950473964214325, 0.9527646899223328, 0.9561612010002136, 0.9604265689849854, 0.9620063900947571, 0.9662717580795288, 0.9680885076522827, 0.9700632095336914], "val_loss": [0.4444366693496704, 0.3361468017101288, 0.2730131447315216, 0.23142582178115845, 0.20221447944641113, 0.1805667132139206, 0.1622505486011505, 0.1486654132604599, 0.13675421476364136, 0.12745998799800873], "val_accuracy": [0.96177738904953, 0.9536550641059875, 0.953177273273468, 0.9560439586639404, 0.95652174949646, 0.9569995403289795, 0.9660773873329163, 0.9660773873329163, 0.9718108177185059, 0.9722886085510254]}