{"loss": [0.733407735824585, 0.6615985631942749, 0.6163123846054077, 0.5551263093948364, 0.4813171327114105, 0.40680864453315735, 0.34052449464797974, 0.28479188680648804, 0.23923753201961517, 0.2022544890642166], "accuracy": [0.5013061165809631, 0.505940854549408, 0.7550349831581116, 0.9020814299583435, 0.95415860414505, 0.9592146277427673, 0.9637650847434998, 0.9667986631393433, 0.9758152961730957, 0.9840734601020813], "val_loss": [0.680004894733429, 0.6389516592025757, 0.5869720578193665, 0.5179516077041626, 0.44254985451698303, 0.3720974922180176, 0.31210917234420776, 0.26257333159446716, 0.22255350649356842, 0.19002608954906464], "val_accuracy": [0.5129639506340027, 0.6024402976036072, 0.8576512932777405, 0.929842472076416, 0.9420437812805176, 0.9517031908035278, 0.9542450904846191, 0.9593290090560913, 0.9725471138954163, 0.9796645641326904]}