{"loss": [0.7260214686393738, 0.6127459406852722, 0.5093511343002319, 0.40718919038772583, 0.32042890787124634, 0.2537693381309509, 0.20436207950115204, 0.16793952882289886, 0.14095282554626465, 0.12068620324134827], "accuracy": [0.46615710854530334, 0.7508470416069031, 0.9581592679023743, 0.9752579927444458, 0.9803009629249573, 0.9821920990943909, 0.9829012155532837, 0.9838467836380005, 0.9839255809783936, 0.9841619729995728], "val_loss": [0.6619631052017212, 0.5585837960243225, 0.45048511028289795, 0.3520073890686035, 0.273777574300766, 0.2152385115623474, 0.17248238623142242, 0.1404958814382553, 0.11719589680433273, 0.0996924340724945], "val_accuracy": [0.5965484976768494, 0.9449626803398132, 0.9813432693481445, 0.9850745797157288, 0.9864738583564758, 0.9874066710472107, 0.9883395433425903, 0.9888059496879578, 0.9892723560333252, 0.9902052283287048]}