{"loss": [0.7226372361183167, 0.6676647663116455, 0.6335051655769348, 0.6102189421653748, 0.5938801765441895, 0.5816235542297363, 0.5720245838165283, 0.5641661882400513, 0.5573163628578186, 0.5513120889663696], "accuracy": [0.42454779148101807, 0.6894358396530151, 0.7299083471298218, 0.7375898361206055, 0.7358552813529968, 0.7370116710662842, 0.7381680011749268, 0.7374246120452881, 0.7436193823814392, 0.741719663143158], "val_loss": [0.6892809867858887, 0.6460455656051636, 0.6166136860847473, 0.5958553552627563, 0.5807554721832275, 0.569135844707489, 0.5598477721214294, 0.5521671175956726, 0.5453336834907532, 0.5394335389137268], "val_accuracy": [0.46218907833099365, 0.7472637295722961, 0.7592040300369263, 0.7557214498519897, 0.7567164301872253, 0.7552239298820496, 0.7547264099121094, 0.7587065100669861, 0.7562189698219299, 0.7592040300369263]}