{"loss": [27.76611328125, 5.750367641448975, 3.4309213161468506, 2.39465594291687, 1.8060847520828247, 1.3832653760910034, 1.079545021057129, 0.8524025082588196, 0.6742205023765564, 0.5315013527870178], "accuracy": [0.622458279132843, 0.8679558634757996, 0.9067972302436829, 0.9259689450263977, 0.9324425458908081, 0.9387500882148743, 0.9371732473373413, 0.9381691813468933, 0.9346004128456116, 0.9375051856040955], "val_loss": [7.09592866897583, 3.424367666244507, 2.253538131713867, 1.7306404113769531, 1.2777303457260132, 1.018866777420044, 0.8418411612510681, 0.7661054134368896, 0.586520254611969, 0.4324101209640503], "val_accuracy": [0.8445122838020325, 0.9070122838020325, 0.9278455972671509, 0.9339431524276733, 0.943089485168457, 0.9461382627487183, 0.9420732259750366, 0.9385163187980652, 0.9359756708145142, 0.938008189201355]}