{"accuracy": [0.86, 0.95, 0.98, 0.97, 0.98, 0.98, 0.98, 0.99, 0.98, 0.98], "val_accuracy": [0.9498817966903074, 0.9650118203309692, 0.9697399527186761, 0.9692671394799054, 0.9730496453900709, 0.9687943262411347, 0.9706855791962175, 0.9739952718676123, 0.968321513002364, 0.9621749408983451], "loss": [42.352000000000004, 21.984000000000012, 17.272000000000006, 15.915999999999993, 15.152000000000003, 16.860000000000003, 14.255999999999998, 14.272000000000007, 15.436, 15.263999999999996], "val_loss": [559.9720000000018, 446.40800000000235, 433.2760000000019, 381.0480000000012, 436.0360000000025, 392.90400000000164, 373.1720000000023, 394.176000000002, 394.3720000000027, 401.2640000000022]}