{"loss": [3.169224977493286, 0.5700761079788208, 0.40769708156585693, 0.31968554854393005, 0.26565831899642944, 0.22295579314231873, 0.1974647045135498, 0.17545197904109955, 0.15391671657562256, 0.13015468418598175], "accuracy": [0.9209321141242981, 0.9754344820976257, 0.9796208739280701, 0.9819115996360779, 0.981437623500824, 0.9831753969192505, 0.9841232895851135, 0.9852291345596313, 0.9853081107139587, 0.9853870868682861], "val_loss": [0.6271497011184692, 0.4043307304382324, 0.29192566871643066, 0.24912895262241364, 0.27302101254463196, 0.17672264575958252, 0.21715813875198364, 0.14657768607139587, 0.11633727699518204, 0.11886858940124512], "val_accuracy": [0.9732441306114197, 0.9794553518295288, 0.9866220951080322, 0.9847109317779541, 0.9818442463874817, 0.9890109896659851, 0.9799331426620483, 0.9861443042755127, 0.9885331988334656, 0.9885331988334656]}