{"loss": [0.5169544219970703, 0.43498745560646057, 0.37248119711875916, 0.3233931362628937, 0.28396907448768616, 0.2517712116241455, 0.22514471411705017, 0.20280568301677704, 0.18377293646335602, 0.1673879474401474], "accuracy": [0.9844105243682861, 0.9821353554725647, 0.9852532148361206, 0.9896351099014282, 0.9906463623046875, 0.99106764793396, 0.9925001859664917, 0.9927530288696289, 0.993511438369751, 0.993679940700531], "val_loss": [0.469300776720047, 0.3980390727519989, 0.34207648038864136, 0.2981213331222534, 0.2621554434299469, 0.23244929313659668, 0.20817741751670837, 0.18729299306869507, 0.16975510120391846, 0.15423284471035004], "val_accuracy": [0.978139340877533, 0.9867819547653198, 0.9893239140510559, 0.9893239140510559, 0.991865873336792, 0.9928826093673706, 0.9923742413520813, 0.993899405002594, 0.993899405002594, 0.9954245686531067]}