{"loss": [0.5601716041564941, 0.47943976521492004, 0.42036712169647217, 0.3755955100059509, 0.34050390124320984, 0.31225916743278503, 0.28906092047691345, 0.26959869265556335, 0.2529124617576599, 0.2384149134159088], "accuracy": [0.8221960067749023, 0.9206202030181885, 0.9434566497802734, 0.9662930965423584, 0.9694109559059143, 0.9710963368415833, 0.9734557867050171, 0.9738771319389343, 0.9755625128746033, 0.9754782319068909], "val_loss": [0.5067102313041687, 0.43553319573402405, 0.3822570741176605, 0.34232303500175476, 0.3104868233203888, 0.28437504172325134, 0.2635601758956909, 0.24547980725765228, 0.23043705523014069, 0.21666109561920166], "val_accuracy": [0.879003643989563, 0.9328927993774414, 0.960854172706604, 0.9639045000076294, 0.9669548273086548, 0.9705135226249695, 0.9710219502449036, 0.9735638499259949, 0.974072277545929, 0.9766141772270203]}