{"loss": [50.02876281738281, 9.508881568908691, 2.4528322219848633, 1.2670544385910034, 0.9157606363296509, 0.7124567031860352, 0.5594597458839417, 0.4567147493362427, 0.39728525280952454, 0.37125298380851746], "accuracy": [0.5844430923461914, 0.6712232232093811, 0.7393068075180054, 0.8074786067008972, 0.8345533013343811, 0.8457536101341248, 0.8513096570968628, 0.8568657040596008, 0.8655084371566772, 0.867713212966919], "val_loss": [16.99319839477539, 4.084081649780273, 1.5719987154006958, 1.0866342782974243, 0.845702052116394, 0.6629403233528137, 0.5295314192771912, 0.4537152647972107, 0.40853095054626465, 0.42219385504722595], "val_accuracy": [0.6427026987075806, 0.7037838101387024, 0.7886486649513245, 0.8372973203659058, 0.8513513803482056, 0.8605405688285828, 0.8670270442962646, 0.8670270442962646, 0.8735135197639465, 0.8632432818412781]}