{"loss": [0.6918583512306213, 0.6849581599235535, 0.6703070402145386, 0.6449844837188721, 0.6092177629470825, 0.5658354163169861, 0.519286036491394, 0.47365862131118774, 0.43169307708740234, 0.3937355875968933], "accuracy": [0.566008985042572, 0.8121771216392517, 0.772631049156189, 0.8866965770721436, 0.9309001564979553, 0.9339486956596375, 0.9334405660629272, 0.9335252642631531, 0.9313235282897949, 0.9322550296783447], "val_loss": [0.6891152262687683, 0.6786985397338867, 0.6576541066169739, 0.6254003643989563, 0.5839762687683105, 0.5371572375297546, 0.4890884459018707, 0.4432573616504669, 0.4034729301929474, 0.36768513917922974], "val_accuracy": [0.7507477402687073, 0.5543370246887207, 0.846959114074707, 0.9312064051628113, 0.9222333431243896, 0.9242273569107056, 0.928713858127594, 0.9317048788070679, 0.928713858127594, 0.928713858127594]}