{"loss": [1.8649163246154785, 0.5894203782081604, 0.4367760717868805, 0.35046252608299255, 0.2841060757637024, 0.25869986414909363, 0.22584687173366547, 0.21489062905311584, 0.17099496722221375, 0.18418671190738678], "accuracy": [0.9691500067710876, 0.9898260831832886, 0.9917131662368774, 0.9927797913551331, 0.9926977753639221, 0.9932721257209778, 0.994092583656311, 0.9942566752433777, 0.9953233003616333, 0.994092583656311], "val_loss": [0.6861652731895447, 0.6091786623001099, 0.3104587495326996, 0.3358475863933563, 0.3375571072101593, 0.39822468161582947, 0.6353935599327087, 0.49817097187042236, 0.3091849088668823, 0.46766647696495056], "val_accuracy": [0.9855577945709229, 0.9895418882369995, 0.993027925491333, 0.9940239191055298, 0.9940239191055298, 0.9940239191055298, 0.9880478382110596, 0.9905378818511963, 0.9950199723243713, 0.9925299286842346]}