{"loss": [0.6897453665733337, 0.6759258508682251, 0.6613031625747681, 0.6421499252319336, 0.6182488799095154, 0.590128481388092, 0.5590797066688538, 0.5268770456314087, 0.4949447512626648, 0.4648592174053192], "accuracy": [0.556779682636261, 0.7861864566802979, 0.8403390049934387, 0.8595762848854065, 0.8705084919929504, 0.8738135695457458, 0.8746610283851624, 0.8738983273506165, 0.8748304843902588, 0.8740677833557129], "val_loss": [0.6803356409072876, 0.6662424206733704, 0.6474235653877258, 0.6233251094818115, 0.5943017601966858, 0.5614466667175293, 0.5266613364219666, 0.49174579977989197, 0.45873749256134033, 0.42791610956192017], "val_accuracy": [0.7601787447929382, 0.8401191830635071, 0.8639523386955261, 0.8599801063537598, 0.8709036707878113, 0.8773584961891174, 0.8714001774787903, 0.8738828301429749, 0.8733862638473511, 0.8768619894981384]}