{"loss": [0.3345755338668823, 0.22261448204517365, 0.17171329259872437, 0.1366063952445984, 0.1221853643655777, 0.09867726266384125, 0.08196496963500977, 0.07084304839372635, 0.07115239650011063, 0.05828338488936424], "accuracy": [0.9449965953826904, 0.9829851388931274, 0.9853436350822449, 0.9888814091682434, 0.9826482534408569, 0.986354410648346, 0.9917452335357666, 0.991661012172699, 0.9866071343421936, 0.9882075190544128], "val_loss": [0.2502964735031128, 0.1990782767534256, 0.15140190720558167, 0.14637444913387299, 0.11833469569683075, 0.0857144445180893, 0.08199222385883331, 0.07114001363515854, 0.07351549714803696, 0.05372746288776398], "val_accuracy": [0.9869281649589539, 0.9773756265640259, 0.9899447560310364, 0.9617899060249329, 0.9768728613853455, 0.9919558167457581, 0.9904475212097168, 0.9884364604949951, 0.9743590354919434, 0.9889392256736755]}