{"loss": [0.7023719549179077, 0.6865132451057434, 0.6692739725112915, 0.6467157006263733, 0.6159350275993347, 0.5773270726203918, 0.5331294536590576, 0.4867710769176483, 0.44143396615982056, 0.39953067898750305], "accuracy": [0.42235660552978516, 0.580582857131958, 0.7397329211235046, 0.8140589594841003, 0.8894767761230469, 0.9056017398834229, 0.9213907718658447, 0.9284454584121704, 0.9297052025794983, 0.930293083190918], "val_loss": [0.6968419551849365, 0.6797347068786621, 0.6587660312652588, 0.6298710107803345, 0.5925870537757874, 0.5474253296852112, 0.4984150230884552, 0.4516283869743347, 0.40656331181526184, 0.36545178294181824], "val_accuracy": [0.44439002871513367, 0.6511514186859131, 0.7780500650405884, 0.8544831871986389, 0.8608525991439819, 0.900049090385437, 0.9225870370864868, 0.9230769872665405, 0.9235669374465942, 0.9309163093566895]}