{"loss": [0.5906595587730408, 0.5060398578643799, 0.4421885907649994, 0.39207255840301514, 0.35219666361808777, 0.31990012526512146, 0.29321053624153137, 0.27081477642059326, 0.2518705427646637, 0.23565444350242615], "accuracy": [0.905769407749176, 0.8952332735061646, 0.9095930457115173, 0.9205540418624878, 0.9285411238670349, 0.933894157409668, 0.9430708289146423, 0.94859379529953, 0.9559860825538635, 0.960659384727478], "val_loss": [0.5356324315071106, 0.4603496193885803, 0.4022204577922821, 0.3562335968017578, 0.31938567757606506, 0.28987595438957214, 0.26501086354255676, 0.24447187781333923, 0.22646692395210266, 0.2114870399236679], "val_accuracy": [0.9249482750892639, 0.9321946501731873, 0.9394410252571106, 0.9477226138114929, 0.9513458013534546, 0.9601449370384216, 0.9637681245803833, 0.9699792861938477, 0.9715321063995361, 0.9761905074119568]}