{"loss": [26.375852584838867, 1.5928384065628052, 1.0186717510223389, 0.712651789188385, 0.5286002159118652, 0.4023555517196655, 0.33483776450157166, 0.2830069065093994, 0.2484707236289978, 0.23842377960681915], "accuracy": [0.6352911591529846, 0.8634870052337646, 0.8936547040939331, 0.9078115820884705, 0.9125305414199829, 0.9161540269851685, 0.9117721319198608, 0.917755126953125, 0.9210415482521057, 0.9220527410507202], "val_loss": [1.973307490348816, 1.0990703105926514, 0.7505777478218079, 0.5326917171478271, 0.42984575033187866, 0.3215666711330414, 0.2700596749782562, 0.23962105810642242, 0.22143416106700897, 0.2055833339691162], "val_accuracy": [0.847991943359375, 0.9013727307319641, 0.9130656719207764, 0.9242501854896545, 0.9125572443008423, 0.9186578989028931, 0.9247586131095886, 0.9232333898544312, 0.9273005127906799, 0.9313676357269287]}