{"loss": [0.6590087413787842, 0.5859744548797607, 0.47342121601104736, 0.37333765625953674, 0.30041638016700745, 0.24874864518642426, 0.21170775592327118, 0.18466049432754517, 0.16456623375415802, 0.1495945006608963], "accuracy": [0.561794102191925, 0.9225556254386902, 0.9663600921630859, 0.9686188697814941, 0.9686188697814941, 0.969022274017334, 0.968860924243927, 0.9693449139595032, 0.969425618648529, 0.9693449139595032], "val_loss": [0.6310307383537292, 0.5303246974945068, 0.41776472330093384, 0.3313312530517578, 0.26970431208610535, 0.22617824375629425, 0.19430291652679443, 0.1709325760602951, 0.1540158987045288, 0.14081954956054688], "val_accuracy": [0.8316977620124817, 0.9676153063774109, 0.9725220799446106, 0.9720314145088196, 0.9705593585968018, 0.9715407490730286, 0.9710500240325928, 0.9710500240325928, 0.9715407490730286, 0.9710500240325928]}