{"loss": [0.2553296387195587, 0.16771863400936127, 0.12817344069480896, 0.0983416885137558, 0.07906778901815414, 0.06338557600975037, 0.05455026030540466, 0.04553811624646187, 0.03806506469845772, 0.03255012258887291], "accuracy": [0.9546782970428467, 0.9965258836746216, 0.9978681802749634, 0.9982629418373108, 0.9980260729789734, 0.998499870300293, 0.996446967124939, 0.9982629418373108, 0.9977102875709534, 0.9978681802749634], "val_loss": [0.19080820679664612, 0.14308179914951324, 0.10889336466789246, 0.08602176606655121, 0.06841643154621124, 0.056177545338869095, 0.047902461141347885, 0.03980232775211334, 0.034978706389665604, 0.02975657396018505], "val_accuracy": [0.9971631169319153, 0.9985815286636353, 0.9995271563529968, 0.9985815286636353, 0.9995271563529968, 0.9995271563529968, 0.9990543723106384, 0.9981087446212769, 0.9985815286636353, 0.9985815286636353]}