{"loss": [0.5230791568756104, 0.4439576268196106, 0.3858564794063568, 0.3411306142807007, 0.3058314025402069, 0.2772829830646515, 0.2536677122116089, 0.23373588919639587, 0.21667934954166412, 0.20196332037448883], "accuracy": [0.8925750851631165, 0.9695103168487549, 0.9785150289535522, 0.9797788858413696, 0.9803317785263062, 0.9808057546615601, 0.9804108142852783, 0.9816746115684509, 0.9813586473464966, 0.9820695519447327], "val_loss": [0.47069093585014343, 0.4012456238269806, 0.3493417799472809, 0.3092961609363556, 0.27730733156204224, 0.2514139413833618, 0.22883187234401703, 0.21045300364494324, 0.19433748722076416, 0.18075473606586456], "val_accuracy": [0.9584328532218933, 0.9789775609970093, 0.9818442463874817, 0.9823220372200012, 0.9832776188850403, 0.9837554097175598, 0.9870998859405518, 0.9870998859405518, 0.9875776767730713, 0.9875776767730713]}