{"loss": [19.110271453857422, 6.466061592102051, 4.363544464111328, 3.3771321773529053, 2.7327213287353516, 2.264266014099121, 1.8916032314300537, 1.583432674407959, 1.358260154724121, 1.1174166202545166], "accuracy": [0.7662933468818665, 0.8855278491973877, 0.9074874520301819, 0.9136608242988586, 0.9181585907936096, 0.9202751517295837, 0.922568142414093, 0.9219507575035095, 0.9192168712615967, 0.9202751517295837], "val_loss": [8.579687118530273, 5.269618511199951, 3.8478994369506836, 3.0351967811584473, 2.4906165599823, 2.044675827026367, 1.7502789497375488, 1.438238501548767, 1.2487133741378784, 0.991503119468689], "val_accuracy": [0.8713513612747192, 0.9097297787666321, 0.9259459972381592, 0.9270270466804504, 0.9302703142166138, 0.9291892051696777, 0.9281081557273865, 0.9335135221481323, 0.9232432842254639, 0.930810809135437]}