{"loss": [0.6903098225593567, 0.6835626363754272, 0.6752724647521973, 0.661267876625061, 0.6413078308105469, 0.6165889501571655, 0.5882971882820129, 0.5577698349952698, 0.5267944931983948, 0.49615299701690674], "accuracy": [0.5221262574195862, 0.5221262574195862, 0.5221262574195862, 0.5225670337677002, 0.5811001658439636, 0.7008110284805298, 0.7687764763832092, 0.8060649037361145, 0.8360366821289062, 0.8561354279518127], "val_loss": [0.6848063468933105, 0.6787766218185425, 0.667303740978241, 0.6494872570037842, 0.6263430714607239, 0.5990539789199829, 0.5689651370048523, 0.5376623868942261, 0.5063751339912415, 0.4759470522403717], "val_accuracy": [0.5235043168067932, 0.5235043168067932, 0.5235043168067932, 0.5347222685813904, 0.6570513248443604, 0.7473291158676147, 0.7959402203559875, 0.8306624293327332, 0.8482906222343445, 0.8648504614830017]}