{"loss": [0.701156497001648, 0.682793140411377, 0.6635583639144897, 0.6366385221481323, 0.5998148322105408, 0.5544639825820923, 0.5041206479072571, 0.4527910649776459, 0.40421414375305176, 0.36003583669662476], "accuracy": [0.53611159324646, 0.5387643575668335, 0.6585658192634583, 0.7830737829208374, 0.8505904674530029, 0.8790004849433899, 0.9045010805130005, 0.9240971803665161, 0.9371898174285889, 0.9468594789505005], "val_loss": [0.6915512681007385, 0.6733664274215698, 0.6491901278495789, 0.6147586107254028, 0.5698180794715881, 0.5183907747268677, 0.4645105004310608, 0.4130474328994751, 0.36616402864456177, 0.3252120614051819], "val_accuracy": [0.5354167222976685, 0.612500011920929, 0.7906250357627869, 0.8708333969116211, 0.9145833849906921, 0.9343750476837158, 0.94427090883255, 0.9546875357627869, 0.9630208611488342, 0.9630208611488342]}