{"loss": [0.8341759443283081, 0.7757494449615479, 0.7371185421943665, 0.7027637362480164, 0.66949462890625, 0.6372157335281372, 0.6062887907028198, 0.5767707824707031, 0.5487611293792725, 0.5222548842430115], "accuracy": [0.38257351517677307, 0.06766664236783981, 0.23030252754688263, 0.5013061165809631, 0.5101541876792908, 0.6554310321807861, 0.7975899577140808, 0.8915479779243469, 0.9263504147529602, 0.9528945684432983], "val_loss": [0.8062602281570435, 0.7580601572990417, 0.7195681929588318, 0.6839009523391724, 0.6492294669151306, 0.6160025000572205, 0.5845087766647339, 0.5545298457145691, 0.5263153314590454, 0.4995421767234802], "val_accuracy": [0.17996950447559357, 0.05388917401432991, 0.5129639506340027, 0.5129639506340027, 0.5983731746673584, 0.7874937057495117, 0.8952720761299133, 0.9232333898544312, 0.945094108581543, 0.9506863951683044]}