{"loss": [0.7284024953842163, 0.6824851632118225, 0.6653374433517456, 0.647087812423706, 0.6277943253517151, 0.6092657446861267, 0.5924137830734253, 0.5775498747825623, 0.5649130344390869, 0.5544994473457336], "accuracy": [0.46926942467689514, 0.6271641850471497, 0.7295706868171692, 0.7440270781517029, 0.7461912035942078, 0.7469702363014221, 0.7478359341621399, 0.7475762367248535, 0.7471433877944946, 0.7478359341621399], "val_loss": [0.6930042505264282, 0.6735031604766846, 0.6562544703483582, 0.6368226408958435, 0.6173363327980042, 0.5992626547813416, 0.5829599499702454, 0.5689607262611389, 0.5572515726089478, 0.5476354956626892], "val_accuracy": [0.4689800441265106, 0.7460567951202393, 0.7502629160881042, 0.7555205225944519, 0.7570978403091431, 0.7544690370559692, 0.7565720677375793, 0.7555205225944519, 0.754994809627533, 0.754994809627533]}