{"accuracy": [0.54, 0.8, 0.87, 0.86, 0.91, 0.9, 0.9, 0.89, 0.9, 0.91], "val_accuracy": [0.72, 0.867, 0.872, 0.883, 0.89, 0.893, 0.867, 0.895, 0.876, 0.885], "loss": [111.34000000000002, 50.976, 40.239999999999995, 38.75999999999999, 35.92400000000001, 35.172, 36.25200000000002, 35.739999999999995, 35.36, 35.19200000000001], "val_loss": [651.4080000000005, 476.71600000000046, 455.1960000000005, 429.61200000000065, 423.54400000000084, 421.4880000000008, 430.4760000000014, 432.1680000000004, 425.2480000000003, 443.2160000000005]}