{"loss": [3.1747608184814453, 0.3443228006362915, 0.229173943400383, 0.18771900236606598, 0.16057658195495605, 0.10392937064170837, 0.11588717997074127, 0.0956905335187912, 0.07480062544345856, 0.07737942785024643], "accuracy": [0.9505351185798645, 0.9922474026679993, 0.9953653216362, 0.9960394501686096, 0.996123731136322, 0.9965450167655945, 0.996123731136322, 0.9976404905319214, 0.998146116733551, 0.9977247714996338], "val_loss": [0.46088510751724243, 0.33990728855133057, 0.31833890080451965, 0.30970677733421326, 0.3789423108100891, 0.3896830081939697, 0.26971495151519775, 0.34094738960266113, 0.27763625979423523, 0.3110741078853607], "val_accuracy": [0.9908490777015686, 0.993899405002594, 0.993899405002594, 0.9949162006378174, 0.995932936668396, 0.9944077730178833, 0.9969497323036194, 0.9949162006378174, 0.9969497323036194, 0.9969497323036194]}