{"loss": [0.6966056823730469, 0.6777898669242859, 0.6506604552268982, 0.5972896218299866, 0.5269683599472046, 0.46457764506340027, 0.41720229387283325, 0.3817961513996124, 0.35342127084732056, 0.3277430236339569], "accuracy": [0.4121643304824829, 0.5320695638656616, 0.5834123492240906, 0.8234597444534302, 0.8617693781852722, 0.8770142793655396, 0.88443922996521, 0.8879937529563904, 0.8906793594360352, 0.8948657512664795], "val_loss": [0.68831467628479, 0.6669184565544128, 0.6251914501190186, 0.553451657295227, 0.47826066613197327, 0.4200075566768646, 0.37735888361930847, 0.34538063406944275, 0.3192692697048187, 0.29466134309768677], "val_accuracy": [0.5398948788642883, 0.542283833026886, 0.8136646151542664, 0.884854257106781, 0.8829431533813477, 0.893454372882843, 0.9001433253288269, 0.901098906993866, 0.9044433832168579, 0.9073100686073303]}