{"loss": [23.081939697265625, 6.482781410217285, 3.3389315605163574, 1.8527382612228394, 0.8930082321166992, 0.4212622344493866, 0.29037636518478394, 0.28293493390083313, 0.28581503033638, 0.28408461809158325], "accuracy": [0.6280094981193542, 0.7998941540718079, 0.8461063504219055, 0.8651556372642517, 0.8727400898933411, 0.8754740357398987, 0.8910838961601257, 0.8940823674201965, 0.8887909054756165, 0.8920539617538452], "val_loss": [9.870929718017578, 4.301828861236572, 2.3208720684051514, 1.2104195356369019, 0.5584353804588318, 0.2961510121822357, 0.276685893535614, 0.2600058913230896, 0.27763259410858154, 0.30303797125816345], "val_accuracy": [0.769729733467102, 0.8335135579109192, 0.8675675988197327, 0.8740540742874146, 0.8859459757804871, 0.8886486887931824, 0.892432451248169, 0.8989189267158508, 0.8972973227500916, 0.8843243718147278]}