{"loss": [0.6240755319595337, 0.539830207824707, 0.4479700028896332, 0.3620142638683319, 0.2911730706691742, 0.23639535903930664, 0.19537116587162018, 0.164653480052948, 0.1415019929409027, 0.1237383782863617], "accuracy": [0.6912876963615417, 0.9213769435882568, 0.9545261263847351, 0.9652358889579773, 0.9716957211494446, 0.9754356145858765, 0.9800254702568054, 0.9812154769897461, 0.9818954467773438, 0.982405424118042], "val_loss": [0.5831059813499451, 0.48982226848602295, 0.39525747299194336, 0.3140464723110199, 0.24991482496261597, 0.2018393874168396, 0.16572019457817078, 0.13879208266735077, 0.1182284876704216, 0.10243259370326996], "val_accuracy": [0.8735984563827515, 0.9561672210693359, 0.9714577794075012, 0.9780836701393127, 0.9836902022361755, 0.9877676367759705, 0.9887869954109192, 0.9887869954109192, 0.9903160929679871, 0.9913354516029358]}