{"loss": [0.6954262852668762, 0.6847130060195923, 0.6736116409301758, 0.6590709686279297, 0.6402868032455444, 0.6169390678405762, 0.5894390344619751, 0.5589383840560913, 0.5270951986312866, 0.4950786232948303], "accuracy": [0.5232189893722534, 0.5233948826789856, 0.5777484774589539, 0.7261213660240173, 0.7919964790344238, 0.8557608127593994, 0.8689534068107605, 0.8795954585075378, 0.8810905814170837, 0.8870712518692017], "val_loss": [0.6885980367660522, 0.6785485744476318, 0.6654917597770691, 0.6482306718826294, 0.6265178322792053, 0.5996113419532776, 0.5692877769470215, 0.5363070964813232, 0.5031536817550659, 0.4706009030342102], "val_accuracy": [0.5307732820510864, 0.5323513746261597, 0.6622830033302307, 0.7822198867797852, 0.8732246160507202, 0.871646523475647, 0.8884797692298889, 0.8947921991348267, 0.9068911075592041, 0.914255678653717]}