{"loss": [0.7015381455421448, 0.6582293510437012, 0.6245997548103333, 0.5800985097885132, 0.525040328502655, 0.4663265645503998, 0.4095558226108551, 0.3589456379413605, 0.31603896617889404, 0.2802460789680481], "accuracy": [0.5193700790405273, 0.726535439491272, 0.7868503928184509, 0.8588188886642456, 0.9027559161186218, 0.9177165627479553, 0.9281889796257019, 0.9346457123756409, 0.9389764070510864, 0.9433858394622803], "val_loss": [0.670504629611969, 0.6379681825637817, 0.5969094634056091, 0.5438010692596436, 0.4837890565395355, 0.4239203631877899, 0.37034058570861816, 0.3247658908367157, 0.28731581568717957, 0.25673753023147583], "val_accuracy": [0.7374250292778015, 0.7784956693649292, 0.8578680753707886, 0.8938624858856201, 0.9030918478965759, 0.9238579273223877, 0.9317028522491455, 0.9335487484931946, 0.9367789626121521, 0.9404707551002502]}