{"loss": [0.6996344923973083, 0.6566069722175598, 0.5977504253387451, 0.5053573846817017, 0.4094006419181824, 0.32711857557296753, 0.26152870059013367, 0.21051791310310364, 0.17102789878845215, 0.14023958146572113], "accuracy": [0.48575887084007263, 0.6133957505226135, 0.8969055414199829, 0.9770992398262024, 0.9949109554290771, 0.9976196885108948, 0.9977838397026062, 0.9977017641067505, 0.9976196885108948, 0.9977017641067505], "val_loss": [0.674335777759552, 0.634485125541687, 0.5531307458877563, 0.45266804099082947, 0.3606998324394226, 0.28617724776268005, 0.2282785028219223, 0.18366295099258423, 0.14934532344341278, 0.12267430871725082], "val_accuracy": [0.4823766350746155, 0.8121852874755859, 0.944108784198761, 0.9848942756652832, 0.996475338935852, 0.9984894394874573, 0.9984894394874573, 0.9979858994483948, 0.9979858994483948, 0.9979858994483948]}